[     406ms] [LOG] 🌐 Fetching football... @ https://live-streaming-eta.vercel.app/js/api.js?v=7:467
[     408ms] [LOG] 🌐 Fetching cricket... @ https://live-streaming-eta.vercel.app/js/api.js?v=7:467
[     408ms] [LOG] 🌐 Fetching basketball... @ https://live-streaming-eta.vercel.app/js/api.js?v=7:467
[     409ms] [LOG] 🌐 Fetching tennis... @ https://live-streaming-eta.vercel.app/js/api.js?v=7:467
[     409ms] [LOG] 🌐 Fetching mma... @ https://live-streaming-eta.vercel.app/js/api.js?v=7:467
[     410ms] [LOG] 🌐 Fetching ufc... @ https://live-streaming-eta.vercel.app/js/api.js?v=7:467
[     412ms] [LOG] 🌐 Fetching football... @ https://live-streaming-eta.vercel.app/js/api.js?v=7:467
[     413ms] [LOG] 🌐 Fetching cricket... @ https://live-streaming-eta.vercel.app/js/api.js?v=7:467
[     413ms] [LOG] 🌐 Fetching basketball... @ https://live-streaming-eta.vercel.app/js/api.js?v=7:467
[     414ms] [LOG] 🌐 Fetching tennis... @ https://live-streaming-eta.vercel.app/js/api.js?v=7:467
[     415ms] [LOG] 🌐 Fetching mma... @ https://live-streaming-eta.vercel.app/js/api.js?v=7:467
[     415ms] [LOG] 🌐 Fetching ufc... @ https://live-streaming-eta.vercel.app/js/api.js?v=7:467
[     460ms] [LOG] ✅ ESPN Cricket: 23 matches from 9 series @ https://live-streaming-eta.vercel.app/js/api.js?v=7:1233
[     463ms] [LOG] ✅ ESPN Cricket: 23 matches from 9 series @ https://live-streaming-eta.vercel.app/js/api.js?v=7:1233
[     464ms] [WARNING] <meta name="apple-mobile-web-app-capable" content="yes"> is deprecated. Please include <meta name="mobile-web-app-capable" content="yes"> @ https://live-streaming-eta.vercel.app/cricket/2026-08-19:0
[     667ms] [ERROR] Failed to load resource: the server responded with a status of 400 () @ https://sportscore.com/api/widget/matches/?sport=mma&limit=30:0
[     667ms] [LOG] ℹ️ mma not available from SportScore API @ https://live-streaming-eta.vercel.app/js/api.js?v=7:471
[     668ms] [ERROR] Failed to load resource: the server responded with a status of 400 () @ https://sportscore.com/api/widget/matches/?sport=ufc&limit=30:0
[     668ms] [LOG] ℹ️ ufc not available from SportScore API @ https://live-streaming-eta.vercel.app/js/api.js?v=7:471
[     761ms] [LOG] ✅ Google Cricket: 0 matches @ https://live-streaming-eta.vercel.app/js/api.js?v=7:1328
[     942ms] [ERROR] Failed to load resource: the server responded with a status of 400 () @ https://sportscore.com/api/widget/matches/?sport=mma&limit=30:0
[     943ms] [LOG] ℹ️ mma not available from SportScore API @ https://live-streaming-eta.vercel.app/js/api.js?v=7:471
[     943ms] [ERROR] Failed to load resource: the server responded with a status of 400 () @ https://sportscore.com/api/widget/matches/?sport=ufc&limit=30:0
[     943ms] [LOG] ℹ️ ufc not available from SportScore API @ https://live-streaming-eta.vercel.app/js/api.js?v=7:471
[     973ms] [LOG] ✅ Google Cricket: 0 matches @ https://live-streaming-eta.vercel.app/js/api.js?v=7:1328
[    1177ms] [ERROR] Failed to load resource: the server responded with a status of 500 () @ https://live-streaming-eta.vercel.app/api/thesportsdb?path=searchteams.php&t=South%20Delhi%20Superstarz:0
[    1197ms] [ERROR] Failed to load resource: the server responded with a status of 500 () @ https://live-streaming-eta.vercel.app/api/thesportsdb?path=searchteams.php&t=North%20Delhi%20Strikers:0
[    1233ms] [ERROR] Failed to load resource: the server responded with a status of 500 () @ https://live-streaming-eta.vercel.app/api/thesportsdb?path=searchteams.php&t=Rhinos%20Women:0
[    1265ms] [ERROR] Failed to load resource: the server responded with a status of 500 () @ https://live-streaming-eta.vercel.app/api/thesportsdb?path=searchteams.php&t=Real%20Sociedad%20U17%20Women:0
[    1289ms] [ERROR] Failed to load resource: the server responded with a status of 500 () @ https://live-streaming-eta.vercel.app/api/thesportsdb?path=searchteams.php&t=Pahang%20U21%20(W):0
[    1316ms] [ERROR] Failed to load resource: the server responded with a status of 500 () @ https://live-streaming-eta.vercel.app/api/thesportsdb?path=searchteams.php&t=Sabah%20U21%20Women:0
[    1368ms] [ERROR] Failed to load resource: the server responded with a status of 500 () @ https://live-streaming-eta.vercel.app/api/thesportsdb?path=searchteams.php&t=Deportes%20Tolima:0
[    1380ms] [ERROR] Failed to load resource: the server responded with a status of 500 () @ https://live-streaming-eta.vercel.app/api/thesportsdb?path=searchteams.php&t=Llaneros%20FC:0
[    1405ms] [ERROR] Failed to load resource: the server responded with a status of 500 () @ https://live-streaming-eta.vercel.app/api/thesportsdb?path=searchteams.php&t=Marie%20Bouzkova:0
[    1431ms] [ERROR] Failed to load resource: the server responded with a status of 500 () @ https://live-streaming-eta.vercel.app/api/thesportsdb?path=searchteams.php&t=Arsenal%20U17%20Women:0
[    1466ms] [ERROR] Failed to load resource: the server responded with a status of 500 () @ https://live-streaming-eta.vercel.app/api/thesportsdb?path=searchteams.php&t=New%20Delhi%20Tigers:0
[    1484ms] [ERROR] Failed to load resource: the server responded with a status of 500 () @ https://live-streaming-eta.vercel.app/api/thesportsdb?path=searchteams.php&t=Pahang%20U21:0
[    1490ms] [ERROR] Failed to load resource: the server responded with a status of 500 () @ https://live-streaming-eta.vercel.app/api/thesportsdb?path=searchteams.php&t=Saint%20Kitts%20%26%20Nevis%20Patriots:0
[    1499ms] [ERROR] Failed to load resource: the server responded with a status of 500 () @ https://live-streaming-eta.vercel.app/api/thesportsdb?path=searchteams.php&t=International%20Cc%20Brussels:0
[    1501ms] [ERROR] Failed to load resource: the server responded with a status of 500 () @ https://live-streaming-eta.vercel.app/api/thesportsdb?path=searchteams.php&t=Charaideo%20Sunrisers:0
[    1507ms] [ERROR] Failed to load resource: the server responded with a status of 500 () @ https://live-streaming-eta.vercel.app/api/thesportsdb?path=searchteams.php&t=Francisco%20Comesana:0
[    1515ms] [ERROR] Failed to load resource: the server responded with a status of 500 () @ https://live-streaming-eta.vercel.app/api/thesportsdb?path=searchteams.php&t=Japan%20Jones%20Team:0
[    1516ms] [ERROR] Failed to load resource: the server responded with a status of 500 () @ https://live-streaming-eta.vercel.app/api/thesportsdb?path=searchteams.php&t=Mechelen%20Eagles%20Cc:0
[    1522ms] [ERROR] Failed to load resource: the server responded with a status of 500 () @ https://live-streaming-eta.vercel.app/api/thesportsdb?path=searchteams.php&t=Zimbabwe%20Women%20Under-19s:0
[    1535ms] [ERROR] Failed to load resource: the server responded with a status of 500 () @ https://live-streaming-eta.vercel.app/api/thesportsdb?path=searchteams.php&t=Somerset%20Women:0
[    1535ms] [ERROR] Failed to load resource: the server responded with a status of 500 () @ https://live-streaming-eta.vercel.app/api/thesportsdb?path=searchteams.php&t=FinlandU16%20Women:0
[    1541ms] [ERROR] Failed to load resource: the server responded with a status of 500 () @ https://live-streaming-eta.vercel.app/api/thesportsdb?path=searchteams.php&t=Esporte%20Clube%20Juventude:0
[    1542ms] [ERROR] Failed to load resource: the server responded with a status of 500 () @ https://live-streaming-eta.vercel.app/api/thesportsdb?path=searchteams.php&t=Yorkshire%20Women:0
[    1542ms] [ERROR] Failed to load resource: the server responded with a status of 500 () @ https://live-streaming-eta.vercel.app/api/thesportsdb?path=searchteams.php&t=Trichy%20Grand%20Cholas:0
[    1543ms] [ERROR] Failed to load resource: the server responded with a status of 500 () @ https://live-streaming-eta.vercel.app/api/thesportsdb?path=searchteams.php&t=Dong%20Thap:0
[    1549ms] [ERROR] Failed to load resource: the server responded with a status of 500 () @ https://live-streaming-eta.vercel.app/api/thesportsdb?path=searchteams.php&t=Hankook%20Verdes:0
[    1549ms] [ERROR] Failed to load resource: the server responded with a status of 500 () @ https://live-streaming-eta.vercel.app/api/thesportsdb?path=searchteams.php&t=Hong%20Seong-chan:0
[    1550ms] [ERROR] Failed to load resource: the server responded with a status of 500 () @ https://live-streaming-eta.vercel.app/api/thesportsdb?path=searchteams.php&t=West%20Delhi%20Lions:0
[    1550ms] [ERROR] Failed to load resource: the server responded with a status of 500 () @ https://live-streaming-eta.vercel.app/api/thesportsdb?path=searchteams.php&t=Arenas%20Club%20de%20Getxo:0
[    1550ms] [ERROR] Failed to load resource: the server responded with a status of 500 () @ https://live-streaming-eta.vercel.app/api/thesportsdb?path=searchteams.php&t=Abasin%20Defenders:0
[    1553ms] [ERROR] Failed to load resource: the server responded with a status of 500 () @ https://live-streaming-eta.vercel.app/api/thesportsdb?path=searchteams.php&t=Alan%20Magadan:0
[    1554ms] [ERROR] Failed to load resource: the server responded with a status of 500 () @ https://live-streaming-eta.vercel.app/api/thesportsdb?path=searchteams.php&t=Rio%20Noguchi:0
[    1559ms] [ERROR] Failed to load resource: the server responded with a status of 500 () @ https://live-streaming-eta.vercel.app/api/thesportsdb?path=searchteams.php&t=Independiente%20del%20Valle:0
[    1563ms] [ERROR] Failed to load resource: the server responded with a status of 500 () @ https://live-streaming-eta.vercel.app/api/thesportsdb?path=searchteams.php&t=Lawsohtun%20SC:0
[    1566ms] [ERROR] Failed to load resource: the server responded with a status of 500 () @ https://live-streaming-eta.vercel.app/api/thesportsdb?path=searchteams.php&t=CS%20Cartagines:0
[    1569ms] [ERROR] Failed to load resource: the server responded with a status of 500 () @ https://live-streaming-eta.vercel.app/api/thesportsdb?path=searchteams.php&t=Adamstown%20Rosebud%20Women:0
[    1572ms] [ERROR] Failed to load resource: the server responded with a status of 500 () @ https://live-streaming-eta.vercel.app/api/thesportsdb?path=searchteams.php&t=Hampshire%20Women:0
[    1576ms] [ERROR] Failed to load resource: the server responded with a status of 500 () @ https://live-streaming-eta.vercel.app/api/thesportsdb?path=searchteams.php&t=Essex%20Women:0
[    1577ms] [ERROR] Failed to load resource: the server responded with a status of 500 () @ https://live-streaming-eta.vercel.app/api/thesportsdb?path=searchteams.php&t=Sarawak%20U21:0
[    1579ms] [ERROR] Failed to load resource: the server responded with a status of 500 () @ https://live-streaming-eta.vercel.app/api/thesportsdb?path=searchteams.php&t=UD%20Ibiza:0
[    1584ms] [ERROR] Failed to load resource: the server responded with a status of 500 () @ https://live-streaming-eta.vercel.app/api/thesportsdb?path=searchteams.php&t=Ruby%20Trichy%20Warriors:0
[    1584ms] [ERROR] Failed to load resource: the server responded with a status of 500 () @ https://live-streaming-eta.vercel.app/api/thesportsdb?path=searchteams.php&t=Rewa%20FC:0
[    1585ms] [ERROR] Failed to load resource: the server responded with a status of 500 () @ https://live-streaming-eta.vercel.app/api/thesportsdb?path=searchteams.php&t=Speenghar%20Warriors:0
[    1585ms] [ERROR] Failed to load resource: the server responded with a status of 500 () @ https://live-streaming-eta.vercel.app/api/thesportsdb?path=searchteams.php&t=Tuskers%20Women:0
[    1585ms] [ERROR] Failed to load resource: the server responded with a status of 500 () @ https://live-streaming-eta.vercel.app/api/thesportsdb?path=searchteams.php&t=Shanghai%20U17%20Women:0
[    1589ms] [ERROR] Failed to load resource: the server responded with a status of 500 () @ https://live-streaming-eta.vercel.app/api/thesportsdb?path=searchteams.php&t=Ho%20Chi%20Minh%20City:0
[    1591ms] [ERROR] Failed to load resource: the server responded with a status of 500 () @ https://live-streaming-eta.vercel.app/api/thesportsdb?path=searchteams.php&t=Auckland%20United%20Women:0
[    1592ms] [ERROR] Failed to load resource: the server responded with a status of 500 () @ https://live-streaming-eta.vercel.app/api/thesportsdb?path=searchteams.php&t=R16P1:0
[    1599ms] [ERROR] Failed to load resource: the server responded with a status of 500 () @ https://live-streaming-eta.vercel.app/api/thesportsdb?path=searchteams.php&t=Shamshad%20Eagles:0
[    1599ms] [ERROR] Failed to load resource: the server responded with a status of 500 () @ https://live-streaming-eta.vercel.app/api/thesportsdb?path=searchteams.php&t=Macau%20Black%20Knights:0
[    1600ms] [ERROR] Failed to load resource: the server responded with a status of 500 () @ https://live-streaming-eta.vercel.app/api/thesportsdb?path=searchteams.php&t=Elche%20CF%20Ilicitano:0
[    1600ms] [ERROR] Failed to load resource: the server responded with a status of 500 () @ https://live-streaming-eta.vercel.app/api/thesportsdb?path=searchteams.php&t=Leganes%20B:0
[    1606ms] [ERROR] Failed to load resource: the server responded with a status of 500 () @ https://live-streaming-eta.vercel.app/api/thesportsdb?path=searchteams.php&t=San%20Salvador%20U21:0
[    1606ms] [ERROR] Failed to load resource: the server responded with a status of 500 () @ https://live-streaming-eta.vercel.app/api/thesportsdb?path=searchteams.php&t=Tigres%20El%20Salvador%20U21:0
[    1607ms] [ERROR] Failed to load resource: the server responded with a status of 500 () @ https://live-streaming-eta.vercel.app/api/thesportsdb?path=searchteams.php&t=Paris%20FC%20U17%20Women:0
[    1608ms] [ERROR] Failed to load resource: the server responded with a status of 500 () @ https://live-streaming-eta.vercel.app/api/thesportsdb?path=searchteams.php&t=New%20Lambton%20FC%20Women:0
[    1608ms] [ERROR] Failed to load resource: the server responded with a status of 500 () @ https://live-streaming-eta.vercel.app/api/thesportsdb?path=searchteams.php&t=Municipal%20Puente%20Alto%20U21:0
[    1619ms] [ERROR] Failed to load resource: the server responded with a status of 500 () @ https://live-streaming-eta.vercel.app/api/thesportsdb?path=searchteams.php&t=Atletico%20Marbella:0
[    1620ms] [ERROR] Failed to load resource: the server responded with a status of 500 () @ https://live-streaming-eta.vercel.app/api/thesportsdb?path=searchteams.php&t=Team%20x7lm7php1nxm2wd:0
[    1622ms] [ERROR] Failed to load resource: the server responded with a status of 500 () @ https://live-streaming-eta.vercel.app/api/thesportsdb?path=searchteams.php&t=Villarreal%20C:0
[    1622ms] [ERROR] Failed to load resource: the server responded with a status of 500 () @ https://live-streaming-eta.vercel.app/api/thesportsdb?path=searchteams.php&t=Bolivar:0
[    1624ms] [ERROR] Failed to load resource: the server responded with a status of 500 () @ https://live-streaming-eta.vercel.app/api/thesportsdb?path=searchteams.php&t=Justin%20Boulais:0
[    1628ms] [ERROR] Failed to load resource: the server responded with a status of 500 () @ https://live-streaming-eta.vercel.app/api/thesportsdb?path=searchteams.php&t=St.%20Mary%27s%20College%20(CA):0
[    1629ms] [ERROR] Failed to load resource: the server responded with a status of 500 () @ https://live-streaming-eta.vercel.app/api/thesportsdb?path=searchteams.php&t=Croatia%20U16%20Women:0
[    1629ms] [ERROR] Failed to load resource: the server responded with a status of 500 () @ https://live-streaming-eta.vercel.app/api/thesportsdb?path=searchteams.php&t=Azul%20Claro%20Numazu:0
[    1629ms] [ERROR] Failed to load resource: the server responded with a status of 500 () @ https://live-streaming-eta.vercel.app/api/thesportsdb?path=searchteams.php&t=Green%20Shield%20FC:0
[    1630ms] [ERROR] Failed to load resource: the server responded with a status of 500 () @ https://live-streaming-eta.vercel.app/api/thesportsdb?path=searchteams.php&t=Wilayah%20Persekutuan%20U21:0
[    1630ms] [ERROR] Failed to load resource: the server responded with a status of 500 () @ https://live-streaming-eta.vercel.app/api/thesportsdb?path=searchteams.php&t=Pulau%20Pinang%20U21%20Women:0
[    1630ms] [ERROR] Failed to load resource: the server responded with a status of 500 () @ https://live-streaming-eta.vercel.app/api/thesportsdb?path=searchteams.php&t=Sichuan%20Blue%20Whales%20Reserves:0
[    1631ms] [ERROR] Failed to load resource: the server responded with a status of 500 () @ https://live-streaming-eta.vercel.app/api/thesportsdb?path=searchteams.php&t=Bulldogs:0
[    1631ms] [ERROR] Failed to load resource: the server responded with a status of 500 () @ https://live-streaming-eta.vercel.app/api/thesportsdb?path=searchteams.php&t=Slovenia%20U16%20Women:0
[    1633ms] [ERROR] Failed to load resource: the server responded with a status of 500 () @ https://live-streaming-eta.vercel.app/api/thesportsdb?path=searchteams.php&t=Chinese%20Taipei%20White:0
[    1638ms] [ERROR] Failed to load resource: the server responded with a status of 500 () @ https://live-streaming-eta.vercel.app/api/thesportsdb?path=searchteams.php&t=ABM%20Galaxy:0
[    1639ms] [ERROR] Failed to load resource: the server responded with a status of 500 () @ https://live-streaming-eta.vercel.app/api/thesportsdb?path=searchteams.php&t=Perak%20U21:0
[    1639ms] [ERROR] Failed to load resource: the server responded with a status of 500 () @ https://live-streaming-eta.vercel.app/api/thesportsdb?path=searchteams.php&t=Benjamin%20Bonzi:0
[    1640ms] [ERROR] Failed to load resource: the server responded with a status of 500 () @ https://live-streaming-eta.vercel.app/api/thesportsdb?path=searchteams.php&t=Nihon%20Tengu:0
[    1640ms] [ERROR] Failed to load resource: the server responded with a status of 500 () @ https://live-streaming-eta.vercel.app/api/thesportsdb?path=searchteams.php&t=Mountaineers%20Women:0
[    1647ms] [ERROR] Failed to load resource: the server responded with a status of 500 () @ https://live-streaming-eta.vercel.app/api/thesportsdb?path=searchteams.php&t=R16P2:0
[    1649ms] [ERROR] Failed to load resource: the server responded with a status of 500 () @ https://live-streaming-eta.vercel.app/api/thesportsdb?path=searchteams.php&t=Jorhat%20Stallions:0
[    1650ms] [ERROR] Failed to load resource: the server responded with a status of 500 () @ https://live-streaming-eta.vercel.app/api/thesportsdb?path=searchteams.php&t=Laslo%20Djere:0
[    1651ms] [ERROR] Failed to load resource: the server responded with a status of 500 () @ https://live-streaming-eta.vercel.app/api/thesportsdb?path=searchteams.php&t=Taiwan%20Beer:0
[    1651ms] [ERROR] Failed to load resource: the server responded with a status of 500 () @ https://live-streaming-eta.vercel.app/api/thesportsdb?path=searchteams.php&t=R16P7:0
[    1651ms] [ERROR] Failed to load resource: the server responded with a status of 500 () @ https://live-streaming-eta.vercel.app/api/thesportsdb?path=searchteams.php&t=John%20Chin:0
[    1652ms] [ERROR] Failed to load resource: the server responded with a status of 500 () @ https://live-streaming-eta.vercel.app/api/thesportsdb?path=searchteams.php&t=Arterivo%20Wakayama:0
[    1652ms] [ERROR] Failed to load resource: the server responded with a status of 500 () @ https://live-streaming-eta.vercel.app/api/thesportsdb?path=searchteams.php&t=Central%20Coast%20Football%20Club:0
[    1653ms] [ERROR] Failed to load resource: the server responded with a status of 500 () @ https://live-streaming-eta.vercel.app/api/thesportsdb?path=searchteams.php&t=Johor%20U21:0
[    1653ms] [ERROR] Failed to load resource: the server responded with a status of 500 () @ https://live-streaming-eta.vercel.app/api/thesportsdb?path=searchteams.php&t=Xelaju%20MC:0
[    1675ms] [ERROR] Failed to load resource: the server responded with a status of 500 () @ https://live-streaming-eta.vercel.app/api/thesportsdb?path=searchteams.php&t=Jamaica%20Kingsmen:0
[    1675ms] [ERROR] Failed to load resource: the server responded with a status of 500 () @ https://live-streaming-eta.vercel.app/api/thesportsdb?path=searchteams.php&t=Statham%20Academy:0
[    1676ms] [ERROR] Failed to load resource: the server responded with a status of 500 () @ https://live-streaming-eta.vercel.app/api/thesportsdb?path=searchteams.php&t=Dindigul%20Dragons:0
[    1676ms] [ERROR] Failed to load resource: the server responded with a status of 500 () @ https://live-streaming-eta.vercel.app/api/thesportsdb?path=searchteams.php&t=Oriente%20Petrolero:0
[    1677ms] [ERROR] Failed to load resource: the server responded with a status of 500 () @ https://live-streaming-eta.vercel.app/api/thesportsdb?path=searchteams.php&t=Pulau%20Pinang%20U21:0
[    1677ms] [ERROR] Failed to load resource: the server responded with a status of 500 () @ https://live-streaming-eta.vercel.app/api/thesportsdb?path=searchteams.php&t=Shenzhen%20Leopards%20Reserves:0
[    1678ms] [ERROR] Failed to load resource: the server responded with a status of 500 () @ https://live-streaming-eta.vercel.app/api/thesportsdb?path=searchteams.php&t=Club%20Providencia%20U21:0
[    1678ms] [ERROR] Failed to load resource: the server responded with a status of 500 () @ https://live-streaming-eta.vercel.app/api/thesportsdb?path=searchteams.php&t=CD%20Dragon%20U21:0
[    1679ms] [ERROR] Failed to load resource: the server responded with a status of 500 () @ https://live-streaming-eta.vercel.app/api/thesportsdb?path=searchteams.php&t=Austria%20U16%20Women:0
[    1680ms] [ERROR] Failed to load resource: the server responded with a status of 500 () @ https://live-streaming-eta.vercel.app/api/thesportsdb?path=searchteams.php&t=Fencibles%20United:0
[    1680ms] [ERROR] Failed to load resource: the server responded with a status of 500 () @ https://live-streaming-eta.vercel.app/api/thesportsdb?path=searchteams.php&t=Goias%20Esporte%20Clube:0
[    1681ms] [ERROR] Failed to load resource: the server responded with a status of 500 () @ https://live-streaming-eta.vercel.app/api/thesportsdb?path=searchteams.php&t=The%20Blaze%20Women:0
[    1681ms] [ERROR] Failed to load resource: the server responded with a status of 500 () @ https://live-streaming-eta.vercel.app/api/thesportsdb?path=searchteams.php&t=Nautico%20(PE):0
[    1682ms] [ERROR] Failed to load resource: the server responded with a status of 500 () @ https://live-streaming-eta.vercel.app/api/thesportsdb?path=searchteams.php&t=R16P8:0
[    1684ms] [ERROR] Failed to load resource: the server responded with a status of 500 () @ https://live-streaming-eta.vercel.app/api/thesportsdb?path=searchteams.php&t=Ragama%20CC:0
[    1684ms] [ERROR] Failed to load resource: the server responded with a status of 500 () @ https://live-streaming-eta.vercel.app/api/thesportsdb?path=searchteams.php&t=Umlyngka:0
[    1685ms] [ERROR] Failed to load resource: the server responded with a status of 500 () @ https://live-streaming-eta.vercel.app/api/thesportsdb?path=searchteams.php&t=Iva%20Jovic:0
[    1685ms] [ERROR] Failed to load resource: the server responded with a status of 500 () @ https://live-streaming-eta.vercel.app/api/thesportsdb?path=searchteams.php&t=Eagles%20Women:0
[    1686ms] [ERROR] Failed to load resource: the server responded with a status of 500 () @ https://live-streaming-eta.vercel.app/api/thesportsdb?path=searchteams.php&t=Italy%20U16%20Women:0
[    1686ms] [ERROR] Failed to load resource: the server responded with a status of 500 () @ https://live-streaming-eta.vercel.app/api/thesportsdb?path=searchteams.php&t=Strong%20Group%20Athletics:0
[    1691ms] [ERROR] Failed to load resource: the server responded with a status of 500 () @ https://live-streaming-eta.vercel.app/api/thesportsdb?path=searchteams.php&t=Lloyd%20Harris:0
[    1691ms] [ERROR] Failed to load resource: the server responded with a status of 500 () @ https://live-streaming-eta.vercel.app/api/thesportsdb?path=searchteams.php&t=Naic%20Aces:0
[    1692ms] [ERROR] Failed to load resource: the server responded with a status of 500 () @ https://live-streaming-eta.vercel.app/api/thesportsdb?path=searchteams.php&t=Bulgaria%20U16%20Women:0
[    1695ms] [ERROR] Failed to load resource: the server responded with a status of 500 () @ https://live-streaming-eta.vercel.app/api/thesportsdb?path=searchteams.php&t=Boys%20Club:0
[    1701ms] [ERROR] Failed to load resource: the server responded with a status of 500 () @ https://live-streaming-eta.vercel.app/api/thesportsdb?path=searchteams.php&t=Estudiantes%20La%20Plata:0
[    1701ms] [ERROR] Failed to load resource: the server responded with a status of 500 () @ https://live-streaming-eta.vercel.app/api/thesportsdb?path=searchteams.php&t=Alejandro%20Moro%20Canas:0
[    1702ms] [ERROR] Failed to load resource: the server responded with a status of 500 () @ https://live-streaming-eta.vercel.app/api/thesportsdb?path=searchteams.php&t=Surrey%20Women:0
[    1702ms] [ERROR] Failed to load resource: the server responded with a status of 500 () @ https://live-streaming-eta.vercel.app/api/thesportsdb?path=searchteams.php&t=Leo%20Cc:0
[    1703ms] [ERROR] Failed to load resource: the server responded with a status of 500 () @ https://live-streaming-eta.vercel.app/api/thesportsdb?path=searchteams.php&t=CA%20Banfield:0
[    1703ms] [ERROR] Failed to load resource: the server responded with a status of 500 () @ https://live-streaming-eta.vercel.app/api/thesportsdb?path=searchteams.php&t=Cougars%20U21:0
[    1704ms] [ERROR] Failed to load resource: the server responded with a status of 500 () @ https://live-streaming-eta.vercel.app/api/thesportsdb?path=searchteams.php&t=Learner%20Tien:0
[    1711ms] [ERROR] Failed to load resource: the server responded with a status of 500 () @ https://live-streaming-eta.vercel.app/api/thesportsdb?path=searchteams.php&t=Durham%20Women:0
[    1712ms] [ERROR] Failed to load resource: the server responded with a status of 500 () @ https://live-streaming-eta.vercel.app/api/thesportsdb?path=searchteams.php&t=CE%20Europa:0
[    1712ms] [ERROR] Failed to load resource: the server responded with a status of 500 () @ https://live-streaming-eta.vercel.app/api/thesportsdb?path=searchteams.php&t=Poland%20U16%20Women:0
[    1712ms] [ERROR] Failed to load resource: the server responded with a status of 500 () @ https://live-streaming-eta.vercel.app/api/thesportsdb?path=searchteams.php&t=Kurunegala%20SC:0
[    1713ms] [ERROR] Failed to load resource: the server responded with a status of 500 () @ https://live-streaming-eta.vercel.app/api/thesportsdb?path=searchteams.php&t=Linense(BRA):0
[    1717ms] [ERROR] Failed to load resource: the server responded with a status of 500 () @ https://live-streaming-eta.vercel.app/api/thesportsdb?path=searchteams.php&t=Johor%20U21%20Women:0
[    1720ms] [ERROR] Failed to load resource: the server responded with a status of 500 () @ https://live-streaming-eta.vercel.app/api/thesportsdb?path=searchteams.php&t=Germany%20U16%20Women:0
[    1721ms] [ERROR] Failed to load resource: the server responded with a status of 500 () @ https://live-streaming-eta.vercel.app/api/thesportsdb?path=searchteams.php&t=Diriangen:0
[    1727ms] [ERROR] Failed to load resource: the server responded with a status of 500 () @ https://live-streaming-eta.vercel.app/api/thesportsdb?path=searchteams.php&t=R16P16:0
[    1727ms] [ERROR] Failed to load resource: the server responded with a status of 500 () @ https://live-streaming-eta.vercel.app/api/thesportsdb?path=searchteams.php&t=R16P15:0
[    1728ms] [ERROR] Failed to load resource: the server responded with a status of 500 () @ https://live-streaming-eta.vercel.app/api/thesportsdb?path=searchteams.php&t=Jordan:0
[    1729ms] [ERROR] Failed to load resource: the server responded with a status of 500 () @ https://live-streaming-eta.vercel.app/api/thesportsdb?path=searchteams.php&t=Edward%20Winter:0
[    1732ms] [ERROR] Failed to load resource: the server responded with a status of 500 () @ https://live-streaming-eta.vercel.app/api/thesportsdb?path=searchteams.php&t=France%20U16%20Women:0
[    1733ms] [ERROR] Failed to load resource: the server responded with a status of 500 () @ https://live-streaming-eta.vercel.app/api/thesportsdb?path=searchteams.php&t=Auckland%20United:0
[    1739ms] [ERROR] Failed to load resource: the server responded with a status of 500 () @ https://live-streaming-eta.vercel.app/api/thesportsdb?path=searchteams.php&t=Sohryngkham:0
[    1741ms] [ERROR] Failed to load resource: the server responded with a status of 500 () @ https://live-streaming-eta.vercel.app/api/thesportsdb?path=searchteams.php&t=Gent:0
[    1744ms] [ERROR] Failed to load resource: the server responded with a status of 500 () @ https://live-streaming-eta.vercel.app/api/thesportsdb?path=searchteams.php&t=R16P9:0
[    1745ms] [ERROR] Failed to load resource: the server responded with a status of 500 () @ https://live-streaming-eta.vercel.app/api/thesportsdb?path=searchteams.php&t=Barpeta%20Braves:0
[    1748ms] [ERROR] Failed to load resource: the server responded with a status of 500 () @ https://live-streaming-eta.vercel.app/api/thesportsdb?path=searchteams.php&t=Frances%20Tiafoe:0
[    1751ms] [ERROR] Failed to load resource: the server responded with a status of 500 () @ https://live-streaming-eta.vercel.app/api/thesportsdb?path=searchteams.php&t=Perak%20U21%20(W):0
[    1758ms] [ERROR] Failed to load resource: the server responded with a status of 500 () @ https://live-streaming-eta.vercel.app/api/thesportsdb?path=searchteams.php&t=R16P10:0
[    1758ms] [ERROR] Failed to load resource: the server responded with a status of 500 () @ https://live-streaming-eta.vercel.app/api/thesportsdb?path=searchteams.php&t=Kabul%20Zalmi:0
[    1762ms] [ERROR] Failed to load resource: the server responded with a status of 500 () @ https://live-streaming-eta.vercel.app/api/thesportsdb?path=searchteams.php&t=Eric%20Tripathi:0
[    1763ms] [ERROR] Failed to load resource: the server responded with a status of 500 () @ https://live-streaming-eta.vercel.app/api/thesportsdb?path=searchteams.php&t=Eastern%20Suburbs%20Women:0
[    1763ms] [ERROR] Failed to load resource: the server responded with a status of 500 () @ https://live-streaming-eta.vercel.app/api/thesportsdb?path=searchteams.php&t=Nejapa%20U21:0
[    1764ms] [ERROR] Failed to load resource: the server responded with a status of 500 () @ https://live-streaming-eta.vercel.app/api/thesportsdb?path=searchteams.php&t=Sarawak%20U21%20Women:0
[    1765ms] [ERROR] Failed to load resource: the server responded with a status of 500 () @ https://live-streaming-eta.vercel.app/api/thesportsdb?path=searchteams.php&t=Real%20Esteli:0
[    1785ms] [ERROR] Failed to load resource: the server responded with a status of 500 () @ https://live-streaming-eta.vercel.app/api/thesportsdb?path=searchteams.php&t=Seven%20Academy:0
[    1792ms] [ERROR] Failed to load resource: the server responded with a status of 500 () @ https://live-streaming-eta.vercel.app/api/thesportsdb?path=searchteams.php&t=Warwickshire%20Women:0
[    1793ms] [ERROR] Failed to load resource: the server responded with a status of 500 () @ https://live-streaming-eta.vercel.app/api/thesportsdb?path=searchteams.php&t=Guwahati%20Royals:0
[    1793ms] [ERROR] Failed to load resource: the server responded with a status of 500 () @ https://live-streaming-eta.vercel.app/api/thesportsdb?path=searchteams.php&t=Brujos%20Izalco%20U21:0
[    1794ms] [ERROR] Failed to load resource: the server responded with a status of 500 () @ https://live-streaming-eta.vercel.app/api/thesportsdb?path=searchteams.php&t=Ferrocarril%20Midland:0
[    1794ms] [ERROR] Failed to load resource: the server responded with a status of 500 () @ https://live-streaming-eta.vercel.app/api/thesportsdb?path=searchteams.php&t=Honiara%20City%20FC:0
[    1796ms] [ERROR] Failed to load resource: the server responded with a status of 500 () @ https://live-streaming-eta.vercel.app/api/thesportsdb?path=searchteams.php&t=Turkey%20U16%20Women:0
[    1802ms] [ERROR] Failed to load resource: the server responded with a status of 500 () @ https://live-streaming-eta.vercel.app/api/thesportsdb?path=searchteams.php&t=Brotherhood%20FC:0
[    1803ms] [ERROR] Failed to load resource: the server responded with a status of 500 () @ https://live-streaming-eta.vercel.app/api/thesportsdb?path=searchteams.php&t=S%C3%A3o%20Paulo%20-%20SP:0
[    1806ms] [ERROR] Failed to load resource: the server responded with a status of 500 () @ https://live-streaming-eta.vercel.app/api/thesportsdb?path=searchteams.php&t=Ceara:0
[    1806ms] [ERROR] Failed to load resource: the server responded with a status of 500 () @ https://live-streaming-eta.vercel.app/api/thesportsdb?path=searchteams.php&t=Kandy%20Customs%20Cc:0
[    1814ms] [ERROR] Failed to load resource: the server responded with a status of 500 () @ https://live-streaming-eta.vercel.app/api/thesportsdb?path=searchteams.php&t=CS%20Herediano:0
[    1815ms] [ERROR] Failed to load resource: the server responded with a status of 500 () @ https://live-streaming-eta.vercel.app/api/thesportsdb?path=searchteams.php&t=Auckland%20City:0
[    1815ms] [ERROR] Failed to load resource: the server responded with a status of 500 () @ https://live-streaming-eta.vercel.app/api/thesportsdb?path=searchteams.php&t=R16P11:0
[    1820ms] [ERROR] Failed to load resource: the server responded with a status of 500 () @ https://live-streaming-eta.vercel.app/api/thesportsdb?path=searchteams.php&t=Qf1:0
[    1827ms] [ERROR] Failed to load resource: the server responded with a status of 500 () @ https://live-streaming-eta.vercel.app/api/thesportsdb?path=searchteams.php&t=Ostend%20Cc:0
[    1829ms] [ERROR] Failed to load resource: the server responded with a status of 500 () @ https://live-streaming-eta.vercel.app/api/thesportsdb?path=searchteams.php&t=Alec%20Braund:0
[    1830ms] [ERROR] Failed to load resource: the server responded with a status of 500 () @ https://live-streaming-eta.vercel.app/api/thesportsdb?path=searchteams.php&t=Qf7:0
[    1830ms] [ERROR] Failed to load resource: the server responded with a status of 500 () @ https://live-streaming-eta.vercel.app/api/thesportsdb?path=searchteams.php&t=The%20Strongest:0
[    1831ms] [ERROR] Failed to load resource: the server responded with a status of 500 () @ https://live-streaming-eta.vercel.app/api/thesportsdb?path=searchteams.php&t=CD%20Toledo:0
[    1832ms] [ERROR] Failed to load resource: the server responded with a status of 500 () @ https://live-streaming-eta.vercel.app/api/thesportsdb?path=searchteams.php&t=Qf2:0
[    1832ms] [ERROR] Failed to load resource: the server responded with a status of 500 () @ https://live-streaming-eta.vercel.app/api/thesportsdb?path=searchteams.php&t=Qf8:0
[    1832ms] [ERROR] Failed to load resource: the server responded with a status of 500 () @ https://live-streaming-eta.vercel.app/api/thesportsdb?path=searchteams.php&t=Deportes%20Quindio:0
[    1832ms] [ERROR] Failed to load resource: the server responded with a status of 500 () @ https://live-streaming-eta.vercel.app/api/thesportsdb?path=searchteams.php&t=Univ%20Catolica:0
[    1837ms] [ERROR] Failed to load resource: the server responded with a status of 500 () @ https://live-streaming-eta.vercel.app/api/thesportsdb?path=searchteams.php&t=Qf5:0
[    1838ms] [ERROR] Failed to load resource: the server responded with a status of 500 () @ https://live-streaming-eta.vercel.app/api/thesportsdb?path=searchteams.php&t=R16P5:0
[    1841ms] [ERROR] Failed to load resource: the server responded with a status of 500 () @ https://live-streaming-eta.vercel.app/api/thesportsdb?path=searchteams.php&t=CD%20Roda:0
[    1842ms] [ERROR] Failed to load resource: the server responded with a status of 500 () @ https://live-streaming-eta.vercel.app/api/thesportsdb?path=searchteams.php&t=R16P12:0
[    1842ms] [ERROR] Failed to load resource: the server responded with a status of 500 () @ https://live-streaming-eta.vercel.app/api/thesportsdb?path=searchteams.php&t=Qf3:0
[    1842ms] [ERROR] Failed to load resource: the server responded with a status of 500 () @ https://live-streaming-eta.vercel.app/api/thesportsdb?path=searchteams.php&t=Meerut%20Mavericks:0
[    1843ms] [ERROR] Failed to load resource: the server responded with a status of 500 () @ https://live-streaming-eta.vercel.app/api/thesportsdb?path=searchteams.php&t=Gauthier%20Onclin:0
[    1843ms] [ERROR] Failed to load resource: the server responded with a status of 500 () @ https://live-streaming-eta.vercel.app/api/thesportsdb?path=searchteams.php&t=Pablo%20Llamas%20Ruiz:0
[    1843ms] [ERROR] Failed to load resource: the server responded with a status of 500 () @ https://live-streaming-eta.vercel.app/api/thesportsdb?path=searchteams.php&t=R16P3:0
[    1844ms] [ERROR] Failed to load resource: the server responded with a status of 500 () @ https://live-streaming-eta.vercel.app/api/thesportsdb?path=searchteams.php&t=R16P6:0
[    1860ms] [ERROR] Failed to load resource: the server responded with a status of 500 () @ https://live-streaming-eta.vercel.app/api/thesportsdb?path=searchteams.php&t=Chinese%20Taipei%20Blue:0
[    1862ms] [ERROR] Failed to load resource: the server responded with a status of 500 () @ https://live-streaming-eta.vercel.app/api/thesportsdb?path=searchteams.php&t=Juan%20Manuel%20La%20Serna:0
[    1862ms] [ERROR] Failed to load resource: the server responded with a status of 500 () @ https://live-streaming-eta.vercel.app/api/thesportsdb?path=searchteams.php&t=Qf4:0
[    1862ms] [ERROR] Failed to load resource: the server responded with a status of 500 () @ https://live-streaming-eta.vercel.app/api/thesportsdb?path=searchteams.php&t=R16P4:0
[    1863ms] [ERROR] Failed to load resource: the server responded with a status of 500 () @ https://live-streaming-eta.vercel.app/api/thesportsdb?path=searchteams.php&t=Qf6:0
[    1863ms] [ERROR] Failed to load resource: the server responded with a status of 500 () @ https://live-streaming-eta.vercel.app/api/thesportsdb?path=searchteams.php&t=Luca%20Staeheli:0
[    1863ms] [ERROR] Failed to load resource: the server responded with a status of 500 () @ https://live-streaming-eta.vercel.app/api/thesportsdb?path=searchteams.php&t=Ryan%20Nijboer:0
[    1864ms] [ERROR] Failed to load resource: the server responded with a status of 500 () @ https://live-streaming-eta.vercel.app/api/thesportsdb?path=searchteams.php&t=Thunder%20El%20Salvador:0
[    1867ms] [ERROR] Failed to load resource: the server responded with a status of 500 () @ https://live-streaming-eta.vercel.app/api/thesportsdb?path=searchteams.php&t=Tommaso%20Compagnucci:0
[    1868ms] [ERROR] Failed to load resource: the server responded with a status of 500 () @ https://live-streaming-eta.vercel.app/api/thesportsdb?path=searchteams.php&t=BC%20Costa%20Rica:0
[    1873ms] [ERROR] Failed to load resource: the server responded with a status of 500 () @ https://live-streaming-eta.vercel.app/api/thesportsdb?path=searchteams.php&t=Lucknow%20Falcons:0
[    1873ms] [ERROR] Failed to load resource: the server responded with a status of 500 () @ https://live-streaming-eta.vercel.app/api/thesportsdb?path=searchteams.php&t=Henrique%20Rocha:0
[    1992ms] [LOG] 🚀 Live Streaming initialized @ https://live-streaming-eta.vercel.app/js/app.js?v=8:212
[    3995ms] [LOG] 📅 Schedule agent: fetching next 60 days... @ https://live-streaming-eta.vercel.app/js/api.js?v=7:342
[    3995ms] [LOG] 🌐 Fetching football... @ https://live-streaming-eta.vercel.app/js/api.js?v=7:467
[    3996ms] [LOG] 🌐 Fetching cricket... @ https://live-streaming-eta.vercel.app/js/api.js?v=7:467
[    3996ms] [LOG] 🌐 Fetching basketball... @ https://live-streaming-eta.vercel.app/js/api.js?v=7:467
[    3997ms] [LOG] 🌐 Fetching tennis... @ https://live-streaming-eta.vercel.app/js/api.js?v=7:467
[    3997ms] [LOG] 🌐 Fetching mma... @ https://live-streaming-eta.vercel.app/js/api.js?v=7:467
[    3998ms] [LOG] 🌐 Fetching ufc... @ https://live-streaming-eta.vercel.app/js/api.js?v=7:467
[    3998ms] [LOG] 🌐 Fetching football... @ https://live-streaming-eta.vercel.app/js/api.js?v=7:467
[    3999ms] [LOG] 🌐 Fetching cricket... @ https://live-streaming-eta.vercel.app/js/api.js?v=7:467
[    3999ms] [LOG] 🌐 Fetching basketball... @ https://live-streaming-eta.vercel.app/js/api.js?v=7:467
[    4000ms] [LOG] 🌐 Fetching tennis... @ https://live-streaming-eta.vercel.app/js/api.js?v=7:467
[    4000ms] [LOG] 🌐 Fetching mma... @ https://live-streaming-eta.vercel.app/js/api.js?v=7:467
[    4001ms] [LOG] 🌐 Fetching ufc... @ https://live-streaming-eta.vercel.app/js/api.js?v=7:467
[    4001ms] [LOG] 🌐 Fetching football... @ https://live-streaming-eta.vercel.app/js/api.js?v=7:467
[    4002ms] [LOG] 🌐 Fetching cricket... @ https://live-streaming-eta.vercel.app/js/api.js?v=7:467
[    4002ms] [LOG] 🌐 Fetching basketball... @ https://live-streaming-eta.vercel.app/js/api.js?v=7:467
[    4003ms] [LOG] 🌐 Fetching tennis... @ https://live-streaming-eta.vercel.app/js/api.js?v=7:467
[    4003ms] [LOG] 🌐 Fetching mma... @ https://live-streaming-eta.vercel.app/js/api.js?v=7:467
[    4004ms] [LOG] 🌐 Fetching ufc... @ https://live-streaming-eta.vercel.app/js/api.js?v=7:467
[    4004ms] [LOG] 🌐 Fetching football... @ https://live-streaming-eta.vercel.app/js/api.js?v=7:467
[    4005ms] [LOG] 🌐 Fetching cricket... @ https://live-streaming-eta.vercel.app/js/api.js?v=7:467
[    4005ms] [LOG] 🌐 Fetching basketball... @ https://live-streaming-eta.vercel.app/js/api.js?v=7:467
[    4006ms] [LOG] 🌐 Fetching tennis... @ https://live-streaming-eta.vercel.app/js/api.js?v=7:467
[    4007ms] [LOG] 🌐 Fetching mma... @ https://live-streaming-eta.vercel.app/js/api.js?v=7:467
[    4008ms] [LOG] 🌐 Fetching ufc... @ https://live-streaming-eta.vercel.app/js/api.js?v=7:467
[    4009ms] [LOG] 🌐 Fetching football... @ https://live-streaming-eta.vercel.app/js/api.js?v=7:467
[    4009ms] [LOG] 🌐 Fetching cricket... @ https://live-streaming-eta.vercel.app/js/api.js?v=7:467
[    4010ms] [LOG] 🌐 Fetching basketball... @ https://live-streaming-eta.vercel.app/js/api.js?v=7:467
[    4010ms] [LOG] 🌐 Fetching tennis... @ https://live-streaming-eta.vercel.app/js/api.js?v=7:467
[    4011ms] [LOG] 🌐 Fetching mma... @ https://live-streaming-eta.vercel.app/js/api.js?v=7:467
[    4012ms] [LOG] 🌐 Fetching ufc... @ https://live-streaming-eta.vercel.app/js/api.js?v=7:467
[    4911ms] [ERROR] Failed to load resource: the server responded with a status of 400 () @ https://sportscore.com/api/widget/matches/?sport=ufc&limit=30:0
[    4912ms] [LOG] ℹ️ ufc not available from SportScore API @ https://live-streaming-eta.vercel.app/js/api.js?v=7:471
[    4916ms] [ERROR] Failed to load resource: the server responded with a status of 400 () @ https://sportscore.com/api/widget/matches/?sport=mma&limit=30:0
[    4916ms] [LOG] ℹ️ mma not available from SportScore API @ https://live-streaming-eta.vercel.app/js/api.js?v=7:471
[    5239ms] [ERROR] Access to fetch at 'https://api.nfldata.org/v1/games?season=2026&season_type=1' from origin 'https://live-streaming-eta.vercel.app' has been blocked by CORS policy: No 'Access-Control-Allow-Origin' header is present on the requested resource. @ https://live-streaming-eta.vercel.app/cricket/2026-08-19:0
[    5239ms] [ERROR] Failed to load resource: net::ERR_FAILED @ https://api.nfldata.org/v1/games?season=2026&season_type=1:0
[    5239ms] [LOG] ℹ️ NFL season type 1 failed: Failed to fetch @ https://live-streaming-eta.vercel.app/js/api.js?v=7:1411
[    5289ms] [ERROR] Failed to load resource: the server responded with a status of 400 () @ https://sportscore.com/api/widget/matches/?sport=ufc&limit=30:0
[    5289ms] [LOG] ℹ️ ufc not available from SportScore API @ https://live-streaming-eta.vercel.app/js/api.js?v=7:471
[    5295ms] [ERROR] Failed to load resource: the server responded with a status of 400 () @ https://sportscore.com/api/widget/matches/?sport=mma&limit=30:0
[    5295ms] [LOG] ℹ️ mma not available from SportScore API @ https://live-streaming-eta.vercel.app/js/api.js?v=7:471
[    5425ms] [LOG] 🔄 Live Agent: refreshing scores... @ https://live-streaming-eta.vercel.app/js/app.js?v=8:906
[    5426ms] [LOG] 🌐 Fetching football... @ https://live-streaming-eta.vercel.app/js/api.js?v=7:467
[    5426ms] [LOG] 🌐 Fetching cricket... @ https://live-streaming-eta.vercel.app/js/api.js?v=7:467
[    5427ms] [LOG] 🌐 Fetching basketball... @ https://live-streaming-eta.vercel.app/js/api.js?v=7:467
[    5428ms] [LOG] 🌐 Fetching tennis... @ https://live-streaming-eta.vercel.app/js/api.js?v=7:467
[    5428ms] [LOG] 🌐 Fetching mma... @ https://live-streaming-eta.vercel.app/js/api.js?v=7:467
[    5429ms] [LOG] 🌐 Fetching ufc... @ https://live-streaming-eta.vercel.app/js/api.js?v=7:467
[    5447ms] [LOG] ✅ ESPN Cricket: 23 matches from 9 series @ https://live-streaming-eta.vercel.app/js/api.js?v=7:1233
[    5489ms] [ERROR] Failed to load resource: the server responded with a status of 400 () @ https://sportscore.com/api/widget/matches/?sport=ufc&limit=30:0
[    5489ms] [LOG] ℹ️ ufc not available from SportScore API @ https://live-streaming-eta.vercel.app/js/api.js?v=7:471
[    5490ms] [LOG] ✅ Google Cricket: 0 matches @ https://live-streaming-eta.vercel.app/js/api.js?v=7:1328
[    5493ms] [ERROR] Failed to load resource: the server responded with a status of 400 () @ https://sportscore.com/api/widget/matches/?sport=mma&limit=30:0
[    5493ms] [LOG] ℹ️ mma not available from SportScore API @ https://live-streaming-eta.vercel.app/js/api.js?v=7:471
[    5557ms] [ERROR] Access to fetch at 'https://api.nfldata.org/v1/games?season=2026&season_type=2' from origin 'https://live-streaming-eta.vercel.app' has been blocked by CORS policy: No 'Access-Control-Allow-Origin' header is present on the requested resource. @ https://live-streaming-eta.vercel.app/cricket/2026-08-19:0
[    5558ms] [ERROR] Failed to load resource: net::ERR_FAILED @ https://api.nfldata.org/v1/games?season=2026&season_type=2:0
[    5558ms] [LOG] ℹ️ NFL season type 2 failed: Failed to fetch @ https://live-streaming-eta.vercel.app/js/api.js?v=7:1411
[    5604ms] [ERROR] Access to fetch at 'https://api.nfldata.org/v1/games?season=2026&season_type=1' from origin 'https://live-streaming-eta.vercel.app' has been blocked by CORS policy: No 'Access-Control-Allow-Origin' header is present on the requested resource. @ https://live-streaming-eta.vercel.app/cricket/2026-08-19:0
[    5604ms] [ERROR] Failed to load resource: net::ERR_FAILED @ https://api.nfldata.org/v1/games?season=2026&season_type=1:0
[    5605ms] [LOG] ℹ️ NFL season type 1 failed: Failed to fetch @ https://live-streaming-eta.vercel.app/js/api.js?v=7:1411
[    5684ms] [ERROR] Failed to load resource: the server responded with a status of 400 () @ https://sportscore.com/api/widget/matches/?sport=ufc&limit=30:0
[    5684ms] [LOG] ℹ️ ufc not available from SportScore API @ https://live-streaming-eta.vercel.app/js/api.js?v=7:471
[    5691ms] [ERROR] Failed to load resource: the server responded with a status of 400 () @ https://sportscore.com/api/widget/matches/?sport=mma&limit=30:0
[    5692ms] [LOG] ℹ️ mma not available from SportScore API @ https://live-streaming-eta.vercel.app/js/api.js?v=7:471
[    5872ms] [ERROR] Access to fetch at 'https://api.nfldata.org/v1/games?season=2026&season_type=3' from origin 'https://live-streaming-eta.vercel.app' has been blocked by CORS policy: No 'Access-Control-Allow-Origin' header is present on the requested resource. @ https://live-streaming-eta.vercel.app/cricket/2026-08-19:0
[    5873ms] [ERROR] Failed to load resource: net::ERR_FAILED @ https://api.nfldata.org/v1/games?season=2026&season_type=3:0
[    5873ms] [LOG] ℹ️ NFL season type 3 failed: Failed to fetch @ https://live-streaming-eta.vercel.app/js/api.js?v=7:1411
[    5905ms] [ERROR] Failed to load resource: the server responded with a status of 400 () @ https://sportscore.com/api/widget/matches/?sport=mma&limit=30:0
[    5905ms] [LOG] ℹ️ mma not available from SportScore API @ https://live-streaming-eta.vercel.app/js/api.js?v=7:471
[    5906ms] [ERROR] Failed to load resource: the server responded with a status of 400 () @ https://sportscore.com/api/widget/matches/?sport=ufc&limit=30:0
[    5906ms] [LOG] ℹ️ ufc not available from SportScore API @ https://live-streaming-eta.vercel.app/js/api.js?v=7:471
[    5924ms] [ERROR] Access to fetch at 'https://api.nfldata.org/v1/games?season=2026&season_type=1' from origin 'https://live-streaming-eta.vercel.app' has been blocked by CORS policy: No 'Access-Control-Allow-Origin' header is present on the requested resource. @ https://live-streaming-eta.vercel.app/cricket/2026-08-19:0
[    5924ms] [ERROR] Failed to load resource: net::ERR_FAILED @ https://api.nfldata.org/v1/games?season=2026&season_type=1:0
[    5925ms] [LOG] ℹ️ NFL season type 1 failed: Failed to fetch @ https://live-streaming-eta.vercel.app/js/api.js?v=7:1411
[    5929ms] [ERROR] Access to fetch at 'https://api.nfldata.org/v1/games?season=2026&season_type=2' from origin 'https://live-streaming-eta.vercel.app' has been blocked by CORS policy: No 'Access-Control-Allow-Origin' header is present on the requested resource. @ https://live-streaming-eta.vercel.app/cricket/2026-08-19:0
[    5929ms] [ERROR] Failed to load resource: net::ERR_FAILED @ https://api.nfldata.org/v1/games?season=2026&season_type=2:0
[    5929ms] [LOG] ℹ️ NFL season type 2 failed: Failed to fetch @ https://live-streaming-eta.vercel.app/js/api.js?v=7:1411
[    6098ms] [ERROR] Failed to load resource: the server responded with a status of 400 () @ https://sportscore.com/api/widget/matches/?sport=mma&limit=30:0
[    6098ms] [LOG] ℹ️ mma not available from SportScore API @ https://live-streaming-eta.vercel.app/js/api.js?v=7:471
[    6101ms] [ERROR] Failed to load resource: the server responded with a status of 400 () @ https://sportscore.com/api/widget/matches/?sport=ufc&limit=30:0
[    6101ms] [LOG] ℹ️ ufc not available from SportScore API @ https://live-streaming-eta.vercel.app/js/api.js?v=7:471
[    6106ms] [LOG] ✅ Live Agent: refresh complete @ https://live-streaming-eta.vercel.app/js/app.js?v=8:973
[    6249ms] [ERROR] Access to fetch at 'https://api.nfldata.org/v1/games?season=2026&season_type=1' from origin 'https://live-streaming-eta.vercel.app' has been blocked by CORS policy: No 'Access-Control-Allow-Origin' header is present on the requested resource. @ https://live-streaming-eta.vercel.app/cricket/2026-08-19:0
[    6250ms] [ERROR] Failed to load resource: net::ERR_FAILED @ https://api.nfldata.org/v1/games?season=2026&season_type=1:0
[    6250ms] [LOG] ℹ️ NFL season type 1 failed: Failed to fetch @ https://live-streaming-eta.vercel.app/js/api.js?v=7:1411
[    6258ms] [ERROR] Access to fetch at 'https://api.nfldata.org/v1/games?season=2026&season_type=2' from origin 'https://live-streaming-eta.vercel.app' has been blocked by CORS policy: No 'Access-Control-Allow-Origin' header is present on the requested resource. @ https://live-streaming-eta.vercel.app/cricket/2026-08-19:0
[    6259ms] [ERROR] Failed to load resource: net::ERR_FAILED @ https://api.nfldata.org/v1/games?season=2026&season_type=2:0
[    6260ms] [LOG] ℹ️ NFL season type 2 failed: Failed to fetch @ https://live-streaming-eta.vercel.app/js/api.js?v=7:1411
[    6263ms] [ERROR] Access to fetch at 'https://api.nfldata.org/v1/games?season=2026&season_type=3' from origin 'https://live-streaming-eta.vercel.app' has been blocked by CORS policy: No 'Access-Control-Allow-Origin' header is present on the requested resource. @ https://live-streaming-eta.vercel.app/cricket/2026-08-19:0
[    6263ms] [ERROR] Failed to load resource: net::ERR_FAILED @ https://api.nfldata.org/v1/games?season=2026&season_type=3:0
[    6263ms] [LOG] ℹ️ NFL season type 3 failed: Failed to fetch @ https://live-streaming-eta.vercel.app/js/api.js?v=7:1411
[    6563ms] [ERROR] Access to fetch at 'https://api.nfldata.org/v1/games?season=2026&season_type=1' from origin 'https://live-streaming-eta.vercel.app' has been blocked by CORS policy: No 'Access-Control-Allow-Origin' header is present on the requested resource. @ https://live-streaming-eta.vercel.app/cricket/2026-08-19:0
[    6563ms] [ERROR] Failed to load resource: net::ERR_FAILED @ https://api.nfldata.org/v1/games?season=2026&season_type=1:0
[    6563ms] [LOG] ℹ️ NFL season type 1 failed: Failed to fetch @ https://live-streaming-eta.vercel.app/js/api.js?v=7:1411
[    6583ms] [ERROR] Access to fetch at 'https://api.nfldata.org/v1/games?season=2026&season_type=3' from origin 'https://live-streaming-eta.vercel.app' has been blocked by CORS policy: No 'Access-Control-Allow-Origin' header is present on the requested resource. @ https://live-streaming-eta.vercel.app/cricket/2026-08-19:0
[    6583ms] [ERROR] Failed to load resource: net::ERR_FAILED @ https://api.nfldata.org/v1/games?season=2026&season_type=3:0
[    6583ms] [LOG] ℹ️ NFL season type 3 failed: Failed to fetch @ https://live-streaming-eta.vercel.app/js/api.js?v=7:1411
[    6587ms] [ERROR] Access to fetch at 'https://api.nfldata.org/v1/games?season=2026&season_type=2' from origin 'https://live-streaming-eta.vercel.app' has been blocked by CORS policy: No 'Access-Control-Allow-Origin' header is present on the requested resource. @ https://live-streaming-eta.vercel.app/cricket/2026-08-19:0
[    6588ms] [ERROR] Failed to load resource: net::ERR_FAILED @ https://api.nfldata.org/v1/games?season=2026&season_type=2:0
[    6588ms] [LOG] ℹ️ NFL season type 2 failed: Failed to fetch @ https://live-streaming-eta.vercel.app/js/api.js?v=7:1411
[    6911ms] [ERROR] Access to fetch at 'https://api.nfldata.org/v1/games?season=2026&season_type=2' from origin 'https://live-streaming-eta.vercel.app' has been blocked by CORS policy: No 'Access-Control-Allow-Origin' header is present on the requested resource. @ https://live-streaming-eta.vercel.app/cricket/2026-08-19:0
[    6911ms] [ERROR] Failed to load resource: net::ERR_FAILED @ https://api.nfldata.org/v1/games?season=2026&season_type=2:0
[    6911ms] [LOG] ℹ️ NFL season type 2 failed: Failed to fetch @ https://live-streaming-eta.vercel.app/js/api.js?v=7:1411
[    6914ms] [ERROR] Access to fetch at 'https://api.nfldata.org/v1/games?season=2026&season_type=3' from origin 'https://live-streaming-eta.vercel.app' has been blocked by CORS policy: No 'Access-Control-Allow-Origin' header is present on the requested resource. @ https://live-streaming-eta.vercel.app/cricket/2026-08-19:0
[    6914ms] [ERROR] Failed to load resource: net::ERR_FAILED @ https://api.nfldata.org/v1/games?season=2026&season_type=3:0
[    6915ms] [LOG] ℹ️ NFL season type 3 failed: Failed to fetch @ https://live-streaming-eta.vercel.app/js/api.js?v=7:1411
[    7226ms] [ERROR] Access to fetch at 'https://api.nfldata.org/v1/games?season=2026&season_type=3' from origin 'https://live-streaming-eta.vercel.app' has been blocked by CORS policy: No 'Access-Control-Allow-Origin' header is present on the requested resource. @ https://live-streaming-eta.vercel.app/cricket/2026-08-19:0
[    7226ms] [ERROR] Failed to load resource: net::ERR_FAILED @ https://api.nfldata.org/v1/games?season=2026&season_type=3:0
[    7226ms] [LOG] ℹ️ NFL season type 3 failed: Failed to fetch @ https://live-streaming-eta.vercel.app/js/api.js?v=7:1411
[    8028ms] [LOG] 🌐 Fetching football... @ https://live-streaming-eta.vercel.app/js/api.js?v=7:467
[    8029ms] [LOG] 🌐 Fetching cricket... @ https://live-streaming-eta.vercel.app/js/api.js?v=7:467
[    8030ms] [LOG] 🌐 Fetching basketball... @ https://live-streaming-eta.vercel.app/js/api.js?v=7:467
[    8030ms] [LOG] 🌐 Fetching tennis... @ https://live-streaming-eta.vercel.app/js/api.js?v=7:467
[    8031ms] [LOG] 🌐 Fetching mma... @ https://live-streaming-eta.vercel.app/js/api.js?v=7:467
[    8031ms] [LOG] 🌐 Fetching ufc... @ https://live-streaming-eta.vercel.app/js/api.js?v=7:467
[    8032ms] [LOG] 🌐 Fetching football... @ https://live-streaming-eta.vercel.app/js/api.js?v=7:467
[    8032ms] [LOG] 🌐 Fetching cricket... @ https://live-streaming-eta.vercel.app/js/api.js?v=7:467
[    8033ms] [LOG] 🌐 Fetching basketball... @ https://live-streaming-eta.vercel.app/js/api.js?v=7:467
[    8033ms] [LOG] 🌐 Fetching tennis... @ https://live-streaming-eta.vercel.app/js/api.js?v=7:467
[    8034ms] [LOG] 🌐 Fetching mma... @ https://live-streaming-eta.vercel.app/js/api.js?v=7:467
[    8034ms] [LOG] 🌐 Fetching ufc... @ https://live-streaming-eta.vercel.app/js/api.js?v=7:467
[    8035ms] [LOG] 🌐 Fetching football... @ https://live-streaming-eta.vercel.app/js/api.js?v=7:467
[    8035ms] [LOG] 🌐 Fetching cricket... @ https://live-streaming-eta.vercel.app/js/api.js?v=7:467
[    8035ms] [LOG] 🌐 Fetching basketball... @ https://live-streaming-eta.vercel.app/js/api.js?v=7:467
[    8036ms] [LOG] 🌐 Fetching tennis... @ https://live-streaming-eta.vercel.app/js/api.js?v=7:467
[    8036ms] [LOG] 🌐 Fetching mma... @ https://live-streaming-eta.vercel.app/js/api.js?v=7:467
[    8037ms] [LOG] 🌐 Fetching ufc... @ https://live-streaming-eta.vercel.app/js/api.js?v=7:467
[    8037ms] [LOG] 🌐 Fetching football... @ https://live-streaming-eta.vercel.app/js/api.js?v=7:467
[    8038ms] [LOG] 🌐 Fetching cricket... @ https://live-streaming-eta.vercel.app/js/api.js?v=7:467
[    8038ms] [LOG] 🌐 Fetching basketball... @ https://live-streaming-eta.vercel.app/js/api.js?v=7:467
[    8038ms] [LOG] 🌐 Fetching tennis... @ https://live-streaming-eta.vercel.app/js/api.js?v=7:467
[    8039ms] [LOG] 🌐 Fetching mma... @ https://live-streaming-eta.vercel.app/js/api.js?v=7:467
[    8039ms] [LOG] 🌐 Fetching ufc... @ https://live-streaming-eta.vercel.app/js/api.js?v=7:467
[    8040ms] [LOG] 🌐 Fetching football... @ https://live-streaming-eta.vercel.app/js/api.js?v=7:467
[    8040ms] [LOG] 🌐 Fetching cricket... @ https://live-streaming-eta.vercel.app/js/api.js?v=7:467
[    8040ms] [LOG] 🌐 Fetching basketball... @ https://live-streaming-eta.vercel.app/js/api.js?v=7:467
[    8041ms] [LOG] 🌐 Fetching tennis... @ https://live-streaming-eta.vercel.app/js/api.js?v=7:467
[    8041ms] [LOG] 🌐 Fetching mma... @ https://live-streaming-eta.vercel.app/js/api.js?v=7:467
[    8042ms] [LOG] 🌐 Fetching ufc... @ https://live-streaming-eta.vercel.app/js/api.js?v=7:467
[    8252ms] [ERROR] Failed to load resource: the server responded with a status of 400 () @ https://sportscore.com/api/widget/matches/?sport=mma&limit=30:0
[    8252ms] [LOG] ℹ️ mma not available from SportScore API @ https://live-streaming-eta.vercel.app/js/api.js?v=7:471
[    8252ms] [ERROR] Failed to load resource: the server responded with a status of 400 () @ https://sportscore.com/api/widget/matches/?sport=ufc&limit=30:0
[    8253ms] [LOG] ℹ️ ufc not available from SportScore API @ https://live-streaming-eta.vercel.app/js/api.js?v=7:471
[    8450ms] [ERROR] Failed to load resource: the server responded with a status of 400 () @ https://sportscore.com/api/widget/matches/?sport=ufc&limit=30:0
[    8450ms] [LOG] ℹ️ ufc not available from SportScore API @ https://live-streaming-eta.vercel.app/js/api.js?v=7:471
[    8452ms] [ERROR] Failed to load resource: the server responded with a status of 400 () @ https://sportscore.com/api/widget/matches/?sport=mma&limit=30:0
[    8452ms] [LOG] ℹ️ mma not available from SportScore API @ https://live-streaming-eta.vercel.app/js/api.js?v=7:471
[    8564ms] [ERROR] Access to fetch at 'https://api.nfldata.org/v1/games?season=2026&season_type=1' from origin 'https://live-streaming-eta.vercel.app' has been blocked by CORS policy: No 'Access-Control-Allow-Origin' header is present on the requested resource. @ https://live-streaming-eta.vercel.app/cricket/2026-08-19:0
[    8564ms] [ERROR] Failed to load resource: net::ERR_FAILED @ https://api.nfldata.org/v1/games?season=2026&season_type=1:0
[    8564ms] [LOG] ℹ️ NFL season type 1 failed: Failed to fetch @ https://live-streaming-eta.vercel.app/js/api.js?v=7:1411
[    8652ms] [ERROR] Failed to load resource: the server responded with a status of 400 () @ https://sportscore.com/api/widget/matches/?sport=ufc&limit=30:0
[    8653ms] [LOG] ℹ️ ufc not available from SportScore API @ https://live-streaming-eta.vercel.app/js/api.js?v=7:471
[    8653ms] [ERROR] Failed to load resource: the server responded with a status of 400 () @ https://sportscore.com/api/widget/matches/?sport=mma&limit=30:0
[    8653ms] [LOG] ℹ️ mma not available from SportScore API @ https://live-streaming-eta.vercel.app/js/api.js?v=7:471
[    8842ms] [ERROR] Failed to load resource: the server responded with a status of 400 () @ https://sportscore.com/api/widget/matches/?sport=ufc&limit=30:0
[    8842ms] [LOG] ℹ️ ufc not available from SportScore API @ https://live-streaming-eta.vercel.app/js/api.js?v=7:471
[    8849ms] [ERROR] Failed to load resource: the server responded with a status of 400 () @ https://sportscore.com/api/widget/matches/?sport=mma&limit=30:0
[    8849ms] [LOG] ℹ️ mma not available from SportScore API @ https://live-streaming-eta.vercel.app/js/api.js?v=7:471
[    8875ms] [ERROR] Access to fetch at 'https://api.nfldata.org/v1/games?season=2026&season_type=2' from origin 'https://live-streaming-eta.vercel.app' has been blocked by CORS policy: No 'Access-Control-Allow-Origin' header is present on the requested resource. @ https://live-streaming-eta.vercel.app/cricket/2026-08-19:0
[    8875ms] [ERROR] Failed to load resource: net::ERR_FAILED @ https://api.nfldata.org/v1/games?season=2026&season_type=2:0
[    8875ms] [LOG] ℹ️ NFL season type 2 failed: Failed to fetch @ https://live-streaming-eta.vercel.app/js/api.js?v=7:1411
[    8951ms] [ERROR] Access to fetch at 'https://api.nfldata.org/v1/games?season=2026&season_type=1' from origin 'https://live-streaming-eta.vercel.app' has been blocked by CORS policy: No 'Access-Control-Allow-Origin' header is present on the requested resource. @ https://live-streaming-eta.vercel.app/cricket/2026-08-19:0
[    8951ms] [ERROR] Failed to load resource: net::ERR_FAILED @ https://api.nfldata.org/v1/games?season=2026&season_type=1:0
[    8951ms] [LOG] ℹ️ NFL season type 1 failed: Failed to fetch @ https://live-streaming-eta.vercel.app/js/api.js?v=7:1411
[    9035ms] [ERROR] Failed to load resource: the server responded with a status of 400 () @ https://sportscore.com/api/widget/matches/?sport=ufc&limit=30:0
[    9035ms] [LOG] ℹ️ ufc not available from SportScore API @ https://live-streaming-eta.vercel.app/js/api.js?v=7:471
[    9041ms] [ERROR] Failed to load resource: the server responded with a status of 400 () @ https://sportscore.com/api/widget/matches/?sport=mma&limit=30:0
[    9042ms] [LOG] ℹ️ mma not available from SportScore API @ https://live-streaming-eta.vercel.app/js/api.js?v=7:471
[    9187ms] [ERROR] Access to fetch at 'https://api.nfldata.org/v1/games?season=2026&season_type=3' from origin 'https://live-streaming-eta.vercel.app' has been blocked by CORS policy: No 'Access-Control-Allow-Origin' header is present on the requested resource. @ https://live-streaming-eta.vercel.app/cricket/2026-08-19:0
[    9187ms] [ERROR] Failed to load resource: net::ERR_FAILED @ https://api.nfldata.org/v1/games?season=2026&season_type=3:0
[    9187ms] [LOG] ℹ️ NFL season type 3 failed: Failed to fetch @ https://live-streaming-eta.vercel.app/js/api.js?v=7:1411
[    9333ms] [ERROR] Access to fetch at 'https://api.nfldata.org/v1/games?season=2026&season_type=1' from origin 'https://live-streaming-eta.vercel.app' has been blocked by CORS policy: No 'Access-Control-Allow-Origin' header is present on the requested resource. @ https://live-streaming-eta.vercel.app/cricket/2026-08-19:0
[    9333ms] [ERROR] Failed to load resource: net::ERR_FAILED @ https://api.nfldata.org/v1/games?season=2026&season_type=1:0
[    9333ms] [LOG] ℹ️ NFL season type 1 failed: Failed to fetch @ https://live-streaming-eta.vercel.app/js/api.js?v=7:1411
[    9521ms] [ERROR] Access to fetch at 'https://api.nfldata.org/v1/games?season=2026&season_type=2' from origin 'https://live-streaming-eta.vercel.app' has been blocked by CORS policy: No 'Access-Control-Allow-Origin' header is present on the requested resource. @ https://live-streaming-eta.vercel.app/cricket/2026-08-19:0
[    9521ms] [ERROR] Failed to load resource: net::ERR_FAILED @ https://api.nfldata.org/v1/games?season=2026&season_type=2:0
[    9521ms] [LOG] ℹ️ NFL season type 2 failed: Failed to fetch @ https://live-streaming-eta.vercel.app/js/api.js?v=7:1411
[    9647ms] [ERROR] Access to fetch at 'https://api.nfldata.org/v1/games?season=2026&season_type=1' from origin 'https://live-streaming-eta.vercel.app' has been blocked by CORS policy: No 'Access-Control-Allow-Origin' header is present on the requested resource. @ https://live-streaming-eta.vercel.app/cricket/2026-08-19:0
[    9647ms] [ERROR] Failed to load resource: net::ERR_FAILED @ https://api.nfldata.org/v1/games?season=2026&season_type=1:0
[    9647ms] [LOG] ℹ️ NFL season type 1 failed: Failed to fetch @ https://live-streaming-eta.vercel.app/js/api.js?v=7:1411
[    9843ms] [ERROR] Access to fetch at 'https://api.nfldata.org/v1/games?season=2026&season_type=3' from origin 'https://live-streaming-eta.vercel.app' has been blocked by CORS policy: No 'Access-Control-Allow-Origin' header is present on the requested resource. @ https://live-streaming-eta.vercel.app/cricket/2026-08-19:0
[    9843ms] [ERROR] Failed to load resource: net::ERR_FAILED @ https://api.nfldata.org/v1/games?season=2026&season_type=3:0
[    9843ms] [LOG] ℹ️ NFL season type 3 failed: Failed to fetch @ https://live-streaming-eta.vercel.app/js/api.js?v=7:1411
[    9850ms] [ERROR] Access to fetch at 'https://api.nfldata.org/v1/games?season=2026&season_type=2' from origin 'https://live-streaming-eta.vercel.app' has been blocked by CORS policy: No 'Access-Control-Allow-Origin' header is present on the requested resource. @ https://live-streaming-eta.vercel.app/cricket/2026-08-19:0
[    9850ms] [ERROR] Failed to load resource: net::ERR_FAILED @ https://api.nfldata.org/v1/games?season=2026&season_type=2:0
[    9850ms] [LOG] ℹ️ NFL season type 2 failed: Failed to fetch @ https://live-streaming-eta.vercel.app/js/api.js?v=7:1411
[    9961ms] [ERROR] Access to fetch at 'https://api.nfldata.org/v1/games?season=2026&season_type=1' from origin 'https://live-streaming-eta.vercel.app' has been blocked by CORS policy: No 'Access-Control-Allow-Origin' header is present on the requested resource. @ https://live-streaming-eta.vercel.app/cricket/2026-08-19:0
[    9961ms] [ERROR] Failed to load resource: net::ERR_FAILED @ https://api.nfldata.org/v1/games?season=2026&season_type=1:0
[    9961ms] [LOG] ℹ️ NFL season type 1 failed: Failed to fetch @ https://live-streaming-eta.vercel.app/js/api.js?v=7:1411
[   10172ms] [ERROR] Access to fetch at 'https://api.nfldata.org/v1/games?season=2026&season_type=3' from origin 'https://live-streaming-eta.vercel.app' has been blocked by CORS policy: No 'Access-Control-Allow-Origin' header is present on the requested resource. @ https://live-streaming-eta.vercel.app/cricket/2026-08-19:0
[   10172ms] [ERROR] Failed to load resource: net::ERR_FAILED @ https://api.nfldata.org/v1/games?season=2026&season_type=3:0
[   10173ms] [LOG] ℹ️ NFL season type 3 failed: Failed to fetch @ https://live-streaming-eta.vercel.app/js/api.js?v=7:1411
[   10175ms] [ERROR] Access to fetch at 'https://api.nfldata.org/v1/games?season=2026&season_type=2' from origin 'https://live-streaming-eta.vercel.app' has been blocked by CORS policy: No 'Access-Control-Allow-Origin' header is present on the requested resource. @ https://live-streaming-eta.vercel.app/cricket/2026-08-19:0
[   10176ms] [ERROR] Failed to load resource: net::ERR_FAILED @ https://api.nfldata.org/v1/games?season=2026&season_type=2:0
[   10176ms] [LOG] ℹ️ NFL season type 2 failed: Failed to fetch @ https://live-streaming-eta.vercel.app/js/api.js?v=7:1411
[   10417ms] [LOG] 🔄 Live Agent: refreshing scores... @ https://live-streaming-eta.vercel.app/js/app.js?v=8:906
[   10418ms] [LOG] 🌐 Fetching football... @ https://live-streaming-eta.vercel.app/js/api.js?v=7:467
[   10419ms] [LOG] 🌐 Fetching cricket... @ https://live-streaming-eta.vercel.app/js/api.js?v=7:467
[   10421ms] [LOG] 🌐 Fetching basketball... @ https://live-streaming-eta.vercel.app/js/api.js?v=7:467
[   10422ms] [LOG] 🌐 Fetching tennis... @ https://live-streaming-eta.vercel.app/js/api.js?v=7:467
[   10423ms] [LOG] 🌐 Fetching mma... @ https://live-streaming-eta.vercel.app/js/api.js?v=7:467
[   10424ms] [LOG] 🌐 Fetching ufc... @ https://live-streaming-eta.vercel.app/js/api.js?v=7:467
[   10526ms] [ERROR] Access to fetch at 'https://api.nfldata.org/v1/games?season=2026&season_type=2' from origin 'https://live-streaming-eta.vercel.app' has been blocked by CORS policy: No 'Access-Control-Allow-Origin' header is present on the requested resource. @ https://live-streaming-eta.vercel.app/cricket/2026-08-19:0
[   10526ms] [ERROR] Failed to load resource: net::ERR_FAILED @ https://api.nfldata.org/v1/games?season=2026&season_type=2:0
[   10527ms] [LOG] ℹ️ NFL season type 2 failed: Failed to fetch @ https://live-streaming-eta.vercel.app/js/api.js?v=7:1411
[   10528ms] [ERROR] Access to fetch at 'https://api.nfldata.org/v1/games?season=2026&season_type=3' from origin 'https://live-streaming-eta.vercel.app' has been blocked by CORS policy: No 'Access-Control-Allow-Origin' header is present on the requested resource. @ https://live-streaming-eta.vercel.app/cricket/2026-08-19:0
[   10528ms] [ERROR] Failed to load resource: net::ERR_FAILED @ https://api.nfldata.org/v1/games?season=2026&season_type=3:0
[   10528ms] [LOG] ℹ️ NFL season type 3 failed: Failed to fetch @ https://live-streaming-eta.vercel.app/js/api.js?v=7:1411
[   10578ms] [LOG] ✅ Google Cricket: 0 matches @ https://live-streaming-eta.vercel.app/js/api.js?v=7:1328
[   10642ms] [ERROR] Failed to load resource: the server responded with a status of 400 () @ https://sportscore.com/api/widget/matches/?sport=mma&limit=30:0
[   10642ms] [LOG] ℹ️ mma not available from SportScore API @ https://live-streaming-eta.vercel.app/js/api.js?v=7:471
[   10655ms] [ERROR] Failed to load resource: the server responded with a status of 400 () @ https://sportscore.com/api/widget/matches/?sport=ufc&limit=30:0
[   10655ms] [LOG] ℹ️ ufc not available from SportScore API @ https://live-streaming-eta.vercel.app/js/api.js?v=7:471
[   10824ms] [LOG] ✅ ESPN Cricket: 23 matches from 9 series @ https://live-streaming-eta.vercel.app/js/api.js?v=7:1233
[   10830ms] [LOG] ✅ Live Agent: refresh complete @ https://live-streaming-eta.vercel.app/js/app.js?v=8:973
[   10861ms] [ERROR] Access to fetch at 'https://api.nfldata.org/v1/games?season=2026&season_type=3' from origin 'https://live-streaming-eta.vercel.app' has been blocked by CORS policy: No 'Access-Control-Allow-Origin' header is present on the requested resource. @ https://live-streaming-eta.vercel.app/cricket/2026-08-19:0
[   10861ms] [ERROR] Failed to load resource: net::ERR_FAILED @ https://api.nfldata.org/v1/games?season=2026&season_type=3:0
[   10861ms] [LOG] ℹ️ NFL season type 3 failed: Failed to fetch @ https://live-streaming-eta.vercel.app/js/api.js?v=7:1411
[   11669ms] [LOG] 🌐 Fetching football... @ https://live-streaming-eta.vercel.app/js/api.js?v=7:467
[   11670ms] [LOG] 🌐 Fetching cricket... @ https://live-streaming-eta.vercel.app/js/api.js?v=7:467
[   11671ms] [LOG] 🌐 Fetching basketball... @ https://live-streaming-eta.vercel.app/js/api.js?v=7:467
[   11671ms] [LOG] 🌐 Fetching tennis... @ https://live-streaming-eta.vercel.app/js/api.js?v=7:467
[   11673ms] [LOG] 🌐 Fetching mma... @ https://live-streaming-eta.vercel.app/js/api.js?v=7:467
[   11673ms] [LOG] 🌐 Fetching ufc... @ https://live-streaming-eta.vercel.app/js/api.js?v=7:467
[   11674ms] [LOG] 🌐 Fetching football... @ https://live-streaming-eta.vercel.app/js/api.js?v=7:467
[   11675ms] [LOG] 🌐 Fetching cricket... @ https://live-streaming-eta.vercel.app/js/api.js?v=7:467
[   11675ms] [LOG] 🌐 Fetching basketball... @ https://live-streaming-eta.vercel.app/js/api.js?v=7:467
[   11676ms] [LOG] 🌐 Fetching tennis... @ https://live-streaming-eta.vercel.app/js/api.js?v=7:467
[   11676ms] [LOG] 🌐 Fetching mma... @ https://live-streaming-eta.vercel.app/js/api.js?v=7:467
[   11677ms] [LOG] 🌐 Fetching ufc... @ https://live-streaming-eta.vercel.app/js/api.js?v=7:467
[   11678ms] [LOG] 🌐 Fetching football... @ https://live-streaming-eta.vercel.app/js/api.js?v=7:467
[   11678ms] [LOG] 🌐 Fetching cricket... @ https://live-streaming-eta.vercel.app/js/api.js?v=7:467
[   11679ms] [LOG] 🌐 Fetching basketball... @ https://live-streaming-eta.vercel.app/js/api.js?v=7:467
[   11679ms] [LOG] 🌐 Fetching tennis... @ https://live-streaming-eta.vercel.app/js/api.js?v=7:467
[   11680ms] [LOG] 🌐 Fetching mma... @ https://live-streaming-eta.vercel.app/js/api.js?v=7:467
[   11680ms] [LOG] 🌐 Fetching ufc... @ https://live-streaming-eta.vercel.app/js/api.js?v=7:467
[   11681ms] [LOG] 🌐 Fetching football... @ https://live-streaming-eta.vercel.app/js/api.js?v=7:467
[   11682ms] [LOG] 🌐 Fetching cricket... @ https://live-streaming-eta.vercel.app/js/api.js?v=7:467
[   11683ms] [LOG] 🌐 Fetching basketball... @ https://live-streaming-eta.vercel.app/js/api.js?v=7:467
[   11683ms] [LOG] 🌐 Fetching tennis... @ https://live-streaming-eta.vercel.app/js/api.js?v=7:467
[   11684ms] [LOG] 🌐 Fetching mma... @ https://live-streaming-eta.vercel.app/js/api.js?v=7:467
[   11685ms] [LOG] 🌐 Fetching ufc... @ https://live-streaming-eta.vercel.app/js/api.js?v=7:467
[   11685ms] [LOG] 🌐 Fetching football... @ https://live-streaming-eta.vercel.app/js/api.js?v=7:467
[   11686ms] [LOG] 🌐 Fetching cricket... @ https://live-streaming-eta.vercel.app/js/api.js?v=7:467
[   11686ms] [LOG] 🌐 Fetching basketball... @ https://live-streaming-eta.vercel.app/js/api.js?v=7:467
[   11686ms] [LOG] 🌐 Fetching tennis... @ https://live-streaming-eta.vercel.app/js/api.js?v=7:467
[   11687ms] [LOG] 🌐 Fetching mma... @ https://live-streaming-eta.vercel.app/js/api.js?v=7:467
[   11687ms] [LOG] 🌐 Fetching ufc... @ https://live-streaming-eta.vercel.app/js/api.js?v=7:467
[   12044ms] [ERROR] Failed to load resource: the server responded with a status of 400 () @ https://sportscore.com/api/widget/matches/?sport=mma&limit=30:0
[   12045ms] [LOG] ℹ️ mma not available from SportScore API @ https://live-streaming-eta.vercel.app/js/api.js?v=7:471
[   12053ms] [ERROR] Failed to load resource: the server responded with a status of 400 () @ https://sportscore.com/api/widget/matches/?sport=ufc&limit=30:0
[   12053ms] [LOG] ℹ️ ufc not available from SportScore API @ https://live-streaming-eta.vercel.app/js/api.js?v=7:471
[   12439ms] [ERROR] Access to fetch at 'https://api.nfldata.org/v1/games?season=2026&season_type=1' from origin 'https://live-streaming-eta.vercel.app' has been blocked by CORS policy: No 'Access-Control-Allow-Origin' header is present on the requested resource. @ https://live-streaming-eta.vercel.app/cricket/2026-08-19:0
[   12439ms] [ERROR] Failed to load resource: net::ERR_FAILED @ https://api.nfldata.org/v1/games?season=2026&season_type=1:0
[   12439ms] [LOG] ℹ️ NFL season type 1 failed: Failed to fetch @ https://live-streaming-eta.vercel.app/js/api.js?v=7:1411
[   12656ms] [ERROR] Failed to load resource: the server responded with a status of 400 () @ https://sportscore.com/api/widget/matches/?sport=mma&limit=30:0
[   12656ms] [LOG] ℹ️ mma not available from SportScore API @ https://live-streaming-eta.vercel.app/js/api.js?v=7:471
[   12659ms] [ERROR] Failed to load resource: the server responded with a status of 400 () @ https://sportscore.com/api/widget/matches/?sport=ufc&limit=30:0
[   12659ms] [LOG] ℹ️ ufc not available from SportScore API @ https://live-streaming-eta.vercel.app/js/api.js?v=7:471
[   12756ms] [ERROR] Access to fetch at 'https://api.nfldata.org/v1/games?season=2026&season_type=2' from origin 'https://live-streaming-eta.vercel.app' has been blocked by CORS policy: No 'Access-Control-Allow-Origin' header is present on the requested resource. @ https://live-streaming-eta.vercel.app/cricket/2026-08-19:0
[   12756ms] [ERROR] Failed to load resource: net::ERR_FAILED @ https://api.nfldata.org/v1/games?season=2026&season_type=2:0
[   12757ms] [LOG] ℹ️ NFL season type 2 failed: Failed to fetch @ https://live-streaming-eta.vercel.app/js/api.js?v=7:1411
[   12974ms] [ERROR] Access to fetch at 'https://api.nfldata.org/v1/games?season=2026&season_type=1' from origin 'https://live-streaming-eta.vercel.app' has been blocked by CORS policy: No 'Access-Control-Allow-Origin' header is present on the requested resource. @ https://live-streaming-eta.vercel.app/cricket/2026-08-19:0
[   12974ms] [ERROR] Failed to load resource: net::ERR_FAILED @ https://api.nfldata.org/v1/games?season=2026&season_type=1:0
[   12974ms] [LOG] ℹ️ NFL season type 1 failed: Failed to fetch @ https://live-streaming-eta.vercel.app/js/api.js?v=7:1411
[   13071ms] [ERROR] Access to fetch at 'https://api.nfldata.org/v1/games?season=2026&season_type=3' from origin 'https://live-streaming-eta.vercel.app' has been blocked by CORS policy: No 'Access-Control-Allow-Origin' header is present on the requested resource. @ https://live-streaming-eta.vercel.app/cricket/2026-08-19:0
[   13071ms] [ERROR] Failed to load resource: net::ERR_FAILED @ https://api.nfldata.org/v1/games?season=2026&season_type=3:0
[   13071ms] [LOG] ℹ️ NFL season type 3 failed: Failed to fetch @ https://live-streaming-eta.vercel.app/js/api.js?v=7:1411
[   13218ms] [ERROR] Failed to load resource: the server responded with a status of 400 () @ https://sportscore.com/api/widget/matches/?sport=mma&limit=30:0
[   13218ms] [LOG] ℹ️ mma not available from SportScore API @ https://live-streaming-eta.vercel.app/js/api.js?v=7:471
[   13220ms] [ERROR] Failed to load resource: the server responded with a status of 400 () @ https://sportscore.com/api/widget/matches/?sport=ufc&limit=30:0
[   13220ms] [LOG] ℹ️ ufc not available from SportScore API @ https://live-streaming-eta.vercel.app/js/api.js?v=7:471
[   13340ms] [ERROR] Access to fetch at 'https://api.nfldata.org/v1/games?season=2026&season_type=2' from origin 'https://live-streaming-eta.vercel.app' has been blocked by CORS policy: No 'Access-Control-Allow-Origin' header is present on the requested resource. @ https://live-streaming-eta.vercel.app/cricket/2026-08-19:0
[   13341ms] [ERROR] Failed to load resource: net::ERR_FAILED @ https://api.nfldata.org/v1/games?season=2026&season_type=2:0
[   13341ms] [LOG] ℹ️ NFL season type 2 failed: Failed to fetch @ https://live-streaming-eta.vercel.app/js/api.js?v=7:1411
[   13413ms] [ERROR] Failed to load resource: the server responded with a status of 400 () @ https://sportscore.com/api/widget/matches/?sport=mma&limit=30:0
[   13414ms] [LOG] ℹ️ mma not available from SportScore API @ https://live-streaming-eta.vercel.app/js/api.js?v=7:471
[   13417ms] [ERROR] Failed to load resource: the server responded with a status of 400 () @ https://sportscore.com/api/widget/matches/?sport=ufc&limit=30:0
[   13417ms] [LOG] ℹ️ ufc not available from SportScore API @ https://live-streaming-eta.vercel.app/js/api.js?v=7:471
[   13537ms] [ERROR] Access to fetch at 'https://api.nfldata.org/v1/games?season=2026&season_type=1' from origin 'https://live-streaming-eta.vercel.app' has been blocked by CORS policy: No 'Access-Control-Allow-Origin' header is present on the requested resource. @ https://live-streaming-eta.vercel.app/cricket/2026-08-19:0
[   13538ms] [ERROR] Failed to load resource: net::ERR_FAILED @ https://api.nfldata.org/v1/games?season=2026&season_type=1:0
[   13538ms] [LOG] ℹ️ NFL season type 1 failed: Failed to fetch @ https://live-streaming-eta.vercel.app/js/api.js?v=7:1411
[   13615ms] [ERROR] Failed to load resource: the server responded with a status of 400 () @ https://sportscore.com/api/widget/matches/?sport=mma&limit=30:0
[   13615ms] [LOG] ℹ️ mma not available from SportScore API @ https://live-streaming-eta.vercel.app/js/api.js?v=7:471
[   13616ms] [ERROR] Failed to load resource: the server responded with a status of 400 () @ https://sportscore.com/api/widget/matches/?sport=ufc&limit=30:0
[   13617ms] [LOG] ℹ️ ufc not available from SportScore API @ https://live-streaming-eta.vercel.app/js/api.js?v=7:471
[   13656ms] [ERROR] Access to fetch at 'https://api.nfldata.org/v1/games?season=2026&season_type=3' from origin 'https://live-streaming-eta.vercel.app' has been blocked by CORS policy: No 'Access-Control-Allow-Origin' header is present on the requested resource. @ https://live-streaming-eta.vercel.app/cricket/2026-08-19:0
[   13657ms] [ERROR] Failed to load resource: net::ERR_FAILED @ https://api.nfldata.org/v1/games?season=2026&season_type=3:0
[   13657ms] [LOG] ℹ️ NFL season type 3 failed: Failed to fetch @ https://live-streaming-eta.vercel.app/js/api.js?v=7:1411
[   13860ms] [ERROR] Access to fetch at 'https://api.nfldata.org/v1/games?season=2026&season_type=1' from origin 'https://live-streaming-eta.vercel.app' has been blocked by CORS policy: No 'Access-Control-Allow-Origin' header is present on the requested resource. @ https://live-streaming-eta.vercel.app/cricket/2026-08-19:0
[   13861ms] [ERROR] Failed to load resource: net::ERR_FAILED @ https://api.nfldata.org/v1/games?season=2026&season_type=1:0
[   13862ms] [LOG] ℹ️ NFL season type 1 failed: Failed to fetch @ https://live-streaming-eta.vercel.app/js/api.js?v=7:1411
[   13863ms] [ERROR] Access to fetch at 'https://api.nfldata.org/v1/games?season=2026&season_type=2' from origin 'https://live-streaming-eta.vercel.app' has been blocked by CORS policy: No 'Access-Control-Allow-Origin' header is present on the requested resource. @ https://live-streaming-eta.vercel.app/cricket/2026-08-19:0
[   13863ms] [ERROR] Failed to load resource: net::ERR_FAILED @ https://api.nfldata.org/v1/games?season=2026&season_type=2:0
[   13864ms] [LOG] ℹ️ NFL season type 2 failed: Failed to fetch @ https://live-streaming-eta.vercel.app/js/api.js?v=7:1411
[   14177ms] [ERROR] Access to fetch at 'https://api.nfldata.org/v1/games?season=2026&season_type=2' from origin 'https://live-streaming-eta.vercel.app' has been blocked by CORS policy: No 'Access-Control-Allow-Origin' header is present on the requested resource. @ https://live-streaming-eta.vercel.app/cricket/2026-08-19:0
[   14177ms] [ERROR] Failed to load resource: net::ERR_FAILED @ https://api.nfldata.org/v1/games?season=2026&season_type=2:0
[   14178ms] [LOG] ℹ️ NFL season type 2 failed: Failed to fetch @ https://live-streaming-eta.vercel.app/js/api.js?v=7:1411
[   14181ms] [ERROR] Access to fetch at 'https://api.nfldata.org/v1/games?season=2026&season_type=1' from origin 'https://live-streaming-eta.vercel.app' has been blocked by CORS policy: No 'Access-Control-Allow-Origin' header is present on the requested resource. @ https://live-streaming-eta.vercel.app/cricket/2026-08-19:0
[   14181ms] [ERROR] Failed to load resource: net::ERR_FAILED @ https://api.nfldata.org/v1/games?season=2026&season_type=1:0
[   14182ms] [LOG] ℹ️ NFL season type 1 failed: Failed to fetch @ https://live-streaming-eta.vercel.app/js/api.js?v=7:1411
[   14185ms] [ERROR] Access to fetch at 'https://api.nfldata.org/v1/games?season=2026&season_type=3' from origin 'https://live-streaming-eta.vercel.app' has been blocked by CORS policy: No 'Access-Control-Allow-Origin' header is present on the requested resource. @ https://live-streaming-eta.vercel.app/cricket/2026-08-19:0
[   14186ms] [ERROR] Failed to load resource: net::ERR_FAILED @ https://api.nfldata.org/v1/games?season=2026&season_type=3:0
[   14186ms] [LOG] ℹ️ NFL season type 3 failed: Failed to fetch @ https://live-streaming-eta.vercel.app/js/api.js?v=7:1411
[   14500ms] [ERROR] Access to fetch at 'https://api.nfldata.org/v1/games?season=2026&season_type=3' from origin 'https://live-streaming-eta.vercel.app' has been blocked by CORS policy: No 'Access-Control-Allow-Origin' header is present on the requested resource. @ https://live-streaming-eta.vercel.app/cricket/2026-08-19:0
[   14500ms] [ERROR] Failed to load resource: net::ERR_FAILED @ https://api.nfldata.org/v1/games?season=2026&season_type=3:0
[   14501ms] [LOG] ℹ️ NFL season type 3 failed: Failed to fetch @ https://live-streaming-eta.vercel.app/js/api.js?v=7:1411
[   14506ms] [ERROR] Access to fetch at 'https://api.nfldata.org/v1/games?season=2026&season_type=2' from origin 'https://live-streaming-eta.vercel.app' has been blocked by CORS policy: No 'Access-Control-Allow-Origin' header is present on the requested resource. @ https://live-streaming-eta.vercel.app/cricket/2026-08-19:0
[   14506ms] [ERROR] Failed to load resource: net::ERR_FAILED @ https://api.nfldata.org/v1/games?season=2026&season_type=2:0
[   14507ms] [LOG] ℹ️ NFL season type 2 failed: Failed to fetch @ https://live-streaming-eta.vercel.app/js/api.js?v=7:1411
[   14988ms] [ERROR] Access to fetch at 'https://api.nfldata.org/v1/games?season=2026&season_type=3' from origin 'https://live-streaming-eta.vercel.app' has been blocked by CORS policy: No 'Access-Control-Allow-Origin' header is present on the requested resource. @ https://live-streaming-eta.vercel.app/cricket/2026-08-19:0
[   14988ms] [ERROR] Failed to load resource: net::ERR_FAILED @ https://api.nfldata.org/v1/games?season=2026&season_type=3:0
[   14988ms] [LOG] ℹ️ NFL season type 3 failed: Failed to fetch @ https://live-streaming-eta.vercel.app/js/api.js?v=7:1411
[   15423ms] [LOG] 🔄 Live Agent: refreshing scores... @ https://live-streaming-eta.vercel.app/js/app.js?v=8:906
[   15426ms] [LOG] 🌐 Fetching football... @ https://live-streaming-eta.vercel.app/js/api.js?v=7:467
[   15429ms] [LOG] 🌐 Fetching cricket... @ https://live-streaming-eta.vercel.app/js/api.js?v=7:467
[   15432ms] [LOG] 🌐 Fetching basketball... @ https://live-streaming-eta.vercel.app/js/api.js?v=7:467
[   15436ms] [LOG] 🌐 Fetching tennis... @ https://live-streaming-eta.vercel.app/js/api.js?v=7:467
[   15439ms] [LOG] 🌐 Fetching mma... @ https://live-streaming-eta.vercel.app/js/api.js?v=7:467
[   15441ms] [LOG] 🌐 Fetching ufc... @ https://live-streaming-eta.vercel.app/js/api.js?v=7:467
[   15457ms] [LOG] ✅ ESPN Cricket: 23 matches from 9 series @ https://live-streaming-eta.vercel.app/js/api.js?v=7:1233
[   15507ms] [LOG] ✅ Google Cricket: 0 matches @ https://live-streaming-eta.vercel.app/js/api.js?v=7:1328
[   15654ms] [ERROR] Failed to load resource: the server responded with a status of 400 () @ https://sportscore.com/api/widget/matches/?sport=mma&limit=30:0
[   15658ms] [LOG] ℹ️ mma not available from SportScore API @ https://live-streaming-eta.vercel.app/js/api.js?v=7:471
[   15661ms] [ERROR] Failed to load resource: the server responded with a status of 400 () @ https://sportscore.com/api/widget/matches/?sport=ufc&limit=30:0
[   15662ms] [LOG] ℹ️ ufc not available from SportScore API @ https://live-streaming-eta.vercel.app/js/api.js?v=7:471
[   15674ms] [LOG] ✅ Live Agent: refresh complete @ https://live-streaming-eta.vercel.app/js/app.js?v=8:973
[   15803ms] [LOG] 🌐 Fetching football... @ https://live-streaming-eta.vercel.app/js/api.js?v=7:467
[   15808ms] [LOG] 🌐 Fetching cricket... @ https://live-streaming-eta.vercel.app/js/api.js?v=7:467
[   15810ms] [LOG] 🌐 Fetching basketball... @ https://live-streaming-eta.vercel.app/js/api.js?v=7:467
[   15813ms] [LOG] 🌐 Fetching tennis... @ https://live-streaming-eta.vercel.app/js/api.js?v=7:467
[   15816ms] [LOG] 🌐 Fetching mma... @ https://live-streaming-eta.vercel.app/js/api.js?v=7:467
[   15825ms] [LOG] 🌐 Fetching ufc... @ https://live-streaming-eta.vercel.app/js/api.js?v=7:467
[   15828ms] [LOG] 🌐 Fetching football... @ https://live-streaming-eta.vercel.app/js/api.js?v=7:467
[   15830ms] [LOG] 🌐 Fetching cricket... @ https://live-streaming-eta.vercel.app/js/api.js?v=7:467
[   15831ms] [LOG] 🌐 Fetching basketball... @ https://live-streaming-eta.vercel.app/js/api.js?v=7:467
[   15834ms] [LOG] 🌐 Fetching tennis... @ https://live-streaming-eta.vercel.app/js/api.js?v=7:467
[   15835ms] [LOG] 🌐 Fetching mma... @ https://live-streaming-eta.vercel.app/js/api.js?v=7:467
[   15836ms] [LOG] 🌐 Fetching ufc... @ https://live-streaming-eta.vercel.app/js/api.js?v=7:467
[   15838ms] [LOG] 🌐 Fetching football... @ https://live-streaming-eta.vercel.app/js/api.js?v=7:467
[   15840ms] [LOG] 🌐 Fetching cricket... @ https://live-streaming-eta.vercel.app/js/api.js?v=7:467
[   15841ms] [LOG] 🌐 Fetching basketball... @ https://live-streaming-eta.vercel.app/js/api.js?v=7:467
[   15842ms] [LOG] 🌐 Fetching tennis... @ https://live-streaming-eta.vercel.app/js/api.js?v=7:467
[   15843ms] [LOG] 🌐 Fetching mma... @ https://live-streaming-eta.vercel.app/js/api.js?v=7:467
[   15845ms] [LOG] 🌐 Fetching ufc... @ https://live-streaming-eta.vercel.app/js/api.js?v=7:467
[   15847ms] [LOG] 🌐 Fetching football... @ https://live-streaming-eta.vercel.app/js/api.js?v=7:467
[   15848ms] [LOG] 🌐 Fetching cricket... @ https://live-streaming-eta.vercel.app/js/api.js?v=7:467
[   15850ms] [LOG] 🌐 Fetching basketball... @ https://live-streaming-eta.vercel.app/js/api.js?v=7:467
[   15852ms] [LOG] 🌐 Fetching tennis... @ https://live-streaming-eta.vercel.app/js/api.js?v=7:467
[   15853ms] [LOG] 🌐 Fetching mma... @ https://live-streaming-eta.vercel.app/js/api.js?v=7:467
[   15856ms] [LOG] 🌐 Fetching ufc... @ https://live-streaming-eta.vercel.app/js/api.js?v=7:467
[   15858ms] [LOG] 🌐 Fetching football... @ https://live-streaming-eta.vercel.app/js/api.js?v=7:467
[   15860ms] [LOG] 🌐 Fetching cricket... @ https://live-streaming-eta.vercel.app/js/api.js?v=7:467
[   15861ms] [LOG] 🌐 Fetching basketball... @ https://live-streaming-eta.vercel.app/js/api.js?v=7:467
[   15862ms] [LOG] 🌐 Fetching tennis... @ https://live-streaming-eta.vercel.app/js/api.js?v=7:467
[   15863ms] [LOG] 🌐 Fetching mma... @ https://live-streaming-eta.vercel.app/js/api.js?v=7:467
[   15865ms] [LOG] 🌐 Fetching ufc... @ https://live-streaming-eta.vercel.app/js/api.js?v=7:467
[   16041ms] [ERROR] Failed to load resource: the server responded with a status of 400 () @ https://sportscore.com/api/widget/matches/?sport=mma&limit=30:0
[   16042ms] [LOG] ℹ️ mma not available from SportScore API @ https://live-streaming-eta.vercel.app/js/api.js?v=7:471
[   16045ms] [ERROR] Failed to load resource: the server responded with a status of 400 () @ https://sportscore.com/api/widget/matches/?sport=ufc&limit=30:0
[   16045ms] [LOG] ℹ️ ufc not available from SportScore API @ https://live-streaming-eta.vercel.app/js/api.js?v=7:471
[   16230ms] [ERROR] Failed to load resource: the server responded with a status of 400 () @ https://sportscore.com/api/widget/matches/?sport=mma&limit=30:0
[   16230ms] [LOG] ℹ️ mma not available from SportScore API @ https://live-streaming-eta.vercel.app/js/api.js?v=7:471
[   16235ms] [ERROR] Failed to load resource: the server responded with a status of 400 () @ https://sportscore.com/api/widget/matches/?sport=ufc&limit=30:0
[   16235ms] [LOG] ℹ️ ufc not available from SportScore API @ https://live-streaming-eta.vercel.app/js/api.js?v=7:471
[   16360ms] [ERROR] Access to fetch at 'https://api.nfldata.org/v1/games?season=2026&season_type=1' from origin 'https://live-streaming-eta.vercel.app' has been blocked by CORS policy: No 'Access-Control-Allow-Origin' header is present on the requested resource. @ https://live-streaming-eta.vercel.app/cricket/2026-08-19:0
[   16363ms] [ERROR] Failed to load resource: net::ERR_FAILED @ https://api.nfldata.org/v1/games?season=2026&season_type=1:0
[   16363ms] [LOG] ℹ️ NFL season type 1 failed: Failed to fetch @ https://live-streaming-eta.vercel.app/js/api.js?v=7:1411
[   16427ms] [ERROR] Failed to load resource: the server responded with a status of 400 () @ https://sportscore.com/api/widget/matches/?sport=mma&limit=30:0
[   16427ms] [LOG] ℹ️ mma not available from SportScore API @ https://live-streaming-eta.vercel.app/js/api.js?v=7:471
[   16433ms] [ERROR] Failed to load resource: the server responded with a status of 400 () @ https://sportscore.com/api/widget/matches/?sport=ufc&limit=30:0
[   16434ms] [LOG] ℹ️ ufc not available from SportScore API @ https://live-streaming-eta.vercel.app/js/api.js?v=7:471
[   16627ms] [ERROR] Failed to load resource: the server responded with a status of 400 () @ https://sportscore.com/api/widget/matches/?sport=mma&limit=30:0
[   16627ms] [LOG] ℹ️ mma not available from SportScore API @ https://live-streaming-eta.vercel.app/js/api.js?v=7:471
[   16629ms] [ERROR] Failed to load resource: the server responded with a status of 400 () @ https://sportscore.com/api/widget/matches/?sport=ufc&limit=30:0
[   16630ms] [LOG] ℹ️ ufc not available from SportScore API @ https://live-streaming-eta.vercel.app/js/api.js?v=7:471
[   16678ms] [ERROR] Access to fetch at 'https://api.nfldata.org/v1/games?season=2026&season_type=1' from origin 'https://live-streaming-eta.vercel.app' has been blocked by CORS policy: No 'Access-Control-Allow-Origin' header is present on the requested resource. @ https://live-streaming-eta.vercel.app/cricket/2026-08-19:0
[   16679ms] [ERROR] Failed to load resource: net::ERR_FAILED @ https://api.nfldata.org/v1/games?season=2026&season_type=1:0
[   16679ms] [LOG] ℹ️ NFL season type 1 failed: Failed to fetch @ https://live-streaming-eta.vercel.app/js/api.js?v=7:1411
[   16684ms] [ERROR] Access to fetch at 'https://api.nfldata.org/v1/games?season=2026&season_type=2' from origin 'https://live-streaming-eta.vercel.app' has been blocked by CORS policy: No 'Access-Control-Allow-Origin' header is present on the requested resource. @ https://live-streaming-eta.vercel.app/cricket/2026-08-19:0
[   16685ms] [ERROR] Failed to load resource: net::ERR_FAILED @ https://api.nfldata.org/v1/games?season=2026&season_type=2:0
[   16686ms] [LOG] ℹ️ NFL season type 2 failed: Failed to fetch @ https://live-streaming-eta.vercel.app/js/api.js?v=7:1411
[   16819ms] [ERROR] Failed to load resource: the server responded with a status of 400 () @ https://sportscore.com/api/widget/matches/?sport=mma&limit=30:0
[   16819ms] [LOG] ℹ️ mma not available from SportScore API @ https://live-streaming-eta.vercel.app/js/api.js?v=7:471
[   16824ms] [ERROR] Failed to load resource: the server responded with a status of 400 () @ https://sportscore.com/api/widget/matches/?sport=ufc&limit=30:0
[   16824ms] [LOG] ℹ️ ufc not available from SportScore API @ https://live-streaming-eta.vercel.app/js/api.js?v=7:471
[   17050ms] [ERROR] Access to fetch at 'https://api.nfldata.org/v1/games?season=2026&season_type=1' from origin 'https://live-streaming-eta.vercel.app' has been blocked by CORS policy: No 'Access-Control-Allow-Origin' header is present on the requested resource. @ https://live-streaming-eta.vercel.app/cricket/2026-08-19:0
[   17114ms] [ERROR] Failed to load resource: net::ERR_FAILED @ https://api.nfldata.org/v1/games?season=2026&season_type=1:0
[   17119ms] [LOG] ℹ️ NFL season type 1 failed: Failed to fetch @ https://live-streaming-eta.vercel.app/js/api.js?v=7:1411
[   17130ms] [ERROR] Access to fetch at 'https://api.nfldata.org/v1/games?season=2026&season_type=2' from origin 'https://live-streaming-eta.vercel.app' has been blocked by CORS policy: No 'Access-Control-Allow-Origin' header is present on the requested resource. @ https://live-streaming-eta.vercel.app/cricket/2026-08-19:0
[   17178ms] [ERROR] Failed to load resource: net::ERR_FAILED @ https://api.nfldata.org/v1/games?season=2026&season_type=2:0
[   17193ms] [LOG] ℹ️ NFL season type 2 failed: Failed to fetch @ https://live-streaming-eta.vercel.app/js/api.js?v=7:1411
[   17219ms] [ERROR] Access to fetch at 'https://api.nfldata.org/v1/games?season=2026&season_type=3' from origin 'https://live-streaming-eta.vercel.app' has been blocked by CORS policy: No 'Access-Control-Allow-Origin' header is present on the requested resource. @ https://live-streaming-eta.vercel.app/cricket/2026-08-19:0
[   17229ms] [ERROR] Failed to load resource: net::ERR_FAILED @ https://api.nfldata.org/v1/games?season=2026&season_type=3:0
[   17229ms] [LOG] ℹ️ NFL season type 3 failed: Failed to fetch @ https://live-streaming-eta.vercel.app/js/api.js?v=7:1411
[   17577ms] [ERROR] Access to fetch at 'https://api.nfldata.org/v1/games?season=2026&season_type=1' from origin 'https://live-streaming-eta.vercel.app' has been blocked by CORS policy: No 'Access-Control-Allow-Origin' header is present on the requested resource. @ https://live-streaming-eta.vercel.app/cricket/2026-08-19:0
[   17578ms] [ERROR] Failed to load resource: net::ERR_FAILED @ https://api.nfldata.org/v1/games?season=2026&season_type=1:0
[   17585ms] [LOG] ℹ️ NFL season type 1 failed: Failed to fetch @ https://live-streaming-eta.vercel.app/js/api.js?v=7:1411
[   17617ms] [ERROR] Access to fetch at 'https://api.nfldata.org/v1/games?season=2026&season_type=2' from origin 'https://live-streaming-eta.vercel.app' has been blocked by CORS policy: No 'Access-Control-Allow-Origin' header is present on the requested resource. @ https://live-streaming-eta.vercel.app/cricket/2026-08-19:0
[   17617ms] [ERROR] Failed to load resource: net::ERR_FAILED @ https://api.nfldata.org/v1/games?season=2026&season_type=2:0
[   17617ms] [LOG] ℹ️ NFL season type 2 failed: Failed to fetch @ https://live-streaming-eta.vercel.app/js/api.js?v=7:1411
[   18115ms] [ERROR] Access to fetch at 'https://api.nfldata.org/v1/games?season=2026&season_type=3' from origin 'https://live-streaming-eta.vercel.app' has been blocked by CORS policy: No 'Access-Control-Allow-Origin' header is present on the requested resource. @ https://live-streaming-eta.vercel.app/cricket/2026-08-19:0
[   18124ms] [ERROR] Failed to load resource: net::ERR_FAILED @ https://api.nfldata.org/v1/games?season=2026&season_type=3:0
[   18127ms] [LOG] ℹ️ NFL season type 3 failed: Failed to fetch @ https://live-streaming-eta.vercel.app/js/api.js?v=7:1411
[   18310ms] [ERROR] Access to fetch at 'https://api.nfldata.org/v1/games?season=2026&season_type=1' from origin 'https://live-streaming-eta.vercel.app' has been blocked by CORS policy: No 'Access-Control-Allow-Origin' header is present on the requested resource. @ https://live-streaming-eta.vercel.app/cricket/2026-08-19:0
[   18314ms] [ERROR] Failed to load resource: net::ERR_FAILED @ https://api.nfldata.org/v1/games?season=2026&season_type=1:0
[   18346ms] [LOG] ℹ️ NFL season type 1 failed: Failed to fetch @ https://live-streaming-eta.vercel.app/js/api.js?v=7:1411
[   18846ms] [ERROR] Access to fetch at 'https://api.nfldata.org/v1/games?season=2026&season_type=2' from origin 'https://live-streaming-eta.vercel.app' has been blocked by CORS policy: No 'Access-Control-Allow-Origin' header is present on the requested resource. @ https://live-streaming-eta.vercel.app/cricket/2026-08-19:0
[   18859ms] [ERROR] Failed to load resource: net::ERR_FAILED @ https://api.nfldata.org/v1/games?season=2026&season_type=2:0
[   18871ms] [LOG] ℹ️ NFL season type 2 failed: Failed to fetch @ https://live-streaming-eta.vercel.app/js/api.js?v=7:1411
[   18915ms] [ERROR] Access to fetch at 'https://api.nfldata.org/v1/games?season=2026&season_type=3' from origin 'https://live-streaming-eta.vercel.app' has been blocked by CORS policy: No 'Access-Control-Allow-Origin' header is present on the requested resource. @ https://live-streaming-eta.vercel.app/cricket/2026-08-19:0
[   18915ms] [ERROR] Failed to load resource: net::ERR_FAILED @ https://api.nfldata.org/v1/games?season=2026&season_type=3:0
[   18915ms] [LOG] ℹ️ NFL season type 3 failed: Failed to fetch @ https://live-streaming-eta.vercel.app/js/api.js?v=7:1411
[   19181ms] [ERROR] Access to fetch at 'https://api.nfldata.org/v1/games?season=2026&season_type=2' from origin 'https://live-streaming-eta.vercel.app' has been blocked by CORS policy: No 'Access-Control-Allow-Origin' header is present on the requested resource. @ https://live-streaming-eta.vercel.app/cricket/2026-08-19:0
[   19186ms] [ERROR] Failed to load resource: net::ERR_FAILED @ https://api.nfldata.org/v1/games?season=2026&season_type=2:0
[   19188ms] [LOG] ℹ️ NFL season type 2 failed: Failed to fetch @ https://live-streaming-eta.vercel.app/js/api.js?v=7:1411
[   19246ms] [ERROR] Access to fetch at 'https://api.nfldata.org/v1/games?season=2026&season_type=3' from origin 'https://live-streaming-eta.vercel.app' has been blocked by CORS policy: No 'Access-Control-Allow-Origin' header is present on the requested resource. @ https://live-streaming-eta.vercel.app/cricket/2026-08-19:0
[   19249ms] [ERROR] Failed to load resource: net::ERR_FAILED @ https://api.nfldata.org/v1/games?season=2026&season_type=3:0
[   19252ms] [LOG] ℹ️ NFL season type 3 failed: Failed to fetch @ https://live-streaming-eta.vercel.app/js/api.js?v=7:1411
[   20070ms] [ERROR] Access to fetch at 'https://api.nfldata.org/v1/games?season=2026&season_type=3' from origin 'https://live-streaming-eta.vercel.app' has been blocked by CORS policy: No 'Access-Control-Allow-Origin' header is present on the requested resource. @ https://live-streaming-eta.vercel.app/cricket/2026-08-19:0
[   20076ms] [ERROR] Failed to load resource: net::ERR_FAILED @ https://api.nfldata.org/v1/games?season=2026&season_type=3:0
[   20078ms] [LOG] ℹ️ NFL season type 3 failed: Failed to fetch @ https://live-streaming-eta.vercel.app/js/api.js?v=7:1411
[   20602ms] [LOG] 🔄 Live Agent: refreshing scores... @ https://live-streaming-eta.vercel.app/js/app.js?v=8:906
[   20604ms] [LOG] 🌐 Fetching football... @ https://live-streaming-eta.vercel.app/js/api.js?v=7:467
[   20615ms] [LOG] 🌐 Fetching cricket... @ https://live-streaming-eta.vercel.app/js/api.js?v=7:467
[   20635ms] [LOG] 🌐 Fetching basketball... @ https://live-streaming-eta.vercel.app/js/api.js?v=7:467
[   20639ms] [LOG] 🌐 Fetching tennis... @ https://live-streaming-eta.vercel.app/js/api.js?v=7:467
[   20651ms] [LOG] 🌐 Fetching mma... @ https://live-streaming-eta.vercel.app/js/api.js?v=7:467
[   20667ms] [LOG] 🌐 Fetching ufc... @ https://live-streaming-eta.vercel.app/js/api.js?v=7:467
[   20899ms] [LOG] 🌐 Fetching football... @ https://live-streaming-eta.vercel.app/js/api.js?v=7:467
[   20904ms] [LOG] 🌐 Fetching cricket... @ https://live-streaming-eta.vercel.app/js/api.js?v=7:467
[   20907ms] [LOG] 🌐 Fetching basketball... @ https://live-streaming-eta.vercel.app/js/api.js?v=7:467
[   20931ms] [LOG] 🌐 Fetching tennis... @ https://live-streaming-eta.vercel.app/js/api.js?v=7:467
[   20933ms] [LOG] 🌐 Fetching mma... @ https://live-streaming-eta.vercel.app/js/api.js?v=7:467
[   20937ms] [LOG] 🌐 Fetching ufc... @ https://live-streaming-eta.vercel.app/js/api.js?v=7:467
[   20938ms] [LOG] 🌐 Fetching football... @ https://live-streaming-eta.vercel.app/js/api.js?v=7:467
[   20944ms] [LOG] 🌐 Fetching cricket... @ https://live-streaming-eta.vercel.app/js/api.js?v=7:467
[   20948ms] [LOG] 🌐 Fetching basketball... @ https://live-streaming-eta.vercel.app/js/api.js?v=7:467
[   20951ms] [LOG] 🌐 Fetching tennis... @ https://live-streaming-eta.vercel.app/js/api.js?v=7:467
[   20966ms] [LOG] 🌐 Fetching mma... @ https://live-streaming-eta.vercel.app/js/api.js?v=7:467
[   20972ms] [LOG] 🌐 Fetching ufc... @ https://live-streaming-eta.vercel.app/js/api.js?v=7:467
[   20979ms] [LOG] 🌐 Fetching football... @ https://live-streaming-eta.vercel.app/js/api.js?v=7:467
[   20983ms] [LOG] 🌐 Fetching cricket... @ https://live-streaming-eta.vercel.app/js/api.js?v=7:467
[   20986ms] [LOG] 🌐 Fetching basketball... @ https://live-streaming-eta.vercel.app/js/api.js?v=7:467
[   20989ms] [LOG] 🌐 Fetching tennis... @ https://live-streaming-eta.vercel.app/js/api.js?v=7:467
[   20990ms] [LOG] 🌐 Fetching mma... @ https://live-streaming-eta.vercel.app/js/api.js?v=7:467
[   21002ms] [LOG] 🌐 Fetching ufc... @ https://live-streaming-eta.vercel.app/js/api.js?v=7:467
[   21006ms] [LOG] 🌐 Fetching football... @ https://live-streaming-eta.vercel.app/js/api.js?v=7:467
[   21017ms] [LOG] 🌐 Fetching cricket... @ https://live-streaming-eta.vercel.app/js/api.js?v=7:467
[   21018ms] [LOG] 🌐 Fetching basketball... @ https://live-streaming-eta.vercel.app/js/api.js?v=7:467
[   21020ms] [LOG] 🌐 Fetching tennis... @ https://live-streaming-eta.vercel.app/js/api.js?v=7:467
[   21029ms] [LOG] 🌐 Fetching mma... @ https://live-streaming-eta.vercel.app/js/api.js?v=7:467
[   21037ms] [LOG] 🌐 Fetching ufc... @ https://live-streaming-eta.vercel.app/js/api.js?v=7:467
[   21980ms] [LOG] 🌐 Fetching football... @ https://live-streaming-eta.vercel.app/js/api.js?v=7:467
[   21980ms] [LOG] 🌐 Fetching cricket... @ https://live-streaming-eta.vercel.app/js/api.js?v=7:467
[   21981ms] [LOG] 🌐 Fetching basketball... @ https://live-streaming-eta.vercel.app/js/api.js?v=7:467
[   21981ms] [LOG] 🌐 Fetching tennis... @ https://live-streaming-eta.vercel.app/js/api.js?v=7:467
[   22651ms] [LOG] 🌐 Fetching mma... @ https://live-streaming-eta.vercel.app/js/api.js?v=7:467
[   22659ms] [LOG] 🌐 Fetching ufc... @ https://live-streaming-eta.vercel.app/js/api.js?v=7:467
[   26855ms] [LOG] 🔄 Live Agent: refreshing scores... @ https://live-streaming-eta.vercel.app/js/app.js?v=8:906
[   26855ms] [LOG] 🌐 Fetching football... @ https://live-streaming-eta.vercel.app/js/api.js?v=7:467
[   26856ms] [LOG] 🌐 Fetching cricket... @ https://live-streaming-eta.vercel.app/js/api.js?v=7:467
[   26856ms] [LOG] 🌐 Fetching basketball... @ https://live-streaming-eta.vercel.app/js/api.js?v=7:467
[   26859ms] [LOG] 🌐 Fetching tennis... @ https://live-streaming-eta.vercel.app/js/api.js?v=7:467
[   26861ms] [LOG] 🌐 Fetching mma... @ https://live-streaming-eta.vercel.app/js/api.js?v=7:467
[   26906ms] [LOG] 🌐 Fetching ufc... @ https://live-streaming-eta.vercel.app/js/api.js?v=7:467
[   26918ms] [LOG] ⚠️ ESPN Cricket failed: signal timed out @ https://live-streaming-eta.vercel.app/js/api.js?v=7:1236
[   26945ms] [ERROR] Failed to load resource: the server responded with a status of 400 () @ https://sportscore.com/api/widget/matches/?sport=ufc&limit=30:0
[   26945ms] [LOG] ℹ️ ufc not available from SportScore API @ https://live-streaming-eta.vercel.app/js/api.js?v=7:471
[   27559ms] [ERROR] Failed to load resource: the server responded with a status of 400 () @ https://sportscore.com/api/widget/matches/?sport=mma&limit=30:0
[   27564ms] [LOG] ℹ️ mma not available from SportScore API @ https://live-streaming-eta.vercel.app/js/api.js?v=7:471
[   27574ms] [LOG] ✅ Google Cricket: 0 matches @ https://live-streaming-eta.vercel.app/js/api.js?v=7:1328
[   27595ms] [LOG] ✅ Live Agent: refresh complete @ https://live-streaming-eta.vercel.app/js/app.js?v=8:973
[   27868ms] [ERROR] Failed to load resource: the server responded with a status of 400 () @ https://sportscore.com/api/widget/matches/?sport=mma&limit=30:0
[   27868ms] [LOG] ℹ️ mma not available from SportScore API @ https://live-streaming-eta.vercel.app/js/api.js?v=7:471
[   27871ms] [ERROR] Failed to load resource: the server responded with a status of 400 () @ https://sportscore.com/api/widget/matches/?sport=ufc&limit=30:0
[   27871ms] [LOG] ℹ️ ufc not available from SportScore API @ https://live-streaming-eta.vercel.app/js/api.js?v=7:471
[   28462ms] [ERROR] Failed to load resource: the server responded with a status of 400 () @ https://sportscore.com/api/widget/matches/?sport=mma&limit=30:0
[   28462ms] [LOG] ℹ️ mma not available from SportScore API @ https://live-streaming-eta.vercel.app/js/api.js?v=7:471
[   28463ms] [ERROR] Failed to load resource: the server responded with a status of 400 () @ https://sportscore.com/api/widget/matches/?sport=ufc&limit=30:0
[   28464ms] [LOG] ℹ️ ufc not available from SportScore API @ https://live-streaming-eta.vercel.app/js/api.js?v=7:471
[   28476ms] [ERROR] Failed to load resource: the server responded with a status of 400 () @ https://sportscore.com/api/widget/matches/?sport=mma&limit=30:0
[   28476ms] [LOG] ℹ️ mma not available from SportScore API @ https://live-streaming-eta.vercel.app/js/api.js?v=7:471
[   28478ms] [ERROR] Failed to load resource: the server responded with a status of 400 () @ https://sportscore.com/api/widget/matches/?sport=ufc&limit=30:0
[   28479ms] [LOG] ℹ️ ufc not available from SportScore API @ https://live-streaming-eta.vercel.app/js/api.js?v=7:471
[   28488ms] [ERROR] Failed to load resource: the server responded with a status of 400 () @ https://sportscore.com/api/widget/matches/?sport=mma&limit=30:0
[   28489ms] [LOG] ℹ️ mma not available from SportScore API @ https://live-streaming-eta.vercel.app/js/api.js?v=7:471
[   28490ms] [ERROR] Failed to load resource: the server responded with a status of 400 () @ https://sportscore.com/api/widget/matches/?sport=ufc&limit=30:0
[   28492ms] [LOG] ℹ️ ufc not available from SportScore API @ https://live-streaming-eta.vercel.app/js/api.js?v=7:471
[   28719ms] [ERROR] Failed to load resource: the server responded with a status of 400 () @ https://sportscore.com/api/widget/matches/?sport=ufc&limit=30:0
[   28719ms] [LOG] ℹ️ ufc not available from SportScore API @ https://live-streaming-eta.vercel.app/js/api.js?v=7:471
[   28721ms] [ERROR] Failed to load resource: the server responded with a status of 400 () @ https://sportscore.com/api/widget/matches/?sport=mma&limit=30:0
[   28722ms] [LOG] ℹ️ mma not available from SportScore API @ https://live-streaming-eta.vercel.app/js/api.js?v=7:471
[   28790ms] [LOG] ✅ ESPN Cricket: 23 matches from 9 series @ https://live-streaming-eta.vercel.app/js/api.js?v=7:1233
[   28975ms] [ERROR] Failed to load resource: the server responded with a status of 400 () @ https://sportscore.com/api/widget/matches/?sport=ufc&limit=30:0
[   28976ms] [LOG] ℹ️ ufc not available from SportScore API @ https://live-streaming-eta.vercel.app/js/api.js?v=7:471
[   28976ms] [ERROR] Failed to load resource: the server responded with a status of 400 () @ https://sportscore.com/api/widget/matches/?sport=mma&limit=30:0
[   28976ms] [LOG] ℹ️ mma not available from SportScore API @ https://live-streaming-eta.vercel.app/js/api.js?v=7:471
[   30651ms] [LOG] ✅ Google Cricket: 0 matches @ https://live-streaming-eta.vercel.app/js/api.js?v=7:1328
[   30726ms] [LOG] ✅ Live Agent: refresh complete @ https://live-streaming-eta.vercel.app/js/app.js?v=8:973
[   33319ms] [ERROR] Access to fetch at 'https://api.nfldata.org/v1/games?season=2026&season_type=1' from origin 'https://live-streaming-eta.vercel.app' has been blocked by CORS policy: No 'Access-Control-Allow-Origin' header is present on the requested resource. @ https://live-streaming-eta.vercel.app/cricket/2026-08-19:0
[   33319ms] [ERROR] Failed to load resource: net::ERR_FAILED @ https://api.nfldata.org/v1/games?season=2026&season_type=1:0
[   33320ms] [LOG] ℹ️ NFL season type 1 failed: Failed to fetch @ https://live-streaming-eta.vercel.app/js/api.js?v=7:1411
[   34522ms] [LOG] ℹ️ NFL season type 1 failed: signal timed out @ https://live-streaming-eta.vercel.app/js/api.js?v=7:1411
[   34524ms] [LOG] ℹ️ NFL season type 1 failed: signal timed out @ https://live-streaming-eta.vercel.app/js/api.js?v=7:1411
[   34526ms] [LOG] ℹ️ NFL season type 1 failed: signal timed out @ https://live-streaming-eta.vercel.app/js/api.js?v=7:1411
[   34734ms] [LOG] ℹ️ NFL season type 1 failed: signal timed out @ https://live-streaming-eta.vercel.app/js/api.js?v=7:1411
[   35422ms] [LOG] 🔄 Live Agent: refreshing scores... @ https://live-streaming-eta.vercel.app/js/app.js?v=8:906
[   35422ms] [LOG] 🌐 Fetching football... @ https://live-streaming-eta.vercel.app/js/api.js?v=7:467
[   35423ms] [LOG] 🌐 Fetching cricket... @ https://live-streaming-eta.vercel.app/js/api.js?v=7:467
[   35423ms] [LOG] 🌐 Fetching basketball... @ https://live-streaming-eta.vercel.app/js/api.js?v=7:467
[   35424ms] [LOG] 🌐 Fetching tennis... @ https://live-streaming-eta.vercel.app/js/api.js?v=7:467
[   35425ms] [LOG] 🌐 Fetching mma... @ https://live-streaming-eta.vercel.app/js/api.js?v=7:467
[   35425ms] [LOG] 🌐 Fetching ufc... @ https://live-streaming-eta.vercel.app/js/api.js?v=7:467
[   36157ms] [ERROR] Access to fetch at 'https://api.nfldata.org/v1/games?season=2026&season_type=2' from origin 'https://live-streaming-eta.vercel.app' has been blocked by CORS policy: No 'Access-Control-Allow-Origin' header is present on the requested resource. @ https://live-streaming-eta.vercel.app/cricket/2026-08-19:0
[   36159ms] [ERROR] Failed to load resource: net::ERR_FAILED @ https://api.nfldata.org/v1/games?season=2026&season_type=2:0
[   36159ms] [LOG] ℹ️ NFL season type 2 failed: Failed to fetch @ https://live-streaming-eta.vercel.app/js/api.js?v=7:1411
[   36402ms] [ERROR] Access to fetch at 'https://api.nfldata.org/v1/games?season=2026&season_type=2' from origin 'https://live-streaming-eta.vercel.app' has been blocked by CORS policy: No 'Access-Control-Allow-Origin' header is present on the requested resource. @ https://live-streaming-eta.vercel.app/cricket/2026-08-19:0
[   36402ms] [ERROR] Failed to load resource: net::ERR_FAILED @ https://api.nfldata.org/v1/games?season=2026&season_type=2:0
[   36402ms] [LOG] ℹ️ NFL season type 2 failed: Failed to fetch @ https://live-streaming-eta.vercel.app/js/api.js?v=7:1411
[   36407ms] [ERROR] Failed to load resource: the server responded with a status of 400 () @ https://sportscore.com/api/widget/matches/?sport=mma&limit=30:0
[   36407ms] [LOG] ℹ️ mma not available from SportScore API @ https://live-streaming-eta.vercel.app/js/api.js?v=7:471
[   36408ms] [LOG] ✅ Google Cricket: 0 matches @ https://live-streaming-eta.vercel.app/js/api.js?v=7:1328
[   36408ms] [ERROR] Failed to load resource: the server responded with a status of 400 () @ https://sportscore.com/api/widget/matches/?sport=ufc&limit=30:0
[   36410ms] [LOG] ℹ️ ufc not available from SportScore API @ https://live-streaming-eta.vercel.app/js/api.js?v=7:471
[   36417ms] [LOG] ✅ ESPN Cricket: 23 matches from 9 series @ https://live-streaming-eta.vercel.app/js/api.js?v=7:1233
[   36428ms] [LOG] ✅ Live Agent: refresh complete @ https://live-streaming-eta.vercel.app/js/app.js?v=8:973
[   36769ms] [ERROR] Access to fetch at 'https://api.nfldata.org/v1/games?season=2026&season_type=3' from origin 'https://live-streaming-eta.vercel.app' has been blocked by CORS policy: No 'Access-Control-Allow-Origin' header is present on the requested resource. @ https://live-streaming-eta.vercel.app/cricket/2026-08-19:0
[   36769ms] [ERROR] Failed to load resource: net::ERR_FAILED @ https://api.nfldata.org/v1/games?season=2026&season_type=3:0
[   36769ms] [LOG] ℹ️ NFL season type 3 failed: Failed to fetch @ https://live-streaming-eta.vercel.app/js/api.js?v=7:1411
[   36774ms] [ERROR] Access to fetch at 'https://api.nfldata.org/v1/games?season=2026&season_type=2' from origin 'https://live-streaming-eta.vercel.app' has been blocked by CORS policy: No 'Access-Control-Allow-Origin' header is present on the requested resource. @ https://live-streaming-eta.vercel.app/cricket/2026-08-19:0
[   36774ms] [ERROR] Failed to load resource: net::ERR_FAILED @ https://api.nfldata.org/v1/games?season=2026&season_type=2:0
[   36774ms] [LOG] ℹ️ NFL season type 2 failed: Failed to fetch @ https://live-streaming-eta.vercel.app/js/api.js?v=7:1411
[   38172ms] [ERROR] Access to fetch at 'https://api.nfldata.org/v1/games?season=2026&season_type=3' from origin 'https://live-streaming-eta.vercel.app' has been blocked by CORS policy: No 'Access-Control-Allow-Origin' header is present on the requested resource. @ https://live-streaming-eta.vercel.app/cricket/2026-08-19:0
[   38172ms] [ERROR] Failed to load resource: net::ERR_FAILED @ https://api.nfldata.org/v1/games?season=2026&season_type=3:0
[   38172ms] [LOG] ℹ️ NFL season type 3 failed: Failed to fetch @ https://live-streaming-eta.vercel.app/js/api.js?v=7:1411
[   38176ms] [ERROR] Access to fetch at 'https://api.nfldata.org/v1/games?season=2026&season_type=2' from origin 'https://live-streaming-eta.vercel.app' has been blocked by CORS policy: No 'Access-Control-Allow-Origin' header is present on the requested resource. @ https://live-streaming-eta.vercel.app/cricket/2026-08-19:0
[   38176ms] [ERROR] Failed to load resource: net::ERR_FAILED @ https://api.nfldata.org/v1/games?season=2026&season_type=2:0
[   38178ms] [LOG] ℹ️ NFL season type 2 failed: Failed to fetch @ https://live-streaming-eta.vercel.app/js/api.js?v=7:1411
[   39205ms] [ERROR] Access to fetch at 'https://api.nfldata.org/v1/games?season=2026&season_type=2' from origin 'https://live-streaming-eta.vercel.app' has been blocked by CORS policy: No 'Access-Control-Allow-Origin' header is present on the requested resource. @ https://live-streaming-eta.vercel.app/cricket/2026-08-19:0
[   39205ms] [ERROR] Failed to load resource: net::ERR_FAILED @ https://api.nfldata.org/v1/games?season=2026&season_type=2:0
[   39208ms] [LOG] ℹ️ NFL season type 2 failed: Failed to fetch @ https://live-streaming-eta.vercel.app/js/api.js?v=7:1411
[   39212ms] [ERROR] Access to fetch at 'https://api.nfldata.org/v1/games?season=2026&season_type=3' from origin 'https://live-streaming-eta.vercel.app' has been blocked by CORS policy: No 'Access-Control-Allow-Origin' header is present on the requested resource. @ https://live-streaming-eta.vercel.app/cricket/2026-08-19:0
[   39213ms] [ERROR] Failed to load resource: net::ERR_FAILED @ https://api.nfldata.org/v1/games?season=2026&season_type=3:0
[   39213ms] [LOG] ℹ️ NFL season type 3 failed: Failed to fetch @ https://live-streaming-eta.vercel.app/js/api.js?v=7:1411
[   39524ms] [ERROR] Access to fetch at 'https://api.nfldata.org/v1/games?season=2026&season_type=3' from origin 'https://live-streaming-eta.vercel.app' has been blocked by CORS policy: No 'Access-Control-Allow-Origin' header is present on the requested resource. @ https://live-streaming-eta.vercel.app/cricket/2026-08-19:0
[   39524ms] [ERROR] Failed to load resource: net::ERR_FAILED @ https://api.nfldata.org/v1/games?season=2026&season_type=3:0
[   39527ms] [LOG] ℹ️ NFL season type 3 failed: Failed to fetch @ https://live-streaming-eta.vercel.app/js/api.js?v=7:1411
[   39837ms] [ERROR] Access to fetch at 'https://api.nfldata.org/v1/games?season=2026&season_type=3' from origin 'https://live-streaming-eta.vercel.app' has been blocked by CORS policy: No 'Access-Control-Allow-Origin' header is present on the requested resource. @ https://live-streaming-eta.vercel.app/cricket/2026-08-19:0
[   39838ms] [ERROR] Failed to load resource: net::ERR_FAILED @ https://api.nfldata.org/v1/games?season=2026&season_type=3:0
[   39839ms] [LOG] ℹ️ NFL season type 3 failed: Failed to fetch @ https://live-streaming-eta.vercel.app/js/api.js?v=7:1411
[   40417ms] [LOG] 🔄 Live Agent: refreshing scores... @ https://live-streaming-eta.vercel.app/js/app.js?v=8:906
[   40418ms] [LOG] 🌐 Fetching football... @ https://live-streaming-eta.vercel.app/js/api.js?v=7:467
[   40419ms] [LOG] 🌐 Fetching cricket... @ https://live-streaming-eta.vercel.app/js/api.js?v=7:467
[   40421ms] [LOG] 🌐 Fetching basketball... @ https://live-streaming-eta.vercel.app/js/api.js?v=7:467
[   40427ms] [LOG] 🌐 Fetching tennis... @ https://live-streaming-eta.vercel.app/js/api.js?v=7:467
[   40428ms] [LOG] 🌐 Fetching mma... @ https://live-streaming-eta.vercel.app/js/api.js?v=7:467
[   40433ms] [LOG] 🌐 Fetching ufc... @ https://live-streaming-eta.vercel.app/js/api.js?v=7:467
[   40453ms] [LOG] ✅ ESPN Cricket: 23 matches from 9 series @ https://live-streaming-eta.vercel.app/js/api.js?v=7:1233
[   40505ms] [LOG] ✅ Google Cricket: 0 matches @ https://live-streaming-eta.vercel.app/js/api.js?v=7:1328
[   40639ms] [ERROR] Failed to load resource: the server responded with a status of 400 () @ https://sportscore.com/api/widget/matches/?sport=mma&limit=30:0
[   40640ms] [LOG] ℹ️ mma not available from SportScore API @ https://live-streaming-eta.vercel.app/js/api.js?v=7:471
[   40641ms] [LOG] 🌐 Fetching football... @ https://live-streaming-eta.vercel.app/js/api.js?v=7:467
[   40642ms] [LOG] 🌐 Fetching cricket... @ https://live-streaming-eta.vercel.app/js/api.js?v=7:467
[   40644ms] [LOG] 🌐 Fetching basketball... @ https://live-streaming-eta.vercel.app/js/api.js?v=7:467
[   40648ms] [LOG] 🌐 Fetching tennis... @ https://live-streaming-eta.vercel.app/js/api.js?v=7:467
[   40651ms] [LOG] 🌐 Fetching mma... @ https://live-streaming-eta.vercel.app/js/api.js?v=7:467
[   40655ms] [LOG] 🌐 Fetching ufc... @ https://live-streaming-eta.vercel.app/js/api.js?v=7:467
[   40657ms] [LOG] 🌐 Fetching football... @ https://live-streaming-eta.vercel.app/js/api.js?v=7:467
[   40664ms] [LOG] 🌐 Fetching cricket... @ https://live-streaming-eta.vercel.app/js/api.js?v=7:467
[   40665ms] [LOG] 🌐 Fetching basketball... @ https://live-streaming-eta.vercel.app/js/api.js?v=7:467
[   40667ms] [LOG] 🌐 Fetching tennis... @ https://live-streaming-eta.vercel.app/js/api.js?v=7:467
[   40669ms] [LOG] 🌐 Fetching mma... @ https://live-streaming-eta.vercel.app/js/api.js?v=7:467
[   40672ms] [LOG] 🌐 Fetching ufc... @ https://live-streaming-eta.vercel.app/js/api.js?v=7:467
[   40675ms] [LOG] 🌐 Fetching football... @ https://live-streaming-eta.vercel.app/js/api.js?v=7:467
[   40676ms] [LOG] 🌐 Fetching cricket... @ https://live-streaming-eta.vercel.app/js/api.js?v=7:467
[   40678ms] [LOG] 🌐 Fetching basketball... @ https://live-streaming-eta.vercel.app/js/api.js?v=7:467
[   40679ms] [LOG] 🌐 Fetching tennis... @ https://live-streaming-eta.vercel.app/js/api.js?v=7:467
[   40681ms] [LOG] 🌐 Fetching mma... @ https://live-streaming-eta.vercel.app/js/api.js?v=7:467
[   40682ms] [LOG] 🌐 Fetching ufc... @ https://live-streaming-eta.vercel.app/js/api.js?v=7:467
[   40684ms] [LOG] 🌐 Fetching football... @ https://live-streaming-eta.vercel.app/js/api.js?v=7:467
[   40685ms] [LOG] 🌐 Fetching cricket... @ https://live-streaming-eta.vercel.app/js/api.js?v=7:467
[   40686ms] [LOG] 🌐 Fetching basketball... @ https://live-streaming-eta.vercel.app/js/api.js?v=7:467
[   40688ms] [LOG] 🌐 Fetching tennis... @ https://live-streaming-eta.vercel.app/js/api.js?v=7:467
[   40689ms] [LOG] 🌐 Fetching mma... @ https://live-streaming-eta.vercel.app/js/api.js?v=7:467
[   40690ms] [LOG] 🌐 Fetching ufc... @ https://live-streaming-eta.vercel.app/js/api.js?v=7:467
[   40691ms] [LOG] 🌐 Fetching football... @ https://live-streaming-eta.vercel.app/js/api.js?v=7:467
[   40693ms] [LOG] 🌐 Fetching cricket... @ https://live-streaming-eta.vercel.app/js/api.js?v=7:467
[   40694ms] [LOG] 🌐 Fetching basketball... @ https://live-streaming-eta.vercel.app/js/api.js?v=7:467
[   40696ms] [LOG] 🌐 Fetching tennis... @ https://live-streaming-eta.vercel.app/js/api.js?v=7:467
[   40697ms] [LOG] 🌐 Fetching mma... @ https://live-streaming-eta.vercel.app/js/api.js?v=7:467
[   40699ms] [LOG] 🌐 Fetching ufc... @ https://live-streaming-eta.vercel.app/js/api.js?v=7:467
[   40704ms] [ERROR] Failed to load resource: the server responded with a status of 400 () @ https://sportscore.com/api/widget/matches/?sport=ufc&limit=30:0
[   40704ms] [LOG] ℹ️ ufc not available from SportScore API @ https://live-streaming-eta.vercel.app/js/api.js?v=7:471
[   40712ms] [LOG] ✅ Live Agent: refresh complete @ https://live-streaming-eta.vercel.app/js/app.js?v=8:973
[   40857ms] [ERROR] Failed to load resource: the server responded with a status of 400 () @ https://sportscore.com/api/widget/matches/?sport=mma&limit=30:0
[   40858ms] [LOG] ℹ️ mma not available from SportScore API @ https://live-streaming-eta.vercel.app/js/api.js?v=7:471
[   40860ms] [ERROR] Failed to load resource: the server responded with a status of 400 () @ https://sportscore.com/api/widget/matches/?sport=ufc&limit=30:0
[   40860ms] [LOG] ℹ️ ufc not available from SportScore API @ https://live-streaming-eta.vercel.app/js/api.js?v=7:471
[   41061ms] [ERROR] Failed to load resource: the server responded with a status of 400 () @ https://sportscore.com/api/widget/matches/?sport=mma&limit=30:0
[   41062ms] [LOG] ℹ️ mma not available from SportScore API @ https://live-streaming-eta.vercel.app/js/api.js?v=7:471
[   41063ms] [ERROR] Failed to load resource: the server responded with a status of 400 () @ https://sportscore.com/api/widget/matches/?sport=ufc&limit=30:0
[   41066ms] [LOG] ℹ️ ufc not available from SportScore API @ https://live-streaming-eta.vercel.app/js/api.js?v=7:471
[   41176ms] [ERROR] Access to fetch at 'https://api.nfldata.org/v1/games?season=2026&season_type=1' from origin 'https://live-streaming-eta.vercel.app' has been blocked by CORS policy: No 'Access-Control-Allow-Origin' header is present on the requested resource. @ https://live-streaming-eta.vercel.app/cricket/2026-08-19:0
[   41177ms] [ERROR] Failed to load resource: net::ERR_FAILED @ https://api.nfldata.org/v1/games?season=2026&season_type=1:0
[   41177ms] [LOG] ℹ️ NFL season type 1 failed: Failed to fetch @ https://live-streaming-eta.vercel.app/js/api.js?v=7:1411
[   41257ms] [ERROR] Failed to load resource: the server responded with a status of 400 () @ https://sportscore.com/api/widget/matches/?sport=ufc&limit=30:0
[   41258ms] [LOG] ℹ️ ufc not available from SportScore API @ https://live-streaming-eta.vercel.app/js/api.js?v=7:471
[   41259ms] [ERROR] Failed to load resource: the server responded with a status of 400 () @ https://sportscore.com/api/widget/matches/?sport=mma&limit=30:0
[   41260ms] [LOG] ℹ️ mma not available from SportScore API @ https://live-streaming-eta.vercel.app/js/api.js?v=7:471
[   41456ms] [ERROR] Failed to load resource: the server responded with a status of 400 () @ https://sportscore.com/api/widget/matches/?sport=mma&limit=30:0
[   41457ms] [LOG] ℹ️ mma not available from SportScore API @ https://live-streaming-eta.vercel.app/js/api.js?v=7:471
[   41459ms] [ERROR] Failed to load resource: the server responded with a status of 400 () @ https://sportscore.com/api/widget/matches/?sport=ufc&limit=30:0
[   41460ms] [LOG] ℹ️ ufc not available from SportScore API @ https://live-streaming-eta.vercel.app/js/api.js?v=7:471
[   41491ms] [ERROR] Access to fetch at 'https://api.nfldata.org/v1/games?season=2026&season_type=1' from origin 'https://live-streaming-eta.vercel.app' has been blocked by CORS policy: No 'Access-Control-Allow-Origin' header is present on the requested resource. @ https://live-streaming-eta.vercel.app/cricket/2026-08-19:0
[   41492ms] [ERROR] Failed to load resource: net::ERR_FAILED @ https://api.nfldata.org/v1/games?season=2026&season_type=1:0
[   41493ms] [LOG] ℹ️ NFL season type 1 failed: Failed to fetch @ https://live-streaming-eta.vercel.app/js/api.js?v=7:1411
[   41497ms] [ERROR] Access to fetch at 'https://api.nfldata.org/v1/games?season=2026&season_type=2' from origin 'https://live-streaming-eta.vercel.app' has been blocked by CORS policy: No 'Access-Control-Allow-Origin' header is present on the requested resource. @ https://live-streaming-eta.vercel.app/cricket/2026-08-19:0
[   41499ms] [ERROR] Failed to load resource: net::ERR_FAILED @ https://api.nfldata.org/v1/games?season=2026&season_type=2:0
[   41500ms] [LOG] ℹ️ NFL season type 2 failed: Failed to fetch @ https://live-streaming-eta.vercel.app/js/api.js?v=7:1411
[   41651ms] [ERROR] Failed to load resource: the server responded with a status of 400 () @ https://sportscore.com/api/widget/matches/?sport=mma&limit=30:0
[   41651ms] [LOG] ℹ️ mma not available from SportScore API @ https://live-streaming-eta.vercel.app/js/api.js?v=7:471
[   41658ms] [ERROR] Failed to load resource: the server responded with a status of 400 () @ https://sportscore.com/api/widget/matches/?sport=ufc&limit=30:0
[   41658ms] [LOG] ℹ️ ufc not available from SportScore API @ https://live-streaming-eta.vercel.app/js/api.js?v=7:471
[   41830ms] [ERROR] Access to fetch at 'https://api.nfldata.org/v1/games?season=2026&season_type=1' from origin 'https://live-streaming-eta.vercel.app' has been blocked by CORS policy: No 'Access-Control-Allow-Origin' header is present on the requested resource. @ https://live-streaming-eta.vercel.app/cricket/2026-08-19:0
[   41832ms] [ERROR] Failed to load resource: net::ERR_FAILED @ https://api.nfldata.org/v1/games?season=2026&season_type=1:0
[   41833ms] [LOG] ℹ️ NFL season type 1 failed: Failed to fetch @ https://live-streaming-eta.vercel.app/js/api.js?v=7:1411
[   41837ms] [ERROR] Access to fetch at 'https://api.nfldata.org/v1/games?season=2026&season_type=2' from origin 'https://live-streaming-eta.vercel.app' has been blocked by CORS policy: No 'Access-Control-Allow-Origin' header is present on the requested resource. @ https://live-streaming-eta.vercel.app/cricket/2026-08-19:0
[   41839ms] [ERROR] Failed to load resource: net::ERR_FAILED @ https://api.nfldata.org/v1/games?season=2026&season_type=2:0
[   41841ms] [LOG] ℹ️ NFL season type 2 failed: Failed to fetch @ https://live-streaming-eta.vercel.app/js/api.js?v=7:1411
[   41845ms] [ERROR] Access to fetch at 'https://api.nfldata.org/v1/games?season=2026&season_type=3' from origin 'https://live-streaming-eta.vercel.app' has been blocked by CORS policy: No 'Access-Control-Allow-Origin' header is present on the requested resource. @ https://live-streaming-eta.vercel.app/cricket/2026-08-19:0
[   41845ms] [ERROR] Failed to load resource: net::ERR_FAILED @ https://api.nfldata.org/v1/games?season=2026&season_type=3:0
[   41846ms] [LOG] ℹ️ NFL season type 3 failed: Failed to fetch @ https://live-streaming-eta.vercel.app/js/api.js?v=7:1411
[   42152ms] [ERROR] Access to fetch at 'https://api.nfldata.org/v1/games?season=2026&season_type=1' from origin 'https://live-streaming-eta.vercel.app' has been blocked by CORS policy: No 'Access-Control-Allow-Origin' header is present on the requested resource. @ https://live-streaming-eta.vercel.app/cricket/2026-08-19:0
[   42153ms] [ERROR] Failed to load resource: net::ERR_FAILED @ https://api.nfldata.org/v1/games?season=2026&season_type=1:0
[   42154ms] [LOG] ℹ️ NFL season type 1 failed: Failed to fetch @ https://live-streaming-eta.vercel.app/js/api.js?v=7:1411
[   42161ms] [ERROR] Access to fetch at 'https://api.nfldata.org/v1/games?season=2026&season_type=3' from origin 'https://live-streaming-eta.vercel.app' has been blocked by CORS policy: No 'Access-Control-Allow-Origin' header is present on the requested resource. @ https://live-streaming-eta.vercel.app/cricket/2026-08-19:0
[   42162ms] [ERROR] Failed to load resource: net::ERR_FAILED @ https://api.nfldata.org/v1/games?season=2026&season_type=3:0
[   42162ms] [LOG] ℹ️ NFL season type 3 failed: Failed to fetch @ https://live-streaming-eta.vercel.app/js/api.js?v=7:1411
[   42170ms] [ERROR] Access to fetch at 'https://api.nfldata.org/v1/games?season=2026&season_type=2' from origin 'https://live-streaming-eta.vercel.app' has been blocked by CORS policy: No 'Access-Control-Allow-Origin' header is present on the requested resource. @ https://live-streaming-eta.vercel.app/cricket/2026-08-19:0
[   42170ms] [ERROR] Failed to load resource: net::ERR_FAILED @ https://api.nfldata.org/v1/games?season=2026&season_type=2:0
[   42170ms] [LOG] ℹ️ NFL season type 2 failed: Failed to fetch @ https://live-streaming-eta.vercel.app/js/api.js?v=7:1411
[   42460ms] [ERROR] Access to fetch at 'https://api.nfldata.org/v1/games?season=2026&season_type=1' from origin 'https://live-streaming-eta.vercel.app' has been blocked by CORS policy: No 'Access-Control-Allow-Origin' header is present on the requested resource. @ https://live-streaming-eta.vercel.app/cricket/2026-08-19:0
[   42460ms] [ERROR] Failed to load resource: net::ERR_FAILED @ https://api.nfldata.org/v1/games?season=2026&season_type=1:0
[   42461ms] [LOG] ℹ️ NFL season type 1 failed: Failed to fetch @ https://live-streaming-eta.vercel.app/js/api.js?v=7:1411
[   42489ms] [ERROR] Access to fetch at 'https://api.nfldata.org/v1/games?season=2026&season_type=2' from origin 'https://live-streaming-eta.vercel.app' has been blocked by CORS policy: No 'Access-Control-Allow-Origin' header is present on the requested resource. @ https://live-streaming-eta.vercel.app/cricket/2026-08-19:0
[   42490ms] [ERROR] Failed to load resource: net::ERR_FAILED @ https://api.nfldata.org/v1/games?season=2026&season_type=2:0
[   42491ms] [LOG] ℹ️ NFL season type 2 failed: Failed to fetch @ https://live-streaming-eta.vercel.app/js/api.js?v=7:1411
[   42491ms] [ERROR] Access to fetch at 'https://api.nfldata.org/v1/games?season=2026&season_type=3' from origin 'https://live-streaming-eta.vercel.app' has been blocked by CORS policy: No 'Access-Control-Allow-Origin' header is present on the requested resource. @ https://live-streaming-eta.vercel.app/cricket/2026-08-19:0
[   42491ms] [ERROR] Failed to load resource: net::ERR_FAILED @ https://api.nfldata.org/v1/games?season=2026&season_type=3:0
[   42491ms] [LOG] ℹ️ NFL season type 3 failed: Failed to fetch @ https://live-streaming-eta.vercel.app/js/api.js?v=7:1411
[   42855ms] [ERROR] Access to fetch at 'https://api.nfldata.org/v1/games?season=2026&season_type=2' from origin 'https://live-streaming-eta.vercel.app' has been blocked by CORS policy: No 'Access-Control-Allow-Origin' header is present on the requested resource. @ https://live-streaming-eta.vercel.app/cricket/2026-08-19:0
[   42857ms] [ERROR] Failed to load resource: net::ERR_FAILED @ https://api.nfldata.org/v1/games?season=2026&season_type=2:0
[   42862ms] [LOG] ℹ️ NFL season type 2 failed: Failed to fetch @ https://live-streaming-eta.vercel.app/js/api.js?v=7:1411
[   42906ms] [ERROR] Access to fetch at 'https://api.nfldata.org/v1/games?season=2026&season_type=3' from origin 'https://live-streaming-eta.vercel.app' has been blocked by CORS policy: No 'Access-Control-Allow-Origin' header is present on the requested resource. @ https://live-streaming-eta.vercel.app/cricket/2026-08-19:0
[   42906ms] [ERROR] Failed to load resource: net::ERR_FAILED @ https://api.nfldata.org/v1/games?season=2026&season_type=3:0
[   42907ms] [LOG] ℹ️ NFL season type 3 failed: Failed to fetch @ https://live-streaming-eta.vercel.app/js/api.js?v=7:1411
[   43206ms] [ERROR] Access to fetch at 'https://api.nfldata.org/v1/games?season=2026&season_type=3' from origin 'https://live-streaming-eta.vercel.app' has been blocked by CORS policy: No 'Access-Control-Allow-Origin' header is present on the requested resource. @ https://live-streaming-eta.vercel.app/cricket/2026-08-19:0
[   43207ms] [ERROR] Failed to load resource: net::ERR_FAILED @ https://api.nfldata.org/v1/games?season=2026&season_type=3:0
[   43207ms] [LOG] ℹ️ NFL season type 3 failed: Failed to fetch @ https://live-streaming-eta.vercel.app/js/api.js?v=7:1411
[   44014ms] [LOG] 🌐 Fetching football... @ https://live-streaming-eta.vercel.app/js/api.js?v=7:467
[   44014ms] [LOG] 🌐 Fetching cricket... @ https://live-streaming-eta.vercel.app/js/api.js?v=7:467
[   44149ms] [LOG] 🌐 Fetching basketball... @ https://live-streaming-eta.vercel.app/js/api.js?v=7:467
[   44190ms] [LOG] 🌐 Fetching tennis... @ https://live-streaming-eta.vercel.app/js/api.js?v=7:467
[   44192ms] [LOG] 🌐 Fetching mma... @ https://live-streaming-eta.vercel.app/js/api.js?v=7:467
[   44193ms] [LOG] 🌐 Fetching ufc... @ https://live-streaming-eta.vercel.app/js/api.js?v=7:467
[   44197ms] [LOG] 🌐 Fetching football... @ https://live-streaming-eta.vercel.app/js/api.js?v=7:467
[   44199ms] [LOG] 🌐 Fetching cricket... @ https://live-streaming-eta.vercel.app/js/api.js?v=7:467
[   44203ms] [LOG] 🌐 Fetching basketball... @ https://live-streaming-eta.vercel.app/js/api.js?v=7:467
[   44207ms] [LOG] 🌐 Fetching tennis... @ https://live-streaming-eta.vercel.app/js/api.js?v=7:467
[   44208ms] [LOG] 🌐 Fetching mma... @ https://live-streaming-eta.vercel.app/js/api.js?v=7:467
[   44211ms] [LOG] 🌐 Fetching ufc... @ https://live-streaming-eta.vercel.app/js/api.js?v=7:467
[   44212ms] [LOG] 🌐 Fetching football... @ https://live-streaming-eta.vercel.app/js/api.js?v=7:467
[   44214ms] [LOG] 🌐 Fetching cricket... @ https://live-streaming-eta.vercel.app/js/api.js?v=7:467
[   44216ms] [LOG] 🌐 Fetching basketball... @ https://live-streaming-eta.vercel.app/js/api.js?v=7:467
[   44218ms] [LOG] 🌐 Fetching tennis... @ https://live-streaming-eta.vercel.app/js/api.js?v=7:467
[   44220ms] [LOG] 🌐 Fetching mma... @ https://live-streaming-eta.vercel.app/js/api.js?v=7:467
[   44224ms] [LOG] 🌐 Fetching ufc... @ https://live-streaming-eta.vercel.app/js/api.js?v=7:467
[   44226ms] [LOG] 🌐 Fetching football... @ https://live-streaming-eta.vercel.app/js/api.js?v=7:467
[   44227ms] [LOG] 🌐 Fetching cricket... @ https://live-streaming-eta.vercel.app/js/api.js?v=7:467
[   44230ms] [LOG] 🌐 Fetching basketball... @ https://live-streaming-eta.vercel.app/js/api.js?v=7:467
[   44232ms] [LOG] 🌐 Fetching tennis... @ https://live-streaming-eta.vercel.app/js/api.js?v=7:467
[   44236ms] [LOG] 🌐 Fetching mma... @ https://live-streaming-eta.vercel.app/js/api.js?v=7:467
[   44237ms] [LOG] 🌐 Fetching ufc... @ https://live-streaming-eta.vercel.app/js/api.js?v=7:467
[   44238ms] [LOG] 🌐 Fetching football... @ https://live-streaming-eta.vercel.app/js/api.js?v=7:467
[   44240ms] [LOG] 🌐 Fetching cricket... @ https://live-streaming-eta.vercel.app/js/api.js?v=7:467
[   44243ms] [LOG] 🌐 Fetching basketball... @ https://live-streaming-eta.vercel.app/js/api.js?v=7:467
[   44245ms] [LOG] 🌐 Fetching tennis... @ https://live-streaming-eta.vercel.app/js/api.js?v=7:467
[   44246ms] [LOG] 🌐 Fetching mma... @ https://live-streaming-eta.vercel.app/js/api.js?v=7:467
[   44253ms] [LOG] 🌐 Fetching ufc... @ https://live-streaming-eta.vercel.app/js/api.js?v=7:467
[   44473ms] [ERROR] Failed to load resource: the server responded with a status of 400 () @ https://sportscore.com/api/widget/matches/?sport=ufc&limit=30:0
[   44473ms] [LOG] ℹ️ ufc not available from SportScore API @ https://live-streaming-eta.vercel.app/js/api.js?v=7:471
[   44476ms] [ERROR] Failed to load resource: the server responded with a status of 400 () @ https://sportscore.com/api/widget/matches/?sport=mma&limit=30:0
[   44476ms] [LOG] ℹ️ mma not available from SportScore API @ https://live-streaming-eta.vercel.app/js/api.js?v=7:471
[   44675ms] [ERROR] Failed to load resource: the server responded with a status of 400 () @ https://sportscore.com/api/widget/matches/?sport=ufc&limit=30:0
[   44675ms] [LOG] ℹ️ ufc not available from SportScore API @ https://live-streaming-eta.vercel.app/js/api.js?v=7:471
[   44677ms] [ERROR] Failed to load resource: the server responded with a status of 400 () @ https://sportscore.com/api/widget/matches/?sport=mma&limit=30:0
[   44678ms] [LOG] ℹ️ mma not available from SportScore API @ https://live-streaming-eta.vercel.app/js/api.js?v=7:471
[   44791ms] [ERROR] Access to fetch at 'https://api.nfldata.org/v1/games?season=2026&season_type=1' from origin 'https://live-streaming-eta.vercel.app' has been blocked by CORS policy: No 'Access-Control-Allow-Origin' header is present on the requested resource. @ https://live-streaming-eta.vercel.app/cricket/2026-08-19:0
[   44791ms] [ERROR] Failed to load resource: net::ERR_FAILED @ https://api.nfldata.org/v1/games?season=2026&season_type=1:0
[   44793ms] [LOG] ℹ️ NFL season type 1 failed: Failed to fetch @ https://live-streaming-eta.vercel.app/js/api.js?v=7:1411
[   44863ms] [ERROR] Failed to load resource: the server responded with a status of 400 () @ https://sportscore.com/api/widget/matches/?sport=mma&limit=30:0
[   44863ms] [LOG] ℹ️ mma not available from SportScore API @ https://live-streaming-eta.vercel.app/js/api.js?v=7:471
[   44866ms] [ERROR] Failed to load resource: the server responded with a status of 400 () @ https://sportscore.com/api/widget/matches/?sport=ufc&limit=30:0
[   44867ms] [LOG] ℹ️ ufc not available from SportScore API @ https://live-streaming-eta.vercel.app/js/api.js?v=7:471
[   45077ms] [ERROR] Failed to load resource: the server responded with a status of 400 () @ https://sportscore.com/api/widget/matches/?sport=mma&limit=30:0
[   45241ms] [LOG] ℹ️ mma not available from SportScore API @ https://live-streaming-eta.vercel.app/js/api.js?v=7:471
[   45313ms] [ERROR] Failed to load resource: the server responded with a status of 400 () @ https://sportscore.com/api/widget/matches/?sport=ufc&limit=30:0
[   45318ms] [LOG] ℹ️ ufc not available from SportScore API @ https://live-streaming-eta.vercel.app/js/api.js?v=7:471
[   45333ms] [ERROR] Access to fetch at 'https://api.nfldata.org/v1/games?season=2026&season_type=1' from origin 'https://live-streaming-eta.vercel.app' has been blocked by CORS policy: No 'Access-Control-Allow-Origin' header is present on the requested resource. @ https://live-streaming-eta.vercel.app/cricket/2026-08-19:0
[   45339ms] [ERROR] Failed to load resource: net::ERR_FAILED @ https://api.nfldata.org/v1/games?season=2026&season_type=1:0
[   45342ms] [LOG] ℹ️ NFL season type 1 failed: Failed to fetch @ https://live-streaming-eta.vercel.app/js/api.js?v=7:1411
[   45347ms] [ERROR] Access to fetch at 'https://api.nfldata.org/v1/games?season=2026&season_type=2' from origin 'https://live-streaming-eta.vercel.app' has been blocked by CORS policy: No 'Access-Control-Allow-Origin' header is present on the requested resource. @ https://live-streaming-eta.vercel.app/cricket/2026-08-19:0
[   45350ms] [ERROR] Failed to load resource: net::ERR_FAILED @ https://api.nfldata.org/v1/games?season=2026&season_type=2:0
[   45360ms] [LOG] ℹ️ NFL season type 2 failed: Failed to fetch @ https://live-streaming-eta.vercel.app/js/api.js?v=7:1411
[   45378ms] [ERROR] Failed to load resource: the server responded with a status of 400 () @ https://sportscore.com/api/widget/matches/?sport=mma&limit=30:0
[   45401ms] [LOG] ℹ️ mma not available from SportScore API @ https://live-streaming-eta.vercel.app/js/api.js?v=7:471
[   45442ms] [ERROR] Failed to load resource: the server responded with a status of 400 () @ https://sportscore.com/api/widget/matches/?sport=ufc&limit=30:0
[   45444ms] [LOG] ℹ️ ufc not available from SportScore API @ https://live-streaming-eta.vercel.app/js/api.js?v=7:471
[   45467ms] [LOG] 🔄 Live Agent: refreshing scores... @ https://live-streaming-eta.vercel.app/js/app.js?v=8:906
[   45500ms] [LOG] 🌐 Fetching football... @ https://live-streaming-eta.vercel.app/js/api.js?v=7:467
[   45508ms] [LOG] 🌐 Fetching cricket... @ https://live-streaming-eta.vercel.app/js/api.js?v=7:467
[   45514ms] [LOG] 🌐 Fetching basketball... @ https://live-streaming-eta.vercel.app/js/api.js?v=7:467
[   45523ms] [LOG] 🌐 Fetching tennis... @ https://live-streaming-eta.vercel.app/js/api.js?v=7:467
[   45537ms] [LOG] 🌐 Fetching mma... @ https://live-streaming-eta.vercel.app/js/api.js?v=7:467
[   45546ms] [LOG] 🌐 Fetching ufc... @ https://live-streaming-eta.vercel.app/js/api.js?v=7:467
[   45588ms] [ERROR] Access to fetch at 'https://api.nfldata.org/v1/games?season=2026&season_type=1' from origin 'https://live-streaming-eta.vercel.app' has been blocked by CORS policy: No 'Access-Control-Allow-Origin' header is present on the requested resource. @ https://live-streaming-eta.vercel.app/cricket/2026-08-19:0
[   45590ms] [ERROR] Failed to load resource: net::ERR_FAILED @ https://api.nfldata.org/v1/games?season=2026&season_type=1:0
[   45598ms] [LOG] ℹ️ NFL season type 1 failed: Failed to fetch @ https://live-streaming-eta.vercel.app/js/api.js?v=7:1411
[   45815ms] [ERROR] Access to fetch at 'https://api.nfldata.org/v1/games?season=2026&season_type=1' from origin 'https://live-streaming-eta.vercel.app' has been blocked by CORS policy: No 'Access-Control-Allow-Origin' header is present on the requested resource. @ https://live-streaming-eta.vercel.app/cricket/2026-08-19:0
[   45815ms] [ERROR] Failed to load resource: net::ERR_FAILED @ https://api.nfldata.org/v1/games?season=2026&season_type=1:0
[   45815ms] [LOG] ℹ️ NFL season type 1 failed: Failed to fetch @ https://live-streaming-eta.vercel.app/js/api.js?v=7:1411
[   45830ms] [ERROR] Failed to load resource: the server responded with a status of 400 () @ https://sportscore.com/api/widget/matches/?sport=mma&limit=30:0
[   45830ms] [LOG] ℹ️ mma not available from SportScore API @ https://live-streaming-eta.vercel.app/js/api.js?v=7:471
[   45830ms] [LOG] ✅ Google Cricket: 0 matches @ https://live-streaming-eta.vercel.app/js/api.js?v=7:1328
[   45847ms] [ERROR] Failed to load resource: the server responded with a status of 400 () @ https://sportscore.com/api/widget/matches/?sport=ufc&limit=30:0
[   45847ms] [LOG] ℹ️ ufc not available from SportScore API @ https://live-streaming-eta.vercel.app/js/api.js?v=7:471
[   45889ms] [ERROR] Access to fetch at 'https://api.nfldata.org/v1/games?season=2026&season_type=2' from origin 'https://live-streaming-eta.vercel.app' has been blocked by CORS policy: No 'Access-Control-Allow-Origin' header is present on the requested resource. @ https://live-streaming-eta.vercel.app/cricket/2026-08-19:0
[   45892ms] [ERROR] Failed to load resource: net::ERR_FAILED @ https://api.nfldata.org/v1/games?season=2026&season_type=2:0
[   45894ms] [LOG] ℹ️ NFL season type 2 failed: Failed to fetch @ https://live-streaming-eta.vercel.app/js/api.js?v=7:1411
[   45914ms] [ERROR] Access to fetch at 'https://api.nfldata.org/v1/games?season=2026&season_type=3' from origin 'https://live-streaming-eta.vercel.app' has been blocked by CORS policy: No 'Access-Control-Allow-Origin' header is present on the requested resource. @ https://live-streaming-eta.vercel.app/cricket/2026-08-19:0
[   45916ms] [ERROR] Failed to load resource: net::ERR_FAILED @ https://api.nfldata.org/v1/games?season=2026&season_type=3:0
[   45917ms] [LOG] ℹ️ NFL season type 3 failed: Failed to fetch @ https://live-streaming-eta.vercel.app/js/api.js?v=7:1411
[   46062ms] [ERROR] Access to fetch at 'https://api.nfldata.org/v1/games?season=2026&season_type=1' from origin 'https://live-streaming-eta.vercel.app' has been blocked by CORS policy: No 'Access-Control-Allow-Origin' header is present on the requested resource. @ https://live-streaming-eta.vercel.app/cricket/2026-08-19:0
[   46064ms] [ERROR] Failed to load resource: net::ERR_FAILED @ https://api.nfldata.org/v1/games?season=2026&season_type=1:0
[   46065ms] [LOG] ℹ️ NFL season type 1 failed: Failed to fetch @ https://live-streaming-eta.vercel.app/js/api.js?v=7:1411
[   46251ms] [LOG] ✅ ESPN Cricket: 23 matches from 9 series @ https://live-streaming-eta.vercel.app/js/api.js?v=7:1233
[   46300ms] [LOG] ✅ Live Agent: refresh complete @ https://live-streaming-eta.vercel.app/js/app.js?v=8:973
[   46305ms] [ERROR] Access to fetch at 'https://api.nfldata.org/v1/games?season=2026&season_type=2' from origin 'https://live-streaming-eta.vercel.app' has been blocked by CORS policy: No 'Access-Control-Allow-Origin' header is present on the requested resource. @ https://live-streaming-eta.vercel.app/cricket/2026-08-19:0
[   46307ms] [ERROR] Failed to load resource: net::ERR_FAILED @ https://api.nfldata.org/v1/games?season=2026&season_type=2:0
[   46309ms] [LOG] ℹ️ NFL season type 2 failed: Failed to fetch @ https://live-streaming-eta.vercel.app/js/api.js?v=7:1411
[   46327ms] [ERROR] Access to fetch at 'https://api.nfldata.org/v1/games?season=2026&season_type=3' from origin 'https://live-streaming-eta.vercel.app' has been blocked by CORS policy: No 'Access-Control-Allow-Origin' header is present on the requested resource. @ https://live-streaming-eta.vercel.app/cricket/2026-08-19:0
[   46330ms] [ERROR] Failed to load resource: net::ERR_FAILED @ https://api.nfldata.org/v1/games?season=2026&season_type=3:0
[   46332ms] [LOG] ℹ️ NFL season type 3 failed: Failed to fetch @ https://live-streaming-eta.vercel.app/js/api.js?v=7:1411
[   46508ms] [ERROR] Access to fetch at 'https://api.nfldata.org/v1/games?season=2026&season_type=2' from origin 'https://live-streaming-eta.vercel.app' has been blocked by CORS policy: No 'Access-Control-Allow-Origin' header is present on the requested resource. @ https://live-streaming-eta.vercel.app/cricket/2026-08-19:0
[   46509ms] [ERROR] Failed to load resource: net::ERR_FAILED @ https://api.nfldata.org/v1/games?season=2026&season_type=2:0
[   46509ms] [LOG] ℹ️ NFL season type 2 failed: Failed to fetch @ https://live-streaming-eta.vercel.app/js/api.js?v=7:1411
[   46668ms] [ERROR] Access to fetch at 'https://api.nfldata.org/v1/games?season=2026&season_type=3' from origin 'https://live-streaming-eta.vercel.app' has been blocked by CORS policy: No 'Access-Control-Allow-Origin' header is present on the requested resource. @ https://live-streaming-eta.vercel.app/cricket/2026-08-19:0
[   46669ms] [ERROR] Failed to load resource: net::ERR_FAILED @ https://api.nfldata.org/v1/games?season=2026&season_type=3:0
[   46671ms] [LOG] ℹ️ NFL season type 3 failed: Failed to fetch @ https://live-streaming-eta.vercel.app/js/api.js?v=7:1411
[   46821ms] [ERROR] Access to fetch at 'https://api.nfldata.org/v1/games?season=2026&season_type=2' from origin 'https://live-streaming-eta.vercel.app' has been blocked by CORS policy: No 'Access-Control-Allow-Origin' header is present on the requested resource. @ https://live-streaming-eta.vercel.app/cricket/2026-08-19:0
[   46822ms] [ERROR] Failed to load resource: net::ERR_FAILED @ https://api.nfldata.org/v1/games?season=2026&season_type=2:0
[   46822ms] [LOG] ℹ️ NFL season type 2 failed: Failed to fetch @ https://live-streaming-eta.vercel.app/js/api.js?v=7:1411
[   46979ms] [ERROR] Access to fetch at 'https://api.nfldata.org/v1/games?season=2026&season_type=3' from origin 'https://live-streaming-eta.vercel.app' has been blocked by CORS policy: No 'Access-Control-Allow-Origin' header is present on the requested resource. @ https://live-streaming-eta.vercel.app/cricket/2026-08-19:0
[   46980ms] [ERROR] Failed to load resource: net::ERR_FAILED @ https://api.nfldata.org/v1/games?season=2026&season_type=3:0
[   46980ms] [LOG] ℹ️ NFL season type 3 failed: Failed to fetch @ https://live-streaming-eta.vercel.app/js/api.js?v=7:1411
[   47288ms] [ERROR] Access to fetch at 'https://api.nfldata.org/v1/games?season=2026&season_type=3' from origin 'https://live-streaming-eta.vercel.app' has been blocked by CORS policy: No 'Access-Control-Allow-Origin' header is present on the requested resource. @ https://live-streaming-eta.vercel.app/cricket/2026-08-19:0
[   47288ms] [ERROR] Failed to load resource: net::ERR_FAILED @ https://api.nfldata.org/v1/games?season=2026&season_type=3:0
[   47289ms] [LOG] ℹ️ NFL season type 3 failed: Failed to fetch @ https://live-streaming-eta.vercel.app/js/api.js?v=7:1411
[   48102ms] [LOG] 🌐 Fetching football... @ https://live-streaming-eta.vercel.app/js/api.js?v=7:467
[   48103ms] [LOG] 🌐 Fetching cricket... @ https://live-streaming-eta.vercel.app/js/api.js?v=7:467
[   48104ms] [LOG] 🌐 Fetching basketball... @ https://live-streaming-eta.vercel.app/js/api.js?v=7:467
[   48106ms] [LOG] 🌐 Fetching tennis... @ https://live-streaming-eta.vercel.app/js/api.js?v=7:467
[   48107ms] [LOG] 🌐 Fetching mma... @ https://live-streaming-eta.vercel.app/js/api.js?v=7:467
[   48109ms] [LOG] 🌐 Fetching ufc... @ https://live-streaming-eta.vercel.app/js/api.js?v=7:467
[   48110ms] [LOG] 🌐 Fetching football... @ https://live-streaming-eta.vercel.app/js/api.js?v=7:467
[   48111ms] [LOG] 🌐 Fetching cricket... @ https://live-streaming-eta.vercel.app/js/api.js?v=7:467
[   48112ms] [LOG] 🌐 Fetching basketball... @ https://live-streaming-eta.vercel.app/js/api.js?v=7:467
[   48113ms] [LOG] 🌐 Fetching tennis... @ https://live-streaming-eta.vercel.app/js/api.js?v=7:467
[   48114ms] [LOG] 🌐 Fetching mma... @ https://live-streaming-eta.vercel.app/js/api.js?v=7:467
[   48115ms] [LOG] 🌐 Fetching ufc... @ https://live-streaming-eta.vercel.app/js/api.js?v=7:467
[   48116ms] [LOG] 🌐 Fetching football... @ https://live-streaming-eta.vercel.app/js/api.js?v=7:467
[   48117ms] [LOG] 🌐 Fetching cricket... @ https://live-streaming-eta.vercel.app/js/api.js?v=7:467
[   48119ms] [LOG] 🌐 Fetching basketball... @ https://live-streaming-eta.vercel.app/js/api.js?v=7:467
[   48120ms] [LOG] 🌐 Fetching tennis... @ https://live-streaming-eta.vercel.app/js/api.js?v=7:467
[   48122ms] [LOG] 🌐 Fetching mma... @ https://live-streaming-eta.vercel.app/js/api.js?v=7:467
[   48123ms] [LOG] 🌐 Fetching ufc... @ https://live-streaming-eta.vercel.app/js/api.js?v=7:467
[   48124ms] [LOG] 🌐 Fetching football... @ https://live-streaming-eta.vercel.app/js/api.js?v=7:467
[   48125ms] [LOG] 🌐 Fetching cricket... @ https://live-streaming-eta.vercel.app/js/api.js?v=7:467
[   48126ms] [LOG] 🌐 Fetching basketball... @ https://live-streaming-eta.vercel.app/js/api.js?v=7:467
[   48127ms] [LOG] 🌐 Fetching tennis... @ https://live-streaming-eta.vercel.app/js/api.js?v=7:467
[   48128ms] [LOG] 🌐 Fetching mma... @ https://live-streaming-eta.vercel.app/js/api.js?v=7:467
[   48129ms] [LOG] 🌐 Fetching ufc... @ https://live-streaming-eta.vercel.app/js/api.js?v=7:467
[   48130ms] [LOG] 🌐 Fetching football... @ https://live-streaming-eta.vercel.app/js/api.js?v=7:467
[   48131ms] [LOG] 🌐 Fetching cricket... @ https://live-streaming-eta.vercel.app/js/api.js?v=7:467
[   48132ms] [LOG] 🌐 Fetching basketball... @ https://live-streaming-eta.vercel.app/js/api.js?v=7:467
[   48133ms] [LOG] 🌐 Fetching tennis... @ https://live-streaming-eta.vercel.app/js/api.js?v=7:467
[   48134ms] [LOG] 🌐 Fetching mma... @ https://live-streaming-eta.vercel.app/js/api.js?v=7:467
[   48135ms] [LOG] 🌐 Fetching ufc... @ https://live-streaming-eta.vercel.app/js/api.js?v=7:467
[   48315ms] [ERROR] Failed to load resource: the server responded with a status of 400 () @ https://sportscore.com/api/widget/matches/?sport=ufc&limit=30:0
[   48316ms] [LOG] ℹ️ ufc not available from SportScore API @ https://live-streaming-eta.vercel.app/js/api.js?v=7:471
[   48317ms] [ERROR] Failed to load resource: the server responded with a status of 400 () @ https://sportscore.com/api/widget/matches/?sport=mma&limit=30:0
[   48317ms] [LOG] ℹ️ mma not available from SportScore API @ https://live-streaming-eta.vercel.app/js/api.js?v=7:471
[   48509ms] [ERROR] Failed to load resource: the server responded with a status of 400 () @ https://sportscore.com/api/widget/matches/?sport=ufc&limit=30:0
[   48509ms] [LOG] ℹ️ ufc not available from SportScore API @ https://live-streaming-eta.vercel.app/js/api.js?v=7:471
[   48510ms] [ERROR] Failed to load resource: the server responded with a status of 400 () @ https://sportscore.com/api/widget/matches/?sport=mma&limit=30:0
[   48511ms] [LOG] ℹ️ mma not available from SportScore API @ https://live-streaming-eta.vercel.app/js/api.js?v=7:471
[   48629ms] [ERROR] Access to fetch at 'https://api.nfldata.org/v1/games?season=2026&season_type=1' from origin 'https://live-streaming-eta.vercel.app' has been blocked by CORS policy: No 'Access-Control-Allow-Origin' header is present on the requested resource. @ https://live-streaming-eta.vercel.app/cricket/2026-08-19:0
[   48630ms] [ERROR] Failed to load resource: net::ERR_FAILED @ https://api.nfldata.org/v1/games?season=2026&season_type=1:0
[   48630ms] [LOG] ℹ️ NFL season type 1 failed: Failed to fetch @ https://live-streaming-eta.vercel.app/js/api.js?v=7:1411
[   48727ms] [ERROR] Failed to load resource: the server responded with a status of 400 () @ https://sportscore.com/api/widget/matches/?sport=mma&limit=30:0
[   48728ms] [LOG] ℹ️ mma not available from SportScore API @ https://live-streaming-eta.vercel.app/js/api.js?v=7:471
[   48729ms] [ERROR] Failed to load resource: the server responded with a status of 400 () @ https://sportscore.com/api/widget/matches/?sport=ufc&limit=30:0
[   48730ms] [LOG] ℹ️ ufc not available from SportScore API @ https://live-streaming-eta.vercel.app/js/api.js?v=7:471
[   48921ms] [ERROR] Failed to load resource: the server responded with a status of 400 () @ https://sportscore.com/api/widget/matches/?sport=mma&limit=30:0
[   48926ms] [LOG] ℹ️ mma not available from SportScore API @ https://live-streaming-eta.vercel.app/js/api.js?v=7:471
[   48931ms] [ERROR] Failed to load resource: the server responded with a status of 400 () @ https://sportscore.com/api/widget/matches/?sport=ufc&limit=30:0
[   48931ms] [LOG] ℹ️ ufc not available from SportScore API @ https://live-streaming-eta.vercel.app/js/api.js?v=7:471
[   48949ms] [ERROR] Access to fetch at 'https://api.nfldata.org/v1/games?season=2026&season_type=2' from origin 'https://live-streaming-eta.vercel.app' has been blocked by CORS policy: No 'Access-Control-Allow-Origin' header is present on the requested resource. @ https://live-streaming-eta.vercel.app/cricket/2026-08-19:0
[   48949ms] [ERROR] Failed to load resource: net::ERR_FAILED @ https://api.nfldata.org/v1/games?season=2026&season_type=2:0
[   48949ms] [LOG] ℹ️ NFL season type 2 failed: Failed to fetch @ https://live-streaming-eta.vercel.app/js/api.js?v=7:1411
[   48954ms] [ERROR] Access to fetch at 'https://api.nfldata.org/v1/games?season=2026&season_type=1' from origin 'https://live-streaming-eta.vercel.app' has been blocked by CORS policy: No 'Access-Control-Allow-Origin' header is present on the requested resource. @ https://live-streaming-eta.vercel.app/cricket/2026-08-19:0
[   48955ms] [ERROR] Failed to load resource: net::ERR_FAILED @ https://api.nfldata.org/v1/games?season=2026&season_type=1:0
[   48955ms] [LOG] ℹ️ NFL season type 1 failed: Failed to fetch @ https://live-streaming-eta.vercel.app/js/api.js?v=7:1411
[   49113ms] [ERROR] Failed to load resource: the server responded with a status of 400 () @ https://sportscore.com/api/widget/matches/?sport=mma&limit=30:0
[   49117ms] [LOG] ℹ️ mma not available from SportScore API @ https://live-streaming-eta.vercel.app/js/api.js?v=7:471
[   49130ms] [ERROR] Failed to load resource: the server responded with a status of 400 () @ https://sportscore.com/api/widget/matches/?sport=ufc&limit=30:0
[   49130ms] [LOG] ℹ️ ufc not available from SportScore API @ https://live-streaming-eta.vercel.app/js/api.js?v=7:471
[   50002ms] [ERROR] Access to fetch at 'https://api.nfldata.org/v1/games?season=2026&season_type=3' from origin 'https://live-streaming-eta.vercel.app' has been blocked by CORS policy: No 'Access-Control-Allow-Origin' header is present on the requested resource. @ https://live-streaming-eta.vercel.app/cricket/2026-08-19:0
[   50003ms] [ERROR] Failed to load resource: net::ERR_FAILED @ https://api.nfldata.org/v1/games?season=2026&season_type=3:0
[   50003ms] [LOG] ℹ️ NFL season type 3 failed: Failed to fetch @ https://live-streaming-eta.vercel.app/js/api.js?v=7:1411
[   50012ms] [ERROR] Access to fetch at 'https://api.nfldata.org/v1/games?season=2026&season_type=1' from origin 'https://live-streaming-eta.vercel.app' has been blocked by CORS policy: No 'Access-Control-Allow-Origin' header is present on the requested resource. @ https://live-streaming-eta.vercel.app/cricket/2026-08-19:0
[   50012ms] [ERROR] Failed to load resource: net::ERR_FAILED @ https://api.nfldata.org/v1/games?season=2026&season_type=1:0
[   50012ms] [LOG] ℹ️ NFL season type 1 failed: Failed to fetch @ https://live-streaming-eta.vercel.app/js/api.js?v=7:1411
[   50014ms] [ERROR] Access to fetch at 'https://api.nfldata.org/v1/games?season=2026&season_type=2' from origin 'https://live-streaming-eta.vercel.app' has been blocked by CORS policy: No 'Access-Control-Allow-Origin' header is present on the requested resource. @ https://live-streaming-eta.vercel.app/cricket/2026-08-19:0
[   50015ms] [ERROR] Failed to load resource: net::ERR_FAILED @ https://api.nfldata.org/v1/games?season=2026&season_type=2:0
[   50015ms] [LOG] ℹ️ NFL season type 2 failed: Failed to fetch @ https://live-streaming-eta.vercel.app/js/api.js?v=7:1411
[   50327ms] [ERROR] Access to fetch at 'https://api.nfldata.org/v1/games?season=2026&season_type=1' from origin 'https://live-streaming-eta.vercel.app' has been blocked by CORS policy: No 'Access-Control-Allow-Origin' header is present on the requested resource. @ https://live-streaming-eta.vercel.app/cricket/2026-08-19:0
[   50327ms] [ERROR] Failed to load resource: net::ERR_FAILED @ https://api.nfldata.org/v1/games?season=2026&season_type=1:0
[   50328ms] [LOG] ℹ️ NFL season type 1 failed: Failed to fetch @ https://live-streaming-eta.vercel.app/js/api.js?v=7:1411
[   50340ms] [ERROR] Access to fetch at 'https://api.nfldata.org/v1/games?season=2026&season_type=2' from origin 'https://live-streaming-eta.vercel.app' has been blocked by CORS policy: No 'Access-Control-Allow-Origin' header is present on the requested resource. @ https://live-streaming-eta.vercel.app/cricket/2026-08-19:0
[   50341ms] [ERROR] Failed to load resource: net::ERR_FAILED @ https://api.nfldata.org/v1/games?season=2026&season_type=2:0
[   50342ms] [LOG] ℹ️ NFL season type 2 failed: Failed to fetch @ https://live-streaming-eta.vercel.app/js/api.js?v=7:1411
[   50481ms] [LOG] 🔄 Live Agent: refreshing scores... @ https://live-streaming-eta.vercel.app/js/app.js?v=8:906
[   50481ms] [LOG] 🌐 Fetching football... @ https://live-streaming-eta.vercel.app/js/api.js?v=7:467
[   50483ms] [LOG] 🌐 Fetching cricket... @ https://live-streaming-eta.vercel.app/js/api.js?v=7:467
[   50488ms] [LOG] 🌐 Fetching basketball... @ https://live-streaming-eta.vercel.app/js/api.js?v=7:467
[   50491ms] [LOG] 🌐 Fetching tennis... @ https://live-streaming-eta.vercel.app/js/api.js?v=7:467
[   50492ms] [LOG] 🌐 Fetching mma... @ https://live-streaming-eta.vercel.app/js/api.js?v=7:467
[   50497ms] [LOG] 🌐 Fetching ufc... @ https://live-streaming-eta.vercel.app/js/api.js?v=7:467
[   50514ms] [ERROR] Access to fetch at 'https://api.nfldata.org/v1/games?season=2026&season_type=3' from origin 'https://live-streaming-eta.vercel.app' has been blocked by CORS policy: No 'Access-Control-Allow-Origin' header is present on the requested resource. @ https://live-streaming-eta.vercel.app/cricket/2026-08-19:0
[   50515ms] [ERROR] Failed to load resource: net::ERR_FAILED @ https://api.nfldata.org/v1/games?season=2026&season_type=3:0
[   50516ms] [LOG] ℹ️ NFL season type 3 failed: Failed to fetch @ https://live-streaming-eta.vercel.app/js/api.js?v=7:1411
[   50527ms] [LOG] ✅ ESPN Cricket: 23 matches from 9 series @ https://live-streaming-eta.vercel.app/js/api.js?v=7:1233
[   50590ms] [LOG] ✅ Google Cricket: 0 matches @ https://live-streaming-eta.vercel.app/js/api.js?v=7:1328
[   50660ms] [ERROR] Access to fetch at 'https://api.nfldata.org/v1/games?season=2026&season_type=1' from origin 'https://live-streaming-eta.vercel.app' has been blocked by CORS policy: No 'Access-Control-Allow-Origin' header is present on the requested resource. @ https://live-streaming-eta.vercel.app/cricket/2026-08-19:0
[   50660ms] [ERROR] Failed to load resource: net::ERR_FAILED @ https://api.nfldata.org/v1/games?season=2026&season_type=1:0
[   50660ms] [LOG] ℹ️ NFL season type 1 failed: Failed to fetch @ https://live-streaming-eta.vercel.app/js/api.js?v=7:1411
[   50663ms] [ERROR] Access to fetch at 'https://api.nfldata.org/v1/games?season=2026&season_type=2' from origin 'https://live-streaming-eta.vercel.app' has been blocked by CORS policy: No 'Access-Control-Allow-Origin' header is present on the requested resource. @ https://live-streaming-eta.vercel.app/cricket/2026-08-19:0
[   50664ms] [ERROR] Failed to load resource: net::ERR_FAILED @ https://api.nfldata.org/v1/games?season=2026&season_type=2:0
[   50664ms] [LOG] ℹ️ NFL season type 2 failed: Failed to fetch @ https://live-streaming-eta.vercel.app/js/api.js?v=7:1411
[   50726ms] [ERROR] Failed to load resource: the server responded with a status of 400 () @ https://sportscore.com/api/widget/matches/?sport=mma&limit=30:0
[   50726ms] [LOG] ℹ️ mma not available from SportScore API @ https://live-streaming-eta.vercel.app/js/api.js?v=7:471
[   50728ms] [ERROR] Failed to load resource: the server responded with a status of 400 () @ https://sportscore.com/api/widget/matches/?sport=ufc&limit=30:0
[   50729ms] [LOG] ℹ️ ufc not available from SportScore API @ https://live-streaming-eta.vercel.app/js/api.js?v=7:471
[   50736ms] [LOG] ✅ Live Agent: refresh complete @ https://live-streaming-eta.vercel.app/js/app.js?v=8:973
[   50817ms] [ERROR] Access to fetch at 'https://api.nfldata.org/v1/games?season=2026&season_type=3' from origin 'https://live-streaming-eta.vercel.app' has been blocked by CORS policy: No 'Access-Control-Allow-Origin' header is present on the requested resource. @ https://live-streaming-eta.vercel.app/cricket/2026-08-19:0
[   50818ms] [ERROR] Failed to load resource: net::ERR_FAILED @ https://api.nfldata.org/v1/games?season=2026&season_type=3:0
[   50818ms] [LOG] ℹ️ NFL season type 3 failed: Failed to fetch @ https://live-streaming-eta.vercel.app/js/api.js?v=7:1411
[   50973ms] [ERROR] Access to fetch at 'https://api.nfldata.org/v1/games?season=2026&season_type=2' from origin 'https://live-streaming-eta.vercel.app' has been blocked by CORS policy: No 'Access-Control-Allow-Origin' header is present on the requested resource. @ https://live-streaming-eta.vercel.app/cricket/2026-08-19:0
[   50973ms] [ERROR] Failed to load resource: net::ERR_FAILED @ https://api.nfldata.org/v1/games?season=2026&season_type=2:0
[   50974ms] [LOG] ℹ️ NFL season type 2 failed: Failed to fetch @ https://live-streaming-eta.vercel.app/js/api.js?v=7:1411
[   51130ms] [ERROR] Access to fetch at 'https://api.nfldata.org/v1/games?season=2026&season_type=3' from origin 'https://live-streaming-eta.vercel.app' has been blocked by CORS policy: No 'Access-Control-Allow-Origin' header is present on the requested resource. @ https://live-streaming-eta.vercel.app/cricket/2026-08-19:0
[   51130ms] [ERROR] Failed to load resource: net::ERR_FAILED @ https://api.nfldata.org/v1/games?season=2026&season_type=3:0
[   51131ms] [LOG] ℹ️ NFL season type 3 failed: Failed to fetch @ https://live-streaming-eta.vercel.app/js/api.js?v=7:1411
[   51474ms] [ERROR] Access to fetch at 'https://api.nfldata.org/v1/games?season=2026&season_type=3' from origin 'https://live-streaming-eta.vercel.app' has been blocked by CORS policy: No 'Access-Control-Allow-Origin' header is present on the requested resource. @ https://live-streaming-eta.vercel.app/cricket/2026-08-19:0
[   51474ms] [ERROR] Failed to load resource: net::ERR_FAILED @ https://api.nfldata.org/v1/games?season=2026&season_type=3:0
[   51482ms] [LOG] ℹ️ NFL season type 3 failed: Failed to fetch @ https://live-streaming-eta.vercel.app/js/api.js?v=7:1411
[   52293ms] [LOG] 🌐 Fetching football... @ https://live-streaming-eta.vercel.app/js/api.js?v=7:467
[   52294ms] [LOG] 🌐 Fetching cricket... @ https://live-streaming-eta.vercel.app/js/api.js?v=7:467
[   52295ms] [LOG] 🌐 Fetching basketball... @ https://live-streaming-eta.vercel.app/js/api.js?v=7:467
[   52296ms] [LOG] 🌐 Fetching tennis... @ https://live-streaming-eta.vercel.app/js/api.js?v=7:467
[   52298ms] [LOG] 🌐 Fetching mma... @ https://live-streaming-eta.vercel.app/js/api.js?v=7:467
[   52301ms] [LOG] 🌐 Fetching ufc... @ https://live-streaming-eta.vercel.app/js/api.js?v=7:467
[   52330ms] [LOG] 🌐 Fetching football... @ https://live-streaming-eta.vercel.app/js/api.js?v=7:467
[   52339ms] [LOG] 🌐 Fetching cricket... @ https://live-streaming-eta.vercel.app/js/api.js?v=7:467
[   52342ms] [LOG] 🌐 Fetching basketball... @ https://live-streaming-eta.vercel.app/js/api.js?v=7:467
[   52346ms] [LOG] 🌐 Fetching tennis... @ https://live-streaming-eta.vercel.app/js/api.js?v=7:467
[   52347ms] [LOG] 🌐 Fetching mma... @ https://live-streaming-eta.vercel.app/js/api.js?v=7:467
[   52351ms] [LOG] 🌐 Fetching ufc... @ https://live-streaming-eta.vercel.app/js/api.js?v=7:467
[   52353ms] [LOG] 🌐 Fetching football... @ https://live-streaming-eta.vercel.app/js/api.js?v=7:467
[   52358ms] [LOG] 🌐 Fetching cricket... @ https://live-streaming-eta.vercel.app/js/api.js?v=7:467
[   52360ms] [LOG] 🌐 Fetching basketball... @ https://live-streaming-eta.vercel.app/js/api.js?v=7:467
[   52363ms] [LOG] 🌐 Fetching tennis... @ https://live-streaming-eta.vercel.app/js/api.js?v=7:467
[   52366ms] [LOG] 🌐 Fetching mma... @ https://live-streaming-eta.vercel.app/js/api.js?v=7:467
[   52366ms] [LOG] 🌐 Fetching ufc... @ https://live-streaming-eta.vercel.app/js/api.js?v=7:467
[   52367ms] [LOG] 🌐 Fetching football... @ https://live-streaming-eta.vercel.app/js/api.js?v=7:467
[   52368ms] [LOG] 🌐 Fetching cricket... @ https://live-streaming-eta.vercel.app/js/api.js?v=7:467
[   52370ms] [LOG] 🌐 Fetching basketball... @ https://live-streaming-eta.vercel.app/js/api.js?v=7:467
[   52371ms] [LOG] 🌐 Fetching tennis... @ https://live-streaming-eta.vercel.app/js/api.js?v=7:467
[   52371ms] [LOG] 🌐 Fetching mma... @ https://live-streaming-eta.vercel.app/js/api.js?v=7:467
[   52372ms] [LOG] 🌐 Fetching ufc... @ https://live-streaming-eta.vercel.app/js/api.js?v=7:467
[   52373ms] [LOG] 🌐 Fetching football... @ https://live-streaming-eta.vercel.app/js/api.js?v=7:467
[   52375ms] [LOG] 🌐 Fetching cricket... @ https://live-streaming-eta.vercel.app/js/api.js?v=7:467
[   52378ms] [LOG] 🌐 Fetching basketball... @ https://live-streaming-eta.vercel.app/js/api.js?v=7:467
[   52379ms] [LOG] 🌐 Fetching tennis... @ https://live-streaming-eta.vercel.app/js/api.js?v=7:467
[   52381ms] [LOG] 🌐 Fetching mma... @ https://live-streaming-eta.vercel.app/js/api.js?v=7:467
[   52382ms] [LOG] 🌐 Fetching ufc... @ https://live-streaming-eta.vercel.app/js/api.js?v=7:467
[   52561ms] [ERROR] Failed to load resource: the server responded with a status of 400 () @ https://sportscore.com/api/widget/matches/?sport=mma&limit=30:0
[   52562ms] [LOG] ℹ️ mma not available from SportScore API @ https://live-streaming-eta.vercel.app/js/api.js?v=7:471
[   52569ms] [ERROR] Failed to load resource: the server responded with a status of 400 () @ https://sportscore.com/api/widget/matches/?sport=ufc&limit=30:0
[   52570ms] [LOG] ℹ️ ufc not available from SportScore API @ https://live-streaming-eta.vercel.app/js/api.js?v=7:471
[   52757ms] [ERROR] Failed to load resource: the server responded with a status of 400 () @ https://sportscore.com/api/widget/matches/?sport=mma&limit=30:0
[   52758ms] [LOG] ℹ️ mma not available from SportScore API @ https://live-streaming-eta.vercel.app/js/api.js?v=7:471
[   52766ms] [ERROR] Failed to load resource: the server responded with a status of 400 () @ https://sportscore.com/api/widget/matches/?sport=ufc&limit=30:0
[   52767ms] [LOG] ℹ️ ufc not available from SportScore API @ https://live-streaming-eta.vercel.app/js/api.js?v=7:471
[   52891ms] [ERROR] Access to fetch at 'https://api.nfldata.org/v1/games?season=2026&season_type=1' from origin 'https://live-streaming-eta.vercel.app' has been blocked by CORS policy: No 'Access-Control-Allow-Origin' header is present on the requested resource. @ https://live-streaming-eta.vercel.app/cricket/2026-08-19:0
[   52892ms] [ERROR] Failed to load resource: net::ERR_FAILED @ https://api.nfldata.org/v1/games?season=2026&season_type=1:0
[   52908ms] [LOG] ℹ️ NFL season type 1 failed: Failed to fetch @ https://live-streaming-eta.vercel.app/js/api.js?v=7:1411
[   52951ms] [ERROR] Failed to load resource: the server responded with a status of 400 () @ https://sportscore.com/api/widget/matches/?sport=mma&limit=30:0
[   52951ms] [LOG] ℹ️ mma not available from SportScore API @ https://live-streaming-eta.vercel.app/js/api.js?v=7:471
[   52964ms] [ERROR] Failed to load resource: the server responded with a status of 400 () @ https://sportscore.com/api/widget/matches/?sport=ufc&limit=30:0
[   52964ms] [LOG] ℹ️ ufc not available from SportScore API @ https://live-streaming-eta.vercel.app/js/api.js?v=7:471
[   53150ms] [ERROR] Failed to load resource: the server responded with a status of 400 () @ https://sportscore.com/api/widget/matches/?sport=mma&limit=30:0
[   53150ms] [LOG] ℹ️ mma not available from SportScore API @ https://live-streaming-eta.vercel.app/js/api.js?v=7:471
[   53156ms] [ERROR] Failed to load resource: the server responded with a status of 400 () @ https://sportscore.com/api/widget/matches/?sport=ufc&limit=30:0
[   53156ms] [LOG] ℹ️ ufc not available from SportScore API @ https://live-streaming-eta.vercel.app/js/api.js?v=7:471
[   53206ms] [ERROR] Access to fetch at 'https://api.nfldata.org/v1/games?season=2026&season_type=1' from origin 'https://live-streaming-eta.vercel.app' has been blocked by CORS policy: No 'Access-Control-Allow-Origin' header is present on the requested resource. @ https://live-streaming-eta.vercel.app/cricket/2026-08-19:0
[   53207ms] [ERROR] Failed to load resource: net::ERR_FAILED @ https://api.nfldata.org/v1/games?season=2026&season_type=1:0
[   53207ms] [LOG] ℹ️ NFL season type 1 failed: Failed to fetch @ https://live-streaming-eta.vercel.app/js/api.js?v=7:1411
[   53249ms] [ERROR] Access to fetch at 'https://api.nfldata.org/v1/games?season=2026&season_type=2' from origin 'https://live-streaming-eta.vercel.app' has been blocked by CORS policy: No 'Access-Control-Allow-Origin' header is present on the requested resource. @ https://live-streaming-eta.vercel.app/cricket/2026-08-19:0
[   53250ms] [ERROR] Failed to load resource: net::ERR_FAILED @ https://api.nfldata.org/v1/games?season=2026&season_type=2:0
[   53250ms] [LOG] ℹ️ NFL season type 2 failed: Failed to fetch @ https://live-streaming-eta.vercel.app/js/api.js?v=7:1411
[   53343ms] [ERROR] Failed to load resource: the server responded with a status of 400 () @ https://sportscore.com/api/widget/matches/?sport=mma&limit=30:0
[   53343ms] [LOG] ℹ️ mma not available from SportScore API @ https://live-streaming-eta.vercel.app/js/api.js?v=7:471
[   53349ms] [ERROR] Failed to load resource: the server responded with a status of 400 () @ https://sportscore.com/api/widget/matches/?sport=ufc&limit=30:0
[   53350ms] [LOG] ℹ️ ufc not available from SportScore API @ https://live-streaming-eta.vercel.app/js/api.js?v=7:471
[   53517ms] [ERROR] Access to fetch at 'https://api.nfldata.org/v1/games?season=2026&season_type=1' from origin 'https://live-streaming-eta.vercel.app' has been blocked by CORS policy: No 'Access-Control-Allow-Origin' header is present on the requested resource. @ https://live-streaming-eta.vercel.app/cricket/2026-08-19:0
[   53517ms] [ERROR] Failed to load resource: net::ERR_FAILED @ https://api.nfldata.org/v1/games?season=2026&season_type=1:0
[   53517ms] [LOG] ℹ️ NFL season type 1 failed: Failed to fetch @ https://live-streaming-eta.vercel.app/js/api.js?v=7:1411
[   53573ms] [ERROR] Access to fetch at 'https://api.nfldata.org/v1/games?season=2026&season_type=2' from origin 'https://live-streaming-eta.vercel.app' has been blocked by CORS policy: No 'Access-Control-Allow-Origin' header is present on the requested resource. @ https://live-streaming-eta.vercel.app/cricket/2026-08-19:0
[   53574ms] [ERROR] Failed to load resource: net::ERR_FAILED @ https://api.nfldata.org/v1/games?season=2026&season_type=2:0
[   53581ms] [LOG] ℹ️ NFL season type 2 failed: Failed to fetch @ https://live-streaming-eta.vercel.app/js/api.js?v=7:1411
[   53584ms] [ERROR] Access to fetch at 'https://api.nfldata.org/v1/games?season=2026&season_type=3' from origin 'https://live-streaming-eta.vercel.app' has been blocked by CORS policy: No 'Access-Control-Allow-Origin' header is present on the requested resource. @ https://live-streaming-eta.vercel.app/cricket/2026-08-19:0
[   53584ms] [ERROR] Failed to load resource: net::ERR_FAILED @ https://api.nfldata.org/v1/games?season=2026&season_type=3:0
[   53587ms] [LOG] ℹ️ NFL season type 3 failed: Failed to fetch @ https://live-streaming-eta.vercel.app/js/api.js?v=7:1411
[   53834ms] [ERROR] Access to fetch at 'https://api.nfldata.org/v1/games?season=2026&season_type=1' from origin 'https://live-streaming-eta.vercel.app' has been blocked by CORS policy: No 'Access-Control-Allow-Origin' header is present on the requested resource. @ https://live-streaming-eta.vercel.app/cricket/2026-08-19:0
[   53834ms] [ERROR] Failed to load resource: net::ERR_FAILED @ https://api.nfldata.org/v1/games?season=2026&season_type=1:0
[   53835ms] [LOG] ℹ️ NFL season type 1 failed: Failed to fetch @ https://live-streaming-eta.vercel.app/js/api.js?v=7:1411
[   53904ms] [ERROR] Access to fetch at 'https://api.nfldata.org/v1/games?season=2026&season_type=2' from origin 'https://live-streaming-eta.vercel.app' has been blocked by CORS policy: No 'Access-Control-Allow-Origin' header is present on the requested resource. @ https://live-streaming-eta.vercel.app/cricket/2026-08-19:0
[   53904ms] [ERROR] Failed to load resource: net::ERR_FAILED @ https://api.nfldata.org/v1/games?season=2026&season_type=2:0
[   53905ms] [LOG] ℹ️ NFL season type 2 failed: Failed to fetch @ https://live-streaming-eta.vercel.app/js/api.js?v=7:1411
[   53918ms] [ERROR] Access to fetch at 'https://api.nfldata.org/v1/games?season=2026&season_type=3' from origin 'https://live-streaming-eta.vercel.app' has been blocked by CORS policy: No 'Access-Control-Allow-Origin' header is present on the requested resource. @ https://live-streaming-eta.vercel.app/cricket/2026-08-19:0
[   53918ms] [ERROR] Failed to load resource: net::ERR_FAILED @ https://api.nfldata.org/v1/games?season=2026&season_type=3:0
[   53918ms] [LOG] ℹ️ NFL season type 3 failed: Failed to fetch @ https://live-streaming-eta.vercel.app/js/api.js?v=7:1411
[   54147ms] [ERROR] Access to fetch at 'https://api.nfldata.org/v1/games?season=2026&season_type=1' from origin 'https://live-streaming-eta.vercel.app' has been blocked by CORS policy: No 'Access-Control-Allow-Origin' header is present on the requested resource. @ https://live-streaming-eta.vercel.app/cricket/2026-08-19:0
[   54148ms] [ERROR] Failed to load resource: net::ERR_FAILED @ https://api.nfldata.org/v1/games?season=2026&season_type=1:0
[   54148ms] [LOG] ℹ️ NFL season type 1 failed: Failed to fetch @ https://live-streaming-eta.vercel.app/js/api.js?v=7:1411
[   54213ms] [ERROR] Access to fetch at 'https://api.nfldata.org/v1/games?season=2026&season_type=2' from origin 'https://live-streaming-eta.vercel.app' has been blocked by CORS policy: No 'Access-Control-Allow-Origin' header is present on the requested resource. @ https://live-streaming-eta.vercel.app/cricket/2026-08-19:0
[   54214ms] [ERROR] Failed to load resource: net::ERR_FAILED @ https://api.nfldata.org/v1/games?season=2026&season_type=2:0
[   54216ms] [LOG] ℹ️ NFL season type 2 failed: Failed to fetch @ https://live-streaming-eta.vercel.app/js/api.js?v=7:1411
[   54234ms] [ERROR] Access to fetch at 'https://api.nfldata.org/v1/games?season=2026&season_type=3' from origin 'https://live-streaming-eta.vercel.app' has been blocked by CORS policy: No 'Access-Control-Allow-Origin' header is present on the requested resource. @ https://live-streaming-eta.vercel.app/cricket/2026-08-19:0
[   54235ms] [ERROR] Failed to load resource: net::ERR_FAILED @ https://api.nfldata.org/v1/games?season=2026&season_type=3:0
[   54236ms] [LOG] ℹ️ NFL season type 3 failed: Failed to fetch @ https://live-streaming-eta.vercel.app/js/api.js?v=7:1411
[   54527ms] [ERROR] Access to fetch at 'https://api.nfldata.org/v1/games?season=2026&season_type=2' from origin 'https://live-streaming-eta.vercel.app' has been blocked by CORS policy: No 'Access-Control-Allow-Origin' header is present on the requested resource. @ https://live-streaming-eta.vercel.app/cricket/2026-08-19:0
[   54527ms] [ERROR] Failed to load resource: net::ERR_FAILED @ https://api.nfldata.org/v1/games?season=2026&season_type=2:0
[   54528ms] [LOG] ℹ️ NFL season type 2 failed: Failed to fetch @ https://live-streaming-eta.vercel.app/js/api.js?v=7:1411
[   54545ms] [ERROR] Access to fetch at 'https://api.nfldata.org/v1/games?season=2026&season_type=3' from origin 'https://live-streaming-eta.vercel.app' has been blocked by CORS policy: No 'Access-Control-Allow-Origin' header is present on the requested resource. @ https://live-streaming-eta.vercel.app/cricket/2026-08-19:0
[   54546ms] [ERROR] Failed to load resource: net::ERR_FAILED @ https://api.nfldata.org/v1/games?season=2026&season_type=3:0
[   54547ms] [LOG] ℹ️ NFL season type 3 failed: Failed to fetch @ https://live-streaming-eta.vercel.app/js/api.js?v=7:1411
[   54864ms] [ERROR] Access to fetch at 'https://api.nfldata.org/v1/games?season=2026&season_type=3' from origin 'https://live-streaming-eta.vercel.app' has been blocked by CORS policy: No 'Access-Control-Allow-Origin' header is present on the requested resource. @ https://live-streaming-eta.vercel.app/cricket/2026-08-19:0
[   54865ms] [ERROR] Failed to load resource: net::ERR_FAILED @ https://api.nfldata.org/v1/games?season=2026&season_type=3:0
[   54865ms] [LOG] ℹ️ NFL season type 3 failed: Failed to fetch @ https://live-streaming-eta.vercel.app/js/api.js?v=7:1411
[   55442ms] [LOG] 🔄 Live Agent: refreshing scores... @ https://live-streaming-eta.vercel.app/js/app.js?v=8:906
[   55443ms] [LOG] 🌐 Fetching football... @ https://live-streaming-eta.vercel.app/js/api.js?v=7:467
[   55446ms] [LOG] 🌐 Fetching cricket... @ https://live-streaming-eta.vercel.app/js/api.js?v=7:467
[   55452ms] [LOG] 🌐 Fetching basketball... @ https://live-streaming-eta.vercel.app/js/api.js?v=7:467
[   55454ms] [LOG] 🌐 Fetching tennis... @ https://live-streaming-eta.vercel.app/js/api.js?v=7:467
[   55456ms] [LOG] 🌐 Fetching mma... @ https://live-streaming-eta.vercel.app/js/api.js?v=7:467
[   55457ms] [LOG] 🌐 Fetching ufc... @ https://live-streaming-eta.vercel.app/js/api.js?v=7:467
[   55525ms] [LOG] ✅ Google Cricket: 0 matches @ https://live-streaming-eta.vercel.app/js/api.js?v=7:1328
[   55667ms] [ERROR] Failed to load resource: the server responded with a status of 400 () @ https://sportscore.com/api/widget/matches/?sport=ufc&limit=30:0
[   55668ms] [LOG] ℹ️ ufc not available from SportScore API @ https://live-streaming-eta.vercel.app/js/api.js?v=7:471
[   55669ms] [LOG] 🌐 Fetching football... @ https://live-streaming-eta.vercel.app/js/api.js?v=7:467
[   55670ms] [LOG] 🌐 Fetching cricket... @ https://live-streaming-eta.vercel.app/js/api.js?v=7:467
[   55675ms] [LOG] 🌐 Fetching basketball... @ https://live-streaming-eta.vercel.app/js/api.js?v=7:467
[   55677ms] [LOG] 🌐 Fetching tennis... @ https://live-streaming-eta.vercel.app/js/api.js?v=7:467
[   55682ms] [LOG] 🌐 Fetching mma... @ https://live-streaming-eta.vercel.app/js/api.js?v=7:467
[   55684ms] [LOG] 🌐 Fetching ufc... @ https://live-streaming-eta.vercel.app/js/api.js?v=7:467
[   55685ms] [LOG] 🌐 Fetching football... @ https://live-streaming-eta.vercel.app/js/api.js?v=7:467
[   55688ms] [LOG] 🌐 Fetching cricket... @ https://live-streaming-eta.vercel.app/js/api.js?v=7:467
[   55689ms] [LOG] 🌐 Fetching basketball... @ https://live-streaming-eta.vercel.app/js/api.js?v=7:467
[   55691ms] [LOG] 🌐 Fetching tennis... @ https://live-streaming-eta.vercel.app/js/api.js?v=7:467
[   55693ms] [LOG] 🌐 Fetching mma... @ https://live-streaming-eta.vercel.app/js/api.js?v=7:467
[   55695ms] [LOG] 🌐 Fetching ufc... @ https://live-streaming-eta.vercel.app/js/api.js?v=7:467
[   55698ms] [LOG] 🌐 Fetching football... @ https://live-streaming-eta.vercel.app/js/api.js?v=7:467
[   55700ms] [LOG] 🌐 Fetching cricket... @ https://live-streaming-eta.vercel.app/js/api.js?v=7:467
[   55702ms] [LOG] 🌐 Fetching basketball... @ https://live-streaming-eta.vercel.app/js/api.js?v=7:467
[   55703ms] [LOG] 🌐 Fetching tennis... @ https://live-streaming-eta.vercel.app/js/api.js?v=7:467
[   55704ms] [LOG] 🌐 Fetching mma... @ https://live-streaming-eta.vercel.app/js/api.js?v=7:467
[   55705ms] [LOG] 🌐 Fetching ufc... @ https://live-streaming-eta.vercel.app/js/api.js?v=7:467
[   55706ms] [LOG] 🌐 Fetching football... @ https://live-streaming-eta.vercel.app/js/api.js?v=7:467
[   55707ms] [LOG] 🌐 Fetching cricket... @ https://live-streaming-eta.vercel.app/js/api.js?v=7:467
[   55709ms] [LOG] 🌐 Fetching basketball... @ https://live-streaming-eta.vercel.app/js/api.js?v=7:467
[   55711ms] [LOG] 🌐 Fetching tennis... @ https://live-streaming-eta.vercel.app/js/api.js?v=7:467
[   55712ms] [LOG] 🌐 Fetching mma... @ https://live-streaming-eta.vercel.app/js/api.js?v=7:467
[   55714ms] [LOG] 🌐 Fetching ufc... @ https://live-streaming-eta.vercel.app/js/api.js?v=7:467
[   55715ms] [LOG] 🌐 Fetching football... @ https://live-streaming-eta.vercel.app/js/api.js?v=7:467
[   55716ms] [LOG] 🌐 Fetching cricket... @ https://live-streaming-eta.vercel.app/js/api.js?v=7:467
[   55717ms] [LOG] 🌐 Fetching basketball... @ https://live-streaming-eta.vercel.app/js/api.js?v=7:467
[   55718ms] [LOG] 🌐 Fetching tennis... @ https://live-streaming-eta.vercel.app/js/api.js?v=7:467
[   55719ms] [LOG] 🌐 Fetching mma... @ https://live-streaming-eta.vercel.app/js/api.js?v=7:467
[   55720ms] [LOG] 🌐 Fetching ufc... @ https://live-streaming-eta.vercel.app/js/api.js?v=7:467
[   55722ms] [ERROR] Failed to load resource: the server responded with a status of 400 () @ https://sportscore.com/api/widget/matches/?sport=mma&limit=30:0
[   55722ms] [LOG] ℹ️ mma not available from SportScore API @ https://live-streaming-eta.vercel.app/js/api.js?v=7:471
[   55887ms] [ERROR] Failed to load resource: the server responded with a status of 400 () @ https://sportscore.com/api/widget/matches/?sport=mma&limit=30:0
[   55888ms] [LOG] ℹ️ mma not available from SportScore API @ https://live-streaming-eta.vercel.app/js/api.js?v=7:471
[   55891ms] [ERROR] Failed to load resource: the server responded with a status of 400 () @ https://sportscore.com/api/widget/matches/?sport=ufc&limit=30:0
[   55891ms] [LOG] ℹ️ ufc not available from SportScore API @ https://live-streaming-eta.vercel.app/js/api.js?v=7:471
[   56096ms] [ERROR] Failed to load resource: the server responded with a status of 400 () @ https://sportscore.com/api/widget/matches/?sport=ufc&limit=30:0
[   56096ms] [LOG] ℹ️ ufc not available from SportScore API @ https://live-streaming-eta.vercel.app/js/api.js?v=7:471
[   56097ms] [ERROR] Failed to load resource: the server responded with a status of 400 () @ https://sportscore.com/api/widget/matches/?sport=mma&limit=30:0
[   56097ms] [LOG] ℹ️ mma not available from SportScore API @ https://live-streaming-eta.vercel.app/js/api.js?v=7:471
[   56212ms] [ERROR] Access to fetch at 'https://api.nfldata.org/v1/games?season=2026&season_type=1' from origin 'https://live-streaming-eta.vercel.app' has been blocked by CORS policy: No 'Access-Control-Allow-Origin' header is present on the requested resource. @ https://live-streaming-eta.vercel.app/cricket/2026-08-19:0
[   56221ms] [ERROR] Failed to load resource: net::ERR_FAILED @ https://api.nfldata.org/v1/games?season=2026&season_type=1:0
[   56222ms] [LOG] ℹ️ NFL season type 1 failed: Failed to fetch @ https://live-streaming-eta.vercel.app/js/api.js?v=7:1411
[   56288ms] [ERROR] Failed to load resource: the server responded with a status of 400 () @ https://sportscore.com/api/widget/matches/?sport=ufc&limit=30:0
[   56289ms] [LOG] ℹ️ ufc not available from SportScore API @ https://live-streaming-eta.vercel.app/js/api.js?v=7:471
[   56291ms] [ERROR] Failed to load resource: the server responded with a status of 400 () @ https://sportscore.com/api/widget/matches/?sport=mma&limit=30:0
[   56291ms] [LOG] ℹ️ mma not available from SportScore API @ https://live-streaming-eta.vercel.app/js/api.js?v=7:471
[   56295ms] [LOG] ✅ ESPN Cricket: 23 matches from 9 series @ https://live-streaming-eta.vercel.app/js/api.js?v=7:1233
[   56302ms] [LOG] ✅ Live Agent: refresh complete @ https://live-streaming-eta.vercel.app/js/app.js?v=8:973
[   56482ms] [ERROR] Failed to load resource: the server responded with a status of 400 () @ https://sportscore.com/api/widget/matches/?sport=ufc&limit=30:0
[   56482ms] [LOG] ℹ️ ufc not available from SportScore API @ https://live-streaming-eta.vercel.app/js/api.js?v=7:471
[   56488ms] [ERROR] Failed to load resource: the server responded with a status of 400 () @ https://sportscore.com/api/widget/matches/?sport=mma&limit=30:0
[   56488ms] [LOG] ℹ️ mma not available from SportScore API @ https://live-streaming-eta.vercel.app/js/api.js?v=7:471
[   56541ms] [ERROR] Access to fetch at 'https://api.nfldata.org/v1/games?season=2026&season_type=2' from origin 'https://live-streaming-eta.vercel.app' has been blocked by CORS policy: No 'Access-Control-Allow-Origin' header is present on the requested resource. @ https://live-streaming-eta.vercel.app/cricket/2026-08-19:0
[   56542ms] [ERROR] Failed to load resource: net::ERR_FAILED @ https://api.nfldata.org/v1/games?season=2026&season_type=2:0
[   56542ms] [LOG] ℹ️ NFL season type 2 failed: Failed to fetch @ https://live-streaming-eta.vercel.app/js/api.js?v=7:1411
[   56548ms] [ERROR] Access to fetch at 'https://api.nfldata.org/v1/games?season=2026&season_type=1' from origin 'https://live-streaming-eta.vercel.app' has been blocked by CORS policy: No 'Access-Control-Allow-Origin' header is present on the requested resource. @ https://live-streaming-eta.vercel.app/cricket/2026-08-19:0
[   56549ms] [ERROR] Failed to load resource: net::ERR_FAILED @ https://api.nfldata.org/v1/games?season=2026&season_type=1:0
[   56549ms] [LOG] ℹ️ NFL season type 1 failed: Failed to fetch @ https://live-streaming-eta.vercel.app/js/api.js?v=7:1411
[   56681ms] [ERROR] Failed to load resource: the server responded with a status of 400 () @ https://sportscore.com/api/widget/matches/?sport=ufc&limit=30:0
[   56681ms] [LOG] ℹ️ ufc not available from SportScore API @ https://live-streaming-eta.vercel.app/js/api.js?v=7:471
[   56687ms] [ERROR] Failed to load resource: the server responded with a status of 400 () @ https://sportscore.com/api/widget/matches/?sport=mma&limit=30:0
[   56688ms] [LOG] ℹ️ mma not available from SportScore API @ https://live-streaming-eta.vercel.app/js/api.js?v=7:471
[   56871ms] [ERROR] Access to fetch at 'https://api.nfldata.org/v1/games?season=2026&season_type=3' from origin 'https://live-streaming-eta.vercel.app' has been blocked by CORS policy: No 'Access-Control-Allow-Origin' header is present on the requested resource. @ https://live-streaming-eta.vercel.app/cricket/2026-08-19:0
[   56872ms] [ERROR] Failed to load resource: net::ERR_FAILED @ https://api.nfldata.org/v1/games?season=2026&season_type=3:0
[   56873ms] [LOG] ℹ️ NFL season type 3 failed: Failed to fetch @ https://live-streaming-eta.vercel.app/js/api.js?v=7:1411
[   56875ms] [ERROR] Access to fetch at 'https://api.nfldata.org/v1/games?season=2026&season_type=2' from origin 'https://live-streaming-eta.vercel.app' has been blocked by CORS policy: No 'Access-Control-Allow-Origin' header is present on the requested resource. @ https://live-streaming-eta.vercel.app/cricket/2026-08-19:0
[   56878ms] [ERROR] Failed to load resource: net::ERR_FAILED @ https://api.nfldata.org/v1/games?season=2026&season_type=2:0
[   56879ms] [LOG] ℹ️ NFL season type 2 failed: Failed to fetch @ https://live-streaming-eta.vercel.app/js/api.js?v=7:1411
[   56881ms] [ERROR] Access to fetch at 'https://api.nfldata.org/v1/games?season=2026&season_type=1' from origin 'https://live-streaming-eta.vercel.app' has been blocked by CORS policy: No 'Access-Control-Allow-Origin' header is present on the requested resource. @ https://live-streaming-eta.vercel.app/cricket/2026-08-19:0
[   56882ms] [ERROR] Failed to load resource: net::ERR_FAILED @ https://api.nfldata.org/v1/games?season=2026&season_type=1:0
[   56883ms] [LOG] ℹ️ NFL season type 1 failed: Failed to fetch @ https://live-streaming-eta.vercel.app/js/api.js?v=7:1411
[   57207ms] [ERROR] Access to fetch at 'https://api.nfldata.org/v1/games?season=2026&season_type=1' from origin 'https://live-streaming-eta.vercel.app' has been blocked by CORS policy: No 'Access-Control-Allow-Origin' header is present on the requested resource. @ https://live-streaming-eta.vercel.app/cricket/2026-08-19:0
[   57208ms] [ERROR] Failed to load resource: net::ERR_FAILED @ https://api.nfldata.org/v1/games?season=2026&season_type=1:0
[   57208ms] [LOG] ℹ️ NFL season type 1 failed: Failed to fetch @ https://live-streaming-eta.vercel.app/js/api.js?v=7:1411
[   57210ms] [ERROR] Access to fetch at 'https://api.nfldata.org/v1/games?season=2026&season_type=2' from origin 'https://live-streaming-eta.vercel.app' has been blocked by CORS policy: No 'Access-Control-Allow-Origin' header is present on the requested resource. @ https://live-streaming-eta.vercel.app/cricket/2026-08-19:0
[   57211ms] [ERROR] Failed to load resource: net::ERR_FAILED @ https://api.nfldata.org/v1/games?season=2026&season_type=2:0
[   57213ms] [LOG] ℹ️ NFL season type 2 failed: Failed to fetch @ https://live-streaming-eta.vercel.app/js/api.js?v=7:1411
[   57221ms] [ERROR] Access to fetch at 'https://api.nfldata.org/v1/games?season=2026&season_type=3' from origin 'https://live-streaming-eta.vercel.app' has been blocked by CORS policy: No 'Access-Control-Allow-Origin' header is present on the requested resource. @ https://live-streaming-eta.vercel.app/cricket/2026-08-19:0
[   57222ms] [ERROR] Failed to load resource: net::ERR_FAILED @ https://api.nfldata.org/v1/games?season=2026&season_type=3:0
[   57222ms] [LOG] ℹ️ NFL season type 3 failed: Failed to fetch @ https://live-streaming-eta.vercel.app/js/api.js?v=7:1411
[   57595ms] [ERROR] Access to fetch at 'https://api.nfldata.org/v1/games?season=2026&season_type=1' from origin 'https://live-streaming-eta.vercel.app' has been blocked by CORS policy: No 'Access-Control-Allow-Origin' header is present on the requested resource. @ https://live-streaming-eta.vercel.app/cricket/2026-08-19:0
[   57595ms] [ERROR] Failed to load resource: net::ERR_FAILED @ https://api.nfldata.org/v1/games?season=2026&season_type=1:0
[   57595ms] [LOG] ℹ️ NFL season type 1 failed: Failed to fetch @ https://live-streaming-eta.vercel.app/js/api.js?v=7:1411
[   57597ms] [ERROR] Access to fetch at 'https://api.nfldata.org/v1/games?season=2026&season_type=2' from origin 'https://live-streaming-eta.vercel.app' has been blocked by CORS policy: No 'Access-Control-Allow-Origin' header is present on the requested resource. @ https://live-streaming-eta.vercel.app/cricket/2026-08-19:0
[   57602ms] [ERROR] Failed to load resource: net::ERR_FAILED @ https://api.nfldata.org/v1/games?season=2026&season_type=2:0
[   57605ms] [LOG] ℹ️ NFL season type 2 failed: Failed to fetch @ https://live-streaming-eta.vercel.app/js/api.js?v=7:1411
[   57608ms] [ERROR] Access to fetch at 'https://api.nfldata.org/v1/games?season=2026&season_type=3' from origin 'https://live-streaming-eta.vercel.app' has been blocked by CORS policy: No 'Access-Control-Allow-Origin' header is present on the requested resource. @ https://live-streaming-eta.vercel.app/cricket/2026-08-19:0
[   57609ms] [ERROR] Failed to load resource: net::ERR_FAILED @ https://api.nfldata.org/v1/games?season=2026&season_type=3:0
[   57610ms] [LOG] ℹ️ NFL season type 3 failed: Failed to fetch @ https://live-streaming-eta.vercel.app/js/api.js?v=7:1411
[   57930ms] [ERROR] Access to fetch at 'https://api.nfldata.org/v1/games?season=2026&season_type=2' from origin 'https://live-streaming-eta.vercel.app' has been blocked by CORS policy: No 'Access-Control-Allow-Origin' header is present on the requested resource. @ https://live-streaming-eta.vercel.app/cricket/2026-08-19:0
[   57931ms] [ERROR] Failed to load resource: net::ERR_FAILED @ https://api.nfldata.org/v1/games?season=2026&season_type=2:0
[   57932ms] [LOG] ℹ️ NFL season type 2 failed: Failed to fetch @ https://live-streaming-eta.vercel.app/js/api.js?v=7:1411
[   57940ms] [ERROR] Access to fetch at 'https://api.nfldata.org/v1/games?season=2026&season_type=3' from origin 'https://live-streaming-eta.vercel.app' has been blocked by CORS policy: No 'Access-Control-Allow-Origin' header is present on the requested resource. @ https://live-streaming-eta.vercel.app/cricket/2026-08-19:0
[   57940ms] [ERROR] Failed to load resource: net::ERR_FAILED @ https://api.nfldata.org/v1/games?season=2026&season_type=3:0
[   57941ms] [LOG] ℹ️ NFL season type 3 failed: Failed to fetch @ https://live-streaming-eta.vercel.app/js/api.js?v=7:1411
[   58252ms] [ERROR] Access to fetch at 'https://api.nfldata.org/v1/games?season=2026&season_type=3' from origin 'https://live-streaming-eta.vercel.app' has been blocked by CORS policy: No 'Access-Control-Allow-Origin' header is present on the requested resource. @ https://live-streaming-eta.vercel.app/cricket/2026-08-19:0
[   58252ms] [ERROR] Failed to load resource: net::ERR_FAILED @ https://api.nfldata.org/v1/games?season=2026&season_type=3:0
[   58252ms] [LOG] ℹ️ NFL season type 3 failed: Failed to fetch @ https://live-streaming-eta.vercel.app/js/api.js?v=7:1411
[   59057ms] [LOG] 🌐 Fetching football... @ https://live-streaming-eta.vercel.app/js/api.js?v=7:467
[   59058ms] [LOG] 🌐 Fetching cricket... @ https://live-streaming-eta.vercel.app/js/api.js?v=7:467
[   59060ms] [LOG] 🌐 Fetching basketball... @ https://live-streaming-eta.vercel.app/js/api.js?v=7:467
[   59065ms] [LOG] 🌐 Fetching tennis... @ https://live-streaming-eta.vercel.app/js/api.js?v=7:467
[   59069ms] [LOG] 🌐 Fetching mma... @ https://live-streaming-eta.vercel.app/js/api.js?v=7:467
[   59071ms] [LOG] 🌐 Fetching ufc... @ https://live-streaming-eta.vercel.app/js/api.js?v=7:467
[   59074ms] [LOG] 🌐 Fetching football... @ https://live-streaming-eta.vercel.app/js/api.js?v=7:467
[   59075ms] [LOG] 🌐 Fetching cricket... @ https://live-streaming-eta.vercel.app/js/api.js?v=7:467
[   59077ms] [LOG] 🌐 Fetching basketball... @ https://live-streaming-eta.vercel.app/js/api.js?v=7:467
[   59078ms] [LOG] 🌐 Fetching tennis... @ https://live-streaming-eta.vercel.app/js/api.js?v=7:467
[   59079ms] [LOG] 🌐 Fetching mma... @ https://live-streaming-eta.vercel.app/js/api.js?v=7:467
[   59081ms] [LOG] 🌐 Fetching ufc... @ https://live-streaming-eta.vercel.app/js/api.js?v=7:467
[   59083ms] [LOG] 🌐 Fetching football... @ https://live-streaming-eta.vercel.app/js/api.js?v=7:467
[   59088ms] [LOG] 🌐 Fetching cricket... @ https://live-streaming-eta.vercel.app/js/api.js?v=7:467
[   59091ms] [LOG] 🌐 Fetching basketball... @ https://live-streaming-eta.vercel.app/js/api.js?v=7:467
[   59092ms] [LOG] 🌐 Fetching tennis... @ https://live-streaming-eta.vercel.app/js/api.js?v=7:467
[   59094ms] [LOG] 🌐 Fetching mma... @ https://live-streaming-eta.vercel.app/js/api.js?v=7:467
[   59094ms] [LOG] 🌐 Fetching ufc... @ https://live-streaming-eta.vercel.app/js/api.js?v=7:467
[   59097ms] [LOG] 🌐 Fetching football... @ https://live-streaming-eta.vercel.app/js/api.js?v=7:467
[   59098ms] [LOG] 🌐 Fetching cricket... @ https://live-streaming-eta.vercel.app/js/api.js?v=7:467
[   59098ms] [LOG] 🌐 Fetching basketball... @ https://live-streaming-eta.vercel.app/js/api.js?v=7:467
[   59100ms] [LOG] 🌐 Fetching tennis... @ https://live-streaming-eta.vercel.app/js/api.js?v=7:467
[   59103ms] [LOG] 🌐 Fetching mma... @ https://live-streaming-eta.vercel.app/js/api.js?v=7:467
[   59105ms] [LOG] 🌐 Fetching ufc... @ https://live-streaming-eta.vercel.app/js/api.js?v=7:467
[   59106ms] [LOG] 🌐 Fetching football... @ https://live-streaming-eta.vercel.app/js/api.js?v=7:467
[   59108ms] [LOG] 🌐 Fetching cricket... @ https://live-streaming-eta.vercel.app/js/api.js?v=7:467
[   59109ms] [LOG] 🌐 Fetching basketball... @ https://live-streaming-eta.vercel.app/js/api.js?v=7:467
[   59110ms] [LOG] 🌐 Fetching tennis... @ https://live-streaming-eta.vercel.app/js/api.js?v=7:467
[   59111ms] [LOG] 🌐 Fetching mma... @ https://live-streaming-eta.vercel.app/js/api.js?v=7:467
[   59112ms] [LOG] 🌐 Fetching ufc... @ https://live-streaming-eta.vercel.app/js/api.js?v=7:467
[   59277ms] [ERROR] Failed to load resource: the server responded with a status of 400 () @ https://sportscore.com/api/widget/matches/?sport=ufc&limit=30:0
[   59277ms] [LOG] ℹ️ ufc not available from SportScore API @ https://live-streaming-eta.vercel.app/js/api.js?v=7:471
[   59283ms] [ERROR] Failed to load resource: the server responded with a status of 400 () @ https://sportscore.com/api/widget/matches/?sport=mma&limit=30:0
[   59283ms] [LOG] ℹ️ mma not available from SportScore API @ https://live-streaming-eta.vercel.app/js/api.js?v=7:471
[   59478ms] [ERROR] Failed to load resource: the server responded with a status of 400 () @ https://sportscore.com/api/widget/matches/?sport=ufc&limit=30:0
[   59478ms] [LOG] ℹ️ ufc not available from SportScore API @ https://live-streaming-eta.vercel.app/js/api.js?v=7:471
[   59483ms] [ERROR] Failed to load resource: the server responded with a status of 400 () @ https://sportscore.com/api/widget/matches/?sport=mma&limit=30:0
[   59483ms] [LOG] ℹ️ mma not available from SportScore API @ https://live-streaming-eta.vercel.app/js/api.js?v=7:471
[   59610ms] [ERROR] Access to fetch at 'https://api.nfldata.org/v1/games?season=2026&season_type=1' from origin 'https://live-streaming-eta.vercel.app' has been blocked by CORS policy: No 'Access-Control-Allow-Origin' header is present on the requested resource. @ https://live-streaming-eta.vercel.app/cricket/2026-08-19:0
[   59612ms] [ERROR] Failed to load resource: net::ERR_FAILED @ https://api.nfldata.org/v1/games?season=2026&season_type=1:0
[   59613ms] [LOG] ℹ️ NFL season type 1 failed: Failed to fetch @ https://live-streaming-eta.vercel.app/js/api.js?v=7:1411
[   59674ms] [ERROR] Failed to load resource: the server responded with a status of 400 () @ https://sportscore.com/api/widget/matches/?sport=ufc&limit=30:0
[   59675ms] [LOG] ℹ️ ufc not available from SportScore API @ https://live-streaming-eta.vercel.app/js/api.js?v=7:471
[   59680ms] [ERROR] Failed to load resource: the server responded with a status of 400 () @ https://sportscore.com/api/widget/matches/?sport=mma&limit=30:0
[   59680ms] [LOG] ℹ️ mma not available from SportScore API @ https://live-streaming-eta.vercel.app/js/api.js?v=7:471
[   59871ms] [ERROR] Failed to load resource: the server responded with a status of 400 () @ https://sportscore.com/api/widget/matches/?sport=ufc&limit=30:0
[   59872ms] [LOG] ℹ️ ufc not available from SportScore API @ https://live-streaming-eta.vercel.app/js/api.js?v=7:471
[   59878ms] [ERROR] Failed to load resource: the server responded with a status of 400 () @ https://sportscore.com/api/widget/matches/?sport=mma&limit=30:0
[   59879ms] [LOG] ℹ️ mma not available from SportScore API @ https://live-streaming-eta.vercel.app/js/api.js?v=7:471
[   59930ms] [ERROR] Access to fetch at 'https://api.nfldata.org/v1/games?season=2026&season_type=1' from origin 'https://live-streaming-eta.vercel.app' has been blocked by CORS policy: No 'Access-Control-Allow-Origin' header is present on the requested resource. @ https://live-streaming-eta.vercel.app/cricket/2026-08-19:0
[   59931ms] [ERROR] Failed to load resource: net::ERR_FAILED @ https://api.nfldata.org/v1/games?season=2026&season_type=1:0
[   59932ms] [LOG] ℹ️ NFL season type 1 failed: Failed to fetch @ https://live-streaming-eta.vercel.app/js/api.js?v=7:1411
[   59937ms] [ERROR] Access to fetch at 'https://api.nfldata.org/v1/games?season=2026&season_type=2' from origin 'https://live-streaming-eta.vercel.app' has been blocked by CORS policy: No 'Access-Control-Allow-Origin' header is present on the requested resource. @ https://live-streaming-eta.vercel.app/cricket/2026-08-19:0
[   59938ms] [ERROR] Failed to load resource: net::ERR_FAILED @ https://api.nfldata.org/v1/games?season=2026&season_type=2:0
[   59939ms] [LOG] ℹ️ NFL season type 2 failed: Failed to fetch @ https://live-streaming-eta.vercel.app/js/api.js?v=7:1411
[   60064ms] [ERROR] Failed to load resource: the server responded with a status of 400 () @ https://sportscore.com/api/widget/matches/?sport=ufc&limit=30:0
[   60065ms] [LOG] ℹ️ ufc not available from SportScore API @ https://live-streaming-eta.vercel.app/js/api.js?v=7:471
[   60074ms] [ERROR] Failed to load resource: the server responded with a status of 400 () @ https://sportscore.com/api/widget/matches/?sport=mma&limit=30:0
[   60075ms] [LOG] ℹ️ mma not available from SportScore API @ https://live-streaming-eta.vercel.app/js/api.js?v=7:471
[   60249ms] [ERROR] Access to fetch at 'https://api.nfldata.org/v1/games?season=2026&season_type=1' from origin 'https://live-streaming-eta.vercel.app' has been blocked by CORS policy: No 'Access-Control-Allow-Origin' header is present on the requested resource. @ https://live-streaming-eta.vercel.app/cricket/2026-08-19:0
[   60250ms] [ERROR] Failed to load resource: net::ERR_FAILED @ https://api.nfldata.org/v1/games?season=2026&season_type=1:0
[   60251ms] [LOG] ℹ️ NFL season type 1 failed: Failed to fetch @ https://live-streaming-eta.vercel.app/js/api.js?v=7:1411
[   60258ms] [ERROR] Access to fetch at 'https://api.nfldata.org/v1/games?season=2026&season_type=2' from origin 'https://live-streaming-eta.vercel.app' has been blocked by CORS policy: No 'Access-Control-Allow-Origin' header is present on the requested resource. @ https://live-streaming-eta.vercel.app/cricket/2026-08-19:0
[   60259ms] [ERROR] Failed to load resource: net::ERR_FAILED @ https://api.nfldata.org/v1/games?season=2026&season_type=2:0
[   60260ms] [LOG] ℹ️ NFL season type 2 failed: Failed to fetch @ https://live-streaming-eta.vercel.app/js/api.js?v=7:1411
[   60263ms] [ERROR] Access to fetch at 'https://api.nfldata.org/v1/games?season=2026&season_type=3' from origin 'https://live-streaming-eta.vercel.app' has been blocked by CORS policy: No 'Access-Control-Allow-Origin' header is present on the requested resource. @ https://live-streaming-eta.vercel.app/cricket/2026-08-19:0
[   60263ms] [ERROR] Failed to load resource: net::ERR_FAILED @ https://api.nfldata.org/v1/games?season=2026&season_type=3:0
[   60264ms] [LOG] ℹ️ NFL season type 3 failed: Failed to fetch @ https://live-streaming-eta.vercel.app/js/api.js?v=7:1411
[   60425ms] [LOG] 🔄 Live Agent: refreshing scores... @ https://live-streaming-eta.vercel.app/js/app.js?v=8:906
[   60426ms] [LOG] 🌐 Fetching football... @ https://live-streaming-eta.vercel.app/js/api.js?v=7:467
[   60429ms] [LOG] 🌐 Fetching cricket... @ https://live-streaming-eta.vercel.app/js/api.js?v=7:467
[   60431ms] [LOG] 🌐 Fetching basketball... @ https://live-streaming-eta.vercel.app/js/api.js?v=7:467
[   60435ms] [LOG] 🌐 Fetching tennis... @ https://live-streaming-eta.vercel.app/js/api.js?v=7:467
[   60439ms] [LOG] 🌐 Fetching mma... @ https://live-streaming-eta.vercel.app/js/api.js?v=7:467
[   60443ms] [LOG] 🌐 Fetching ufc... @ https://live-streaming-eta.vercel.app/js/api.js?v=7:467
[   60465ms] [LOG] ✅ ESPN Cricket: 23 matches from 9 series @ https://live-streaming-eta.vercel.app/js/api.js?v=7:1233
[   60529ms] [LOG] ✅ Google Cricket: 0 matches @ https://live-streaming-eta.vercel.app/js/api.js?v=7:1328
[   60568ms] [ERROR] Access to fetch at 'https://api.nfldata.org/v1/games?season=2026&season_type=1' from origin 'https://live-streaming-eta.vercel.app' has been blocked by CORS policy: No 'Access-Control-Allow-Origin' header is present on the requested resource. @ https://live-streaming-eta.vercel.app/cricket/2026-08-19:0
[   60569ms] [ERROR] Failed to load resource: net::ERR_FAILED @ https://api.nfldata.org/v1/games?season=2026&season_type=1:0
[   60569ms] [LOG] ℹ️ NFL season type 1 failed: Failed to fetch @ https://live-streaming-eta.vercel.app/js/api.js?v=7:1411
[   60582ms] [ERROR] Access to fetch at 'https://api.nfldata.org/v1/games?season=2026&season_type=2' from origin 'https://live-streaming-eta.vercel.app' has been blocked by CORS policy: No 'Access-Control-Allow-Origin' header is present on the requested resource. @ https://live-streaming-eta.vercel.app/cricket/2026-08-19:0
[   60584ms] [ERROR] Failed to load resource: net::ERR_FAILED @ https://api.nfldata.org/v1/games?season=2026&season_type=2:0
[   60584ms] [LOG] ℹ️ NFL season type 2 failed: Failed to fetch @ https://live-streaming-eta.vercel.app/js/api.js?v=7:1411
[   60593ms] [ERROR] Access to fetch at 'https://api.nfldata.org/v1/games?season=2026&season_type=3' from origin 'https://live-streaming-eta.vercel.app' has been blocked by CORS policy: No 'Access-Control-Allow-Origin' header is present on the requested resource. @ https://live-streaming-eta.vercel.app/cricket/2026-08-19:0
[   60593ms] [ERROR] Failed to load resource: net::ERR_FAILED @ https://api.nfldata.org/v1/games?season=2026&season_type=3:0
[   60593ms] [LOG] ℹ️ NFL season type 3 failed: Failed to fetch @ https://live-streaming-eta.vercel.app/js/api.js?v=7:1411
[   60655ms] [ERROR] Failed to load resource: the server responded with a status of 400 () @ https://sportscore.com/api/widget/matches/?sport=mma&limit=30:0
[   60656ms] [LOG] ℹ️ mma not available from SportScore API @ https://live-streaming-eta.vercel.app/js/api.js?v=7:471
[   60659ms] [ERROR] Failed to load resource: the server responded with a status of 400 () @ https://sportscore.com/api/widget/matches/?sport=ufc&limit=30:0
[   60659ms] [LOG] ℹ️ ufc not available from SportScore API @ https://live-streaming-eta.vercel.app/js/api.js?v=7:471
[   60683ms] [LOG] ✅ Live Agent: refresh complete @ https://live-streaming-eta.vercel.app/js/app.js?v=8:973
[   60880ms] [ERROR] Access to fetch at 'https://api.nfldata.org/v1/games?season=2026&season_type=1' from origin 'https://live-streaming-eta.vercel.app' has been blocked by CORS policy: No 'Access-Control-Allow-Origin' header is present on the requested resource. @ https://live-streaming-eta.vercel.app/cricket/2026-08-19:0
[   60881ms] [ERROR] Failed to load resource: net::ERR_FAILED @ https://api.nfldata.org/v1/games?season=2026&season_type=1:0
[   60881ms] [LOG] ℹ️ NFL season type 1 failed: Failed to fetch @ https://live-streaming-eta.vercel.app/js/api.js?v=7:1411
[   60900ms] [ERROR] Access to fetch at 'https://api.nfldata.org/v1/games?season=2026&season_type=2' from origin 'https://live-streaming-eta.vercel.app' has been blocked by CORS policy: No 'Access-Control-Allow-Origin' header is present on the requested resource. @ https://live-streaming-eta.vercel.app/cricket/2026-08-19:0
[   60901ms] [ERROR] Failed to load resource: net::ERR_FAILED @ https://api.nfldata.org/v1/games?season=2026&season_type=2:0
[   60905ms] [LOG] ℹ️ NFL season type 2 failed: Failed to fetch @ https://live-streaming-eta.vercel.app/js/api.js?v=7:1411
[   60909ms] [ERROR] Access to fetch at 'https://api.nfldata.org/v1/games?season=2026&season_type=3' from origin 'https://live-streaming-eta.vercel.app' has been blocked by CORS policy: No 'Access-Control-Allow-Origin' header is present on the requested resource. @ https://live-streaming-eta.vercel.app/cricket/2026-08-19:0
[   60911ms] [ERROR] Failed to load resource: net::ERR_FAILED @ https://api.nfldata.org/v1/games?season=2026&season_type=3:0
[   60912ms] [LOG] ℹ️ NFL season type 3 failed: Failed to fetch @ https://live-streaming-eta.vercel.app/js/api.js?v=7:1411
[   61212ms] [ERROR] Access to fetch at 'https://api.nfldata.org/v1/games?season=2026&season_type=2' from origin 'https://live-streaming-eta.vercel.app' has been blocked by CORS policy: No 'Access-Control-Allow-Origin' header is present on the requested resource. @ https://live-streaming-eta.vercel.app/cricket/2026-08-19:0
[   61213ms] [ERROR] Failed to load resource: net::ERR_FAILED @ https://api.nfldata.org/v1/games?season=2026&season_type=2:0
[   61214ms] [LOG] ℹ️ NFL season type 2 failed: Failed to fetch @ https://live-streaming-eta.vercel.app/js/api.js?v=7:1411
[   61219ms] [ERROR] Access to fetch at 'https://api.nfldata.org/v1/games?season=2026&season_type=3' from origin 'https://live-streaming-eta.vercel.app' has been blocked by CORS policy: No 'Access-Control-Allow-Origin' header is present on the requested resource. @ https://live-streaming-eta.vercel.app/cricket/2026-08-19:0
[   61221ms] [ERROR] Failed to load resource: net::ERR_FAILED @ https://api.nfldata.org/v1/games?season=2026&season_type=3:0
[   61221ms] [LOG] ℹ️ NFL season type 3 failed: Failed to fetch @ https://live-streaming-eta.vercel.app/js/api.js?v=7:1411
[   61546ms] [ERROR] Access to fetch at 'https://api.nfldata.org/v1/games?season=2026&season_type=3' from origin 'https://live-streaming-eta.vercel.app' has been blocked by CORS policy: No 'Access-Control-Allow-Origin' header is present on the requested resource. @ https://live-streaming-eta.vercel.app/cricket/2026-08-19:0
[   61547ms] [ERROR] Failed to load resource: net::ERR_FAILED @ https://api.nfldata.org/v1/games?season=2026&season_type=3:0
[   61547ms] [LOG] ℹ️ NFL season type 3 failed: Failed to fetch @ https://live-streaming-eta.vercel.app/js/api.js?v=7:1411
[   62357ms] [LOG] 🌐 Fetching football... @ https://live-streaming-eta.vercel.app/js/api.js?v=7:467
[   62362ms] [LOG] 🌐 Fetching cricket... @ https://live-streaming-eta.vercel.app/js/api.js?v=7:467
[   62366ms] [LOG] 🌐 Fetching basketball... @ https://live-streaming-eta.vercel.app/js/api.js?v=7:467
[   62375ms] [LOG] 🌐 Fetching tennis... @ https://live-streaming-eta.vercel.app/js/api.js?v=7:467
[   62381ms] [LOG] 🌐 Fetching mma... @ https://live-streaming-eta.vercel.app/js/api.js?v=7:467
[   62385ms] [LOG] 🌐 Fetching ufc... @ https://live-streaming-eta.vercel.app/js/api.js?v=7:467
[   62386ms] [LOG] 🌐 Fetching football... @ https://live-streaming-eta.vercel.app/js/api.js?v=7:467
[   62394ms] [LOG] 🌐 Fetching cricket... @ https://live-streaming-eta.vercel.app/js/api.js?v=7:467
[   62395ms] [LOG] 🌐 Fetching basketball... @ https://live-streaming-eta.vercel.app/js/api.js?v=7:467
[   62396ms] [LOG] 🌐 Fetching tennis... @ https://live-streaming-eta.vercel.app/js/api.js?v=7:467
[   62397ms] [LOG] 🌐 Fetching mma... @ https://live-streaming-eta.vercel.app/js/api.js?v=7:467
[   62398ms] [LOG] 🌐 Fetching ufc... @ https://live-streaming-eta.vercel.app/js/api.js?v=7:467
[   62400ms] [LOG] 🌐 Fetching football... @ https://live-streaming-eta.vercel.app/js/api.js?v=7:467
[   62402ms] [LOG] 🌐 Fetching cricket... @ https://live-streaming-eta.vercel.app/js/api.js?v=7:467
[   62403ms] [LOG] 🌐 Fetching basketball... @ https://live-streaming-eta.vercel.app/js/api.js?v=7:467
[   62410ms] [LOG] 🌐 Fetching tennis... @ https://live-streaming-eta.vercel.app/js/api.js?v=7:467
[   62411ms] [LOG] 🌐 Fetching mma... @ https://live-streaming-eta.vercel.app/js/api.js?v=7:467
[   62412ms] [LOG] 🌐 Fetching ufc... @ https://live-streaming-eta.vercel.app/js/api.js?v=7:467
[   62413ms] [LOG] 🌐 Fetching football... @ https://live-streaming-eta.vercel.app/js/api.js?v=7:467
[   62413ms] [LOG] 🌐 Fetching cricket... @ https://live-streaming-eta.vercel.app/js/api.js?v=7:467
[   62414ms] [LOG] 🌐 Fetching basketball... @ https://live-streaming-eta.vercel.app/js/api.js?v=7:467
[   62416ms] [LOG] 🌐 Fetching tennis... @ https://live-streaming-eta.vercel.app/js/api.js?v=7:467
[   62417ms] [LOG] 🌐 Fetching mma... @ https://live-streaming-eta.vercel.app/js/api.js?v=7:467
[   62418ms] [LOG] 🌐 Fetching ufc... @ https://live-streaming-eta.vercel.app/js/api.js?v=7:467
[   62419ms] [LOG] 🌐 Fetching football... @ https://live-streaming-eta.vercel.app/js/api.js?v=7:467
[   62426ms] [LOG] 🌐 Fetching cricket... @ https://live-streaming-eta.vercel.app/js/api.js?v=7:467
[   62428ms] [LOG] 🌐 Fetching basketball... @ https://live-streaming-eta.vercel.app/js/api.js?v=7:467
[   62428ms] [LOG] 🌐 Fetching tennis... @ https://live-streaming-eta.vercel.app/js/api.js?v=7:467
[   62429ms] [LOG] 🌐 Fetching mma... @ https://live-streaming-eta.vercel.app/js/api.js?v=7:467
[   62430ms] [LOG] 🌐 Fetching ufc... @ https://live-streaming-eta.vercel.app/js/api.js?v=7:467
[   62630ms] [ERROR] Failed to load resource: the server responded with a status of 400 () @ https://sportscore.com/api/widget/matches/?sport=ufc&limit=30:0
[   62630ms] [LOG] ℹ️ ufc not available from SportScore API @ https://live-streaming-eta.vercel.app/js/api.js?v=7:471
[   62644ms] [ERROR] Failed to load resource: the server responded with a status of 400 () @ https://sportscore.com/api/widget/matches/?sport=mma&limit=30:0
[   62644ms] [LOG] ℹ️ mma not available from SportScore API @ https://live-streaming-eta.vercel.app/js/api.js?v=7:471
[   62826ms] [ERROR] Failed to load resource: the server responded with a status of 400 () @ https://sportscore.com/api/widget/matches/?sport=ufc&limit=30:0
[   62827ms] [LOG] ℹ️ ufc not available from SportScore API @ https://live-streaming-eta.vercel.app/js/api.js?v=7:471
[   62844ms] [ERROR] Failed to load resource: the server responded with a status of 400 () @ https://sportscore.com/api/widget/matches/?sport=mma&limit=30:0
[   62845ms] [LOG] ℹ️ mma not available from SportScore API @ https://live-streaming-eta.vercel.app/js/api.js?v=7:471
[   62959ms] [ERROR] Access to fetch at 'https://api.nfldata.org/v1/games?season=2026&season_type=1' from origin 'https://live-streaming-eta.vercel.app' has been blocked by CORS policy: No 'Access-Control-Allow-Origin' header is present on the requested resource. @ https://live-streaming-eta.vercel.app/cricket/2026-08-19:0
[   62959ms] [ERROR] Failed to load resource: net::ERR_FAILED @ https://api.nfldata.org/v1/games?season=2026&season_type=1:0
[   62960ms] [LOG] ℹ️ NFL season type 1 failed: Failed to fetch @ https://live-streaming-eta.vercel.app/js/api.js?v=7:1411
[   63027ms] [ERROR] Failed to load resource: the server responded with a status of 400 () @ https://sportscore.com/api/widget/matches/?sport=ufc&limit=30:0
[   63027ms] [LOG] ℹ️ ufc not available from SportScore API @ https://live-streaming-eta.vercel.app/js/api.js?v=7:471
[   63037ms] [ERROR] Failed to load resource: the server responded with a status of 400 () @ https://sportscore.com/api/widget/matches/?sport=mma&limit=30:0
[   63041ms] [LOG] ℹ️ mma not available from SportScore API @ https://live-streaming-eta.vercel.app/js/api.js?v=7:471
[   63226ms] [ERROR] Failed to load resource: the server responded with a status of 400 () @ https://sportscore.com/api/widget/matches/?sport=ufc&limit=30:0
[   63227ms] [LOG] ℹ️ ufc not available from SportScore API @ https://live-streaming-eta.vercel.app/js/api.js?v=7:471
[   63233ms] [ERROR] Failed to load resource: the server responded with a status of 400 () @ https://sportscore.com/api/widget/matches/?sport=mma&limit=30:0
[   63233ms] [LOG] ℹ️ mma not available from SportScore API @ https://live-streaming-eta.vercel.app/js/api.js?v=7:471
[   63278ms] [ERROR] Access to fetch at 'https://api.nfldata.org/v1/games?season=2026&season_type=2' from origin 'https://live-streaming-eta.vercel.app' has been blocked by CORS policy: No 'Access-Control-Allow-Origin' header is present on the requested resource. @ https://live-streaming-eta.vercel.app/cricket/2026-08-19:0
[   63278ms] [ERROR] Failed to load resource: net::ERR_FAILED @ https://api.nfldata.org/v1/games?season=2026&season_type=2:0
[   63278ms] [LOG] ℹ️ NFL season type 2 failed: Failed to fetch @ https://live-streaming-eta.vercel.app/js/api.js?v=7:1411
[   63285ms] [ERROR] Access to fetch at 'https://api.nfldata.org/v1/games?season=2026&season_type=1' from origin 'https://live-streaming-eta.vercel.app' has been blocked by CORS policy: No 'Access-Control-Allow-Origin' header is present on the requested resource. @ https://live-streaming-eta.vercel.app/cricket/2026-08-19:0
[   63285ms] [ERROR] Failed to load resource: net::ERR_FAILED @ https://api.nfldata.org/v1/games?season=2026&season_type=1:0
[   63285ms] [LOG] ℹ️ NFL season type 1 failed: Failed to fetch @ https://live-streaming-eta.vercel.app/js/api.js?v=7:1411
[   63431ms] [ERROR] Failed to load resource: the server responded with a status of 400 () @ https://sportscore.com/api/widget/matches/?sport=ufc&limit=30:0
[   63431ms] [LOG] ℹ️ ufc not available from SportScore API @ https://live-streaming-eta.vercel.app/js/api.js?v=7:471
[   63432ms] [ERROR] Failed to load resource: the server responded with a status of 400 () @ https://sportscore.com/api/widget/matches/?sport=mma&limit=30:0
[   63432ms] [LOG] ℹ️ mma not available from SportScore API @ https://live-streaming-eta.vercel.app/js/api.js?v=7:471
[   63603ms] [ERROR] Access to fetch at 'https://api.nfldata.org/v1/games?season=2026&season_type=2' from origin 'https://live-streaming-eta.vercel.app' has been blocked by CORS policy: No 'Access-Control-Allow-Origin' header is present on the requested resource. @ https://live-streaming-eta.vercel.app/cricket/2026-08-19:0
[   63604ms] [ERROR] Failed to load resource: net::ERR_FAILED @ https://api.nfldata.org/v1/games?season=2026&season_type=2:0
[   63604ms] [LOG] ℹ️ NFL season type 2 failed: Failed to fetch @ https://live-streaming-eta.vercel.app/js/api.js?v=7:1411
[   63610ms] [ERROR] Access to fetch at 'https://api.nfldata.org/v1/games?season=2026&season_type=3' from origin 'https://live-streaming-eta.vercel.app' has been blocked by CORS policy: No 'Access-Control-Allow-Origin' header is present on the requested resource. @ https://live-streaming-eta.vercel.app/cricket/2026-08-19:0
[   63610ms] [ERROR] Failed to load resource: net::ERR_FAILED @ https://api.nfldata.org/v1/games?season=2026&season_type=3:0
[   63610ms] [LOG] ℹ️ NFL season type 3 failed: Failed to fetch @ https://live-streaming-eta.vercel.app/js/api.js?v=7:1411
[   63617ms] [ERROR] Access to fetch at 'https://api.nfldata.org/v1/games?season=2026&season_type=1' from origin 'https://live-streaming-eta.vercel.app' has been blocked by CORS policy: No 'Access-Control-Allow-Origin' header is present on the requested resource. @ https://live-streaming-eta.vercel.app/cricket/2026-08-19:0
[   63618ms] [ERROR] Failed to load resource: net::ERR_FAILED @ https://api.nfldata.org/v1/games?season=2026&season_type=1:0
[   63618ms] [LOG] ℹ️ NFL season type 1 failed: Failed to fetch @ https://live-streaming-eta.vercel.app/js/api.js?v=7:1411
[   63931ms] [ERROR] Access to fetch at 'https://api.nfldata.org/v1/games?season=2026&season_type=3' from origin 'https://live-streaming-eta.vercel.app' has been blocked by CORS policy: No 'Access-Control-Allow-Origin' header is present on the requested resource. @ https://live-streaming-eta.vercel.app/cricket/2026-08-19:0
[   63932ms] [ERROR] Failed to load resource: net::ERR_FAILED @ https://api.nfldata.org/v1/games?season=2026&season_type=3:0
[   63932ms] [LOG] ℹ️ NFL season type 3 failed: Failed to fetch @ https://live-streaming-eta.vercel.app/js/api.js?v=7:1411
[   63937ms] [ERROR] Access to fetch at 'https://api.nfldata.org/v1/games?season=2026&season_type=2' from origin 'https://live-streaming-eta.vercel.app' has been blocked by CORS policy: No 'Access-Control-Allow-Origin' header is present on the requested resource. @ https://live-streaming-eta.vercel.app/cricket/2026-08-19:0
[   63937ms] [ERROR] Failed to load resource: net::ERR_FAILED @ https://api.nfldata.org/v1/games?season=2026&season_type=2:0
[   63938ms] [LOG] ℹ️ NFL season type 2 failed: Failed to fetch @ https://live-streaming-eta.vercel.app/js/api.js?v=7:1411
[   63945ms] [ERROR] Access to fetch at 'https://api.nfldata.org/v1/games?season=2026&season_type=1' from origin 'https://live-streaming-eta.vercel.app' has been blocked by CORS policy: No 'Access-Control-Allow-Origin' header is present on the requested resource. @ https://live-streaming-eta.vercel.app/cricket/2026-08-19:0
[   63945ms] [ERROR] Failed to load resource: net::ERR_FAILED @ https://api.nfldata.org/v1/games?season=2026&season_type=1:0
[   63945ms] [LOG] ℹ️ NFL season type 1 failed: Failed to fetch @ https://live-streaming-eta.vercel.app/js/api.js?v=7:1411
[   64267ms] [ERROR] Access to fetch at 'https://api.nfldata.org/v1/games?season=2026&season_type=1' from origin 'https://live-streaming-eta.vercel.app' has been blocked by CORS policy: No 'Access-Control-Allow-Origin' header is present on the requested resource. @ https://live-streaming-eta.vercel.app/cricket/2026-08-19:0
[   64268ms] [ERROR] Failed to load resource: net::ERR_FAILED @ https://api.nfldata.org/v1/games?season=2026&season_type=1:0
[   64268ms] [LOG] ℹ️ NFL season type 1 failed: Failed to fetch @ https://live-streaming-eta.vercel.app/js/api.js?v=7:1411
[   64276ms] [ERROR] Access to fetch at 'https://api.nfldata.org/v1/games?season=2026&season_type=3' from origin 'https://live-streaming-eta.vercel.app' has been blocked by CORS policy: No 'Access-Control-Allow-Origin' header is present on the requested resource. @ https://live-streaming-eta.vercel.app/cricket/2026-08-19:0
[   64276ms] [ERROR] Failed to load resource: net::ERR_FAILED @ https://api.nfldata.org/v1/games?season=2026&season_type=3:0
[   64276ms] [LOG] ℹ️ NFL season type 3 failed: Failed to fetch @ https://live-streaming-eta.vercel.app/js/api.js?v=7:1411
[   64278ms] [ERROR] Access to fetch at 'https://api.nfldata.org/v1/games?season=2026&season_type=2' from origin 'https://live-streaming-eta.vercel.app' has been blocked by CORS policy: No 'Access-Control-Allow-Origin' header is present on the requested resource. @ https://live-streaming-eta.vercel.app/cricket/2026-08-19:0
[   64278ms] [ERROR] Failed to load resource: net::ERR_FAILED @ https://api.nfldata.org/v1/games?season=2026&season_type=2:0
[   64278ms] [LOG] ℹ️ NFL season type 2 failed: Failed to fetch @ https://live-streaming-eta.vercel.app/js/api.js?v=7:1411
[   64595ms] [ERROR] Access to fetch at 'https://api.nfldata.org/v1/games?season=2026&season_type=2' from origin 'https://live-streaming-eta.vercel.app' has been blocked by CORS policy: No 'Access-Control-Allow-Origin' header is present on the requested resource. @ https://live-streaming-eta.vercel.app/cricket/2026-08-19:0
[   64596ms] [ERROR] Failed to load resource: net::ERR_FAILED @ https://api.nfldata.org/v1/games?season=2026&season_type=2:0
[   64596ms] [LOG] ℹ️ NFL season type 2 failed: Failed to fetch @ https://live-streaming-eta.vercel.app/js/api.js?v=7:1411
[   64600ms] [ERROR] Access to fetch at 'https://api.nfldata.org/v1/games?season=2026&season_type=3' from origin 'https://live-streaming-eta.vercel.app' has been blocked by CORS policy: No 'Access-Control-Allow-Origin' header is present on the requested resource. @ https://live-streaming-eta.vercel.app/cricket/2026-08-19:0
[   64600ms] [ERROR] Failed to load resource: net::ERR_FAILED @ https://api.nfldata.org/v1/games?season=2026&season_type=3:0
[   64600ms] [LOG] ℹ️ NFL season type 3 failed: Failed to fetch @ https://live-streaming-eta.vercel.app/js/api.js?v=7:1411
[   64909ms] [ERROR] Access to fetch at 'https://api.nfldata.org/v1/games?season=2026&season_type=3' from origin 'https://live-streaming-eta.vercel.app' has been blocked by CORS policy: No 'Access-Control-Allow-Origin' header is present on the requested resource. @ https://live-streaming-eta.vercel.app/cricket/2026-08-19:0
[   64910ms] [ERROR] Failed to load resource: net::ERR_FAILED @ https://api.nfldata.org/v1/games?season=2026&season_type=3:0
[   64910ms] [LOG] ℹ️ NFL season type 3 failed: Failed to fetch @ https://live-streaming-eta.vercel.app/js/api.js?v=7:1411
[   64911ms] [LOG] ✅ Schedule agent: fetched next 60 days @ https://live-streaming-eta.vercel.app/js/api.js?v=7:377
[   65426ms] [LOG] 🔄 Live Agent: refreshing scores... @ https://live-streaming-eta.vercel.app/js/app.js?v=8:906
[   65427ms] [LOG] 🌐 Fetching football... @ https://live-streaming-eta.vercel.app/js/api.js?v=7:467
[   65428ms] [LOG] 🌐 Fetching cricket... @ https://live-streaming-eta.vercel.app/js/api.js?v=7:467
[   65428ms] [LOG] 🌐 Fetching basketball... @ https://live-streaming-eta.vercel.app/js/api.js?v=7:467
[   65429ms] [LOG] 🌐 Fetching tennis... @ https://live-streaming-eta.vercel.app/js/api.js?v=7:467
[   65429ms] [LOG] 🌐 Fetching mma... @ https://live-streaming-eta.vercel.app/js/api.js?v=7:467
[   65430ms] [LOG] 🌐 Fetching ufc... @ https://live-streaming-eta.vercel.app/js/api.js?v=7:467
[   65448ms] [LOG] ✅ ESPN Cricket: 23 matches from 9 series @ https://live-streaming-eta.vercel.app/js/api.js?v=7:1233
[   65495ms] [LOG] ✅ Google Cricket: 0 matches @ https://live-streaming-eta.vercel.app/js/api.js?v=7:1328
[   65635ms] [ERROR] Failed to load resource: the server responded with a status of 400 () @ https://sportscore.com/api/widget/matches/?sport=ufc&limit=30:0
[   65635ms] [LOG] ℹ️ ufc not available from SportScore API @ https://live-streaming-eta.vercel.app/js/api.js?v=7:471
[   65636ms] [ERROR] Failed to load resource: the server responded with a status of 400 () @ https://sportscore.com/api/widget/matches/?sport=mma&limit=30:0
[   65636ms] [LOG] ℹ️ mma not available from SportScore API @ https://live-streaming-eta.vercel.app/js/api.js?v=7:471
[   65642ms] [LOG] ✅ Live Agent: refresh complete @ https://live-streaming-eta.vercel.app/js/app.js?v=8:973
[   70433ms] [LOG] 🔄 Live Agent: refreshing scores... @ https://live-streaming-eta.vercel.app/js/app.js?v=8:906
[   70434ms] [LOG] 🌐 Fetching football... @ https://live-streaming-eta.vercel.app/js/api.js?v=7:467
[   70434ms] [LOG] 🌐 Fetching cricket... @ https://live-streaming-eta.vercel.app/js/api.js?v=7:467
[   70435ms] [LOG] 🌐 Fetching basketball... @ https://live-streaming-eta.vercel.app/js/api.js?v=7:467
[   70435ms] [LOG] 🌐 Fetching tennis... @ https://live-streaming-eta.vercel.app/js/api.js?v=7:467
[   70436ms] [LOG] 🌐 Fetching mma... @ https://live-streaming-eta.vercel.app/js/api.js?v=7:467
[   70437ms] [LOG] 🌐 Fetching ufc... @ https://live-streaming-eta.vercel.app/js/api.js?v=7:467
[   70531ms] [LOG] ✅ Google Cricket: 0 matches @ https://live-streaming-eta.vercel.app/js/api.js?v=7:1328
[   70640ms] [ERROR] Failed to load resource: the server responded with a status of 400 () @ https://sportscore.com/api/widget/matches/?sport=ufc&limit=30:0
[   70641ms] [LOG] ℹ️ ufc not available from SportScore API @ https://live-streaming-eta.vercel.app/js/api.js?v=7:471
[   70643ms] [ERROR] Failed to load resource: the server responded with a status of 400 () @ https://sportscore.com/api/widget/matches/?sport=mma&limit=30:0
[   70643ms] [LOG] ℹ️ mma not available from SportScore API @ https://live-streaming-eta.vercel.app/js/api.js?v=7:471
[   70823ms] [LOG] ✅ ESPN Cricket: 23 matches from 9 series @ https://live-streaming-eta.vercel.app/js/api.js?v=7:1233
[   70828ms] [LOG] ✅ Live Agent: refresh complete @ https://live-streaming-eta.vercel.app/js/app.js?v=8:973
[   75427ms] [LOG] 🔄 Live Agent: refreshing scores... @ https://live-streaming-eta.vercel.app/js/app.js?v=8:906
[   75428ms] [LOG] 🌐 Fetching football... @ https://live-streaming-eta.vercel.app/js/api.js?v=7:467
[   75429ms] [LOG] 🌐 Fetching cricket... @ https://live-streaming-eta.vercel.app/js/api.js?v=7:467
[   75432ms] [LOG] 🌐 Fetching basketball... @ https://live-streaming-eta.vercel.app/js/api.js?v=7:467
[   75434ms] [LOG] 🌐 Fetching tennis... @ https://live-streaming-eta.vercel.app/js/api.js?v=7:467
[   75439ms] [LOG] 🌐 Fetching mma... @ https://live-streaming-eta.vercel.app/js/api.js?v=7:467
[   75441ms] [LOG] 🌐 Fetching ufc... @ https://live-streaming-eta.vercel.app/js/api.js?v=7:467
[   75461ms] [LOG] ✅ ESPN Cricket: 23 matches from 9 series @ https://live-streaming-eta.vercel.app/js/api.js?v=7:1233
[   75508ms] [LOG] ✅ Google Cricket: 0 matches @ https://live-streaming-eta.vercel.app/js/api.js?v=7:1328
[   75644ms] [ERROR] Failed to load resource: the server responded with a status of 400 () @ https://sportscore.com/api/widget/matches/?sport=mma&limit=30:0
[   75644ms] [LOG] ℹ️ mma not available from SportScore API @ https://live-streaming-eta.vercel.app/js/api.js?v=7:471
[   75648ms] [ERROR] Failed to load resource: the server responded with a status of 400 () @ https://sportscore.com/api/widget/matches/?sport=ufc&limit=30:0
[   75649ms] [LOG] ℹ️ ufc not available from SportScore API @ https://live-streaming-eta.vercel.app/js/api.js?v=7:471
[   75670ms] [LOG] ✅ Live Agent: refresh complete @ https://live-streaming-eta.vercel.app/js/app.js?v=8:973
[   80432ms] [LOG] 🔄 Live Agent: refreshing scores... @ https://live-streaming-eta.vercel.app/js/app.js?v=8:906
[   80433ms] [LOG] 🌐 Fetching football... @ https://live-streaming-eta.vercel.app/js/api.js?v=7:467
[   80434ms] [LOG] 🌐 Fetching cricket... @ https://live-streaming-eta.vercel.app/js/api.js?v=7:467
[   80436ms] [LOG] 🌐 Fetching basketball... @ https://live-streaming-eta.vercel.app/js/api.js?v=7:467
[   80441ms] [LOG] 🌐 Fetching tennis... @ https://live-streaming-eta.vercel.app/js/api.js?v=7:467
[   80445ms] [LOG] 🌐 Fetching mma... @ https://live-streaming-eta.vercel.app/js/api.js?v=7:467
[   80448ms] [LOG] 🌐 Fetching ufc... @ https://live-streaming-eta.vercel.app/js/api.js?v=7:467
[   80539ms] [LOG] ✅ Google Cricket: 0 matches @ https://live-streaming-eta.vercel.app/js/api.js?v=7:1328
[   80653ms] [ERROR] Failed to load resource: the server responded with a status of 400 () @ https://sportscore.com/api/widget/matches/?sport=mma&limit=30:0
[   80653ms] [LOG] ℹ️ mma not available from SportScore API @ https://live-streaming-eta.vercel.app/js/api.js?v=7:471
[   80659ms] [ERROR] Failed to load resource: the server responded with a status of 400 () @ https://sportscore.com/api/widget/matches/?sport=ufc&limit=30:0
[   80659ms] [LOG] ℹ️ ufc not available from SportScore API @ https://live-streaming-eta.vercel.app/js/api.js?v=7:471
[   80840ms] [LOG] ✅ ESPN Cricket: 23 matches from 9 series @ https://live-streaming-eta.vercel.app/js/api.js?v=7:1233
[   80848ms] [LOG] ✅ Live Agent: refresh complete @ https://live-streaming-eta.vercel.app/js/app.js?v=8:973
[   85418ms] [LOG] 🔄 Live Agent: refreshing scores... @ https://live-streaming-eta.vercel.app/js/app.js?v=8:906
[   85418ms] [LOG] 🌐 Fetching football... @ https://live-streaming-eta.vercel.app/js/api.js?v=7:467
[   85419ms] [LOG] 🌐 Fetching cricket... @ https://live-streaming-eta.vercel.app/js/api.js?v=7:467
[   85420ms] [LOG] 🌐 Fetching basketball... @ https://live-streaming-eta.vercel.app/js/api.js?v=7:467
[   85420ms] [LOG] 🌐 Fetching tennis... @ https://live-streaming-eta.vercel.app/js/api.js?v=7:467
[   85421ms] [LOG] 🌐 Fetching mma... @ https://live-streaming-eta.vercel.app/js/api.js?v=7:467
[   85421ms] [LOG] 🌐 Fetching ufc... @ https://live-streaming-eta.vercel.app/js/api.js?v=7:467
[   85449ms] [LOG] ✅ ESPN Cricket: 23 matches from 9 series @ https://live-streaming-eta.vercel.app/js/api.js?v=7:1233
[   85519ms] [LOG] ✅ Google Cricket: 0 matches @ https://live-streaming-eta.vercel.app/js/api.js?v=7:1328
[   85632ms] [ERROR] Failed to load resource: the server responded with a status of 400 () @ https://sportscore.com/api/widget/matches/?sport=mma&limit=30:0
[   85632ms] [LOG] ℹ️ mma not available from SportScore API @ https://live-streaming-eta.vercel.app/js/api.js?v=7:471
[   85637ms] [ERROR] Failed to load resource: the server responded with a status of 400 () @ https://sportscore.com/api/widget/matches/?sport=ufc&limit=30:0
[   85637ms] [LOG] ℹ️ ufc not available from SportScore API @ https://live-streaming-eta.vercel.app/js/api.js?v=7:471
[   85642ms] [LOG] ✅ Live Agent: refresh complete @ https://live-streaming-eta.vercel.app/js/app.js?v=8:973
[   90418ms] [LOG] 🔄 Live Agent: refreshing scores... @ https://live-streaming-eta.vercel.app/js/app.js?v=8:906
[   90419ms] [LOG] 🌐 Fetching football... @ https://live-streaming-eta.vercel.app/js/api.js?v=7:467
[   90420ms] [LOG] 🌐 Fetching cricket... @ https://live-streaming-eta.vercel.app/js/api.js?v=7:467
[   90421ms] [LOG] 🌐 Fetching basketball... @ https://live-streaming-eta.vercel.app/js/api.js?v=7:467
[   90426ms] [LOG] 🌐 Fetching tennis... @ https://live-streaming-eta.vercel.app/js/api.js?v=7:467
[   90430ms] [LOG] 🌐 Fetching mma... @ https://live-streaming-eta.vercel.app/js/api.js?v=7:467
[   90433ms] [LOG] 🌐 Fetching ufc... @ https://live-streaming-eta.vercel.app/js/api.js?v=7:467
[   90525ms] [LOG] ✅ Google Cricket: 0 matches @ https://live-streaming-eta.vercel.app/js/api.js?v=7:1328
[   90644ms] [ERROR] Failed to load resource: the server responded with a status of 400 () @ https://sportscore.com/api/widget/matches/?sport=ufc&limit=30:0
[   90644ms] [LOG] ℹ️ ufc not available from SportScore API @ https://live-streaming-eta.vercel.app/js/api.js?v=7:471
[   90645ms] [ERROR] Failed to load resource: the server responded with a status of 400 () @ https://sportscore.com/api/widget/matches/?sport=mma&limit=30:0
[   90645ms] [LOG] ℹ️ mma not available from SportScore API @ https://live-streaming-eta.vercel.app/js/api.js?v=7:471
[   90844ms] [LOG] ✅ ESPN Cricket: 23 matches from 9 series @ https://live-streaming-eta.vercel.app/js/api.js?v=7:1233
[   90856ms] [LOG] ✅ Live Agent: refresh complete @ https://live-streaming-eta.vercel.app/js/app.js?v=8:973
[   95428ms] [LOG] 🔄 Live Agent: refreshing scores... @ https://live-streaming-eta.vercel.app/js/app.js?v=8:906
[   95429ms] [LOG] 🌐 Fetching football... @ https://live-streaming-eta.vercel.app/js/api.js?v=7:467
[   95430ms] [LOG] 🌐 Fetching cricket... @ https://live-streaming-eta.vercel.app/js/api.js?v=7:467
[   95431ms] [LOG] 🌐 Fetching basketball... @ https://live-streaming-eta.vercel.app/js/api.js?v=7:467
[   95452ms] [LOG] 🌐 Fetching tennis... @ https://live-streaming-eta.vercel.app/js/api.js?v=7:467
[   95455ms] [LOG] 🌐 Fetching mma... @ https://live-streaming-eta.vercel.app/js/api.js?v=7:467
[   95456ms] [LOG] 🌐 Fetching ufc... @ https://live-streaming-eta.vercel.app/js/api.js?v=7:467
[   95593ms] [LOG] ✅ ESPN Cricket: 23 matches from 9 series @ https://live-streaming-eta.vercel.app/js/api.js?v=7:1233
[   95626ms] [LOG] ✅ Google Cricket: 0 matches @ https://live-streaming-eta.vercel.app/js/api.js?v=7:1328
[   95725ms] [ERROR] Failed to load resource: the server responded with a status of 400 () @ https://sportscore.com/api/widget/matches/?sport=mma&limit=30:0
[   95725ms] [LOG] ℹ️ mma not available from SportScore API @ https://live-streaming-eta.vercel.app/js/api.js?v=7:471
[   95755ms] [ERROR] Failed to load resource: the server responded with a status of 400 () @ https://sportscore.com/api/widget/matches/?sport=ufc&limit=30:0
[   95755ms] [LOG] ℹ️ ufc not available from SportScore API @ https://live-streaming-eta.vercel.app/js/api.js?v=7:471
[   95762ms] [LOG] ✅ Live Agent: refresh complete @ https://live-streaming-eta.vercel.app/js/app.js?v=8:973
[  100427ms] [LOG] 🔄 Live Agent: refreshing scores... @ https://live-streaming-eta.vercel.app/js/app.js?v=8:906
[  100428ms] [LOG] 🌐 Fetching football... @ https://live-streaming-eta.vercel.app/js/api.js?v=7:467
[  100428ms] [LOG] 🌐 Fetching cricket... @ https://live-streaming-eta.vercel.app/js/api.js?v=7:467
[  100431ms] [LOG] 🌐 Fetching basketball... @ https://live-streaming-eta.vercel.app/js/api.js?v=7:467
[  100436ms] [LOG] 🌐 Fetching tennis... @ https://live-streaming-eta.vercel.app/js/api.js?v=7:467
[  100438ms] [LOG] 🌐 Fetching mma... @ https://live-streaming-eta.vercel.app/js/api.js?v=7:467
[  100442ms] [LOG] 🌐 Fetching ufc... @ https://live-streaming-eta.vercel.app/js/api.js?v=7:467
[  100517ms] [LOG] ✅ Google Cricket: 0 matches @ https://live-streaming-eta.vercel.app/js/api.js?v=7:1328
[  100654ms] [ERROR] Failed to load resource: the server responded with a status of 400 () @ https://sportscore.com/api/widget/matches/?sport=ufc&limit=30:0
[  100654ms] [LOG] ℹ️ ufc not available from SportScore API @ https://live-streaming-eta.vercel.app/js/api.js?v=7:471
[  100655ms] [ERROR] Failed to load resource: the server responded with a status of 400 () @ https://sportscore.com/api/widget/matches/?sport=mma&limit=30:0
[  100656ms] [LOG] ℹ️ mma not available from SportScore API @ https://live-streaming-eta.vercel.app/js/api.js?v=7:471
[  100840ms] [LOG] ✅ ESPN Cricket: 23 matches from 9 series @ https://live-streaming-eta.vercel.app/js/api.js?v=7:1233
[  100848ms] [LOG] ✅ Live Agent: refresh complete @ https://live-streaming-eta.vercel.app/js/app.js?v=8:973
[  105432ms] [LOG] 🔄 Live Agent: refreshing scores... @ https://live-streaming-eta.vercel.app/js/app.js?v=8:906
[  105433ms] [LOG] 🌐 Fetching football... @ https://live-streaming-eta.vercel.app/js/api.js?v=7:467
[  105434ms] [LOG] 🌐 Fetching cricket... @ https://live-streaming-eta.vercel.app/js/api.js?v=7:467
[  105437ms] [LOG] 🌐 Fetching basketball... @ https://live-streaming-eta.vercel.app/js/api.js?v=7:467
[  105442ms] [LOG] 🌐 Fetching tennis... @ https://live-streaming-eta.vercel.app/js/api.js?v=7:467
[  105444ms] [LOG] 🌐 Fetching mma... @ https://live-streaming-eta.vercel.app/js/api.js?v=7:467
[  105448ms] [LOG] 🌐 Fetching ufc... @ https://live-streaming-eta.vercel.app/js/api.js?v=7:467
[  105476ms] [LOG] ✅ ESPN Cricket: 23 matches from 9 series @ https://live-streaming-eta.vercel.app/js/api.js?v=7:1233
[  105523ms] [LOG] ✅ Google Cricket: 0 matches @ https://live-streaming-eta.vercel.app/js/api.js?v=7:1328
[  105659ms] [ERROR] Failed to load resource: the server responded with a status of 400 () @ https://sportscore.com/api/widget/matches/?sport=mma&limit=30:0
[  105659ms] [LOG] ℹ️ mma not available from SportScore API @ https://live-streaming-eta.vercel.app/js/api.js?v=7:471
[  105662ms] [ERROR] Failed to load resource: the server responded with a status of 400 () @ https://sportscore.com/api/widget/matches/?sport=ufc&limit=30:0
[  105663ms] [LOG] ℹ️ ufc not available from SportScore API @ https://live-streaming-eta.vercel.app/js/api.js?v=7:471
[  105672ms] [LOG] ✅ Live Agent: refresh complete @ https://live-streaming-eta.vercel.app/js/app.js?v=8:973
[  110418ms] [LOG] 🔄 Live Agent: refreshing scores... @ https://live-streaming-eta.vercel.app/js/app.js?v=8:906
[  110419ms] [LOG] 🌐 Fetching football... @ https://live-streaming-eta.vercel.app/js/api.js?v=7:467
[  110420ms] [LOG] 🌐 Fetching cricket... @ https://live-streaming-eta.vercel.app/js/api.js?v=7:467
[  110426ms] [LOG] 🌐 Fetching basketball... @ https://live-streaming-eta.vercel.app/js/api.js?v=7:467
[  110429ms] [LOG] 🌐 Fetching tennis... @ https://live-streaming-eta.vercel.app/js/api.js?v=7:467
[  110430ms] [LOG] 🌐 Fetching mma... @ https://live-streaming-eta.vercel.app/js/api.js?v=7:467
[  110431ms] [LOG] 🌐 Fetching ufc... @ https://live-streaming-eta.vercel.app/js/api.js?v=7:467
[  110498ms] [LOG] ✅ Google Cricket: 0 matches @ https://live-streaming-eta.vercel.app/js/api.js?v=7:1328
[  110638ms] [ERROR] Failed to load resource: the server responded with a status of 400 () @ https://sportscore.com/api/widget/matches/?sport=mma&limit=30:0
[  110639ms] [LOG] ℹ️ mma not available from SportScore API @ https://live-streaming-eta.vercel.app/js/api.js?v=7:471
[  110639ms] [ERROR] Failed to load resource: the server responded with a status of 400 () @ https://sportscore.com/api/widget/matches/?sport=ufc&limit=30:0
[  110639ms] [LOG] ℹ️ ufc not available from SportScore API @ https://live-streaming-eta.vercel.app/js/api.js?v=7:471
[  110819ms] [LOG] ✅ ESPN Cricket: 23 matches from 9 series @ https://live-streaming-eta.vercel.app/js/api.js?v=7:1233
[  110827ms] [LOG] ✅ Live Agent: refresh complete @ https://live-streaming-eta.vercel.app/js/app.js?v=8:973
[  115431ms] [LOG] 🔄 Live Agent: refreshing scores... @ https://live-streaming-eta.vercel.app/js/app.js?v=8:906
[  115431ms] [LOG] 🌐 Fetching football... @ https://live-streaming-eta.vercel.app/js/api.js?v=7:467
[  115432ms] [LOG] 🌐 Fetching cricket... @ https://live-streaming-eta.vercel.app/js/api.js?v=7:467
[  115435ms] [LOG] 🌐 Fetching basketball... @ https://live-streaming-eta.vercel.app/js/api.js?v=7:467
[  115439ms] [LOG] 🌐 Fetching tennis... @ https://live-streaming-eta.vercel.app/js/api.js?v=7:467
[  115443ms] [LOG] 🌐 Fetching mma... @ https://live-streaming-eta.vercel.app/js/api.js?v=7:467
[  115449ms] [LOG] 🌐 Fetching ufc... @ https://live-streaming-eta.vercel.app/js/api.js?v=7:467
[  115472ms] [LOG] ✅ ESPN Cricket: 23 matches from 9 series @ https://live-streaming-eta.vercel.app/js/api.js?v=7:1233
[  115631ms] [LOG] ✅ Google Cricket: 0 matches @ https://live-streaming-eta.vercel.app/js/api.js?v=7:1328
[  115661ms] [ERROR] Failed to load resource: the server responded with a status of 400 () @ https://sportscore.com/api/widget/matches/?sport=mma&limit=30:0
[  115661ms] [LOG] ℹ️ mma not available from SportScore API @ https://live-streaming-eta.vercel.app/js/api.js?v=7:471
[  115671ms] [ERROR] Failed to load resource: the server responded with a status of 400 () @ https://sportscore.com/api/widget/matches/?sport=ufc&limit=30:0
[  115671ms] [LOG] ℹ️ ufc not available from SportScore API @ https://live-streaming-eta.vercel.app/js/api.js?v=7:471
[  115677ms] [LOG] ✅ Live Agent: refresh complete @ https://live-streaming-eta.vercel.app/js/app.js?v=8:973
[  120425ms] [LOG] 🔄 Live Agent: refreshing scores... @ https://live-streaming-eta.vercel.app/js/app.js?v=8:906
[  120427ms] [LOG] 🌐 Fetching football... @ https://live-streaming-eta.vercel.app/js/api.js?v=7:467
[  120429ms] [LOG] 🌐 Fetching cricket... @ https://live-streaming-eta.vercel.app/js/api.js?v=7:467
[  120433ms] [LOG] 🌐 Fetching basketball... @ https://live-streaming-eta.vercel.app/js/api.js?v=7:467
[  120457ms] [LOG] 🌐 Fetching tennis... @ https://live-streaming-eta.vercel.app/js/api.js?v=7:467
[  120458ms] [LOG] 🌐 Fetching mma... @ https://live-streaming-eta.vercel.app/js/api.js?v=7:467
[  120461ms] [LOG] 🌐 Fetching ufc... @ https://live-streaming-eta.vercel.app/js/api.js?v=7:467
[  120991ms] [ERROR] Failed to load resource: the server responded with a status of 400 () @ https://sportscore.com/api/widget/matches/?sport=mma&limit=30:0
[  120992ms] [LOG] ℹ️ mma not available from SportScore API @ https://live-streaming-eta.vercel.app/js/api.js?v=7:471
[  120993ms] [ERROR] Failed to load resource: the server responded with a status of 400 () @ https://sportscore.com/api/widget/matches/?sport=ufc&limit=30:0
[  120994ms] [LOG] ℹ️ ufc not available from SportScore API @ https://live-streaming-eta.vercel.app/js/api.js?v=7:471
[  121076ms] [LOG] ✅ Google Cricket: 0 matches @ https://live-streaming-eta.vercel.app/js/api.js?v=7:1328
[  121595ms] [LOG] ✅ ESPN Cricket: 23 matches from 9 series @ https://live-streaming-eta.vercel.app/js/api.js?v=7:1233
[  121609ms] [LOG] ✅ Live Agent: refresh complete @ https://live-streaming-eta.vercel.app/js/app.js?v=8:973
[  125424ms] [LOG] 🔄 Live Agent: refreshing scores... @ https://live-streaming-eta.vercel.app/js/app.js?v=8:906
[  125424ms] [LOG] 🌐 Fetching football... @ https://live-streaming-eta.vercel.app/js/api.js?v=7:467
[  125425ms] [LOG] 🌐 Fetching cricket... @ https://live-streaming-eta.vercel.app/js/api.js?v=7:467
[  125426ms] [LOG] 🌐 Fetching basketball... @ https://live-streaming-eta.vercel.app/js/api.js?v=7:467
[  125426ms] [LOG] 🌐 Fetching tennis... @ https://live-streaming-eta.vercel.app/js/api.js?v=7:467
[  125427ms] [LOG] 🌐 Fetching mma... @ https://live-streaming-eta.vercel.app/js/api.js?v=7:467
[  125427ms] [LOG] 🌐 Fetching ufc... @ https://live-streaming-eta.vercel.app/js/api.js?v=7:467
[  125451ms] [LOG] ✅ ESPN Cricket: 23 matches from 9 series @ https://live-streaming-eta.vercel.app/js/api.js?v=7:1233
[  125490ms] [LOG] ✅ Google Cricket: 0 matches @ https://live-streaming-eta.vercel.app/js/api.js?v=7:1328
[  125626ms] [ERROR] Access to fetch at 'https://sportscore.com/api/widget/matches/?sport=ufc&limit=30' from origin 'https://live-streaming-eta.vercel.app' has been blocked by CORS policy: No 'Access-Control-Allow-Origin' header is present on the requested resource. @ https://live-streaming-eta.vercel.app/cricket/2026-08-19/essex-women-vs-somerset-women:0
[  125626ms] [ERROR] Failed to load resource: net::ERR_FAILED @ https://sportscore.com/api/widget/matches/?sport=ufc&limit=30:0
[  125626ms] [LOG] ℹ️ ufc: Failed to fetch @ https://live-streaming-eta.vercel.app/js/api.js?v=7:478
[  125634ms] [ERROR] Access to fetch at 'https://sportscore.com/api/widget/matches/?sport=mma&limit=30' from origin 'https://live-streaming-eta.vercel.app' has been blocked by CORS policy: No 'Access-Control-Allow-Origin' header is present on the requested resource. @ https://live-streaming-eta.vercel.app/cricket/2026-08-19/essex-women-vs-somerset-women:0
[  125634ms] [ERROR] Failed to load resource: net::ERR_FAILED @ https://sportscore.com/api/widget/matches/?sport=mma&limit=30:0
[  125634ms] [LOG] ℹ️ mma: Failed to fetch @ https://live-streaming-eta.vercel.app/js/api.js?v=7:478
[  125645ms] [LOG] ✅ Live Agent: refresh complete @ https://live-streaming-eta.vercel.app/js/app.js?v=8:973
[  130422ms] [LOG] 🔄 Live Agent: refreshing scores... @ https://live-streaming-eta.vercel.app/js/app.js?v=8:906
[  130423ms] [LOG] 🌐 Fetching football... @ https://live-streaming-eta.vercel.app/js/api.js?v=7:467
[  130427ms] [LOG] 🌐 Fetching cricket... @ https://live-streaming-eta.vercel.app/js/api.js?v=7:467
[  130431ms] [LOG] 🌐 Fetching basketball... @ https://live-streaming-eta.vercel.app/js/api.js?v=7:467
[  130435ms] [LOG] 🌐 Fetching tennis... @ https://live-streaming-eta.vercel.app/js/api.js?v=7:467
[  130437ms] [LOG] 🌐 Fetching mma... @ https://live-streaming-eta.vercel.app/js/api.js?v=7:467
[  130442ms] [LOG] 🌐 Fetching ufc... @ https://live-streaming-eta.vercel.app/js/api.js?v=7:467
[  130458ms] [LOG] ✅ ESPN Cricket: 23 matches from 9 series @ https://live-streaming-eta.vercel.app/js/api.js?v=7:1233
[  130511ms] [LOG] ✅ Google Cricket: 0 matches @ https://live-streaming-eta.vercel.app/js/api.js?v=7:1328
[  130648ms] [ERROR] Failed to load resource: the server responded with a status of 400 () @ https://sportscore.com/api/widget/matches/?sport=mma&limit=30:0
[  130650ms] [LOG] ℹ️ mma not available from SportScore API @ https://live-streaming-eta.vercel.app/js/api.js?v=7:471
[  130656ms] [ERROR] Failed to load resource: the server responded with a status of 400 () @ https://sportscore.com/api/widget/matches/?sport=ufc&limit=30:0
[  130656ms] [LOG] ℹ️ ufc not available from SportScore API @ https://live-streaming-eta.vercel.app/js/api.js?v=7:471
[  130667ms] [LOG] ✅ Live Agent: refresh complete @ https://live-streaming-eta.vercel.app/js/app.js?v=8:973
[  135430ms] [LOG] 🔄 Live Agent: refreshing scores... @ https://live-streaming-eta.vercel.app/js/app.js?v=8:906
[  135430ms] [LOG] 🌐 Fetching football... @ https://live-streaming-eta.vercel.app/js/api.js?v=7:467
[  135456ms] [LOG] 🌐 Fetching cricket... @ https://live-streaming-eta.vercel.app/js/api.js?v=7:467
[  135757ms] [LOG] 🌐 Fetching basketball... @ https://live-streaming-eta.vercel.app/js/api.js?v=7:467
[  135759ms] [LOG] 🌐 Fetching tennis... @ https://live-streaming-eta.vercel.app/js/api.js?v=7:467
[  135761ms] [LOG] 🌐 Fetching mma... @ https://live-streaming-eta.vercel.app/js/api.js?v=7:467
[  135764ms] [LOG] 🌐 Fetching ufc... @ https://live-streaming-eta.vercel.app/js/api.js?v=7:467
[  135840ms] [LOG] ✅ Google Cricket: 0 matches @ https://live-streaming-eta.vercel.app/js/api.js?v=7:1328
[  135976ms] [ERROR] Failed to load resource: the server responded with a status of 400 () @ https://sportscore.com/api/widget/matches/?sport=mma&limit=30:0
[  135977ms] [LOG] ℹ️ mma not available from SportScore API @ https://live-streaming-eta.vercel.app/js/api.js?v=7:471
[  135978ms] [ERROR] Failed to load resource: the server responded with a status of 400 () @ https://sportscore.com/api/widget/matches/?sport=ufc&limit=30:0
[  135979ms] [LOG] ℹ️ ufc not available from SportScore API @ https://live-streaming-eta.vercel.app/js/api.js?v=7:471
[  136156ms] [LOG] ✅ ESPN Cricket: 23 matches from 9 series @ https://live-streaming-eta.vercel.app/js/api.js?v=7:1233
[  136172ms] [LOG] ✅ Live Agent: refresh complete @ https://live-streaming-eta.vercel.app/js/app.js?v=8:973
[  140424ms] [LOG] 🔄 Live Agent: refreshing scores... @ https://live-streaming-eta.vercel.app/js/app.js?v=8:906
[  140424ms] [LOG] 🌐 Fetching football... @ https://live-streaming-eta.vercel.app/js/api.js?v=7:467
[  140425ms] [LOG] 🌐 Fetching cricket... @ https://live-streaming-eta.vercel.app/js/api.js?v=7:467
[  140428ms] [LOG] 🌐 Fetching basketball... @ https://live-streaming-eta.vercel.app/js/api.js?v=7:467
[  140434ms] [LOG] 🌐 Fetching tennis... @ https://live-streaming-eta.vercel.app/js/api.js?v=7:467
[  140435ms] [LOG] 🌐 Fetching mma... @ https://live-streaming-eta.vercel.app/js/api.js?v=7:467
[  140438ms] [LOG] 🌐 Fetching ufc... @ https://live-streaming-eta.vercel.app/js/api.js?v=7:467
[  140539ms] [LOG] ✅ ESPN Cricket: 23 matches from 9 series @ https://live-streaming-eta.vercel.app/js/api.js?v=7:1233
[  140615ms] [LOG] ✅ Google Cricket: 0 matches @ https://live-streaming-eta.vercel.app/js/api.js?v=7:1328
[  140719ms] [ERROR] Failed to load resource: the server responded with a status of 400 () @ https://sportscore.com/api/widget/matches/?sport=mma&limit=30:0
[  140720ms] [LOG] ℹ️ mma not available from SportScore API @ https://live-streaming-eta.vercel.app/js/api.js?v=7:471
[  140721ms] [ERROR] Failed to load resource: the server responded with a status of 400 () @ https://sportscore.com/api/widget/matches/?sport=ufc&limit=30:0
[  140721ms] [LOG] ℹ️ ufc not available from SportScore API @ https://live-streaming-eta.vercel.app/js/api.js?v=7:471
[  140733ms] [LOG] ✅ Live Agent: refresh complete @ https://live-streaming-eta.vercel.app/js/app.js?v=8:973
[  145432ms] [LOG] 🔄 Live Agent: refreshing scores... @ https://live-streaming-eta.vercel.app/js/app.js?v=8:906
[  145433ms] [LOG] 🌐 Fetching football... @ https://live-streaming-eta.vercel.app/js/api.js?v=7:467
[  145439ms] [LOG] 🌐 Fetching cricket... @ https://live-streaming-eta.vercel.app/js/api.js?v=7:467
[  145444ms] [LOG] 🌐 Fetching basketball... @ https://live-streaming-eta.vercel.app/js/api.js?v=7:467
[  145448ms] [LOG] 🌐 Fetching tennis... @ https://live-streaming-eta.vercel.app/js/api.js?v=7:467
[  145453ms] [LOG] 🌐 Fetching mma... @ https://live-streaming-eta.vercel.app/js/api.js?v=7:467
[  145454ms] [LOG] 🌐 Fetching ufc... @ https://live-streaming-eta.vercel.app/js/api.js?v=7:467
[  145522ms] [LOG] ✅ Google Cricket: 0 matches @ https://live-streaming-eta.vercel.app/js/api.js?v=7:1328
[  145653ms] [ERROR] Failed to load resource: the server responded with a status of 400 () @ https://sportscore.com/api/widget/matches/?sport=ufc&limit=30:0
[  145654ms] [LOG] ℹ️ ufc not available from SportScore API @ https://live-streaming-eta.vercel.app/js/api.js?v=7:471
[  145656ms] [ERROR] Failed to load resource: the server responded with a status of 400 () @ https://sportscore.com/api/widget/matches/?sport=mma&limit=30:0
[  145657ms] [LOG] ℹ️ mma not available from SportScore API @ https://live-streaming-eta.vercel.app/js/api.js?v=7:471
[  145842ms] [LOG] ✅ ESPN Cricket: 23 matches from 9 series @ https://live-streaming-eta.vercel.app/js/api.js?v=7:1233
[  145857ms] [LOG] ✅ Live Agent: refresh complete @ https://live-streaming-eta.vercel.app/js/app.js?v=8:973
[  150419ms] [LOG] 🔄 Live Agent: refreshing scores... @ https://live-streaming-eta.vercel.app/js/app.js?v=8:906
[  150419ms] [LOG] 🌐 Fetching football... @ https://live-streaming-eta.vercel.app/js/api.js?v=7:467
[  150420ms] [LOG] 🌐 Fetching cricket... @ https://live-streaming-eta.vercel.app/js/api.js?v=7:467
[  150422ms] [LOG] 🌐 Fetching basketball... @ https://live-streaming-eta.vercel.app/js/api.js?v=7:467
[  150423ms] [LOG] 🌐 Fetching tennis... @ https://live-streaming-eta.vercel.app/js/api.js?v=7:467
[  150424ms] [LOG] 🌐 Fetching mma... @ https://live-streaming-eta.vercel.app/js/api.js?v=7:467
[  150425ms] [LOG] 🌐 Fetching ufc... @ https://live-streaming-eta.vercel.app/js/api.js?v=7:467
[  150448ms] [LOG] ✅ ESPN Cricket: 23 matches from 9 series @ https://live-streaming-eta.vercel.app/js/api.js?v=7:1233
[  150513ms] [LOG] ✅ Google Cricket: 0 matches @ https://live-streaming-eta.vercel.app/js/api.js?v=7:1328
[  150632ms] [ERROR] Failed to load resource: the server responded with a status of 400 () @ https://sportscore.com/api/widget/matches/?sport=ufc&limit=30:0
[  150632ms] [LOG] ℹ️ ufc not available from SportScore API @ https://live-streaming-eta.vercel.app/js/api.js?v=7:471
[  150636ms] [ERROR] Failed to load resource: the server responded with a status of 400 () @ https://sportscore.com/api/widget/matches/?sport=mma&limit=30:0
[  150637ms] [LOG] ℹ️ mma not available from SportScore API @ https://live-streaming-eta.vercel.app/js/api.js?v=7:471
[  150644ms] [LOG] ✅ Live Agent: refresh complete @ https://live-streaming-eta.vercel.app/js/app.js?v=8:973
[  155418ms] [LOG] 🔄 Live Agent: refreshing scores... @ https://live-streaming-eta.vercel.app/js/app.js?v=8:906
[  155418ms] [LOG] 🌐 Fetching football... @ https://live-streaming-eta.vercel.app/js/api.js?v=7:467
[  155419ms] [LOG] 🌐 Fetching cricket... @ https://live-streaming-eta.vercel.app/js/api.js?v=7:467
[  155420ms] [LOG] 🌐 Fetching basketball... @ https://live-streaming-eta.vercel.app/js/api.js?v=7:467
[  155420ms] [LOG] 🌐 Fetching tennis... @ https://live-streaming-eta.vercel.app/js/api.js?v=7:467
[  155421ms] [LOG] 🌐 Fetching mma... @ https://live-streaming-eta.vercel.app/js/api.js?v=7:467
[  155421ms] [LOG] 🌐 Fetching ufc... @ https://live-streaming-eta.vercel.app/js/api.js?v=7:467
[  155504ms] [LOG] ✅ Google Cricket: 0 matches @ https://live-streaming-eta.vercel.app/js/api.js?v=7:1328
[  155632ms] [ERROR] Failed to load resource: the server responded with a status of 400 () @ https://sportscore.com/api/widget/matches/?sport=mma&limit=30:0
[  155632ms] [LOG] ℹ️ mma not available from SportScore API @ https://live-streaming-eta.vercel.app/js/api.js?v=7:471
[  155633ms] [ERROR] Failed to load resource: the server responded with a status of 400 () @ https://sportscore.com/api/widget/matches/?sport=ufc&limit=30:0
[  155633ms] [LOG] ℹ️ ufc not available from SportScore API @ https://live-streaming-eta.vercel.app/js/api.js?v=7:471
[  155805ms] [LOG] ✅ ESPN Cricket: 23 matches from 9 series @ https://live-streaming-eta.vercel.app/js/api.js?v=7:1233
[  155815ms] [LOG] ✅ Live Agent: refresh complete @ https://live-streaming-eta.vercel.app/js/app.js?v=8:973
[  160428ms] [LOG] 🔄 Live Agent: refreshing scores... @ https://live-streaming-eta.vercel.app/js/app.js?v=8:906
[  160429ms] [LOG] 🌐 Fetching football... @ https://live-streaming-eta.vercel.app/js/api.js?v=7:467
[  160430ms] [LOG] 🌐 Fetching cricket... @ https://live-streaming-eta.vercel.app/js/api.js?v=7:467
[  160431ms] [LOG] 🌐 Fetching basketball... @ https://live-streaming-eta.vercel.app/js/api.js?v=7:467
[  160434ms] [LOG] 🌐 Fetching tennis... @ https://live-streaming-eta.vercel.app/js/api.js?v=7:467
[  160435ms] [LOG] 🌐 Fetching mma... @ https://live-streaming-eta.vercel.app/js/api.js?v=7:467
[  160437ms] [LOG] 🌐 Fetching ufc... @ https://live-streaming-eta.vercel.app/js/api.js?v=7:467
[  160451ms] [LOG] ✅ ESPN Cricket: 23 matches from 9 series @ https://live-streaming-eta.vercel.app/js/api.js?v=7:1233
[  160505ms] [LOG] ✅ Google Cricket: 0 matches @ https://live-streaming-eta.vercel.app/js/api.js?v=7:1328
[  160630ms] [ERROR] Access to fetch at 'https://sportscore.com/api/widget/matches/?sport=mma&limit=30' from origin 'https://live-streaming-eta.vercel.app' has been blocked by CORS policy: No 'Access-Control-Allow-Origin' header is present on the requested resource. @ https://live-streaming-eta.vercel.app/cricket/2026-08-19/warwickshire-women-vs-yorkshire-women:0
[  160631ms] [ERROR] Failed to load resource: net::ERR_FAILED @ https://sportscore.com/api/widget/matches/?sport=mma&limit=30:0
[  160633ms] [LOG] ℹ️ mma: Failed to fetch @ https://live-streaming-eta.vercel.app/js/api.js?v=7:478
[  160635ms] [ERROR] Access to fetch at 'https://sportscore.com/api/widget/matches/?sport=ufc&limit=30' from origin 'https://live-streaming-eta.vercel.app' has been blocked by CORS policy: No 'Access-Control-Allow-Origin' header is present on the requested resource. @ https://live-streaming-eta.vercel.app/cricket/2026-08-19/warwickshire-women-vs-yorkshire-women:0
[  160636ms] [ERROR] Failed to load resource: net::ERR_FAILED @ https://sportscore.com/api/widget/matches/?sport=ufc&limit=30:0
[  160637ms] [LOG] ℹ️ ufc: Failed to fetch @ https://live-streaming-eta.vercel.app/js/api.js?v=7:478
[  160652ms] [LOG] ✅ Live Agent: refresh complete @ https://live-streaming-eta.vercel.app/js/app.js?v=8:973
[  165428ms] [LOG] 🔄 Live Agent: refreshing scores... @ https://live-streaming-eta.vercel.app/js/app.js?v=8:906
[  165429ms] [LOG] 🌐 Fetching football... @ https://live-streaming-eta.vercel.app/js/api.js?v=7:467
[  165430ms] [LOG] 🌐 Fetching cricket... @ https://live-streaming-eta.vercel.app/js/api.js?v=7:467
[  165436ms] [LOG] 🌐 Fetching basketball... @ https://live-streaming-eta.vercel.app/js/api.js?v=7:467
[  165439ms] [LOG] 🌐 Fetching tennis... @ https://live-streaming-eta.vercel.app/js/api.js?v=7:467
[  165442ms] [LOG] 🌐 Fetching mma... @ https://live-streaming-eta.vercel.app/js/api.js?v=7:467
[  165446ms] [LOG] 🌐 Fetching ufc... @ https://live-streaming-eta.vercel.app/js/api.js?v=7:467
[  165526ms] [LOG] ✅ Google Cricket: 0 matches @ https://live-streaming-eta.vercel.app/js/api.js?v=7:1328
[  165655ms] [ERROR] Failed to load resource: the server responded with a status of 400 () @ https://sportscore.com/api/widget/matches/?sport=mma&limit=30:0
[  165656ms] [LOG] ℹ️ mma not available from SportScore API @ https://live-streaming-eta.vercel.app/js/api.js?v=7:471
[  165661ms] [ERROR] Failed to load resource: the server responded with a status of 400 () @ https://sportscore.com/api/widget/matches/?sport=ufc&limit=30:0
[  165661ms] [LOG] ℹ️ ufc not available from SportScore API @ https://live-streaming-eta.vercel.app/js/api.js?v=7:471
[  165839ms] [LOG] ✅ ESPN Cricket: 23 matches from 9 series @ https://live-streaming-eta.vercel.app/js/api.js?v=7:1233
[  165857ms] [LOG] ✅ Live Agent: refresh complete @ https://live-streaming-eta.vercel.app/js/app.js?v=8:973
[  170426ms] [LOG] 🔄 Live Agent: refreshing scores... @ https://live-streaming-eta.vercel.app/js/app.js?v=8:906
[  170426ms] [LOG] 🌐 Fetching football... @ https://live-streaming-eta.vercel.app/js/api.js?v=7:467
[  170427ms] [LOG] 🌐 Fetching cricket... @ https://live-streaming-eta.vercel.app/js/api.js?v=7:467
[  170433ms] [LOG] 🌐 Fetching basketball... @ https://live-streaming-eta.vercel.app/js/api.js?v=7:467
[  170435ms] [LOG] 🌐 Fetching tennis... @ https://live-streaming-eta.vercel.app/js/api.js?v=7:467
[  170437ms] [LOG] 🌐 Fetching mma... @ https://live-streaming-eta.vercel.app/js/api.js?v=7:467
[  170440ms] [LOG] 🌐 Fetching ufc... @ https://live-streaming-eta.vercel.app/js/api.js?v=7:467
[  170456ms] [LOG] ✅ ESPN Cricket: 23 matches from 9 series @ https://live-streaming-eta.vercel.app/js/api.js?v=7:1233
[  170515ms] [LOG] ✅ Google Cricket: 0 matches @ https://live-streaming-eta.vercel.app/js/api.js?v=7:1328
[  170635ms] [ERROR] Failed to load resource: the server responded with a status of 400 () @ https://sportscore.com/api/widget/matches/?sport=ufc&limit=30:0
[  170635ms] [LOG] ℹ️ ufc not available from SportScore API @ https://live-streaming-eta.vercel.app/js/api.js?v=7:471
[  170659ms] [ERROR] Failed to load resource: the server responded with a status of 400 () @ https://sportscore.com/api/widget/matches/?sport=mma&limit=30:0
[  170660ms] [LOG] ℹ️ mma not available from SportScore API @ https://live-streaming-eta.vercel.app/js/api.js?v=7:471
[  170679ms] [LOG] ✅ Live Agent: refresh complete @ https://live-streaming-eta.vercel.app/js/app.js?v=8:973
[  175420ms] [LOG] 🔄 Live Agent: refreshing scores... @ https://live-streaming-eta.vercel.app/js/app.js?v=8:906
[  175421ms] [LOG] 🌐 Fetching football... @ https://live-streaming-eta.vercel.app/js/api.js?v=7:467
[  175423ms] [LOG] 🌐 Fetching cricket... @ https://live-streaming-eta.vercel.app/js/api.js?v=7:467
[  175429ms] [LOG] 🌐 Fetching basketball... @ https://live-streaming-eta.vercel.app/js/api.js?v=7:467
[  175433ms] [LOG] 🌐 Fetching tennis... @ https://live-streaming-eta.vercel.app/js/api.js?v=7:467
[  175447ms] [LOG] 🌐 Fetching mma... @ https://live-streaming-eta.vercel.app/js/api.js?v=7:467
[  175448ms] [LOG] 🌐 Fetching ufc... @ https://live-streaming-eta.vercel.app/js/api.js?v=7:467
[  176215ms] [ERROR] Failed to load resource: the server responded with a status of 400 () @ https://sportscore.com/api/widget/matches/?sport=ufc&limit=30:0
[  176218ms] [LOG] ℹ️ ufc not available from SportScore API @ https://live-streaming-eta.vercel.app/js/api.js?v=7:471
[  176220ms] [ERROR] Failed to load resource: the server responded with a status of 400 () @ https://sportscore.com/api/widget/matches/?sport=mma&limit=30:0
[  176220ms] [LOG] ℹ️ mma not available from SportScore API @ https://live-streaming-eta.vercel.app/js/api.js?v=7:471
[  176222ms] [LOG] ✅ Google Cricket: 0 matches @ https://live-streaming-eta.vercel.app/js/api.js?v=7:1328
[  176565ms] [LOG] ✅ ESPN Cricket: 23 matches from 9 series @ https://live-streaming-eta.vercel.app/js/api.js?v=7:1233
[  176584ms] [LOG] ✅ Live Agent: refresh complete @ https://live-streaming-eta.vercel.app/js/app.js?v=8:973
[  180432ms] [LOG] 🔄 Live Agent: refreshing scores... @ https://live-streaming-eta.vercel.app/js/app.js?v=8:906
[  180433ms] [LOG] 🌐 Fetching football... @ https://live-streaming-eta.vercel.app/js/api.js?v=7:467
[  180443ms] [LOG] 🌐 Fetching cricket... @ https://live-streaming-eta.vercel.app/js/api.js?v=7:467
[  180451ms] [LOG] 🌐 Fetching basketball... @ https://live-streaming-eta.vercel.app/js/api.js?v=7:467
[  180454ms] [LOG] 🌐 Fetching tennis... @ https://live-streaming-eta.vercel.app/js/api.js?v=7:467
[  180457ms] [LOG] 🌐 Fetching mma... @ https://live-streaming-eta.vercel.app/js/api.js?v=7:467
[  180460ms] [LOG] 🌐 Fetching ufc... @ https://live-streaming-eta.vercel.app/js/api.js?v=7:467
[  180492ms] [LOG] ✅ ESPN Cricket: 23 matches from 9 series @ https://live-streaming-eta.vercel.app/js/api.js?v=7:1233
[  180543ms] [LOG] ✅ Google Cricket: 0 matches @ https://live-streaming-eta.vercel.app/js/api.js?v=7:1328
[  180732ms] [ERROR] Failed to load resource: the server responded with a status of 400 () @ https://sportscore.com/api/widget/matches/?sport=mma&limit=30:0
[  180749ms] [LOG] ℹ️ mma not available from SportScore API @ https://live-streaming-eta.vercel.app/js/api.js?v=7:471
[  180758ms] [ERROR] Failed to load resource: the server responded with a status of 400 () @ https://sportscore.com/api/widget/matches/?sport=ufc&limit=30:0
[  180779ms] [LOG] ℹ️ ufc not available from SportScore API @ https://live-streaming-eta.vercel.app/js/api.js?v=7:471
[  180837ms] [LOG] ✅ Live Agent: refresh complete @ https://live-streaming-eta.vercel.app/js/app.js?v=8:973
[  185430ms] [LOG] 🔄 Live Agent: refreshing scores... @ https://live-streaming-eta.vercel.app/js/app.js?v=8:906
[  185431ms] [LOG] 🌐 Fetching football... @ https://live-streaming-eta.vercel.app/js/api.js?v=7:467
[  185437ms] [LOG] 🌐 Fetching cricket... @ https://live-streaming-eta.vercel.app/js/api.js?v=7:467
[  185461ms] [LOG] 🌐 Fetching basketball... @ https://live-streaming-eta.vercel.app/js/api.js?v=7:467
[  185463ms] [LOG] 🌐 Fetching tennis... @ https://live-streaming-eta.vercel.app/js/api.js?v=7:467
[  185465ms] [LOG] 🌐 Fetching mma... @ https://live-streaming-eta.vercel.app/js/api.js?v=7:467
[  185478ms] [LOG] 🌐 Fetching ufc... @ https://live-streaming-eta.vercel.app/js/api.js?v=7:467
[  185592ms] [LOG] ✅ Google Cricket: 0 matches @ https://live-streaming-eta.vercel.app/js/api.js?v=7:1328
[  185702ms] [ERROR] Failed to load resource: the server responded with a status of 400 () @ https://sportscore.com/api/widget/matches/?sport=ufc&limit=30:0
[  185703ms] [LOG] ℹ️ ufc not available from SportScore API @ https://live-streaming-eta.vercel.app/js/api.js?v=7:471
[  185703ms] [ERROR] Failed to load resource: the server responded with a status of 400 () @ https://sportscore.com/api/widget/matches/?sport=mma&limit=30:0
[  185706ms] [LOG] ℹ️ mma not available from SportScore API @ https://live-streaming-eta.vercel.app/js/api.js?v=7:471
[  185898ms] [LOG] ✅ ESPN Cricket: 23 matches from 9 series @ https://live-streaming-eta.vercel.app/js/api.js?v=7:1233
[  185909ms] [LOG] ✅ Live Agent: refresh complete @ https://live-streaming-eta.vercel.app/js/app.js?v=8:973
[  190419ms] [LOG] 🔄 Live Agent: refreshing scores... @ https://live-streaming-eta.vercel.app/js/app.js?v=8:906
[  190420ms] [LOG] 🌐 Fetching football... @ https://live-streaming-eta.vercel.app/js/api.js?v=7:467
[  190423ms] [LOG] 🌐 Fetching cricket... @ https://live-streaming-eta.vercel.app/js/api.js?v=7:467
[  190425ms] [LOG] 🌐 Fetching basketball... @ https://live-streaming-eta.vercel.app/js/api.js?v=7:467
[  190431ms] [LOG] 🌐 Fetching tennis... @ https://live-streaming-eta.vercel.app/js/api.js?v=7:467
[  190434ms] [LOG] 🌐 Fetching mma... @ https://live-streaming-eta.vercel.app/js/api.js?v=7:467
[  190437ms] [LOG] 🌐 Fetching ufc... @ https://live-streaming-eta.vercel.app/js/api.js?v=7:467
[  190460ms] [LOG] ✅ ESPN Cricket: 23 matches from 9 series @ https://live-streaming-eta.vercel.app/js/api.js?v=7:1233
[  190590ms] [LOG] ✅ Google Cricket: 0 matches @ https://live-streaming-eta.vercel.app/js/api.js?v=7:1328
[  190646ms] [ERROR] Failed to load resource: the server responded with a status of 400 () @ https://sportscore.com/api/widget/matches/?sport=mma&limit=30:0
[  190646ms] [LOG] ℹ️ mma not available from SportScore API @ https://live-streaming-eta.vercel.app/js/api.js?v=7:471
[  190647ms] [ERROR] Failed to load resource: the server responded with a status of 400 () @ https://sportscore.com/api/widget/matches/?sport=ufc&limit=30:0
[  190648ms] [LOG] ℹ️ ufc not available from SportScore API @ https://live-streaming-eta.vercel.app/js/api.js?v=7:471
[  190659ms] [LOG] ✅ Live Agent: refresh complete @ https://live-streaming-eta.vercel.app/js/app.js?v=8:973
[  195418ms] [LOG] 🔄 Live Agent: refreshing scores... @ https://live-streaming-eta.vercel.app/js/app.js?v=8:906
[  195419ms] [LOG] 🌐 Fetching football... @ https://live-streaming-eta.vercel.app/js/api.js?v=7:467
[  195421ms] [LOG] 🌐 Fetching cricket... @ https://live-streaming-eta.vercel.app/js/api.js?v=7:467
[  195426ms] [LOG] 🌐 Fetching basketball... @ https://live-streaming-eta.vercel.app/js/api.js?v=7:467
[  195428ms] [LOG] 🌐 Fetching tennis... @ https://live-streaming-eta.vercel.app/js/api.js?v=7:467
[  195431ms] [LOG] 🌐 Fetching mma... @ https://live-streaming-eta.vercel.app/js/api.js?v=7:467
[  195435ms] [LOG] 🌐 Fetching ufc... @ https://live-streaming-eta.vercel.app/js/api.js?v=7:467
[  195498ms] [LOG] ✅ Google Cricket: 0 matches @ https://live-streaming-eta.vercel.app/js/api.js?v=7:1328
[  195630ms] [ERROR] Failed to load resource: the server responded with a status of 400 () @ https://sportscore.com/api/widget/matches/?sport=mma&limit=30:0
[  195631ms] [LOG] ℹ️ mma not available from SportScore API @ https://live-streaming-eta.vercel.app/js/api.js?v=7:471
[  195636ms] [ERROR] Failed to load resource: the server responded with a status of 400 () @ https://sportscore.com/api/widget/matches/?sport=ufc&limit=30:0
[  195636ms] [LOG] ℹ️ ufc not available from SportScore API @ https://live-streaming-eta.vercel.app/js/api.js?v=7:471
[  195829ms] [LOG] ✅ ESPN Cricket: 23 matches from 9 series @ https://live-streaming-eta.vercel.app/js/api.js?v=7:1233
[  195840ms] [LOG] ✅ Live Agent: refresh complete @ https://live-streaming-eta.vercel.app/js/app.js?v=8:973
[  200421ms] [LOG] 🔄 Live Agent: refreshing scores... @ https://live-streaming-eta.vercel.app/js/app.js?v=8:906
[  200421ms] [LOG] 🌐 Fetching football... @ https://live-streaming-eta.vercel.app/js/api.js?v=7:467
[  200422ms] [LOG] 🌐 Fetching cricket... @ https://live-streaming-eta.vercel.app/js/api.js?v=7:467
[  200424ms] [LOG] 🌐 Fetching basketball... @ https://live-streaming-eta.vercel.app/js/api.js?v=7:467
[  200425ms] [LOG] 🌐 Fetching tennis... @ https://live-streaming-eta.vercel.app/js/api.js?v=7:467
[  200430ms] [LOG] 🌐 Fetching mma... @ https://live-streaming-eta.vercel.app/js/api.js?v=7:467
[  200431ms] [LOG] 🌐 Fetching ufc... @ https://live-streaming-eta.vercel.app/js/api.js?v=7:467
[  200445ms] [LOG] ✅ ESPN Cricket: 23 matches from 9 series @ https://live-streaming-eta.vercel.app/js/api.js?v=7:1233
[  200499ms] [LOG] ✅ Google Cricket: 0 matches @ https://live-streaming-eta.vercel.app/js/api.js?v=7:1328
[  200705ms] [ERROR] Failed to load resource: the server responded with a status of 400 () @ https://sportscore.com/api/widget/matches/?sport=mma&limit=30:0
[  200705ms] [LOG] ℹ️ mma not available from SportScore API @ https://live-streaming-eta.vercel.app/js/api.js?v=7:471
[  200710ms] [ERROR] Failed to load resource: the server responded with a status of 400 () @ https://sportscore.com/api/widget/matches/?sport=ufc&limit=30:0
[  200714ms] [LOG] ℹ️ ufc not available from SportScore API @ https://live-streaming-eta.vercel.app/js/api.js?v=7:471
[  200755ms] [LOG] ✅ Live Agent: refresh complete @ https://live-streaming-eta.vercel.app/js/app.js?v=8:973
[  205420ms] [LOG] 🔄 Live Agent: refreshing scores... @ https://live-streaming-eta.vercel.app/js/app.js?v=8:906
[  205420ms] [LOG] 🌐 Fetching football... @ https://live-streaming-eta.vercel.app/js/api.js?v=7:467
[  205421ms] [LOG] 🌐 Fetching cricket... @ https://live-streaming-eta.vercel.app/js/api.js?v=7:467
[  205430ms] [LOG] 🌐 Fetching basketball... @ https://live-streaming-eta.vercel.app/js/api.js?v=7:467
[  205434ms] [LOG] 🌐 Fetching tennis... @ https://live-streaming-eta.vercel.app/js/api.js?v=7:467
[  205440ms] [LOG] 🌐 Fetching mma... @ https://live-streaming-eta.vercel.app/js/api.js?v=7:467
[  205440ms] [LOG] 🌐 Fetching ufc... @ https://live-streaming-eta.vercel.app/js/api.js?v=7:467
[  205511ms] [LOG] ✅ Google Cricket: 0 matches @ https://live-streaming-eta.vercel.app/js/api.js?v=7:1328
[  205650ms] [ERROR] Failed to load resource: the server responded with a status of 400 () @ https://sportscore.com/api/widget/matches/?sport=mma&limit=30:0
[  205651ms] [LOG] ℹ️ mma not available from SportScore API @ https://live-streaming-eta.vercel.app/js/api.js?v=7:471
[  205654ms] [ERROR] Failed to load resource: the server responded with a status of 400 () @ https://sportscore.com/api/widget/matches/?sport=ufc&limit=30:0
[  205655ms] [LOG] ℹ️ ufc not available from SportScore API @ https://live-streaming-eta.vercel.app/js/api.js?v=7:471
[  205840ms] [LOG] ✅ ESPN Cricket: 23 matches from 9 series @ https://live-streaming-eta.vercel.app/js/api.js?v=7:1233
[  205852ms] [LOG] ✅ Live Agent: refresh complete @ https://live-streaming-eta.vercel.app/js/app.js?v=8:973
[  210419ms] [LOG] 🔄 Live Agent: refreshing scores... @ https://live-streaming-eta.vercel.app/js/app.js?v=8:906
[  210419ms] [LOG] 🌐 Fetching football... @ https://live-streaming-eta.vercel.app/js/api.js?v=7:467
[  210423ms] [LOG] 🌐 Fetching cricket... @ https://live-streaming-eta.vercel.app/js/api.js?v=7:467
[  210426ms] [LOG] 🌐 Fetching basketball... @ https://live-streaming-eta.vercel.app/js/api.js?v=7:467
[  210431ms] [LOG] 🌐 Fetching tennis... @ https://live-streaming-eta.vercel.app/js/api.js?v=7:467
[  210435ms] [LOG] 🌐 Fetching mma... @ https://live-streaming-eta.vercel.app/js/api.js?v=7:467
[  210440ms] [LOG] 🌐 Fetching ufc... @ https://live-streaming-eta.vercel.app/js/api.js?v=7:467
[  210464ms] [LOG] ✅ ESPN Cricket: 23 matches from 9 series @ https://live-streaming-eta.vercel.app/js/api.js?v=7:1233
[  210514ms] [LOG] ✅ Google Cricket: 0 matches @ https://live-streaming-eta.vercel.app/js/api.js?v=7:1328
[  210656ms] [ERROR] Failed to load resource: the server responded with a status of 400 () @ https://sportscore.com/api/widget/matches/?sport=mma&limit=30:0
[  210656ms] [LOG] ℹ️ mma not available from SportScore API @ https://live-streaming-eta.vercel.app/js/api.js?v=7:471
[  210658ms] [ERROR] Failed to load resource: the server responded with a status of 400 () @ https://sportscore.com/api/widget/matches/?sport=ufc&limit=30:0
[  210659ms] [LOG] ℹ️ ufc not available from SportScore API @ https://live-streaming-eta.vercel.app/js/api.js?v=7:471
[  210672ms] [LOG] ✅ Live Agent: refresh complete @ https://live-streaming-eta.vercel.app/js/app.js?v=8:973
[  215700ms] [LOG] 🔄 Live Agent: refreshing scores... @ https://live-streaming-eta.vercel.app/js/app.js?v=8:906
[  215707ms] [LOG] 🌐 Fetching football... @ https://live-streaming-eta.vercel.app/js/api.js?v=7:467
[  215709ms] [LOG] 🌐 Fetching cricket... @ https://live-streaming-eta.vercel.app/js/api.js?v=7:467
[  215710ms] [LOG] 🌐 Fetching basketball... @ https://live-streaming-eta.vercel.app/js/api.js?v=7:467
[  215724ms] [LOG] 🌐 Fetching tennis... @ https://live-streaming-eta.vercel.app/js/api.js?v=7:467
[  215725ms] [LOG] 🌐 Fetching mma... @ https://live-streaming-eta.vercel.app/js/api.js?v=7:467
[  215730ms] [LOG] 🌐 Fetching ufc... @ https://live-streaming-eta.vercel.app/js/api.js?v=7:467
[  215814ms] [LOG] ✅ Google Cricket: 0 matches @ https://live-streaming-eta.vercel.app/js/api.js?v=7:1328
[  216012ms] [ERROR] Failed to load resource: the server responded with a status of 400 () @ https://sportscore.com/api/widget/matches/?sport=mma&limit=30:0
[  216013ms] [LOG] ℹ️ mma not available from SportScore API @ https://live-streaming-eta.vercel.app/js/api.js?v=7:471
[  216095ms] [ERROR] Failed to load resource: the server responded with a status of 400 () @ https://sportscore.com/api/widget/matches/?sport=ufc&limit=30:0
[  216095ms] [LOG] ℹ️ ufc not available from SportScore API @ https://live-streaming-eta.vercel.app/js/api.js?v=7:471
[  216332ms] [LOG] ✅ ESPN Cricket: 23 matches from 9 series @ https://live-streaming-eta.vercel.app/js/api.js?v=7:1233
[  216753ms] [LOG] ✅ Live Agent: refresh complete @ https://live-streaming-eta.vercel.app/js/app.js?v=8:973
[  221106ms] [LOG] 🔄 Live Agent: refreshing scores... @ https://live-streaming-eta.vercel.app/js/app.js?v=8:906
[  221106ms] [LOG] 🌐 Fetching football... @ https://live-streaming-eta.vercel.app/js/api.js?v=7:467
[  221173ms] [LOG] 🌐 Fetching cricket... @ https://live-streaming-eta.vercel.app/js/api.js?v=7:467
[  221213ms] [LOG] 🌐 Fetching basketball... @ https://live-streaming-eta.vercel.app/js/api.js?v=7:467
[  221219ms] [LOG] 🌐 Fetching tennis... @ https://live-streaming-eta.vercel.app/js/api.js?v=7:467
[  221231ms] [LOG] 🌐 Fetching mma... @ https://live-streaming-eta.vercel.app/js/api.js?v=7:467
[  221234ms] [LOG] 🌐 Fetching ufc... @ https://live-streaming-eta.vercel.app/js/api.js?v=7:467
[  221844ms] [LOG] ✅ ESPN Cricket: 23 matches from 9 series @ https://live-streaming-eta.vercel.app/js/api.js?v=7:1233
[  221988ms] [ERROR] Failed to load resource: the server responded with a status of 400 () @ https://sportscore.com/api/widget/matches/?sport=mma&limit=30:0
[  221988ms] [LOG] ℹ️ mma not available from SportScore API @ https://live-streaming-eta.vercel.app/js/api.js?v=7:471
[  221990ms] [ERROR] Failed to load resource: the server responded with a status of 400 () @ https://sportscore.com/api/widget/matches/?sport=ufc&limit=30:0
[  221990ms] [LOG] ℹ️ ufc not available from SportScore API @ https://live-streaming-eta.vercel.app/js/api.js?v=7:471
[  221992ms] [LOG] ✅ Google Cricket: 0 matches @ https://live-streaming-eta.vercel.app/js/api.js?v=7:1328
[  222017ms] [LOG] ✅ Live Agent: refresh complete @ https://live-streaming-eta.vercel.app/js/app.js?v=8:973
[  225448ms] [LOG] 🔄 Live Agent: refreshing scores... @ https://live-streaming-eta.vercel.app/js/app.js?v=8:906
[  225457ms] [LOG] 🌐 Fetching football... @ https://live-streaming-eta.vercel.app/js/api.js?v=7:467
[  225457ms] [LOG] 🌐 Fetching cricket... @ https://live-streaming-eta.vercel.app/js/api.js?v=7:467
[  225458ms] [LOG] 🌐 Fetching basketball... @ https://live-streaming-eta.vercel.app/js/api.js?v=7:467
[  225468ms] [LOG] 🌐 Fetching tennis... @ https://live-streaming-eta.vercel.app/js/api.js?v=7:467
[  225473ms] [LOG] 🌐 Fetching mma... @ https://live-streaming-eta.vercel.app/js/api.js?v=7:467
[  225476ms] [LOG] 🌐 Fetching ufc... @ https://live-streaming-eta.vercel.app/js/api.js?v=7:467
[  225948ms] [ERROR] Failed to load resource: the server responded with a status of 400 () @ https://sportscore.com/api/widget/matches/?sport=mma&limit=30:0
[  225948ms] [LOG] ℹ️ mma not available from SportScore API @ https://live-streaming-eta.vercel.app/js/api.js?v=7:471
[  225950ms] [ERROR] Failed to load resource: the server responded with a status of 400 () @ https://sportscore.com/api/widget/matches/?sport=ufc&limit=30:0
[  225951ms] [LOG] ℹ️ ufc not available from SportScore API @ https://live-streaming-eta.vercel.app/js/api.js?v=7:471
[  225952ms] [LOG] ✅ Google Cricket: 0 matches @ https://live-streaming-eta.vercel.app/js/api.js?v=7:1328
[  225955ms] [LOG] ✅ ESPN Cricket: 23 matches from 9 series @ https://live-streaming-eta.vercel.app/js/api.js?v=7:1233
[  225962ms] [LOG] ✅ Live Agent: refresh complete @ https://live-streaming-eta.vercel.app/js/app.js?v=8:973
[  230422ms] [LOG] 🔄 Live Agent: refreshing scores... @ https://live-streaming-eta.vercel.app/js/app.js?v=8:906
[  230422ms] [LOG] 🌐 Fetching football... @ https://live-streaming-eta.vercel.app/js/api.js?v=7:467
[  230425ms] [LOG] 🌐 Fetching cricket... @ https://live-streaming-eta.vercel.app/js/api.js?v=7:467
[  230427ms] [LOG] 🌐 Fetching basketball... @ https://live-streaming-eta.vercel.app/js/api.js?v=7:467
[  230429ms] [LOG] 🌐 Fetching tennis... @ https://live-streaming-eta.vercel.app/js/api.js?v=7:467
[  230430ms] [LOG] 🌐 Fetching mma... @ https://live-streaming-eta.vercel.app/js/api.js?v=7:467
[  230431ms] [LOG] 🌐 Fetching ufc... @ https://live-streaming-eta.vercel.app/js/api.js?v=7:467
[  230459ms] [LOG] ✅ ESPN Cricket: 23 matches from 9 series @ https://live-streaming-eta.vercel.app/js/api.js?v=7:1233
[  230502ms] [LOG] ✅ Google Cricket: 0 matches @ https://live-streaming-eta.vercel.app/js/api.js?v=7:1328
[  230641ms] [ERROR] Failed to load resource: the server responded with a status of 400 () @ https://sportscore.com/api/widget/matches/?sport=mma&limit=30:0
[  230642ms] [LOG] ℹ️ mma not available from SportScore API @ https://live-streaming-eta.vercel.app/js/api.js?v=7:471
[  230649ms] [ERROR] Failed to load resource: the server responded with a status of 400 () @ https://sportscore.com/api/widget/matches/?sport=ufc&limit=30:0
[  230649ms] [LOG] ℹ️ ufc not available from SportScore API @ https://live-streaming-eta.vercel.app/js/api.js?v=7:471
[  230662ms] [LOG] ✅ Live Agent: refresh complete @ https://live-streaming-eta.vercel.app/js/app.js?v=8:973
[  235430ms] [LOG] 🔄 Live Agent: refreshing scores... @ https://live-streaming-eta.vercel.app/js/app.js?v=8:906
[  235431ms] [LOG] 🌐 Fetching football... @ https://live-streaming-eta.vercel.app/js/api.js?v=7:467
[  235433ms] [LOG] 🌐 Fetching cricket... @ https://live-streaming-eta.vercel.app/js/api.js?v=7:467
[  235435ms] [LOG] 🌐 Fetching basketball... @ https://live-streaming-eta.vercel.app/js/api.js?v=7:467
[  235436ms] [LOG] 🌐 Fetching tennis... @ https://live-streaming-eta.vercel.app/js/api.js?v=7:467
[  235437ms] [LOG] 🌐 Fetching mma... @ https://live-streaming-eta.vercel.app/js/api.js?v=7:467
[  235438ms] [LOG] 🌐 Fetching ufc... @ https://live-streaming-eta.vercel.app/js/api.js?v=7:467
[  235518ms] [LOG] ✅ Google Cricket: 0 matches @ https://live-streaming-eta.vercel.app/js/api.js?v=7:1328
[  235652ms] [ERROR] Failed to load resource: the server responded with a status of 400 () @ https://sportscore.com/api/widget/matches/?sport=mma&limit=30:0
[  235653ms] [LOG] ℹ️ mma not available from SportScore API @ https://live-streaming-eta.vercel.app/js/api.js?v=7:471
[  235654ms] [ERROR] Failed to load resource: the server responded with a status of 400 () @ https://sportscore.com/api/widget/matches/?sport=ufc&limit=30:0
[  235654ms] [LOG] ℹ️ ufc not available from SportScore API @ https://live-streaming-eta.vercel.app/js/api.js?v=7:471
[  235841ms] [LOG] ✅ ESPN Cricket: 23 matches from 9 series @ https://live-streaming-eta.vercel.app/js/api.js?v=7:1233
[  235854ms] [LOG] ✅ Live Agent: refresh complete @ https://live-streaming-eta.vercel.app/js/app.js?v=8:973
[  240418ms] [LOG] 🔄 Live Agent: refreshing scores... @ https://live-streaming-eta.vercel.app/js/app.js?v=8:906
[  240419ms] [LOG] 🌐 Fetching football... @ https://live-streaming-eta.vercel.app/js/api.js?v=7:467
[  240421ms] [LOG] 🌐 Fetching cricket... @ https://live-streaming-eta.vercel.app/js/api.js?v=7:467
[  240422ms] [LOG] 🌐 Fetching basketball... @ https://live-streaming-eta.vercel.app/js/api.js?v=7:467
[  240423ms] [LOG] 🌐 Fetching tennis... @ https://live-streaming-eta.vercel.app/js/api.js?v=7:467
[  240424ms] [LOG] 🌐 Fetching mma... @ https://live-streaming-eta.vercel.app/js/api.js?v=7:467
[  240425ms] [LOG] 🌐 Fetching ufc... @ https://live-streaming-eta.vercel.app/js/api.js?v=7:467
[  240451ms] [LOG] ✅ ESPN Cricket: 23 matches from 9 series @ https://live-streaming-eta.vercel.app/js/api.js?v=7:1233
[  240504ms] [LOG] ✅ Google Cricket: 0 matches @ https://live-streaming-eta.vercel.app/js/api.js?v=7:1328
[  240638ms] [ERROR] Failed to load resource: the server responded with a status of 400 () @ https://sportscore.com/api/widget/matches/?sport=mma&limit=30:0
[  240639ms] [LOG] ℹ️ mma not available from SportScore API @ https://live-streaming-eta.vercel.app/js/api.js?v=7:471
[  240642ms] [ERROR] Failed to load resource: the server responded with a status of 400 () @ https://sportscore.com/api/widget/matches/?sport=ufc&limit=30:0
[  240642ms] [LOG] ℹ️ ufc not available from SportScore API @ https://live-streaming-eta.vercel.app/js/api.js?v=7:471
[  240655ms] [LOG] ✅ Live Agent: refresh complete @ https://live-streaming-eta.vercel.app/js/app.js?v=8:973
[  245422ms] [LOG] 🔄 Live Agent: refreshing scores... @ https://live-streaming-eta.vercel.app/js/app.js?v=8:906
[  245423ms] [LOG] 🌐 Fetching football... @ https://live-streaming-eta.vercel.app/js/api.js?v=7:467
[  245423ms] [LOG] 🌐 Fetching cricket... @ https://live-streaming-eta.vercel.app/js/api.js?v=7:467
[  245424ms] [LOG] 🌐 Fetching basketball... @ https://live-streaming-eta.vercel.app/js/api.js?v=7:467
[  245425ms] [LOG] 🌐 Fetching tennis... @ https://live-streaming-eta.vercel.app/js/api.js?v=7:467
[  245425ms] [LOG] 🌐 Fetching mma... @ https://live-streaming-eta.vercel.app/js/api.js?v=7:467
[  245426ms] [LOG] 🌐 Fetching ufc... @ https://live-streaming-eta.vercel.app/js/api.js?v=7:467
[  245498ms] [LOG] ✅ Google Cricket: 0 matches @ https://live-streaming-eta.vercel.app/js/api.js?v=7:1328
[  245646ms] [ERROR] Failed to load resource: the server responded with a status of 400 () @ https://sportscore.com/api/widget/matches/?sport=mma&limit=30:0
[  245646ms] [LOG] ℹ️ mma not available from SportScore API @ https://live-streaming-eta.vercel.app/js/api.js?v=7:471
[  245647ms] [ERROR] Failed to load resource: the server responded with a status of 400 () @ https://sportscore.com/api/widget/matches/?sport=ufc&limit=30:0
[  245647ms] [LOG] ℹ️ ufc not available from SportScore API @ https://live-streaming-eta.vercel.app/js/api.js?v=7:471
[  245822ms] [LOG] ✅ ESPN Cricket: 23 matches from 9 series @ https://live-streaming-eta.vercel.app/js/api.js?v=7:1233
[  245830ms] [LOG] ✅ Live Agent: refresh complete @ https://live-streaming-eta.vercel.app/js/app.js?v=8:973
[  250418ms] [LOG] 🔄 Live Agent: refreshing scores... @ https://live-streaming-eta.vercel.app/js/app.js?v=8:906
[  250419ms] [LOG] 🌐 Fetching football... @ https://live-streaming-eta.vercel.app/js/api.js?v=7:467
[  250420ms] [LOG] 🌐 Fetching cricket... @ https://live-streaming-eta.vercel.app/js/api.js?v=7:467
[  250422ms] [LOG] 🌐 Fetching basketball... @ https://live-streaming-eta.vercel.app/js/api.js?v=7:467
[  250423ms] [LOG] 🌐 Fetching tennis... @ https://live-streaming-eta.vercel.app/js/api.js?v=7:467
[  250424ms] [LOG] 🌐 Fetching mma... @ https://live-streaming-eta.vercel.app/js/api.js?v=7:467
[  250425ms] [LOG] 🌐 Fetching ufc... @ https://live-streaming-eta.vercel.app/js/api.js?v=7:467
[  250447ms] [LOG] ✅ ESPN Cricket: 23 matches from 9 series @ https://live-streaming-eta.vercel.app/js/api.js?v=7:1233
[  250508ms] [LOG] ✅ Google Cricket: 0 matches @ https://live-streaming-eta.vercel.app/js/api.js?v=7:1328
[  250636ms] [ERROR] Failed to load resource: the server responded with a status of 400 () @ https://sportscore.com/api/widget/matches/?sport=mma&limit=30:0
[  250637ms] [LOG] ℹ️ mma not available from SportScore API @ https://live-streaming-eta.vercel.app/js/api.js?v=7:471
[  250637ms] [ERROR] Failed to load resource: the server responded with a status of 400 () @ https://sportscore.com/api/widget/matches/?sport=ufc&limit=30:0
[  250638ms] [LOG] ℹ️ ufc not available from SportScore API @ https://live-streaming-eta.vercel.app/js/api.js?v=7:471
[  250659ms] [LOG] ✅ Live Agent: refresh complete @ https://live-streaming-eta.vercel.app/js/app.js?v=8:973
[  255424ms] [LOG] 🔄 Live Agent: refreshing scores... @ https://live-streaming-eta.vercel.app/js/app.js?v=8:906
[  255424ms] [LOG] 🌐 Fetching football... @ https://live-streaming-eta.vercel.app/js/api.js?v=7:467
[  255425ms] [LOG] 🌐 Fetching cricket... @ https://live-streaming-eta.vercel.app/js/api.js?v=7:467
[  255425ms] [LOG] 🌐 Fetching basketball... @ https://live-streaming-eta.vercel.app/js/api.js?v=7:467
[  255426ms] [LOG] 🌐 Fetching tennis... @ https://live-streaming-eta.vercel.app/js/api.js?v=7:467
[  255426ms] [LOG] 🌐 Fetching mma... @ https://live-streaming-eta.vercel.app/js/api.js?v=7:467
[  255426ms] [LOG] 🌐 Fetching ufc... @ https://live-streaming-eta.vercel.app/js/api.js?v=7:467
[  255486ms] [LOG] ✅ Google Cricket: 0 matches @ https://live-streaming-eta.vercel.app/js/api.js?v=7:1328
[  255632ms] [ERROR] Failed to load resource: the server responded with a status of 400 () @ https://sportscore.com/api/widget/matches/?sport=ufc&limit=30:0
[  255633ms] [LOG] ℹ️ ufc not available from SportScore API @ https://live-streaming-eta.vercel.app/js/api.js?v=7:471
[  255633ms] [ERROR] Failed to load resource: the server responded with a status of 400 () @ https://sportscore.com/api/widget/matches/?sport=mma&limit=30:0
[  255634ms] [LOG] ℹ️ mma not available from SportScore API @ https://live-streaming-eta.vercel.app/js/api.js?v=7:471
[  255821ms] [LOG] ✅ ESPN Cricket: 23 matches from 9 series @ https://live-streaming-eta.vercel.app/js/api.js?v=7:1233
[  255828ms] [LOG] ✅ Live Agent: refresh complete @ https://live-streaming-eta.vercel.app/js/app.js?v=8:973
[  260422ms] [LOG] 🔄 Live Agent: refreshing scores... @ https://live-streaming-eta.vercel.app/js/app.js?v=8:906
[  260423ms] [LOG] 🌐 Fetching football... @ https://live-streaming-eta.vercel.app/js/api.js?v=7:467
[  260424ms] [LOG] 🌐 Fetching cricket... @ https://live-streaming-eta.vercel.app/js/api.js?v=7:467
[  260424ms] [LOG] 🌐 Fetching basketball... @ https://live-streaming-eta.vercel.app/js/api.js?v=7:467
[  260425ms] [LOG] 🌐 Fetching tennis... @ https://live-streaming-eta.vercel.app/js/api.js?v=7:467
[  260425ms] [LOG] 🌐 Fetching mma... @ https://live-streaming-eta.vercel.app/js/api.js?v=7:467
[  260426ms] [LOG] 🌐 Fetching ufc... @ https://live-streaming-eta.vercel.app/js/api.js?v=7:467
[  260444ms] [LOG] ✅ ESPN Cricket: 23 matches from 9 series @ https://live-streaming-eta.vercel.app/js/api.js?v=7:1233
[  260493ms] [LOG] ✅ Google Cricket: 0 matches @ https://live-streaming-eta.vercel.app/js/api.js?v=7:1328
[  261234ms] [ERROR] Failed to load resource: the server responded with a status of 400 () @ https://sportscore.com/api/widget/matches/?sport=mma&limit=30:0
[  261234ms] [LOG] ℹ️ mma not available from SportScore API @ https://live-streaming-eta.vercel.app/js/api.js?v=7:471
[  261235ms] [ERROR] Failed to load resource: the server responded with a status of 400 () @ https://sportscore.com/api/widget/matches/?sport=ufc&limit=30:0
[  261235ms] [LOG] ℹ️ ufc not available from SportScore API @ https://live-streaming-eta.vercel.app/js/api.js?v=7:471
[  261244ms] [LOG] ✅ Live Agent: refresh complete @ https://live-streaming-eta.vercel.app/js/app.js?v=8:973
[  265418ms] [LOG] 🔄 Live Agent: refreshing scores... @ https://live-streaming-eta.vercel.app/js/app.js?v=8:906
[  265418ms] [LOG] 🌐 Fetching football... @ https://live-streaming-eta.vercel.app/js/api.js?v=7:467
[  265419ms] [LOG] 🌐 Fetching cricket... @ https://live-streaming-eta.vercel.app/js/api.js?v=7:467
[  265420ms] [LOG] 🌐 Fetching basketball... @ https://live-streaming-eta.vercel.app/js/api.js?v=7:467
[  265422ms] [LOG] 🌐 Fetching tennis... @ https://live-streaming-eta.vercel.app/js/api.js?v=7:467
[  265422ms] [LOG] 🌐 Fetching mma... @ https://live-streaming-eta.vercel.app/js/api.js?v=7:467
[  265424ms] [LOG] 🌐 Fetching ufc... @ https://live-streaming-eta.vercel.app/js/api.js?v=7:467
[  265493ms] [LOG] ✅ Google Cricket: 0 matches @ https://live-streaming-eta.vercel.app/js/api.js?v=7:1328
[  265635ms] [ERROR] Failed to load resource: the server responded with a status of 400 () @ https://sportscore.com/api/widget/matches/?sport=mma&limit=30:0
[  265636ms] [LOG] ℹ️ mma not available from SportScore API @ https://live-streaming-eta.vercel.app/js/api.js?v=7:471
[  265636ms] [ERROR] Failed to load resource: the server responded with a status of 400 () @ https://sportscore.com/api/widget/matches/?sport=ufc&limit=30:0
[  265637ms] [LOG] ℹ️ ufc not available from SportScore API @ https://live-streaming-eta.vercel.app/js/api.js?v=7:471
[  265827ms] [LOG] ✅ ESPN Cricket: 23 matches from 9 series @ https://live-streaming-eta.vercel.app/js/api.js?v=7:1233
[  265839ms] [LOG] ✅ Live Agent: refresh complete @ https://live-streaming-eta.vercel.app/js/app.js?v=8:973
[  270420ms] [LOG] 🔄 Live Agent: refreshing scores... @ https://live-streaming-eta.vercel.app/js/app.js?v=8:906
[  270420ms] [LOG] 🌐 Fetching football... @ https://live-streaming-eta.vercel.app/js/api.js?v=7:467
[  270422ms] [LOG] 🌐 Fetching cricket... @ https://live-streaming-eta.vercel.app/js/api.js?v=7:467
[  270423ms] [LOG] 🌐 Fetching basketball... @ https://live-streaming-eta.vercel.app/js/api.js?v=7:467
[  270424ms] [LOG] 🌐 Fetching tennis... @ https://live-streaming-eta.vercel.app/js/api.js?v=7:467
[  270426ms] [LOG] 🌐 Fetching mma... @ https://live-streaming-eta.vercel.app/js/api.js?v=7:467
[  270427ms] [LOG] 🌐 Fetching ufc... @ https://live-streaming-eta.vercel.app/js/api.js?v=7:467
[  270457ms] [LOG] ✅ ESPN Cricket: 23 matches from 9 series @ https://live-streaming-eta.vercel.app/js/api.js?v=7:1233
[  270509ms] [LOG] ✅ Google Cricket: 0 matches @ https://live-streaming-eta.vercel.app/js/api.js?v=7:1328
[  270641ms] [ERROR] Failed to load resource: the server responded with a status of 400 () @ https://sportscore.com/api/widget/matches/?sport=mma&limit=30:0
[  270641ms] [LOG] ℹ️ mma not available from SportScore API @ https://live-streaming-eta.vercel.app/js/api.js?v=7:471
[  270642ms] [ERROR] Failed to load resource: the server responded with a status of 400 () @ https://sportscore.com/api/widget/matches/?sport=ufc&limit=30:0
[  270642ms] [LOG] ℹ️ ufc not available from SportScore API @ https://live-streaming-eta.vercel.app/js/api.js?v=7:471
[  270656ms] [LOG] ✅ Live Agent: refresh complete @ https://live-streaming-eta.vercel.app/js/app.js?v=8:973
[  275422ms] [LOG] 🔄 Live Agent: refreshing scores... @ https://live-streaming-eta.vercel.app/js/app.js?v=8:906
[  275422ms] [LOG] 🌐 Fetching football... @ https://live-streaming-eta.vercel.app/js/api.js?v=7:467
[  275424ms] [LOG] 🌐 Fetching cricket... @ https://live-streaming-eta.vercel.app/js/api.js?v=7:467
[  275425ms] [LOG] 🌐 Fetching basketball... @ https://live-streaming-eta.vercel.app/js/api.js?v=7:467
[  275427ms] [LOG] 🌐 Fetching tennis... @ https://live-streaming-eta.vercel.app/js/api.js?v=7:467
[  275428ms] [LOG] 🌐 Fetching mma... @ https://live-streaming-eta.vercel.app/js/api.js?v=7:467
[  275429ms] [LOG] 🌐 Fetching ufc... @ https://live-streaming-eta.vercel.app/js/api.js?v=7:467
[  275506ms] [LOG] ✅ Google Cricket: 0 matches @ https://live-streaming-eta.vercel.app/js/api.js?v=7:1328
[  275643ms] [ERROR] Failed to load resource: the server responded with a status of 400 () @ https://sportscore.com/api/widget/matches/?sport=mma&limit=30:0
[  275644ms] [LOG] ℹ️ mma not available from SportScore API @ https://live-streaming-eta.vercel.app/js/api.js?v=7:471
[  275648ms] [ERROR] Failed to load resource: the server responded with a status of 400 () @ https://sportscore.com/api/widget/matches/?sport=ufc&limit=30:0
[  275648ms] [LOG] ℹ️ ufc not available from SportScore API @ https://live-streaming-eta.vercel.app/js/api.js?v=7:471
[  275830ms] [LOG] ✅ ESPN Cricket: 23 matches from 9 series @ https://live-streaming-eta.vercel.app/js/api.js?v=7:1233
[  275841ms] [LOG] ✅ Live Agent: refresh complete @ https://live-streaming-eta.vercel.app/js/app.js?v=8:973
[  280429ms] [LOG] 🔄 Live Agent: refreshing scores... @ https://live-streaming-eta.vercel.app/js/app.js?v=8:906
[  280429ms] [LOG] 🌐 Fetching football... @ https://live-streaming-eta.vercel.app/js/api.js?v=7:467
[  280430ms] [LOG] 🌐 Fetching cricket... @ https://live-streaming-eta.vercel.app/js/api.js?v=7:467
[  280431ms] [LOG] 🌐 Fetching basketball... @ https://live-streaming-eta.vercel.app/js/api.js?v=7:467
[  280432ms] [LOG] 🌐 Fetching tennis... @ https://live-streaming-eta.vercel.app/js/api.js?v=7:467
[  280433ms] [LOG] 🌐 Fetching mma... @ https://live-streaming-eta.vercel.app/js/api.js?v=7:467
[  280434ms] [LOG] 🌐 Fetching ufc... @ https://live-streaming-eta.vercel.app/js/api.js?v=7:467
[  280453ms] [LOG] ✅ ESPN Cricket: 23 matches from 9 series @ https://live-streaming-eta.vercel.app/js/api.js?v=7:1233
[  280498ms] [LOG] ✅ Google Cricket: 0 matches @ https://live-streaming-eta.vercel.app/js/api.js?v=7:1328
[  280634ms] [ERROR] Failed to load resource: the server responded with a status of 400 () @ https://sportscore.com/api/widget/matches/?sport=mma&limit=30:0
[  280635ms] [LOG] ℹ️ mma not available from SportScore API @ https://live-streaming-eta.vercel.app/js/api.js?v=7:471
[  280638ms] [ERROR] Failed to load resource: the server responded with a status of 400 () @ https://sportscore.com/api/widget/matches/?sport=ufc&limit=30:0
[  280638ms] [LOG] ℹ️ ufc not available from SportScore API @ https://live-streaming-eta.vercel.app/js/api.js?v=7:471
[  280643ms] [LOG] ✅ Live Agent: refresh complete @ https://live-streaming-eta.vercel.app/js/app.js?v=8:973
[  285419ms] [LOG] 🔄 Live Agent: refreshing scores... @ https://live-streaming-eta.vercel.app/js/app.js?v=8:906
[  285420ms] [LOG] 🌐 Fetching football... @ https://live-streaming-eta.vercel.app/js/api.js?v=7:467
[  285421ms] [LOG] 🌐 Fetching cricket... @ https://live-streaming-eta.vercel.app/js/api.js?v=7:467
[  285422ms] [LOG] 🌐 Fetching basketball... @ https://live-streaming-eta.vercel.app/js/api.js?v=7:467
[  285423ms] [LOG] 🌐 Fetching tennis... @ https://live-streaming-eta.vercel.app/js/api.js?v=7:467
[  285424ms] [LOG] 🌐 Fetching mma... @ https://live-streaming-eta.vercel.app/js/api.js?v=7:467
[  285425ms] [LOG] 🌐 Fetching ufc... @ https://live-streaming-eta.vercel.app/js/api.js?v=7:467
[  285508ms] [LOG] ✅ Google Cricket: 0 matches @ https://live-streaming-eta.vercel.app/js/api.js?v=7:1328
[  285638ms] [ERROR] Failed to load resource: the server responded with a status of 400 () @ https://sportscore.com/api/widget/matches/?sport=mma&limit=30:0
[  285638ms] [LOG] ℹ️ mma not available from SportScore API @ https://live-streaming-eta.vercel.app/js/api.js?v=7:471
[  285641ms] [ERROR] Failed to load resource: the server responded with a status of 400 () @ https://sportscore.com/api/widget/matches/?sport=ufc&limit=30:0
[  285642ms] [LOG] ℹ️ ufc not available from SportScore API @ https://live-streaming-eta.vercel.app/js/api.js?v=7:471
[  285838ms] [LOG] ✅ ESPN Cricket: 23 matches from 9 series @ https://live-streaming-eta.vercel.app/js/api.js?v=7:1233
[  285843ms] [LOG] ✅ Live Agent: refresh complete @ https://live-streaming-eta.vercel.app/js/app.js?v=8:973
[  290421ms] [LOG] 🔄 Live Agent: refreshing scores... @ https://live-streaming-eta.vercel.app/js/app.js?v=8:906
[  290422ms] [LOG] 🌐 Fetching football... @ https://live-streaming-eta.vercel.app/js/api.js?v=7:467
[  290423ms] [LOG] 🌐 Fetching cricket... @ https://live-streaming-eta.vercel.app/js/api.js?v=7:467
[  290425ms] [LOG] 🌐 Fetching basketball... @ https://live-streaming-eta.vercel.app/js/api.js?v=7:467
[  290426ms] [LOG] 🌐 Fetching tennis... @ https://live-streaming-eta.vercel.app/js/api.js?v=7:467
[  290427ms] [LOG] 🌐 Fetching mma... @ https://live-streaming-eta.vercel.app/js/api.js?v=7:467
[  290428ms] [LOG] 🌐 Fetching ufc... @ https://live-streaming-eta.vercel.app/js/api.js?v=7:467
[  290466ms] [LOG] ✅ ESPN Cricket: 23 matches from 9 series @ https://live-streaming-eta.vercel.app/js/api.js?v=7:1233
[  290502ms] [LOG] ✅ Google Cricket: 0 matches @ https://live-streaming-eta.vercel.app/js/api.js?v=7:1328
[  290640ms] [ERROR] Failed to load resource: the server responded with a status of 400 () @ https://sportscore.com/api/widget/matches/?sport=ufc&limit=30:0
[  290640ms] [LOG] ℹ️ ufc not available from SportScore API @ https://live-streaming-eta.vercel.app/js/api.js?v=7:471
[  290643ms] [ERROR] Failed to load resource: the server responded with a status of 400 () @ https://sportscore.com/api/widget/matches/?sport=mma&limit=30:0
[  290643ms] [LOG] ℹ️ mma not available from SportScore API @ https://live-streaming-eta.vercel.app/js/api.js?v=7:471
[  290650ms] [LOG] ✅ Live Agent: refresh complete @ https://live-streaming-eta.vercel.app/js/app.js?v=8:973
[  295417ms] [LOG] 🔄 Live Agent: refreshing scores... @ https://live-streaming-eta.vercel.app/js/app.js?v=8:906
[  295418ms] [LOG] 🌐 Fetching football... @ https://live-streaming-eta.vercel.app/js/api.js?v=7:467
[  295418ms] [LOG] 🌐 Fetching cricket... @ https://live-streaming-eta.vercel.app/js/api.js?v=7:467
[  295419ms] [LOG] 🌐 Fetching basketball... @ https://live-streaming-eta.vercel.app/js/api.js?v=7:467
[  295420ms] [LOG] 🌐 Fetching tennis... @ https://live-streaming-eta.vercel.app/js/api.js?v=7:467
[  295420ms] [LOG] 🌐 Fetching mma... @ https://live-streaming-eta.vercel.app/js/api.js?v=7:467
[  295421ms] [LOG] 🌐 Fetching ufc... @ https://live-streaming-eta.vercel.app/js/api.js?v=7:467
[  295504ms] [LOG] ✅ Google Cricket: 0 matches @ https://live-streaming-eta.vercel.app/js/api.js?v=7:1328
[  295633ms] [ERROR] Failed to load resource: the server responded with a status of 400 () @ https://sportscore.com/api/widget/matches/?sport=mma&limit=30:0
[  295633ms] [LOG] ℹ️ mma not available from SportScore API @ https://live-streaming-eta.vercel.app/js/api.js?v=7:471
[  295641ms] [ERROR] Failed to load resource: the server responded with a status of 400 () @ https://sportscore.com/api/widget/matches/?sport=ufc&limit=30:0
[  295641ms] [LOG] ℹ️ ufc not available from SportScore API @ https://live-streaming-eta.vercel.app/js/api.js?v=7:471
[  295825ms] [LOG] ✅ ESPN Cricket: 23 matches from 9 series @ https://live-streaming-eta.vercel.app/js/api.js?v=7:1233
[  295833ms] [LOG] ✅ Live Agent: refresh complete @ https://live-streaming-eta.vercel.app/js/app.js?v=8:973
[  298736ms] [LOG] 🌐 Fetching football... @ https://live-streaming-eta.vercel.app/js/api.js?v=7:467
[  298738ms] [LOG] 🌐 Fetching cricket... @ https://live-streaming-eta.vercel.app/js/api.js?v=7:467
[  298740ms] [LOG] 🌐 Fetching basketball... @ https://live-streaming-eta.vercel.app/js/api.js?v=7:467
[  298741ms] [LOG] 🌐 Fetching tennis... @ https://live-streaming-eta.vercel.app/js/api.js?v=7:467
[  298742ms] [LOG] 🌐 Fetching mma... @ https://live-streaming-eta.vercel.app/js/api.js?v=7:467
[  298743ms] [LOG] 🌐 Fetching ufc... @ https://live-streaming-eta.vercel.app/js/api.js?v=7:467
[  298889ms] [LOG] ✅ ESPN Cricket: 23 matches from 9 series @ https://live-streaming-eta.vercel.app/js/api.js?v=7:1233
[  298889ms] [LOG] ✅ Google Cricket: 0 matches @ https://live-streaming-eta.vercel.app/js/api.js?v=7:1328
[  298971ms] [ERROR] Failed to load resource: the server responded with a status of 400 () @ https://sportscore.com/api/widget/matches/?sport=ufc&limit=30:0
[  298972ms] [LOG] ℹ️ ufc not available from SportScore API @ https://live-streaming-eta.vercel.app/js/api.js?v=7:471
[  298973ms] [ERROR] Failed to load resource: the server responded with a status of 400 () @ https://sportscore.com/api/widget/matches/?sport=mma&limit=30:0
[  298973ms] [LOG] ℹ️ mma not available from SportScore API @ https://live-streaming-eta.vercel.app/js/api.js?v=7:471
[  300424ms] [LOG] 🔄 Live Agent: refreshing scores... @ https://live-streaming-eta.vercel.app/js/app.js?v=8:906
[  300424ms] [LOG] 🌐 Fetching football... @ https://live-streaming-eta.vercel.app/js/api.js?v=7:467
[  300425ms] [LOG] 🌐 Fetching cricket... @ https://live-streaming-eta.vercel.app/js/api.js?v=7:467
[  300425ms] [LOG] 🌐 Fetching basketball... @ https://live-streaming-eta.vercel.app/js/api.js?v=7:467
[  300426ms] [LOG] 🌐 Fetching tennis... @ https://live-streaming-eta.vercel.app/js/api.js?v=7:467
[  300427ms] [LOG] 🌐 Fetching mma... @ https://live-streaming-eta.vercel.app/js/api.js?v=7:467
[  300427ms] [LOG] 🌐 Fetching ufc... @ https://live-streaming-eta.vercel.app/js/api.js?v=7:467
[  300448ms] [LOG] ✅ ESPN Cricket: 23 matches from 9 series @ https://live-streaming-eta.vercel.app/js/api.js?v=7:1233
[  300493ms] [LOG] ✅ Google Cricket: 0 matches @ https://live-streaming-eta.vercel.app/js/api.js?v=7:1328
[  300656ms] [ERROR] Failed to load resource: the server responded with a status of 400 () @ https://sportscore.com/api/widget/matches/?sport=mma&limit=30:0
[  300657ms] [LOG] ℹ️ mma not available from SportScore API @ https://live-streaming-eta.vercel.app/js/api.js?v=7:471
[  300657ms] [ERROR] Failed to load resource: the server responded with a status of 400 () @ https://sportscore.com/api/widget/matches/?sport=ufc&limit=30:0
[  300657ms] [LOG] ℹ️ ufc not available from SportScore API @ https://live-streaming-eta.vercel.app/js/api.js?v=7:471
[  300663ms] [LOG] ✅ Live Agent: refresh complete @ https://live-streaming-eta.vercel.app/js/app.js?v=8:973
[  305417ms] [LOG] 🔄 Live Agent: refreshing scores... @ https://live-streaming-eta.vercel.app/js/app.js?v=8:906
[  305418ms] [LOG] 🌐 Fetching football... @ https://live-streaming-eta.vercel.app/js/api.js?v=7:467
[  305418ms] [LOG] 🌐 Fetching cricket... @ https://live-streaming-eta.vercel.app/js/api.js?v=7:467
[  305419ms] [LOG] 🌐 Fetching basketball... @ https://live-streaming-eta.vercel.app/js/api.js?v=7:467
[  305420ms] [LOG] 🌐 Fetching tennis... @ https://live-streaming-eta.vercel.app/js/api.js?v=7:467
[  305420ms] [LOG] 🌐 Fetching mma... @ https://live-streaming-eta.vercel.app/js/api.js?v=7:467
[  305422ms] [LOG] 🌐 Fetching ufc... @ https://live-streaming-eta.vercel.app/js/api.js?v=7:467
[  305489ms] [LOG] ✅ Google Cricket: 0 matches @ https://live-streaming-eta.vercel.app/js/api.js?v=7:1328
[  305635ms] [ERROR] Failed to load resource: the server responded with a status of 400 () @ https://sportscore.com/api/widget/matches/?sport=mma&limit=30:0
[  305635ms] [LOG] ℹ️ mma not available from SportScore API @ https://live-streaming-eta.vercel.app/js/api.js?v=7:471
[  305647ms] [ERROR] Failed to load resource: the server responded with a status of 400 () @ https://sportscore.com/api/widget/matches/?sport=ufc&limit=30:0
[  305647ms] [LOG] ℹ️ ufc not available from SportScore API @ https://live-streaming-eta.vercel.app/js/api.js?v=7:471
[  305825ms] [LOG] ✅ ESPN Cricket: 23 matches from 9 series @ https://live-streaming-eta.vercel.app/js/api.js?v=7:1233
[  305830ms] [LOG] ✅ Live Agent: refresh complete @ https://live-streaming-eta.vercel.app/js/app.js?v=8:973
[  306700ms] [LOG] 🌐 Fetching football... @ https://live-streaming-eta.vercel.app/js/api.js?v=7:467
[  306700ms] [LOG] 🌐 Fetching cricket... @ https://live-streaming-eta.vercel.app/js/api.js?v=7:467
[  306701ms] [LOG] 🌐 Fetching basketball... @ https://live-streaming-eta.vercel.app/js/api.js?v=7:467
[  306702ms] [LOG] 🌐 Fetching tennis... @ https://live-streaming-eta.vercel.app/js/api.js?v=7:467
[  306704ms] [LOG] 🌐 Fetching mma... @ https://live-streaming-eta.vercel.app/js/api.js?v=7:467
[  306704ms] [LOG] 🌐 Fetching ufc... @ https://live-streaming-eta.vercel.app/js/api.js?v=7:467
[  306779ms] [LOG] ✅ ESPN Cricket: 23 matches from 9 series @ https://live-streaming-eta.vercel.app/js/api.js?v=7:1233
[  306781ms] [LOG] ✅ Google Cricket: 0 matches @ https://live-streaming-eta.vercel.app/js/api.js?v=7:1328
[  306907ms] [ERROR] Failed to load resource: the server responded with a status of 400 () @ https://sportscore.com/api/widget/matches/?sport=mma&limit=30:0
[  306907ms] [LOG] ℹ️ mma not available from SportScore API @ https://live-streaming-eta.vercel.app/js/api.js?v=7:471
[  306909ms] [ERROR] Failed to load resource: the server responded with a status of 400 () @ https://sportscore.com/api/widget/matches/?sport=ufc&limit=30:0
[  306909ms] [LOG] ℹ️ ufc not available from SportScore API @ https://live-streaming-eta.vercel.app/js/api.js?v=7:471
[  309651ms] [LOG] 🌐 Fetching football... @ https://live-streaming-eta.vercel.app/js/api.js?v=7:467
[  309652ms] [LOG] 🌐 Fetching cricket... @ https://live-streaming-eta.vercel.app/js/api.js?v=7:467
[  309652ms] [LOG] 🌐 Fetching basketball... @ https://live-streaming-eta.vercel.app/js/api.js?v=7:467
[  309653ms] [LOG] 🌐 Fetching tennis... @ https://live-streaming-eta.vercel.app/js/api.js?v=7:467
[  309653ms] [LOG] 🌐 Fetching mma... @ https://live-streaming-eta.vercel.app/js/api.js?v=7:467
[  309654ms] [LOG] 🌐 Fetching ufc... @ https://live-streaming-eta.vercel.app/js/api.js?v=7:467
[  309749ms] [LOG] ✅ ESPN Cricket: 23 matches from 9 series @ https://live-streaming-eta.vercel.app/js/api.js?v=7:1233
[  309917ms] [LOG] ✅ Google Cricket: 0 matches @ https://live-streaming-eta.vercel.app/js/api.js?v=7:1328
[  309918ms] [ERROR] Failed to load resource: the server responded with a status of 400 () @ https://sportscore.com/api/widget/matches/?sport=mma&limit=30:0
[  309918ms] [LOG] ℹ️ mma not available from SportScore API @ https://live-streaming-eta.vercel.app/js/api.js?v=7:471
[  309919ms] [ERROR] Failed to load resource: the server responded with a status of 400 () @ https://sportscore.com/api/widget/matches/?sport=ufc&limit=30:0
[  309919ms] [LOG] ℹ️ ufc not available from SportScore API @ https://live-streaming-eta.vercel.app/js/api.js?v=7:471
[  310422ms] [LOG] 🔄 Live Agent: refreshing scores... @ https://live-streaming-eta.vercel.app/js/app.js?v=8:906
[  310423ms] [LOG] 🌐 Fetching football... @ https://live-streaming-eta.vercel.app/js/api.js?v=7:467
[  310424ms] [LOG] 🌐 Fetching cricket... @ https://live-streaming-eta.vercel.app/js/api.js?v=7:467
[  310425ms] [LOG] 🌐 Fetching basketball... @ https://live-streaming-eta.vercel.app/js/api.js?v=7:467
[  310427ms] [LOG] 🌐 Fetching tennis... @ https://live-streaming-eta.vercel.app/js/api.js?v=7:467
[  310428ms] [LOG] 🌐 Fetching mma... @ https://live-streaming-eta.vercel.app/js/api.js?v=7:467
[  310429ms] [LOG] 🌐 Fetching ufc... @ https://live-streaming-eta.vercel.app/js/api.js?v=7:467
[  310454ms] [LOG] ✅ ESPN Cricket: 23 matches from 9 series @ https://live-streaming-eta.vercel.app/js/api.js?v=7:1233
[  310510ms] [LOG] ✅ Google Cricket: 0 matches @ https://live-streaming-eta.vercel.app/js/api.js?v=7:1328
[  310653ms] [ERROR] Failed to load resource: the server responded with a status of 400 () @ https://sportscore.com/api/widget/matches/?sport=mma&limit=30:0
[  310653ms] [LOG] ℹ️ mma not available from SportScore API @ https://live-streaming-eta.vercel.app/js/api.js?v=7:471
[  310653ms] [ERROR] Failed to load resource: the server responded with a status of 400 () @ https://sportscore.com/api/widget/matches/?sport=ufc&limit=30:0
[  310654ms] [LOG] ℹ️ ufc not available from SportScore API @ https://live-streaming-eta.vercel.app/js/api.js?v=7:471
[  310730ms] [LOG] ✅ Live Agent: refresh complete @ https://live-streaming-eta.vercel.app/js/app.js?v=8:973
[  320570ms] [LOG] 🌐 Fetching football... @ https://live-streaming-eta.vercel.app/js/api.js?v=7:467
[  320570ms] [LOG] 🌐 Fetching cricket... @ https://live-streaming-eta.vercel.app/js/api.js?v=7:467
[  320574ms] [LOG] 🌐 Fetching basketball... @ https://live-streaming-eta.vercel.app/js/api.js?v=7:467
[  320575ms] [LOG] 🌐 Fetching tennis... @ https://live-streaming-eta.vercel.app/js/api.js?v=7:467
[  320577ms] [LOG] 🌐 Fetching mma... @ https://live-streaming-eta.vercel.app/js/api.js?v=7:467
[  320577ms] [LOG] 🌐 Fetching ufc... @ https://live-streaming-eta.vercel.app/js/api.js?v=7:467
[  320679ms] [LOG] ✅ Google Cricket: 0 matches @ https://live-streaming-eta.vercel.app/js/api.js?v=7:1328
[  320782ms] [ERROR] Failed to load resource: the server responded with a status of 400 () @ https://sportscore.com/api/widget/matches/?sport=mma&limit=30:0
[  320783ms] [LOG] ℹ️ mma not available from SportScore API @ https://live-streaming-eta.vercel.app/js/api.js?v=7:471
[  320784ms] [ERROR] Failed to load resource: the server responded with a status of 400 () @ https://sportscore.com/api/widget/matches/?sport=ufc&limit=30:0
[  320784ms] [LOG] ℹ️ ufc not available from SportScore API @ https://live-streaming-eta.vercel.app/js/api.js?v=7:471
[  320973ms] [LOG] ✅ ESPN Cricket: 23 matches from 9 series @ https://live-streaming-eta.vercel.app/js/api.js?v=7:1233
[  325436ms] [LOG] 🔄 Live Agent: refreshing scores... @ https://live-streaming-eta.vercel.app/js/app.js?v=8:906
[  325436ms] [LOG] 🌐 Fetching football... @ https://live-streaming-eta.vercel.app/js/api.js?v=7:467
[  325437ms] [LOG] 🌐 Fetching cricket... @ https://live-streaming-eta.vercel.app/js/api.js?v=7:467
[  325438ms] [LOG] 🌐 Fetching basketball... @ https://live-streaming-eta.vercel.app/js/api.js?v=7:467
[  325438ms] [LOG] 🌐 Fetching tennis... @ https://live-streaming-eta.vercel.app/js/api.js?v=7:467
[  325439ms] [LOG] 🌐 Fetching mma... @ https://live-streaming-eta.vercel.app/js/api.js?v=7:467
[  325440ms] [LOG] 🌐 Fetching ufc... @ https://live-streaming-eta.vercel.app/js/api.js?v=7:467
[  325459ms] [LOG] ✅ ESPN Cricket: 23 matches from 9 series @ https://live-streaming-eta.vercel.app/js/api.js?v=7:1233
[  325515ms] [LOG] ✅ Google Cricket: 0 matches @ https://live-streaming-eta.vercel.app/js/api.js?v=7:1328
[  325647ms] [ERROR] Failed to load resource: the server responded with a status of 400 () @ https://sportscore.com/api/widget/matches/?sport=mma&limit=30:0
[  325647ms] [LOG] ℹ️ mma not available from SportScore API @ https://live-streaming-eta.vercel.app/js/api.js?v=7:471
[  325651ms] [ERROR] Failed to load resource: the server responded with a status of 400 () @ https://sportscore.com/api/widget/matches/?sport=ufc&limit=30:0
[  325652ms] [LOG] ℹ️ ufc not available from SportScore API @ https://live-streaming-eta.vercel.app/js/api.js?v=7:471
[  325666ms] [LOG] ✅ Live Agent: refresh complete @ https://live-streaming-eta.vercel.app/js/app.js?v=8:973
[  331523ms] [LOG] 🌐 Fetching football... @ https://live-streaming-eta.vercel.app/js/api.js?v=7:467
[  331524ms] [LOG] 🌐 Fetching cricket... @ https://live-streaming-eta.vercel.app/js/api.js?v=7:467
[  331524ms] [LOG] 🌐 Fetching basketball... @ https://live-streaming-eta.vercel.app/js/api.js?v=7:467
[  331525ms] [LOG] 🌐 Fetching tennis... @ https://live-streaming-eta.vercel.app/js/api.js?v=7:467
[  331525ms] [LOG] 🌐 Fetching mma... @ https://live-streaming-eta.vercel.app/js/api.js?v=7:467
[  331526ms] [LOG] 🌐 Fetching ufc... @ https://live-streaming-eta.vercel.app/js/api.js?v=7:467
[  331638ms] [LOG] ✅ Google Cricket: 0 matches @ https://live-streaming-eta.vercel.app/js/api.js?v=7:1328
[  331739ms] [ERROR] Failed to load resource: the server responded with a status of 400 () @ https://sportscore.com/api/widget/matches/?sport=mma&limit=30:0
[  331740ms] [LOG] ℹ️ mma not available from SportScore API @ https://live-streaming-eta.vercel.app/js/api.js?v=7:471
[  331747ms] [ERROR] Failed to load resource: the server responded with a status of 400 () @ https://sportscore.com/api/widget/matches/?sport=ufc&limit=30:0
[  331747ms] [LOG] ℹ️ ufc not available from SportScore API @ https://live-streaming-eta.vercel.app/js/api.js?v=7:471
[  331939ms] [LOG] ✅ ESPN Cricket: 23 matches from 9 series @ https://live-streaming-eta.vercel.app/js/api.js?v=7:1233
[  335422ms] [LOG] 🔄 Live Agent: refreshing scores... @ https://live-streaming-eta.vercel.app/js/app.js?v=8:906
[  335423ms] [LOG] 🌐 Fetching football... @ https://live-streaming-eta.vercel.app/js/api.js?v=7:467
[  335424ms] [LOG] 🌐 Fetching cricket... @ https://live-streaming-eta.vercel.app/js/api.js?v=7:467
[  335425ms] [LOG] 🌐 Fetching basketball... @ https://live-streaming-eta.vercel.app/js/api.js?v=7:467
[  335426ms] [LOG] 🌐 Fetching tennis... @ https://live-streaming-eta.vercel.app/js/api.js?v=7:467
[  335427ms] [LOG] 🌐 Fetching mma... @ https://live-streaming-eta.vercel.app/js/api.js?v=7:467
[  335429ms] [LOG] 🌐 Fetching ufc... @ https://live-streaming-eta.vercel.app/js/api.js?v=7:467
[  335651ms] [LOG] ✅ ESPN Cricket: 23 matches from 9 series @ https://live-streaming-eta.vercel.app/js/api.js?v=7:1233
[  335651ms] [LOG] ✅ Google Cricket: 0 matches @ https://live-streaming-eta.vercel.app/js/api.js?v=7:1328
[  335679ms] [ERROR] Failed to load resource: the server responded with a status of 400 () @ https://sportscore.com/api/widget/matches/?sport=mma&limit=30:0
[  335681ms] [LOG] ℹ️ mma not available from SportScore API @ https://live-streaming-eta.vercel.app/js/api.js?v=7:471
[  335691ms] [ERROR] Failed to load resource: the server responded with a status of 400 () @ https://sportscore.com/api/widget/matches/?sport=ufc&limit=30:0
[  335691ms] [LOG] ℹ️ ufc not available from SportScore API @ https://live-streaming-eta.vercel.app/js/api.js?v=7:471
[  335699ms] [LOG] ✅ Live Agent: refresh complete @ https://live-streaming-eta.vercel.app/js/app.js?v=8:973
[  340425ms] [LOG] 🔄 Live Agent: refreshing scores... @ https://live-streaming-eta.vercel.app/js/app.js?v=8:906
[  340425ms] [LOG] 🌐 Fetching football... @ https://live-streaming-eta.vercel.app/js/api.js?v=7:467
[  340429ms] [LOG] 🌐 Fetching cricket... @ https://live-streaming-eta.vercel.app/js/api.js?v=7:467
[  340432ms] [LOG] 🌐 Fetching basketball... @ https://live-streaming-eta.vercel.app/js/api.js?v=7:467
[  340435ms] [LOG] 🌐 Fetching tennis... @ https://live-streaming-eta.vercel.app/js/api.js?v=7:467
[  340436ms] [LOG] 🌐 Fetching mma... @ https://live-streaming-eta.vercel.app/js/api.js?v=7:467
[  340440ms] [LOG] 🌐 Fetching ufc... @ https://live-streaming-eta.vercel.app/js/api.js?v=7:467
[  340495ms] [LOG] ✅ ESPN Cricket: 23 matches from 9 series @ https://live-streaming-eta.vercel.app/js/api.js?v=7:1233
[  340575ms] [LOG] ✅ Google Cricket: 0 matches @ https://live-streaming-eta.vercel.app/js/api.js?v=7:1328
[  340668ms] [ERROR] Failed to load resource: the server responded with a status of 400 () @ https://sportscore.com/api/widget/matches/?sport=ufc&limit=30:0
[  340668ms] [LOG] ℹ️ ufc not available from SportScore API @ https://live-streaming-eta.vercel.app/js/api.js?v=7:471
[  340670ms] [ERROR] Failed to load resource: the server responded with a status of 400 () @ https://sportscore.com/api/widget/matches/?sport=mma&limit=30:0
[  340671ms] [LOG] ℹ️ mma not available from SportScore API @ https://live-streaming-eta.vercel.app/js/api.js?v=7:471
[  340680ms] [LOG] ✅ Live Agent: refresh complete @ https://live-streaming-eta.vercel.app/js/app.js?v=8:973
[  345425ms] [LOG] 🔄 Live Agent: refreshing scores... @ https://live-streaming-eta.vercel.app/js/app.js?v=8:906
[  345427ms] [LOG] 🌐 Fetching football... @ https://live-streaming-eta.vercel.app/js/api.js?v=7:467
[  345434ms] [LOG] 🌐 Fetching cricket... @ https://live-streaming-eta.vercel.app/js/api.js?v=7:467
[  345436ms] [LOG] 🌐 Fetching basketball... @ https://live-streaming-eta.vercel.app/js/api.js?v=7:467
[  345440ms] [LOG] 🌐 Fetching tennis... @ https://live-streaming-eta.vercel.app/js/api.js?v=7:467
[  345445ms] [LOG] 🌐 Fetching mma... @ https://live-streaming-eta.vercel.app/js/api.js?v=7:467
[  345446ms] [LOG] 🌐 Fetching ufc... @ https://live-streaming-eta.vercel.app/js/api.js?v=7:467
[  345632ms] [LOG] ✅ Google Cricket: 0 matches @ https://live-streaming-eta.vercel.app/js/api.js?v=7:1328
[  345659ms] [ERROR] Failed to load resource: the server responded with a status of 400 () @ https://sportscore.com/api/widget/matches/?sport=mma&limit=30:0
[  345662ms] [LOG] ℹ️ mma not available from SportScore API @ https://live-streaming-eta.vercel.app/js/api.js?v=7:471
[  345665ms] [ERROR] Failed to load resource: the server responded with a status of 400 () @ https://sportscore.com/api/widget/matches/?sport=ufc&limit=30:0
[  345668ms] [LOG] ℹ️ ufc not available from SportScore API @ https://live-streaming-eta.vercel.app/js/api.js?v=7:471
[  345848ms] [LOG] ✅ ESPN Cricket: 23 matches from 9 series @ https://live-streaming-eta.vercel.app/js/api.js?v=7:1233
[  345855ms] [LOG] ✅ Live Agent: refresh complete @ https://live-streaming-eta.vercel.app/js/app.js?v=8:973
[  350436ms] [LOG] 🔄 Live Agent: refreshing scores... @ https://live-streaming-eta.vercel.app/js/app.js?v=8:906
[  350441ms] [LOG] 🌐 Fetching football... @ https://live-streaming-eta.vercel.app/js/api.js?v=7:467
[  350442ms] [LOG] 🌐 Fetching cricket... @ https://live-streaming-eta.vercel.app/js/api.js?v=7:467
[  350442ms] [LOG] 🌐 Fetching basketball... @ https://live-streaming-eta.vercel.app/js/api.js?v=7:467
[  350444ms] [LOG] 🌐 Fetching tennis... @ https://live-streaming-eta.vercel.app/js/api.js?v=7:467
[  350445ms] [LOG] 🌐 Fetching mma... @ https://live-streaming-eta.vercel.app/js/api.js?v=7:467
[  350446ms] [LOG] 🌐 Fetching ufc... @ https://live-streaming-eta.vercel.app/js/api.js?v=7:467
[  350494ms] [LOG] ✅ ESPN Cricket: 23 matches from 9 series @ https://live-streaming-eta.vercel.app/js/api.js?v=7:1233
[  350534ms] [LOG] ✅ Google Cricket: 0 matches @ https://live-streaming-eta.vercel.app/js/api.js?v=7:1328
[  350661ms] [ERROR] Failed to load resource: the server responded with a status of 400 () @ https://sportscore.com/api/widget/matches/?sport=mma&limit=30:0
[  350662ms] [LOG] ℹ️ mma not available from SportScore API @ https://live-streaming-eta.vercel.app/js/api.js?v=7:471
[  350670ms] [ERROR] Failed to load resource: the server responded with a status of 400 () @ https://sportscore.com/api/widget/matches/?sport=ufc&limit=30:0
[  350670ms] [LOG] ℹ️ ufc not available from SportScore API @ https://live-streaming-eta.vercel.app/js/api.js?v=7:471
[  350683ms] [LOG] ✅ Live Agent: refresh complete @ https://live-streaming-eta.vercel.app/js/app.js?v=8:973
[  355425ms] [LOG] 🔄 Live Agent: refreshing scores... @ https://live-streaming-eta.vercel.app/js/app.js?v=8:906
[  355425ms] [LOG] 🌐 Fetching football... @ https://live-streaming-eta.vercel.app/js/api.js?v=7:467
[  355432ms] [LOG] 🌐 Fetching cricket... @ https://live-streaming-eta.vercel.app/js/api.js?v=7:467
[  355434ms] [LOG] 🌐 Fetching basketball... @ https://live-streaming-eta.vercel.app/js/api.js?v=7:467
[  355437ms] [LOG] 🌐 Fetching tennis... @ https://live-streaming-eta.vercel.app/js/api.js?v=7:467
[  355438ms] [LOG] 🌐 Fetching mma... @ https://live-streaming-eta.vercel.app/js/api.js?v=7:467
[  355440ms] [LOG] 🌐 Fetching ufc... @ https://live-streaming-eta.vercel.app/js/api.js?v=7:467
[  355515ms] [LOG] ✅ Google Cricket: 0 matches @ https://live-streaming-eta.vercel.app/js/api.js?v=7:1328
[  355646ms] [ERROR] Failed to load resource: the server responded with a status of 400 () @ https://sportscore.com/api/widget/matches/?sport=mma&limit=30:0
[  355647ms] [LOG] ℹ️ mma not available from SportScore API @ https://live-streaming-eta.vercel.app/js/api.js?v=7:471
[  355649ms] [ERROR] Failed to load resource: the server responded with a status of 400 () @ https://sportscore.com/api/widget/matches/?sport=ufc&limit=30:0
[  355649ms] [LOG] ℹ️ ufc not available from SportScore API @ https://live-streaming-eta.vercel.app/js/api.js?v=7:471
[  355857ms] [LOG] ✅ ESPN Cricket: 23 matches from 9 series @ https://live-streaming-eta.vercel.app/js/api.js?v=7:1233
[  355864ms] [LOG] ✅ Live Agent: refresh complete @ https://live-streaming-eta.vercel.app/js/app.js?v=8:973
[  360433ms] [LOG] 🔄 Live Agent: refreshing scores... @ https://live-streaming-eta.vercel.app/js/app.js?v=8:906
[  360434ms] [LOG] 🌐 Fetching football... @ https://live-streaming-eta.vercel.app/js/api.js?v=7:467
[  360435ms] [LOG] 🌐 Fetching cricket... @ https://live-streaming-eta.vercel.app/js/api.js?v=7:467
[  360439ms] [LOG] 🌐 Fetching basketball... @ https://live-streaming-eta.vercel.app/js/api.js?v=7:467
[  360440ms] [LOG] 🌐 Fetching tennis... @ https://live-streaming-eta.vercel.app/js/api.js?v=7:467
[  360443ms] [LOG] 🌐 Fetching mma... @ https://live-streaming-eta.vercel.app/js/api.js?v=7:467
[  360444ms] [LOG] 🌐 Fetching ufc... @ https://live-streaming-eta.vercel.app/js/api.js?v=7:467
[  360458ms] [LOG] ✅ ESPN Cricket: 23 matches from 9 series @ https://live-streaming-eta.vercel.app/js/api.js?v=7:1233
[  360511ms] [LOG] ✅ Google Cricket: 0 matches @ https://live-streaming-eta.vercel.app/js/api.js?v=7:1328
[  360644ms] [ERROR] Failed to load resource: the server responded with a status of 400 () @ https://sportscore.com/api/widget/matches/?sport=mma&limit=30:0
[  360645ms] [LOG] ℹ️ mma not available from SportScore API @ https://live-streaming-eta.vercel.app/js/api.js?v=7:471
[  360652ms] [ERROR] Failed to load resource: the server responded with a status of 400 () @ https://sportscore.com/api/widget/matches/?sport=ufc&limit=30:0
[  360653ms] [LOG] ℹ️ ufc not available from SportScore API @ https://live-streaming-eta.vercel.app/js/api.js?v=7:471
[  360660ms] [LOG] ✅ Live Agent: refresh complete @ https://live-streaming-eta.vercel.app/js/app.js?v=8:973
[  365421ms] [LOG] 🔄 Live Agent: refreshing scores... @ https://live-streaming-eta.vercel.app/js/app.js?v=8:906
[  365422ms] [LOG] 🌐 Fetching football... @ https://live-streaming-eta.vercel.app/js/api.js?v=7:467
[  365423ms] [LOG] 🌐 Fetching cricket... @ https://live-streaming-eta.vercel.app/js/api.js?v=7:467
[  365424ms] [LOG] 🌐 Fetching basketball... @ https://live-streaming-eta.vercel.app/js/api.js?v=7:467
[  365425ms] [LOG] 🌐 Fetching tennis... @ https://live-streaming-eta.vercel.app/js/api.js?v=7:467
[  365426ms] [LOG] 🌐 Fetching mma... @ https://live-streaming-eta.vercel.app/js/api.js?v=7:467
[  365427ms] [LOG] 🌐 Fetching ufc... @ https://live-streaming-eta.vercel.app/js/api.js?v=7:467
[  365491ms] [LOG] ✅ Google Cricket: 0 matches @ https://live-streaming-eta.vercel.app/js/api.js?v=7:1328
[  365634ms] [ERROR] Failed to load resource: the server responded with a status of 400 () @ https://sportscore.com/api/widget/matches/?sport=ufc&limit=30:0
[  365635ms] [LOG] ℹ️ ufc not available from SportScore API @ https://live-streaming-eta.vercel.app/js/api.js?v=7:471
[  365635ms] [ERROR] Failed to load resource: the server responded with a status of 400 () @ https://sportscore.com/api/widget/matches/?sport=mma&limit=30:0
[  365635ms] [LOG] ℹ️ mma not available from SportScore API @ https://live-streaming-eta.vercel.app/js/api.js?v=7:471
[  365829ms] [LOG] ✅ ESPN Cricket: 23 matches from 9 series @ https://live-streaming-eta.vercel.app/js/api.js?v=7:1233
[  365833ms] [LOG] ✅ Live Agent: refresh complete @ https://live-streaming-eta.vercel.app/js/app.js?v=8:973
[  370429ms] [LOG] 🔄 Live Agent: refreshing scores... @ https://live-streaming-eta.vercel.app/js/app.js?v=8:906
[  370429ms] [LOG] 🌐 Fetching football... @ https://live-streaming-eta.vercel.app/js/api.js?v=7:467
[  370430ms] [LOG] 🌐 Fetching cricket... @ https://live-streaming-eta.vercel.app/js/api.js?v=7:467
[  370431ms] [LOG] 🌐 Fetching basketball... @ https://live-streaming-eta.vercel.app/js/api.js?v=7:467
[  370431ms] [LOG] 🌐 Fetching tennis... @ https://live-streaming-eta.vercel.app/js/api.js?v=7:467
[  370432ms] [LOG] 🌐 Fetching mma... @ https://live-streaming-eta.vercel.app/js/api.js?v=7:467
[  370433ms] [LOG] 🌐 Fetching ufc... @ https://live-streaming-eta.vercel.app/js/api.js?v=7:467
[  370456ms] [LOG] ✅ ESPN Cricket: 23 matches from 9 series @ https://live-streaming-eta.vercel.app/js/api.js?v=7:1233
[  370499ms] [LOG] ✅ Google Cricket: 0 matches @ https://live-streaming-eta.vercel.app/js/api.js?v=7:1328
[  370648ms] [ERROR] Failed to load resource: the server responded with a status of 400 () @ https://sportscore.com/api/widget/matches/?sport=mma&limit=30:0
[  370648ms] [LOG] ℹ️ mma not available from SportScore API @ https://live-streaming-eta.vercel.app/js/api.js?v=7:471
[  370649ms] [ERROR] Failed to load resource: the server responded with a status of 400 () @ https://sportscore.com/api/widget/matches/?sport=ufc&limit=30:0
[  370649ms] [LOG] ℹ️ ufc not available from SportScore API @ https://live-streaming-eta.vercel.app/js/api.js?v=7:471
[  370654ms] [LOG] ✅ Live Agent: refresh complete @ https://live-streaming-eta.vercel.app/js/app.js?v=8:973
[  375420ms] [LOG] 🔄 Live Agent: refreshing scores... @ https://live-streaming-eta.vercel.app/js/app.js?v=8:906
[  375420ms] [LOG] 🌐 Fetching football... @ https://live-streaming-eta.vercel.app/js/api.js?v=7:467
[  375421ms] [LOG] 🌐 Fetching cricket... @ https://live-streaming-eta.vercel.app/js/api.js?v=7:467
[  375423ms] [LOG] 🌐 Fetching basketball... @ https://live-streaming-eta.vercel.app/js/api.js?v=7:467
[  375427ms] [LOG] 🌐 Fetching tennis... @ https://live-streaming-eta.vercel.app/js/api.js?v=7:467
[  375430ms] [LOG] 🌐 Fetching mma... @ https://live-streaming-eta.vercel.app/js/api.js?v=7:467
[  375436ms] [LOG] 🌐 Fetching ufc... @ https://live-streaming-eta.vercel.app/js/api.js?v=7:467
[  375510ms] [LOG] ✅ Google Cricket: 0 matches @ https://live-streaming-eta.vercel.app/js/api.js?v=7:1328
[  375655ms] [ERROR] Failed to load resource: the server responded with a status of 400 () @ https://sportscore.com/api/widget/matches/?sport=mma&limit=30:0
[  375656ms] [LOG] ℹ️ mma not available from SportScore API @ https://live-streaming-eta.vercel.app/js/api.js?v=7:471
[  375657ms] [ERROR] Failed to load resource: the server responded with a status of 400 () @ https://sportscore.com/api/widget/matches/?sport=ufc&limit=30:0
[  375657ms] [LOG] ℹ️ ufc not available from SportScore API @ https://live-streaming-eta.vercel.app/js/api.js?v=7:471
[  375855ms] [LOG] ✅ ESPN Cricket: 23 matches from 9 series @ https://live-streaming-eta.vercel.app/js/api.js?v=7:1233
[  375860ms] [LOG] ✅ Live Agent: refresh complete @ https://live-streaming-eta.vercel.app/js/app.js?v=8:973
[  380421ms] [LOG] 🔄 Live Agent: refreshing scores... @ https://live-streaming-eta.vercel.app/js/app.js?v=8:906
[  380421ms] [LOG] 🌐 Fetching football... @ https://live-streaming-eta.vercel.app/js/api.js?v=7:467
[  380423ms] [LOG] 🌐 Fetching cricket... @ https://live-streaming-eta.vercel.app/js/api.js?v=7:467
[  380427ms] [LOG] 🌐 Fetching basketball... @ https://live-streaming-eta.vercel.app/js/api.js?v=7:467
[  380430ms] [LOG] 🌐 Fetching tennis... @ https://live-streaming-eta.vercel.app/js/api.js?v=7:467
[  380434ms] [LOG] 🌐 Fetching mma... @ https://live-streaming-eta.vercel.app/js/api.js?v=7:467
[  380437ms] [LOG] 🌐 Fetching ufc... @ https://live-streaming-eta.vercel.app/js/api.js?v=7:467
[  380456ms] [LOG] ✅ ESPN Cricket: 23 matches from 9 series @ https://live-streaming-eta.vercel.app/js/api.js?v=7:1233
[  380510ms] [LOG] ✅ Google Cricket: 0 matches @ https://live-streaming-eta.vercel.app/js/api.js?v=7:1328
[  380652ms] [ERROR] Failed to load resource: the server responded with a status of 400 () @ https://sportscore.com/api/widget/matches/?sport=mma&limit=30:0
[  380653ms] [LOG] ℹ️ mma not available from SportScore API @ https://live-streaming-eta.vercel.app/js/api.js?v=7:471
[  380658ms] [ERROR] Failed to load resource: the server responded with a status of 400 () @ https://sportscore.com/api/widget/matches/?sport=ufc&limit=30:0
[  380658ms] [LOG] ℹ️ ufc not available from SportScore API @ https://live-streaming-eta.vercel.app/js/api.js?v=7:471
[  380663ms] [LOG] ✅ Live Agent: refresh complete @ https://live-streaming-eta.vercel.app/js/app.js?v=8:973
[  385425ms] [LOG] 🔄 Live Agent: refreshing scores... @ https://live-streaming-eta.vercel.app/js/app.js?v=8:906
[  385425ms] [LOG] 🌐 Fetching football... @ https://live-streaming-eta.vercel.app/js/api.js?v=7:467
[  385426ms] [LOG] 🌐 Fetching cricket... @ https://live-streaming-eta.vercel.app/js/api.js?v=7:467
[  385428ms] [LOG] 🌐 Fetching basketball... @ https://live-streaming-eta.vercel.app/js/api.js?v=7:467
[  385429ms] [LOG] 🌐 Fetching tennis... @ https://live-streaming-eta.vercel.app/js/api.js?v=7:467
[  385430ms] [LOG] 🌐 Fetching mma... @ https://live-streaming-eta.vercel.app/js/api.js?v=7:467
[  385432ms] [LOG] 🌐 Fetching ufc... @ https://live-streaming-eta.vercel.app/js/api.js?v=7:467
[  385507ms] [LOG] ✅ Google Cricket: 0 matches @ https://live-streaming-eta.vercel.app/js/api.js?v=7:1328
[  385633ms] [ERROR] Failed to load resource: the server responded with a status of 400 () @ https://sportscore.com/api/widget/matches/?sport=mma&limit=30:0
[  385633ms] [LOG] ℹ️ mma not available from SportScore API @ https://live-streaming-eta.vercel.app/js/api.js?v=7:471
[  385636ms] [ERROR] Failed to load resource: the server responded with a status of 400 () @ https://sportscore.com/api/widget/matches/?sport=ufc&limit=30:0
[  385637ms] [LOG] ℹ️ ufc not available from SportScore API @ https://live-streaming-eta.vercel.app/js/api.js?v=7:471
[  385840ms] [LOG] ✅ ESPN Cricket: 23 matches from 9 series @ https://live-streaming-eta.vercel.app/js/api.js?v=7:1233
[  385847ms] [LOG] ✅ Live Agent: refresh complete @ https://live-streaming-eta.vercel.app/js/app.js?v=8:973
[  390417ms] [LOG] 🔄 Live Agent: refreshing scores... @ https://live-streaming-eta.vercel.app/js/app.js?v=8:906
[  390418ms] [LOG] 🌐 Fetching football... @ https://live-streaming-eta.vercel.app/js/api.js?v=7:467
[  390419ms] [LOG] 🌐 Fetching cricket... @ https://live-streaming-eta.vercel.app/js/api.js?v=7:467
[  390422ms] [LOG] 🌐 Fetching basketball... @ https://live-streaming-eta.vercel.app/js/api.js?v=7:467
[  390425ms] [LOG] 🌐 Fetching tennis... @ https://live-streaming-eta.vercel.app/js/api.js?v=7:467
[  390428ms] [LOG] 🌐 Fetching mma... @ https://live-streaming-eta.vercel.app/js/api.js?v=7:467
[  390433ms] [LOG] 🌐 Fetching ufc... @ https://live-streaming-eta.vercel.app/js/api.js?v=7:467
[  390455ms] [LOG] ✅ ESPN Cricket: 23 matches from 9 series @ https://live-streaming-eta.vercel.app/js/api.js?v=7:1233
[  390508ms] [LOG] ✅ Google Cricket: 0 matches @ https://live-streaming-eta.vercel.app/js/api.js?v=7:1328
[  390646ms] [ERROR] Failed to load resource: the server responded with a status of 400 () @ https://sportscore.com/api/widget/matches/?sport=mma&limit=30:0
[  390646ms] [LOG] ℹ️ mma not available from SportScore API @ https://live-streaming-eta.vercel.app/js/api.js?v=7:471
[  390647ms] [ERROR] Failed to load resource: the server responded with a status of 400 () @ https://sportscore.com/api/widget/matches/?sport=ufc&limit=30:0
[  390647ms] [LOG] ℹ️ ufc not available from SportScore API @ https://live-streaming-eta.vercel.app/js/api.js?v=7:471
[  390657ms] [LOG] ✅ Live Agent: refresh complete @ https://live-streaming-eta.vercel.app/js/app.js?v=8:973
[  395421ms] [LOG] 🔄 Live Agent: refreshing scores... @ https://live-streaming-eta.vercel.app/js/app.js?v=8:906
[  395422ms] [LOG] 🌐 Fetching football... @ https://live-streaming-eta.vercel.app/js/api.js?v=7:467
[  395423ms] [LOG] 🌐 Fetching cricket... @ https://live-streaming-eta.vercel.app/js/api.js?v=7:467
[  395424ms] [LOG] 🌐 Fetching basketball... @ https://live-streaming-eta.vercel.app/js/api.js?v=7:467
[  395426ms] [LOG] 🌐 Fetching tennis... @ https://live-streaming-eta.vercel.app/js/api.js?v=7:467
[  395428ms] [LOG] 🌐 Fetching mma... @ https://live-streaming-eta.vercel.app/js/api.js?v=7:467
[  395430ms] [LOG] 🌐 Fetching ufc... @ https://live-streaming-eta.vercel.app/js/api.js?v=7:467
[  395508ms] [LOG] ✅ Google Cricket: 0 matches @ https://live-streaming-eta.vercel.app/js/api.js?v=7:1328
[  395630ms] [ERROR] Failed to load resource: the server responded with a status of 400 () @ https://sportscore.com/api/widget/matches/?sport=mma&limit=30:0
[  395630ms] [LOG] ℹ️ mma not available from SportScore API @ https://live-streaming-eta.vercel.app/js/api.js?v=7:471
[  395637ms] [ERROR] Failed to load resource: the server responded with a status of 400 () @ https://sportscore.com/api/widget/matches/?sport=ufc&limit=30:0
[  395637ms] [LOG] ℹ️ ufc not available from SportScore API @ https://live-streaming-eta.vercel.app/js/api.js?v=7:471
[  395842ms] [LOG] ✅ ESPN Cricket: 23 matches from 9 series @ https://live-streaming-eta.vercel.app/js/api.js?v=7:1233
[  395848ms] [LOG] ✅ Live Agent: refresh complete @ https://live-streaming-eta.vercel.app/js/app.js?v=8:973
[  400430ms] [LOG] 🔄 Live Agent: refreshing scores... @ https://live-streaming-eta.vercel.app/js/app.js?v=8:906
[  400430ms] [LOG] 🌐 Fetching football... @ https://live-streaming-eta.vercel.app/js/api.js?v=7:467
[  400431ms] [LOG] 🌐 Fetching cricket... @ https://live-streaming-eta.vercel.app/js/api.js?v=7:467
[  400433ms] [LOG] 🌐 Fetching basketball... @ https://live-streaming-eta.vercel.app/js/api.js?v=7:467
[  400434ms] [LOG] 🌐 Fetching tennis... @ https://live-streaming-eta.vercel.app/js/api.js?v=7:467
[  400435ms] [LOG] 🌐 Fetching mma... @ https://live-streaming-eta.vercel.app/js/api.js?v=7:467
[  400441ms] [LOG] 🌐 Fetching ufc... @ https://live-streaming-eta.vercel.app/js/api.js?v=7:467
[  400476ms] [LOG] ✅ ESPN Cricket: 23 matches from 9 series @ https://live-streaming-eta.vercel.app/js/api.js?v=7:1233
[  400529ms] [LOG] ✅ Google Cricket: 0 matches @ https://live-streaming-eta.vercel.app/js/api.js?v=7:1328
[  400648ms] [ERROR] Failed to load resource: the server responded with a status of 400 () @ https://sportscore.com/api/widget/matches/?sport=mma&limit=30:0
[  400752ms] [LOG] ℹ️ mma not available from SportScore API @ https://live-streaming-eta.vercel.app/js/api.js?v=7:471
[  400768ms] [ERROR] Failed to load resource: the server responded with a status of 400 () @ https://sportscore.com/api/widget/matches/?sport=ufc&limit=30:0
[  400768ms] [LOG] ℹ️ ufc not available from SportScore API @ https://live-streaming-eta.vercel.app/js/api.js?v=7:471
[  400787ms] [LOG] ✅ Live Agent: refresh complete @ https://live-streaming-eta.vercel.app/js/app.js?v=8:973
[  405430ms] [LOG] 🔄 Live Agent: refreshing scores... @ https://live-streaming-eta.vercel.app/js/app.js?v=8:906
[  405430ms] [LOG] 🌐 Fetching football... @ https://live-streaming-eta.vercel.app/js/api.js?v=7:467
[  405436ms] [LOG] 🌐 Fetching cricket... @ https://live-streaming-eta.vercel.app/js/api.js?v=7:467
[  405437ms] [LOG] 🌐 Fetching basketball... @ https://live-streaming-eta.vercel.app/js/api.js?v=7:467
[  405439ms] [LOG] 🌐 Fetching tennis... @ https://live-streaming-eta.vercel.app/js/api.js?v=7:467
[  405441ms] [LOG] 🌐 Fetching mma... @ https://live-streaming-eta.vercel.app/js/api.js?v=7:467
[  405442ms] [LOG] 🌐 Fetching ufc... @ https://live-streaming-eta.vercel.app/js/api.js?v=7:467
[  405518ms] [LOG] ✅ Google Cricket: 0 matches @ https://live-streaming-eta.vercel.app/js/api.js?v=7:1328
[  405641ms] [ERROR] Failed to load resource: the server responded with a status of 400 () @ https://sportscore.com/api/widget/matches/?sport=mma&limit=30:0
[  405642ms] [LOG] ℹ️ mma not available from SportScore API @ https://live-streaming-eta.vercel.app/js/api.js?v=7:471
[  405643ms] [ERROR] Failed to load resource: the server responded with a status of 400 () @ https://sportscore.com/api/widget/matches/?sport=ufc&limit=30:0
[  405644ms] [LOG] ℹ️ ufc not available from SportScore API @ https://live-streaming-eta.vercel.app/js/api.js?v=7:471
[  405853ms] [LOG] ✅ ESPN Cricket: 23 matches from 9 series @ https://live-streaming-eta.vercel.app/js/api.js?v=7:1233
[  405859ms] [LOG] ✅ Live Agent: refresh complete @ https://live-streaming-eta.vercel.app/js/app.js?v=8:973
[  410424ms] [LOG] 🔄 Live Agent: refreshing scores... @ https://live-streaming-eta.vercel.app/js/app.js?v=8:906
[  410425ms] [LOG] 🌐 Fetching football... @ https://live-streaming-eta.vercel.app/js/api.js?v=7:467
[  410426ms] [LOG] 🌐 Fetching cricket... @ https://live-streaming-eta.vercel.app/js/api.js?v=7:467
[  410433ms] [LOG] 🌐 Fetching basketball... @ https://live-streaming-eta.vercel.app/js/api.js?v=7:467
[  410447ms] [LOG] 🌐 Fetching tennis... @ https://live-streaming-eta.vercel.app/js/api.js?v=7:467
[  410448ms] [LOG] 🌐 Fetching mma... @ https://live-streaming-eta.vercel.app/js/api.js?v=7:467
[  410450ms] [LOG] 🌐 Fetching ufc... @ https://live-streaming-eta.vercel.app/js/api.js?v=7:467
[  410466ms] [LOG] ✅ ESPN Cricket: 23 matches from 9 series @ https://live-streaming-eta.vercel.app/js/api.js?v=7:1233
[  410544ms] [LOG] ✅ Google Cricket: 0 matches @ https://live-streaming-eta.vercel.app/js/api.js?v=7:1328
[  410658ms] [ERROR] Failed to load resource: the server responded with a status of 400 () @ https://sportscore.com/api/widget/matches/?sport=mma&limit=30:0
[  410659ms] [LOG] ℹ️ mma not available from SportScore API @ https://live-streaming-eta.vercel.app/js/api.js?v=7:471
[  410663ms] [ERROR] Failed to load resource: the server responded with a status of 400 () @ https://sportscore.com/api/widget/matches/?sport=ufc&limit=30:0
[  410663ms] [LOG] ℹ️ ufc not available from SportScore API @ https://live-streaming-eta.vercel.app/js/api.js?v=7:471
[  410673ms] [LOG] ✅ Live Agent: refresh complete @ https://live-streaming-eta.vercel.app/js/app.js?v=8:973
[  415433ms] [LOG] 🔄 Live Agent: refreshing scores... @ https://live-streaming-eta.vercel.app/js/app.js?v=8:906
[  415434ms] [LOG] 🌐 Fetching football... @ https://live-streaming-eta.vercel.app/js/api.js?v=7:467
[  415436ms] [LOG] 🌐 Fetching cricket... @ https://live-streaming-eta.vercel.app/js/api.js?v=7:467
[  415438ms] [LOG] 🌐 Fetching basketball... @ https://live-streaming-eta.vercel.app/js/api.js?v=7:467
[  415444ms] [LOG] 🌐 Fetching tennis... @ https://live-streaming-eta.vercel.app/js/api.js?v=7:467
[  415446ms] [LOG] 🌐 Fetching mma... @ https://live-streaming-eta.vercel.app/js/api.js?v=7:467
[  415452ms] [LOG] 🌐 Fetching ufc... @ https://live-streaming-eta.vercel.app/js/api.js?v=7:467
[  415621ms] [LOG] ✅ Google Cricket: 0 matches @ https://live-streaming-eta.vercel.app/js/api.js?v=7:1328
[  415661ms] [ERROR] Failed to load resource: the server responded with a status of 400 () @ https://sportscore.com/api/widget/matches/?sport=mma&limit=30:0
[  415662ms] [LOG] ℹ️ mma not available from SportScore API @ https://live-streaming-eta.vercel.app/js/api.js?v=7:471
[  415664ms] [ERROR] Failed to load resource: the server responded with a status of 400 () @ https://sportscore.com/api/widget/matches/?sport=ufc&limit=30:0
[  415666ms] [LOG] ℹ️ ufc not available from SportScore API @ https://live-streaming-eta.vercel.app/js/api.js?v=7:471
[  415864ms] [LOG] ✅ ESPN Cricket: 23 matches from 9 series @ https://live-streaming-eta.vercel.app/js/api.js?v=7:1233
[  415867ms] [LOG] ✅ Live Agent: refresh complete @ https://live-streaming-eta.vercel.app/js/app.js?v=8:973
[  420420ms] [LOG] 🔄 Live Agent: refreshing scores... @ https://live-streaming-eta.vercel.app/js/app.js?v=8:906
[  420420ms] [LOG] 🌐 Fetching football... @ https://live-streaming-eta.vercel.app/js/api.js?v=7:467
[  420428ms] [LOG] 🌐 Fetching cricket... @ https://live-streaming-eta.vercel.app/js/api.js?v=7:467
[  420430ms] [LOG] 🌐 Fetching basketball... @ https://live-streaming-eta.vercel.app/js/api.js?v=7:467
[  420437ms] [LOG] 🌐 Fetching tennis... @ https://live-streaming-eta.vercel.app/js/api.js?v=7:467
[  420442ms] [LOG] 🌐 Fetching mma... @ https://live-streaming-eta.vercel.app/js/api.js?v=7:467
[  420442ms] [LOG] 🌐 Fetching ufc... @ https://live-streaming-eta.vercel.app/js/api.js?v=7:467
[  420461ms] [LOG] ✅ ESPN Cricket: 23 matches from 9 series @ https://live-streaming-eta.vercel.app/js/api.js?v=7:1233
[  420516ms] [LOG] ✅ Google Cricket: 0 matches @ https://live-streaming-eta.vercel.app/js/api.js?v=7:1328
[  420655ms] [ERROR] Failed to load resource: the server responded with a status of 400 () @ https://sportscore.com/api/widget/matches/?sport=mma&limit=30:0
[  420656ms] [LOG] ℹ️ mma not available from SportScore API @ https://live-streaming-eta.vercel.app/js/api.js?v=7:471
[  420657ms] [ERROR] Failed to load resource: the server responded with a status of 400 () @ https://sportscore.com/api/widget/matches/?sport=ufc&limit=30:0
[  420658ms] [LOG] ℹ️ ufc not available from SportScore API @ https://live-streaming-eta.vercel.app/js/api.js?v=7:471
[  420663ms] [LOG] ✅ Live Agent: refresh complete @ https://live-streaming-eta.vercel.app/js/app.js?v=8:973
[  425420ms] [LOG] 🔄 Live Agent: refreshing scores... @ https://live-streaming-eta.vercel.app/js/app.js?v=8:906
[  425421ms] [LOG] 🌐 Fetching football... @ https://live-streaming-eta.vercel.app/js/api.js?v=7:467
[  425425ms] [LOG] 🌐 Fetching cricket... @ https://live-streaming-eta.vercel.app/js/api.js?v=7:467
[  425428ms] [LOG] 🌐 Fetching basketball... @ https://live-streaming-eta.vercel.app/js/api.js?v=7:467
[  425430ms] [LOG] 🌐 Fetching tennis... @ https://live-streaming-eta.vercel.app/js/api.js?v=7:467
[  425434ms] [LOG] 🌐 Fetching mma... @ https://live-streaming-eta.vercel.app/js/api.js?v=7:467
[  425438ms] [LOG] 🌐 Fetching ufc... @ https://live-streaming-eta.vercel.app/js/api.js?v=7:467
[  425518ms] [LOG] ✅ Google Cricket: 0 matches @ https://live-streaming-eta.vercel.app/js/api.js?v=7:1328
[  425640ms] [ERROR] Failed to load resource: the server responded with a status of 400 () @ https://sportscore.com/api/widget/matches/?sport=ufc&limit=30:0
[  425641ms] [LOG] ℹ️ ufc not available from SportScore API @ https://live-streaming-eta.vercel.app/js/api.js?v=7:471
[  425645ms] [ERROR] Failed to load resource: the server responded with a status of 400 () @ https://sportscore.com/api/widget/matches/?sport=mma&limit=30:0
[  425646ms] [LOG] ℹ️ mma not available from SportScore API @ https://live-streaming-eta.vercel.app/js/api.js?v=7:471
[  425841ms] [LOG] ✅ ESPN Cricket: 23 matches from 9 series @ https://live-streaming-eta.vercel.app/js/api.js?v=7:1233
[  425844ms] [LOG] ✅ Live Agent: refresh complete @ https://live-streaming-eta.vercel.app/js/app.js?v=8:973
[  430425ms] [LOG] 🔄 Live Agent: refreshing scores... @ https://live-streaming-eta.vercel.app/js/app.js?v=8:906
[  430426ms] [LOG] 🌐 Fetching football... @ https://live-streaming-eta.vercel.app/js/api.js?v=7:467
[  430431ms] [LOG] 🌐 Fetching cricket... @ https://live-streaming-eta.vercel.app/js/api.js?v=7:467
[  430436ms] [LOG] 🌐 Fetching basketball... @ https://live-streaming-eta.vercel.app/js/api.js?v=7:467
[  430437ms] [LOG] 🌐 Fetching tennis... @ https://live-streaming-eta.vercel.app/js/api.js?v=7:467
[  430440ms] [LOG] 🌐 Fetching mma... @ https://live-streaming-eta.vercel.app/js/api.js?v=7:467
[  430450ms] [LOG] 🌐 Fetching ufc... @ https://live-streaming-eta.vercel.app/js/api.js?v=7:467
[  430467ms] [LOG] ✅ ESPN Cricket: 23 matches from 9 series @ https://live-streaming-eta.vercel.app/js/api.js?v=7:1233
[  430527ms] [LOG] ✅ Google Cricket: 0 matches @ https://live-streaming-eta.vercel.app/js/api.js?v=7:1328
[  430652ms] [ERROR] Failed to load resource: the server responded with a status of 400 () @ https://sportscore.com/api/widget/matches/?sport=mma&limit=30:0
[  430652ms] [LOG] ℹ️ mma not available from SportScore API @ https://live-streaming-eta.vercel.app/js/api.js?v=7:471
[  430653ms] [ERROR] Failed to load resource: the server responded with a status of 400 () @ https://sportscore.com/api/widget/matches/?sport=ufc&limit=30:0
[  430654ms] [LOG] ℹ️ ufc not available from SportScore API @ https://live-streaming-eta.vercel.app/js/api.js?v=7:471
[  430662ms] [LOG] ✅ Live Agent: refresh complete @ https://live-streaming-eta.vercel.app/js/app.js?v=8:973
[  435428ms] [LOG] 🔄 Live Agent: refreshing scores... @ https://live-streaming-eta.vercel.app/js/app.js?v=8:906
[  435429ms] [LOG] 🌐 Fetching football... @ https://live-streaming-eta.vercel.app/js/api.js?v=7:467
[  435441ms] [LOG] 🌐 Fetching cricket... @ https://live-streaming-eta.vercel.app/js/api.js?v=7:467
[  435457ms] [LOG] 🌐 Fetching basketball... @ https://live-streaming-eta.vercel.app/js/api.js?v=7:467
[  435460ms] [LOG] 🌐 Fetching tennis... @ https://live-streaming-eta.vercel.app/js/api.js?v=7:467
[  435461ms] [LOG] 🌐 Fetching mma... @ https://live-streaming-eta.vercel.app/js/api.js?v=7:467
[  435463ms] [LOG] 🌐 Fetching ufc... @ https://live-streaming-eta.vercel.app/js/api.js?v=7:467
[  435553ms] [LOG] ✅ Google Cricket: 0 matches @ https://live-streaming-eta.vercel.app/js/api.js?v=7:1328
[  435837ms] [ERROR] Failed to load resource: the server responded with a status of 400 () @ https://sportscore.com/api/widget/matches/?sport=mma&limit=30:0
[  435837ms] [LOG] ℹ️ mma not available from SportScore API @ https://live-streaming-eta.vercel.app/js/api.js?v=7:471
[  435864ms] [ERROR] Failed to load resource: the server responded with a status of 400 () @ https://sportscore.com/api/widget/matches/?sport=ufc&limit=30:0
[  435865ms] [LOG] ℹ️ ufc not available from SportScore API @ https://live-streaming-eta.vercel.app/js/api.js?v=7:471
[  435901ms] [LOG] ✅ ESPN Cricket: 23 matches from 9 series @ https://live-streaming-eta.vercel.app/js/api.js?v=7:1233
[  435908ms] [LOG] ✅ Live Agent: refresh complete @ https://live-streaming-eta.vercel.app/js/app.js?v=8:973
[  440428ms] [LOG] 🔄 Live Agent: refreshing scores... @ https://live-streaming-eta.vercel.app/js/app.js?v=8:906
[  440428ms] [LOG] 🌐 Fetching football... @ https://live-streaming-eta.vercel.app/js/api.js?v=7:467
[  440429ms] [LOG] 🌐 Fetching cricket... @ https://live-streaming-eta.vercel.app/js/api.js?v=7:467
[  440430ms] [LOG] 🌐 Fetching basketball... @ https://live-streaming-eta.vercel.app/js/api.js?v=7:467
[  440432ms] [LOG] 🌐 Fetching tennis... @ https://live-streaming-eta.vercel.app/js/api.js?v=7:467
[  440432ms] [LOG] 🌐 Fetching mma... @ https://live-streaming-eta.vercel.app/js/api.js?v=7:467
[  440434ms] [LOG] 🌐 Fetching ufc... @ https://live-streaming-eta.vercel.app/js/api.js?v=7:467
[  440467ms] [LOG] ✅ ESPN Cricket: 23 matches from 9 series @ https://live-streaming-eta.vercel.app/js/api.js?v=7:1233
[  440513ms] [LOG] ✅ Google Cricket: 0 matches @ https://live-streaming-eta.vercel.app/js/api.js?v=7:1328
[  440690ms] [ERROR] Failed to load resource: the server responded with a status of 400 () @ https://sportscore.com/api/widget/matches/?sport=mma&limit=30:0
[  440690ms] [LOG] ℹ️ mma not available from SportScore API @ https://live-streaming-eta.vercel.app/js/api.js?v=7:471
[  440691ms] [ERROR] Failed to load resource: the server responded with a status of 400 () @ https://sportscore.com/api/widget/matches/?sport=ufc&limit=30:0
[  440691ms] [LOG] ℹ️ ufc not available from SportScore API @ https://live-streaming-eta.vercel.app/js/api.js?v=7:471
[  440696ms] [LOG] ✅ Live Agent: refresh complete @ https://live-streaming-eta.vercel.app/js/app.js?v=8:973
[  445423ms] [LOG] 🔄 Live Agent: refreshing scores... @ https://live-streaming-eta.vercel.app/js/app.js?v=8:906
[  445423ms] [LOG] 🌐 Fetching football... @ https://live-streaming-eta.vercel.app/js/api.js?v=7:467
[  445424ms] [LOG] 🌐 Fetching cricket... @ https://live-streaming-eta.vercel.app/js/api.js?v=7:467
[  445426ms] [LOG] 🌐 Fetching basketball... @ https://live-streaming-eta.vercel.app/js/api.js?v=7:467
[  445430ms] [LOG] 🌐 Fetching tennis... @ https://live-streaming-eta.vercel.app/js/api.js?v=7:467
[  445432ms] [LOG] 🌐 Fetching mma... @ https://live-streaming-eta.vercel.app/js/api.js?v=7:467
[  445434ms] [LOG] 🌐 Fetching ufc... @ https://live-streaming-eta.vercel.app/js/api.js?v=7:467
[  445514ms] [LOG] ✅ Google Cricket: 0 matches @ https://live-streaming-eta.vercel.app/js/api.js?v=7:1328
[  445641ms] [ERROR] Failed to load resource: the server responded with a status of 400 () @ https://sportscore.com/api/widget/matches/?sport=mma&limit=30:0
[  445641ms] [LOG] ℹ️ mma not available from SportScore API @ https://live-streaming-eta.vercel.app/js/api.js?v=7:471
[  445642ms] [ERROR] Failed to load resource: the server responded with a status of 400 () @ https://sportscore.com/api/widget/matches/?sport=ufc&limit=30:0
[  445642ms] [LOG] ℹ️ ufc not available from SportScore API @ https://live-streaming-eta.vercel.app/js/api.js?v=7:471
[  445856ms] [LOG] ✅ ESPN Cricket: 23 matches from 9 series @ https://live-streaming-eta.vercel.app/js/api.js?v=7:1233
[  445862ms] [LOG] ✅ Live Agent: refresh complete @ https://live-streaming-eta.vercel.app/js/app.js?v=8:973
[  450430ms] [LOG] 🔄 Live Agent: refreshing scores... @ https://live-streaming-eta.vercel.app/js/app.js?v=8:906
[  450430ms] [LOG] 🌐 Fetching football... @ https://live-streaming-eta.vercel.app/js/api.js?v=7:467
[  450434ms] [LOG] 🌐 Fetching cricket... @ https://live-streaming-eta.vercel.app/js/api.js?v=7:467
[  450437ms] [LOG] 🌐 Fetching basketball... @ https://live-streaming-eta.vercel.app/js/api.js?v=7:467
[  450442ms] [LOG] 🌐 Fetching tennis... @ https://live-streaming-eta.vercel.app/js/api.js?v=7:467
[  450446ms] [LOG] 🌐 Fetching mma... @ https://live-streaming-eta.vercel.app/js/api.js?v=7:467
[  450450ms] [LOG] 🌐 Fetching ufc... @ https://live-streaming-eta.vercel.app/js/api.js?v=7:467
[  450465ms] [LOG] ✅ ESPN Cricket: 23 matches from 9 series @ https://live-streaming-eta.vercel.app/js/api.js?v=7:1233
[  450527ms] [LOG] ✅ Google Cricket: 0 matches @ https://live-streaming-eta.vercel.app/js/api.js?v=7:1328
[  450656ms] [ERROR] Failed to load resource: the server responded with a status of 400 () @ https://sportscore.com/api/widget/matches/?sport=mma&limit=30:0
[  450657ms] [LOG] ℹ️ mma not available from SportScore API @ https://live-streaming-eta.vercel.app/js/api.js?v=7:471
[  450658ms] [ERROR] Failed to load resource: the server responded with a status of 400 () @ https://sportscore.com/api/widget/matches/?sport=ufc&limit=30:0
[  450658ms] [LOG] ℹ️ ufc not available from SportScore API @ https://live-streaming-eta.vercel.app/js/api.js?v=7:471
[  450677ms] [LOG] ✅ Live Agent: refresh complete @ https://live-streaming-eta.vercel.app/js/app.js?v=8:973
[  455421ms] [LOG] 🔄 Live Agent: refreshing scores... @ https://live-streaming-eta.vercel.app/js/app.js?v=8:906
[  455422ms] [LOG] 🌐 Fetching football... @ https://live-streaming-eta.vercel.app/js/api.js?v=7:467
[  455423ms] [LOG] 🌐 Fetching cricket... @ https://live-streaming-eta.vercel.app/js/api.js?v=7:467
[  455426ms] [LOG] 🌐 Fetching basketball... @ https://live-streaming-eta.vercel.app/js/api.js?v=7:467
[  455434ms] [LOG] 🌐 Fetching tennis... @ https://live-streaming-eta.vercel.app/js/api.js?v=7:467
[  455436ms] [LOG] 🌐 Fetching mma... @ https://live-streaming-eta.vercel.app/js/api.js?v=7:467
[  455441ms] [LOG] 🌐 Fetching ufc... @ https://live-streaming-eta.vercel.app/js/api.js?v=7:467
[  455508ms] [LOG] ✅ Google Cricket: 0 matches @ https://live-streaming-eta.vercel.app/js/api.js?v=7:1328
[  455642ms] [ERROR] Failed to load resource: the server responded with a status of 400 () @ https://sportscore.com/api/widget/matches/?sport=mma&limit=30:0
[  455643ms] [LOG] ℹ️ mma not available from SportScore API @ https://live-streaming-eta.vercel.app/js/api.js?v=7:471
[  455644ms] [ERROR] Failed to load resource: the server responded with a status of 400 () @ https://sportscore.com/api/widget/matches/?sport=ufc&limit=30:0
[  455644ms] [LOG] ℹ️ ufc not available from SportScore API @ https://live-streaming-eta.vercel.app/js/api.js?v=7:471
[  455844ms] [LOG] ✅ ESPN Cricket: 23 matches from 9 series @ https://live-streaming-eta.vercel.app/js/api.js?v=7:1233
[  455850ms] [LOG] ✅ Live Agent: refresh complete @ https://live-streaming-eta.vercel.app/js/app.js?v=8:973
[  460419ms] [LOG] 🔄 Live Agent: refreshing scores... @ https://live-streaming-eta.vercel.app/js/app.js?v=8:906
[  460419ms] [LOG] 🌐 Fetching football... @ https://live-streaming-eta.vercel.app/js/api.js?v=7:467
[  460420ms] [LOG] 🌐 Fetching cricket... @ https://live-streaming-eta.vercel.app/js/api.js?v=7:467
[  460420ms] [LOG] 🌐 Fetching basketball... @ https://live-streaming-eta.vercel.app/js/api.js?v=7:467
[  460421ms] [LOG] 🌐 Fetching tennis... @ https://live-streaming-eta.vercel.app/js/api.js?v=7:467
[  460421ms] [LOG] 🌐 Fetching mma... @ https://live-streaming-eta.vercel.app/js/api.js?v=7:467
[  460422ms] [LOG] 🌐 Fetching ufc... @ https://live-streaming-eta.vercel.app/js/api.js?v=7:467
[  460442ms] [LOG] ✅ ESPN Cricket: 23 matches from 9 series @ https://live-streaming-eta.vercel.app/js/api.js?v=7:1233
[  460485ms] [LOG] ✅ Google Cricket: 0 matches @ https://live-streaming-eta.vercel.app/js/api.js?v=7:1328
[  460628ms] [ERROR] Failed to load resource: the server responded with a status of 400 () @ https://sportscore.com/api/widget/matches/?sport=mma&limit=30:0
[  460629ms] [LOG] ℹ️ mma not available from SportScore API @ https://live-streaming-eta.vercel.app/js/api.js?v=7:471
[  460630ms] [ERROR] Failed to load resource: the server responded with a status of 400 () @ https://sportscore.com/api/widget/matches/?sport=ufc&limit=30:0
[  460630ms] [LOG] ℹ️ ufc not available from SportScore API @ https://live-streaming-eta.vercel.app/js/api.js?v=7:471
[  460635ms] [LOG] ✅ Live Agent: refresh complete @ https://live-streaming-eta.vercel.app/js/app.js?v=8:973
[  468481ms] [LOG] 🚀 Live Streaming initialized @ https://live-streaming-eta.vercel.app/js/app.js?v=8:212
[  468675ms] [WARNING] <meta name="apple-mobile-web-app-capable" content="yes"> is deprecated. Please include <meta name="mobile-web-app-capable" content="yes"> @ https://live-streaming-eta.vercel.app/football/2026-08-20:0
[  470483ms] [LOG] 📅 Schedule agent: fetching next 60 days... @ https://live-streaming-eta.vercel.app/js/api.js?v=7:342
[  470484ms] [LOG] 🌐 Fetching football... @ https://live-streaming-eta.vercel.app/js/api.js?v=7:467
[  470485ms] [LOG] 🌐 Fetching cricket... @ https://live-streaming-eta.vercel.app/js/api.js?v=7:467
[  470487ms] [LOG] 🌐 Fetching basketball... @ https://live-streaming-eta.vercel.app/js/api.js?v=7:467
[  470489ms] [LOG] 🌐 Fetching tennis... @ https://live-streaming-eta.vercel.app/js/api.js?v=7:467
[  470489ms] [LOG] 🌐 Fetching mma... @ https://live-streaming-eta.vercel.app/js/api.js?v=7:467
[  470490ms] [LOG] 🌐 Fetching ufc... @ https://live-streaming-eta.vercel.app/js/api.js?v=7:467
[  470491ms] [LOG] 🌐 Fetching football... @ https://live-streaming-eta.vercel.app/js/api.js?v=7:467
[  470492ms] [LOG] 🌐 Fetching cricket... @ https://live-streaming-eta.vercel.app/js/api.js?v=7:467
[  470493ms] [LOG] 🌐 Fetching basketball... @ https://live-streaming-eta.vercel.app/js/api.js?v=7:467
[  470494ms] [LOG] 🌐 Fetching tennis... @ https://live-streaming-eta.vercel.app/js/api.js?v=7:467
[  470495ms] [LOG] 🌐 Fetching mma... @ https://live-streaming-eta.vercel.app/js/api.js?v=7:467
[  470496ms] [LOG] 🌐 Fetching ufc... @ https://live-streaming-eta.vercel.app/js/api.js?v=7:467
[  470496ms] [LOG] 🌐 Fetching football... @ https://live-streaming-eta.vercel.app/js/api.js?v=7:467
[  470497ms] [LOG] 🌐 Fetching cricket... @ https://live-streaming-eta.vercel.app/js/api.js?v=7:467
[  470498ms] [LOG] 🌐 Fetching basketball... @ https://live-streaming-eta.vercel.app/js/api.js?v=7:467
[  470499ms] [LOG] 🌐 Fetching tennis... @ https://live-streaming-eta.vercel.app/js/api.js?v=7:467
[  470499ms] [LOG] 🌐 Fetching mma... @ https://live-streaming-eta.vercel.app/js/api.js?v=7:467
[  470500ms] [LOG] 🌐 Fetching ufc... @ https://live-streaming-eta.vercel.app/js/api.js?v=7:467
[  470501ms] [LOG] 🌐 Fetching football... @ https://live-streaming-eta.vercel.app/js/api.js?v=7:467
[  470501ms] [LOG] 🌐 Fetching cricket... @ https://live-streaming-eta.vercel.app/js/api.js?v=7:467
[  470502ms] [LOG] 🌐 Fetching basketball... @ https://live-streaming-eta.vercel.app/js/api.js?v=7:467
[  470504ms] [LOG] 🌐 Fetching tennis... @ https://live-streaming-eta.vercel.app/js/api.js?v=7:467
[  470506ms] [LOG] 🌐 Fetching mma... @ https://live-streaming-eta.vercel.app/js/api.js?v=7:467
[  470507ms] [LOG] 🌐 Fetching ufc... @ https://live-streaming-eta.vercel.app/js/api.js?v=7:467
[  470509ms] [LOG] 🌐 Fetching football... @ https://live-streaming-eta.vercel.app/js/api.js?v=7:467
[  470510ms] [LOG] 🌐 Fetching cricket... @ https://live-streaming-eta.vercel.app/js/api.js?v=7:467
[  470511ms] [LOG] 🌐 Fetching basketball... @ https://live-streaming-eta.vercel.app/js/api.js?v=7:467
[  470511ms] [LOG] 🌐 Fetching tennis... @ https://live-streaming-eta.vercel.app/js/api.js?v=7:467
[  470512ms] [LOG] 🌐 Fetching mma... @ https://live-streaming-eta.vercel.app/js/api.js?v=7:467
[  470513ms] [LOG] 🌐 Fetching ufc... @ https://live-streaming-eta.vercel.app/js/api.js?v=7:467
[  470700ms] [ERROR] Failed to load resource: the server responded with a status of 400 () @ https://sportscore.com/api/widget/matches/?sport=mma&limit=30:0
[  470700ms] [LOG] ℹ️ mma not available from SportScore API @ https://live-streaming-eta.vercel.app/js/api.js?v=7:471
[  470709ms] [ERROR] Failed to load resource: the server responded with a status of 400 () @ https://sportscore.com/api/widget/matches/?sport=ufc&limit=30:0
[  470709ms] [LOG] ℹ️ ufc not available from SportScore API @ https://live-streaming-eta.vercel.app/js/api.js?v=7:471
[  470898ms] [ERROR] Failed to load resource: the server responded with a status of 400 () @ https://sportscore.com/api/widget/matches/?sport=mma&limit=30:0
[  470898ms] [LOG] ℹ️ mma not available from SportScore API @ https://live-streaming-eta.vercel.app/js/api.js?v=7:471
[  470903ms] [ERROR] Failed to load resource: the server responded with a status of 400 () @ https://sportscore.com/api/widget/matches/?sport=ufc&limit=30:0
[  470904ms] [LOG] ℹ️ ufc not available from SportScore API @ https://live-streaming-eta.vercel.app/js/api.js?v=7:471
[  471095ms] [ERROR] Failed to load resource: the server responded with a status of 400 () @ https://sportscore.com/api/widget/matches/?sport=mma&limit=30:0
[  471096ms] [LOG] ℹ️ mma not available from SportScore API @ https://live-streaming-eta.vercel.app/js/api.js?v=7:471
[  471103ms] [ERROR] Failed to load resource: the server responded with a status of 400 () @ https://sportscore.com/api/widget/matches/?sport=ufc&limit=30:0
[  471104ms] [LOG] ℹ️ ufc not available from SportScore API @ https://live-streaming-eta.vercel.app/js/api.js?v=7:471
[  471289ms] [ERROR] Failed to load resource: the server responded with a status of 400 () @ https://sportscore.com/api/widget/matches/?sport=mma&limit=30:0
[  471290ms] [LOG] ℹ️ mma not available from SportScore API @ https://live-streaming-eta.vercel.app/js/api.js?v=7:471
[  471296ms] [ERROR] Failed to load resource: the server responded with a status of 400 () @ https://sportscore.com/api/widget/matches/?sport=ufc&limit=30:0
[  471296ms] [LOG] ℹ️ ufc not available from SportScore API @ https://live-streaming-eta.vercel.app/js/api.js?v=7:471
[  471483ms] [ERROR] Failed to load resource: the server responded with a status of 400 () @ https://sportscore.com/api/widget/matches/?sport=mma&limit=30:0
[  471484ms] [LOG] ℹ️ mma not available from SportScore API @ https://live-streaming-eta.vercel.app/js/api.js?v=7:471
[  471491ms] [ERROR] Failed to load resource: the server responded with a status of 400 () @ https://sportscore.com/api/widget/matches/?sport=ufc&limit=30:0
[  471492ms] [LOG] ℹ️ ufc not available from SportScore API @ https://live-streaming-eta.vercel.app/js/api.js?v=7:471
[  476712ms] [LOG] ℹ️ NFL season type 1 failed: signal timed out @ https://live-streaming-eta.vercel.app/js/api.js?v=7:1415
[  476912ms] [LOG] ℹ️ NFL season type 1 failed: signal timed out @ https://live-streaming-eta.vercel.app/js/api.js?v=7:1415
[  477113ms] [LOG] ℹ️ NFL season type 1 failed: signal timed out @ https://live-streaming-eta.vercel.app/js/api.js?v=7:1415
[  477300ms] [LOG] ℹ️ NFL season type 1 failed: signal timed out @ https://live-streaming-eta.vercel.app/js/api.js?v=7:1415
[  477500ms] [LOG] ℹ️ NFL season type 1 failed: signal timed out @ https://live-streaming-eta.vercel.app/js/api.js?v=7:1415
[  482717ms] [LOG] ℹ️ NFL season type 2 failed: signal timed out @ https://live-streaming-eta.vercel.app/js/api.js?v=7:1415
[  482919ms] [LOG] ℹ️ NFL season type 2 failed: signal timed out @ https://live-streaming-eta.vercel.app/js/api.js?v=7:1415
[  483118ms] [LOG] ℹ️ NFL season type 2 failed: signal timed out @ https://live-streaming-eta.vercel.app/js/api.js?v=7:1415
[  483306ms] [LOG] ℹ️ NFL season type 2 failed: signal timed out @ https://live-streaming-eta.vercel.app/js/api.js?v=7:1415
[  483506ms] [LOG] ℹ️ NFL season type 2 failed: signal timed out @ https://live-streaming-eta.vercel.app/js/api.js?v=7:1415
[  488249ms] [ERROR] Access to fetch at 'https://api.nfldata.org/v1/games?season=2026&season_type=3' from origin 'https://live-streaming-eta.vercel.app' has been blocked by CORS policy: No 'Access-Control-Allow-Origin' header is present on the requested resource. @ https://live-streaming-eta.vercel.app/football/2026-08-20:0
[  488249ms] [ERROR] Failed to load resource: net::ERR_FAILED @ https://api.nfldata.org/v1/games?season=2026&season_type=3:0
[  488249ms] [LOG] ℹ️ NFL season type 3 failed: Failed to fetch @ https://live-streaming-eta.vercel.app/js/api.js?v=7:1415
[  488879ms] [ERROR] Access to fetch at 'https://api.nfldata.org/v1/games?season=2026&season_type=3' from origin 'https://live-streaming-eta.vercel.app' has been blocked by CORS policy: No 'Access-Control-Allow-Origin' header is present on the requested resource. @ https://live-streaming-eta.vercel.app/football/2026-08-20:0
[  488879ms] [ERROR] Failed to load resource: net::ERR_FAILED @ https://api.nfldata.org/v1/games?season=2026&season_type=3:0
[  488879ms] [LOG] ℹ️ NFL season type 3 failed: Failed to fetch @ https://live-streaming-eta.vercel.app/js/api.js?v=7:1415
[  489122ms] [LOG] ℹ️ NFL season type 3 failed: signal timed out @ https://live-streaming-eta.vercel.app/js/api.js?v=7:1415
[  489312ms] [LOG] ℹ️ NFL season type 3 failed: signal timed out @ https://live-streaming-eta.vercel.app/js/api.js?v=7:1415
[  489511ms] [LOG] ℹ️ NFL season type 3 failed: signal timed out @ https://live-streaming-eta.vercel.app/js/api.js?v=7:1415
[  490313ms] [LOG] 🌐 Fetching football... @ https://live-streaming-eta.vercel.app/js/api.js?v=7:467
[  490314ms] [LOG] 🌐 Fetching cricket... @ https://live-streaming-eta.vercel.app/js/api.js?v=7:467
[  490315ms] [LOG] 🌐 Fetching basketball... @ https://live-streaming-eta.vercel.app/js/api.js?v=7:467
[  490315ms] [LOG] 🌐 Fetching tennis... @ https://live-streaming-eta.vercel.app/js/api.js?v=7:467
[  490316ms] [LOG] 🌐 Fetching mma... @ https://live-streaming-eta.vercel.app/js/api.js?v=7:467
[  490316ms] [LOG] 🌐 Fetching ufc... @ https://live-streaming-eta.vercel.app/js/api.js?v=7:467
[  490317ms] [LOG] 🌐 Fetching football... @ https://live-streaming-eta.vercel.app/js/api.js?v=7:467
[  490317ms] [LOG] 🌐 Fetching cricket... @ https://live-streaming-eta.vercel.app/js/api.js?v=7:467
[  490318ms] [LOG] 🌐 Fetching basketball... @ https://live-streaming-eta.vercel.app/js/api.js?v=7:467
[  490318ms] [LOG] 🌐 Fetching tennis... @ https://live-streaming-eta.vercel.app/js/api.js?v=7:467
[  490318ms] [LOG] 🌐 Fetching mma... @ https://live-streaming-eta.vercel.app/js/api.js?v=7:467
[  490319ms] [LOG] 🌐 Fetching ufc... @ https://live-streaming-eta.vercel.app/js/api.js?v=7:467
[  490319ms] [LOG] 🌐 Fetching football... @ https://live-streaming-eta.vercel.app/js/api.js?v=7:467
[  490319ms] [LOG] 🌐 Fetching cricket... @ https://live-streaming-eta.vercel.app/js/api.js?v=7:467
[  490320ms] [LOG] 🌐 Fetching basketball... @ https://live-streaming-eta.vercel.app/js/api.js?v=7:467
[  490320ms] [LOG] 🌐 Fetching tennis... @ https://live-streaming-eta.vercel.app/js/api.js?v=7:467
[  490320ms] [LOG] 🌐 Fetching mma... @ https://live-streaming-eta.vercel.app/js/api.js?v=7:467
[  490321ms] [LOG] 🌐 Fetching ufc... @ https://live-streaming-eta.vercel.app/js/api.js?v=7:467
[  490321ms] [LOG] 🌐 Fetching football... @ https://live-streaming-eta.vercel.app/js/api.js?v=7:467
[  490321ms] [LOG] 🌐 Fetching cricket... @ https://live-streaming-eta.vercel.app/js/api.js?v=7:467
[  490322ms] [LOG] 🌐 Fetching basketball... @ https://live-streaming-eta.vercel.app/js/api.js?v=7:467
[  490322ms] [LOG] 🌐 Fetching tennis... @ https://live-streaming-eta.vercel.app/js/api.js?v=7:467
[  490322ms] [LOG] 🌐 Fetching mma... @ https://live-streaming-eta.vercel.app/js/api.js?v=7:467
[  490322ms] [LOG] 🌐 Fetching ufc... @ https://live-streaming-eta.vercel.app/js/api.js?v=7:467
[  490323ms] [LOG] 🌐 Fetching football... @ https://live-streaming-eta.vercel.app/js/api.js?v=7:467
[  490323ms] [LOG] 🌐 Fetching cricket... @ https://live-streaming-eta.vercel.app/js/api.js?v=7:467
[  490323ms] [LOG] 🌐 Fetching basketball... @ https://live-streaming-eta.vercel.app/js/api.js?v=7:467
[  490324ms] [LOG] 🌐 Fetching tennis... @ https://live-streaming-eta.vercel.app/js/api.js?v=7:467
[  490324ms] [LOG] 🌐 Fetching mma... @ https://live-streaming-eta.vercel.app/js/api.js?v=7:467
[  490326ms] [LOG] 🌐 Fetching ufc... @ https://live-streaming-eta.vercel.app/js/api.js?v=7:467
[  490550ms] [ERROR] Failed to load resource: the server responded with a status of 400 () @ https://sportscore.com/api/widget/matches/?sport=mma&limit=30:0
[  490550ms] [LOG] ℹ️ mma not available from SportScore API @ https://live-streaming-eta.vercel.app/js/api.js?v=7:471
[  490554ms] [ERROR] Failed to load resource: the server responded with a status of 400 () @ https://sportscore.com/api/widget/matches/?sport=ufc&limit=30:0
[  490554ms] [LOG] ℹ️ ufc not available from SportScore API @ https://live-streaming-eta.vercel.app/js/api.js?v=7:471
[  490747ms] [ERROR] Failed to load resource: the server responded with a status of 400 () @ https://sportscore.com/api/widget/matches/?sport=mma&limit=30:0
[  490747ms] [LOG] ℹ️ mma not available from SportScore API @ https://live-streaming-eta.vercel.app/js/api.js?v=7:471
[  490758ms] [ERROR] Failed to load resource: the server responded with a status of 400 () @ https://sportscore.com/api/widget/matches/?sport=ufc&limit=30:0
[  490759ms] [LOG] ℹ️ ufc not available from SportScore API @ https://live-streaming-eta.vercel.app/js/api.js?v=7:471
[  490901ms] [ERROR] Access to fetch at 'https://api.nfldata.org/v1/games?season=2026&season_type=1' from origin 'https://live-streaming-eta.vercel.app' has been blocked by CORS policy: No 'Access-Control-Allow-Origin' header is present on the requested resource. @ https://live-streaming-eta.vercel.app/football/2026-08-20:0
[  490901ms] [ERROR] Failed to load resource: net::ERR_FAILED @ https://api.nfldata.org/v1/games?season=2026&season_type=1:0
[  490901ms] [LOG] ℹ️ NFL season type 1 failed: Failed to fetch @ https://live-streaming-eta.vercel.app/js/api.js?v=7:1415
[  490951ms] [ERROR] Failed to load resource: the server responded with a status of 400 () @ https://sportscore.com/api/widget/matches/?sport=mma&limit=30:0
[  490951ms] [LOG] ℹ️ mma not available from SportScore API @ https://live-streaming-eta.vercel.app/js/api.js?v=7:471
[  490956ms] [ERROR] Failed to load resource: the server responded with a status of 400 () @ https://sportscore.com/api/widget/matches/?sport=ufc&limit=30:0
[  490957ms] [LOG] ℹ️ ufc not available from SportScore API @ https://live-streaming-eta.vercel.app/js/api.js?v=7:471
[  491149ms] [ERROR] Failed to load resource: the server responded with a status of 400 () @ https://sportscore.com/api/widget/matches/?sport=mma&limit=30:0
[  491149ms] [LOG] ℹ️ mma not available from SportScore API @ https://live-streaming-eta.vercel.app/js/api.js?v=7:471
[  491153ms] [ERROR] Failed to load resource: the server responded with a status of 400 () @ https://sportscore.com/api/widget/matches/?sport=ufc&limit=30:0
[  491153ms] [LOG] ℹ️ ufc not available from SportScore API @ https://live-streaming-eta.vercel.app/js/api.js?v=7:471
[  491236ms] [ERROR] Access to fetch at 'https://api.nfldata.org/v1/games?season=2026&season_type=2' from origin 'https://live-streaming-eta.vercel.app' has been blocked by CORS policy: No 'Access-Control-Allow-Origin' header is present on the requested resource. @ https://live-streaming-eta.vercel.app/football/2026-08-20:0
[  491236ms] [ERROR] Failed to load resource: net::ERR_FAILED @ https://api.nfldata.org/v1/games?season=2026&season_type=2:0
[  491236ms] [LOG] ℹ️ NFL season type 2 failed: Failed to fetch @ https://live-streaming-eta.vercel.app/js/api.js?v=7:1415
[  491344ms] [ERROR] Failed to load resource: the server responded with a status of 400 () @ https://sportscore.com/api/widget/matches/?sport=ufc&limit=30:0
[  491345ms] [LOG] ℹ️ ufc not available from SportScore API @ https://live-streaming-eta.vercel.app/js/api.js?v=7:471
[  491354ms] [ERROR] Failed to load resource: the server responded with a status of 400 () @ https://sportscore.com/api/widget/matches/?sport=mma&limit=30:0
[  491355ms] [LOG] ℹ️ mma not available from SportScore API @ https://live-streaming-eta.vercel.app/js/api.js?v=7:471
[  491557ms] [ERROR] Access to fetch at 'https://api.nfldata.org/v1/games?season=2026&season_type=3' from origin 'https://live-streaming-eta.vercel.app' has been blocked by CORS policy: No 'Access-Control-Allow-Origin' header is present on the requested resource. @ https://live-streaming-eta.vercel.app/football/2026-08-20:0
[  491557ms] [ERROR] Failed to load resource: net::ERR_FAILED @ https://api.nfldata.org/v1/games?season=2026&season_type=3:0
[  491557ms] [LOG] ℹ️ NFL season type 3 failed: Failed to fetch @ https://live-streaming-eta.vercel.app/js/api.js?v=7:1415
[  493432ms] [ERROR] Access to fetch at 'https://api.nfldata.org/v1/games?season=2026&season_type=1' from origin 'https://live-streaming-eta.vercel.app' has been blocked by CORS policy: No 'Access-Control-Allow-Origin' header is present on the requested resource. @ https://live-streaming-eta.vercel.app/football/2026-08-20:0
[  493432ms] [ERROR] Failed to load resource: net::ERR_FAILED @ https://api.nfldata.org/v1/games?season=2026&season_type=1:0
[  493432ms] [LOG] ℹ️ NFL season type 1 failed: Failed to fetch @ https://live-streaming-eta.vercel.app/js/api.js?v=7:1415
[  493766ms] [ERROR] Access to fetch at 'https://api.nfldata.org/v1/games?season=2026&season_type=1' from origin 'https://live-streaming-eta.vercel.app' has been blocked by CORS policy: No 'Access-Control-Allow-Origin' header is present on the requested resource. @ https://live-streaming-eta.vercel.app/football/2026-08-20:0
[  493766ms] [ERROR] Failed to load resource: net::ERR_FAILED @ https://api.nfldata.org/v1/games?season=2026&season_type=1:0
[  493766ms] [LOG] ℹ️ NFL season type 1 failed: Failed to fetch @ https://live-streaming-eta.vercel.app/js/api.js?v=7:1415
[  493768ms] [ERROR] Access to fetch at 'https://api.nfldata.org/v1/games?season=2026&season_type=2' from origin 'https://live-streaming-eta.vercel.app' has been blocked by CORS policy: No 'Access-Control-Allow-Origin' header is present on the requested resource. @ https://live-streaming-eta.vercel.app/football/2026-08-20:0
[  493769ms] [ERROR] Failed to load resource: net::ERR_FAILED @ https://api.nfldata.org/v1/games?season=2026&season_type=2:0
[  493769ms] [LOG] ℹ️ NFL season type 2 failed: Failed to fetch @ https://live-streaming-eta.vercel.app/js/api.js?v=7:1415
[  494109ms] [ERROR] Access to fetch at 'https://api.nfldata.org/v1/games?season=2026&season_type=1' from origin 'https://live-streaming-eta.vercel.app' has been blocked by CORS policy: No 'Access-Control-Allow-Origin' header is present on the requested resource. @ https://live-streaming-eta.vercel.app/football/2026-08-20:0
[  494109ms] [ERROR] Failed to load resource: net::ERR_FAILED @ https://api.nfldata.org/v1/games?season=2026&season_type=1:0
[  494109ms] [LOG] ℹ️ NFL season type 1 failed: Failed to fetch @ https://live-streaming-eta.vercel.app/js/api.js?v=7:1415
[  494114ms] [ERROR] Access to fetch at 'https://api.nfldata.org/v1/games?season=2026&season_type=2' from origin 'https://live-streaming-eta.vercel.app' has been blocked by CORS policy: No 'Access-Control-Allow-Origin' header is present on the requested resource. @ https://live-streaming-eta.vercel.app/football/2026-08-20:0
[  494115ms] [ERROR] Failed to load resource: net::ERR_FAILED @ https://api.nfldata.org/v1/games?season=2026&season_type=2:0
[  494115ms] [LOG] ℹ️ NFL season type 2 failed: Failed to fetch @ https://live-streaming-eta.vercel.app/js/api.js?v=7:1415
[  494118ms] [ERROR] Access to fetch at 'https://api.nfldata.org/v1/games?season=2026&season_type=3' from origin 'https://live-streaming-eta.vercel.app' has been blocked by CORS policy: No 'Access-Control-Allow-Origin' header is present on the requested resource. @ https://live-streaming-eta.vercel.app/football/2026-08-20:0
[  494118ms] [ERROR] Failed to load resource: net::ERR_FAILED @ https://api.nfldata.org/v1/games?season=2026&season_type=3:0
[  494118ms] [LOG] ℹ️ NFL season type 3 failed: Failed to fetch @ https://live-streaming-eta.vercel.app/js/api.js?v=7:1415
[  494447ms] [ERROR] Access to fetch at 'https://api.nfldata.org/v1/games?season=2026&season_type=1' from origin 'https://live-streaming-eta.vercel.app' has been blocked by CORS policy: No 'Access-Control-Allow-Origin' header is present on the requested resource. @ https://live-streaming-eta.vercel.app/football/2026-08-20:0
[  494448ms] [ERROR] Failed to load resource: net::ERR_FAILED @ https://api.nfldata.org/v1/games?season=2026&season_type=1:0
[  494448ms] [LOG] ℹ️ NFL season type 1 failed: Failed to fetch @ https://live-streaming-eta.vercel.app/js/api.js?v=7:1415
[  494470ms] [ERROR] Access to fetch at 'https://api.nfldata.org/v1/games?season=2026&season_type=2' from origin 'https://live-streaming-eta.vercel.app' has been blocked by CORS policy: No 'Access-Control-Allow-Origin' header is present on the requested resource. @ https://live-streaming-eta.vercel.app/football/2026-08-20:0
[  494470ms] [ERROR] Failed to load resource: net::ERR_FAILED @ https://api.nfldata.org/v1/games?season=2026&season_type=2:0
[  494470ms] [LOG] ℹ️ NFL season type 2 failed: Failed to fetch @ https://live-streaming-eta.vercel.app/js/api.js?v=7:1415
[  494477ms] [ERROR] Access to fetch at 'https://api.nfldata.org/v1/games?season=2026&season_type=3' from origin 'https://live-streaming-eta.vercel.app' has been blocked by CORS policy: No 'Access-Control-Allow-Origin' header is present on the requested resource. @ https://live-streaming-eta.vercel.app/football/2026-08-20:0
[  494478ms] [ERROR] Failed to load resource: net::ERR_FAILED @ https://api.nfldata.org/v1/games?season=2026&season_type=3:0
[  494478ms] [LOG] ℹ️ NFL season type 3 failed: Failed to fetch @ https://live-streaming-eta.vercel.app/js/api.js?v=7:1415
[  494801ms] [ERROR] Access to fetch at 'https://api.nfldata.org/v1/games?season=2026&season_type=2' from origin 'https://live-streaming-eta.vercel.app' has been blocked by CORS policy: No 'Access-Control-Allow-Origin' header is present on the requested resource. @ https://live-streaming-eta.vercel.app/football/2026-08-20:0
[  494801ms] [ERROR] Failed to load resource: net::ERR_FAILED @ https://api.nfldata.org/v1/games?season=2026&season_type=2:0
[  494802ms] [LOG] ℹ️ NFL season type 2 failed: Failed to fetch @ https://live-streaming-eta.vercel.app/js/api.js?v=7:1415
[  494811ms] [ERROR] Access to fetch at 'https://api.nfldata.org/v1/games?season=2026&season_type=3' from origin 'https://live-streaming-eta.vercel.app' has been blocked by CORS policy: No 'Access-Control-Allow-Origin' header is present on the requested resource. @ https://live-streaming-eta.vercel.app/football/2026-08-20:0
[  494811ms] [ERROR] Failed to load resource: net::ERR_FAILED @ https://api.nfldata.org/v1/games?season=2026&season_type=3:0
[  494811ms] [LOG] ℹ️ NFL season type 3 failed: Failed to fetch @ https://live-streaming-eta.vercel.app/js/api.js?v=7:1415
[  495136ms] [ERROR] Access to fetch at 'https://api.nfldata.org/v1/games?season=2026&season_type=3' from origin 'https://live-streaming-eta.vercel.app' has been blocked by CORS policy: No 'Access-Control-Allow-Origin' header is present on the requested resource. @ https://live-streaming-eta.vercel.app/football/2026-08-20:0
[  495137ms] [ERROR] Failed to load resource: net::ERR_FAILED @ https://api.nfldata.org/v1/games?season=2026&season_type=3:0
[  495137ms] [LOG] ℹ️ NFL season type 3 failed: Failed to fetch @ https://live-streaming-eta.vercel.app/js/api.js?v=7:1415
[  495940ms] [LOG] 🌐 Fetching football... @ https://live-streaming-eta.vercel.app/js/api.js?v=7:467
[  495941ms] [LOG] 🌐 Fetching cricket... @ https://live-streaming-eta.vercel.app/js/api.js?v=7:467
[  495941ms] [LOG] 🌐 Fetching basketball... @ https://live-streaming-eta.vercel.app/js/api.js?v=7:467
[  495941ms] [LOG] 🌐 Fetching tennis... @ https://live-streaming-eta.vercel.app/js/api.js?v=7:467
[  495942ms] [LOG] 🌐 Fetching mma... @ https://live-streaming-eta.vercel.app/js/api.js?v=7:467
[  495942ms] [LOG] 🌐 Fetching ufc... @ https://live-streaming-eta.vercel.app/js/api.js?v=7:467
[  495942ms] [LOG] 🌐 Fetching football... @ https://live-streaming-eta.vercel.app/js/api.js?v=7:467
[  495943ms] [LOG] 🌐 Fetching cricket... @ https://live-streaming-eta.vercel.app/js/api.js?v=7:467
[  495943ms] [LOG] 🌐 Fetching basketball... @ https://live-streaming-eta.vercel.app/js/api.js?v=7:467
[  495943ms] [LOG] 🌐 Fetching tennis... @ https://live-streaming-eta.vercel.app/js/api.js?v=7:467
[  495944ms] [LOG] 🌐 Fetching mma... @ https://live-streaming-eta.vercel.app/js/api.js?v=7:467
[  495944ms] [LOG] 🌐 Fetching ufc... @ https://live-streaming-eta.vercel.app/js/api.js?v=7:467
[  495944ms] [LOG] 🌐 Fetching football... @ https://live-streaming-eta.vercel.app/js/api.js?v=7:467
[  495945ms] [LOG] 🌐 Fetching cricket... @ https://live-streaming-eta.vercel.app/js/api.js?v=7:467
[  495945ms] [LOG] 🌐 Fetching basketball... @ https://live-streaming-eta.vercel.app/js/api.js?v=7:467
[  495945ms] [LOG] 🌐 Fetching tennis... @ https://live-streaming-eta.vercel.app/js/api.js?v=7:467
[  495945ms] [LOG] 🌐 Fetching mma... @ https://live-streaming-eta.vercel.app/js/api.js?v=7:467
[  495946ms] [LOG] 🌐 Fetching ufc... @ https://live-streaming-eta.vercel.app/js/api.js?v=7:467
[  495946ms] [LOG] 🌐 Fetching football... @ https://live-streaming-eta.vercel.app/js/api.js?v=7:467
[  495946ms] [LOG] 🌐 Fetching cricket... @ https://live-streaming-eta.vercel.app/js/api.js?v=7:467
[  495947ms] [LOG] 🌐 Fetching basketball... @ https://live-streaming-eta.vercel.app/js/api.js?v=7:467
[  495947ms] [LOG] 🌐 Fetching tennis... @ https://live-streaming-eta.vercel.app/js/api.js?v=7:467
[  495948ms] [LOG] 🌐 Fetching mma... @ https://live-streaming-eta.vercel.app/js/api.js?v=7:467
[  495949ms] [LOG] 🌐 Fetching ufc... @ https://live-streaming-eta.vercel.app/js/api.js?v=7:467
[  495949ms] [LOG] 🌐 Fetching football... @ https://live-streaming-eta.vercel.app/js/api.js?v=7:467
[  495950ms] [LOG] 🌐 Fetching cricket... @ https://live-streaming-eta.vercel.app/js/api.js?v=7:467
[  495950ms] [LOG] 🌐 Fetching basketball... @ https://live-streaming-eta.vercel.app/js/api.js?v=7:467
[  495950ms] [LOG] 🌐 Fetching tennis... @ https://live-streaming-eta.vercel.app/js/api.js?v=7:467
[  495951ms] [LOG] 🌐 Fetching mma... @ https://live-streaming-eta.vercel.app/js/api.js?v=7:467
[  495951ms] [LOG] 🌐 Fetching ufc... @ https://live-streaming-eta.vercel.app/js/api.js?v=7:467
[  496174ms] [ERROR] Failed to load resource: the server responded with a status of 400 () @ https://sportscore.com/api/widget/matches/?sport=ufc&limit=30:0
[  496174ms] [LOG] ℹ️ ufc not available from SportScore API @ https://live-streaming-eta.vercel.app/js/api.js?v=7:471
[  496175ms] [ERROR] Failed to load resource: the server responded with a status of 400 () @ https://sportscore.com/api/widget/matches/?sport=mma&limit=30:0
[  496175ms] [LOG] ℹ️ mma not available from SportScore API @ https://live-streaming-eta.vercel.app/js/api.js?v=7:471
[  496369ms] [ERROR] Failed to load resource: the server responded with a status of 400 () @ https://sportscore.com/api/widget/matches/?sport=ufc&limit=30:0
[  496370ms] [LOG] ℹ️ ufc not available from SportScore API @ https://live-streaming-eta.vercel.app/js/api.js?v=7:471
[  496370ms] [ERROR] Failed to load resource: the server responded with a status of 400 () @ https://sportscore.com/api/widget/matches/?sport=mma&limit=30:0
[  496370ms] [LOG] ℹ️ mma not available from SportScore API @ https://live-streaming-eta.vercel.app/js/api.js?v=7:471
[  496515ms] [ERROR] Access to fetch at 'https://api.nfldata.org/v1/games?season=2026&season_type=1' from origin 'https://live-streaming-eta.vercel.app' has been blocked by CORS policy: No 'Access-Control-Allow-Origin' header is present on the requested resource. @ https://live-streaming-eta.vercel.app/football/2026-08-20:0
[  496516ms] [ERROR] Failed to load resource: net::ERR_FAILED @ https://api.nfldata.org/v1/games?season=2026&season_type=1:0
[  496516ms] [LOG] ℹ️ NFL season type 1 failed: Failed to fetch @ https://live-streaming-eta.vercel.app/js/api.js?v=7:1415
[  496573ms] [ERROR] Failed to load resource: the server responded with a status of 400 () @ https://sportscore.com/api/widget/matches/?sport=ufc&limit=30:0
[  496574ms] [LOG] ℹ️ ufc not available from SportScore API @ https://live-streaming-eta.vercel.app/js/api.js?v=7:471
[  496574ms] [ERROR] Failed to load resource: the server responded with a status of 400 () @ https://sportscore.com/api/widget/matches/?sport=mma&limit=30:0
[  496575ms] [LOG] ℹ️ mma not available from SportScore API @ https://live-streaming-eta.vercel.app/js/api.js?v=7:471
[  496772ms] [ERROR] Failed to load resource: the server responded with a status of 400 () @ https://sportscore.com/api/widget/matches/?sport=ufc&limit=30:0
[  496773ms] [LOG] ℹ️ ufc not available from SportScore API @ https://live-streaming-eta.vercel.app/js/api.js?v=7:471
[  496773ms] [ERROR] Failed to load resource: the server responded with a status of 400 () @ https://sportscore.com/api/widget/matches/?sport=mma&limit=30:0
[  496773ms] [LOG] ℹ️ mma not available from SportScore API @ https://live-streaming-eta.vercel.app/js/api.js?v=7:471
[  496850ms] [ERROR] Access to fetch at 'https://api.nfldata.org/v1/games?season=2026&season_type=1' from origin 'https://live-streaming-eta.vercel.app' has been blocked by CORS policy: No 'Access-Control-Allow-Origin' header is present on the requested resource. @ https://live-streaming-eta.vercel.app/football/2026-08-20:0
[  496851ms] [ERROR] Failed to load resource: net::ERR_FAILED @ https://api.nfldata.org/v1/games?season=2026&season_type=1:0
[  496851ms] [LOG] ℹ️ NFL season type 1 failed: Failed to fetch @ https://live-streaming-eta.vercel.app/js/api.js?v=7:1415
[  496854ms] [ERROR] Access to fetch at 'https://api.nfldata.org/v1/games?season=2026&season_type=2' from origin 'https://live-streaming-eta.vercel.app' has been blocked by CORS policy: No 'Access-Control-Allow-Origin' header is present on the requested resource. @ https://live-streaming-eta.vercel.app/football/2026-08-20:0
[  496855ms] [ERROR] Failed to load resource: net::ERR_FAILED @ https://api.nfldata.org/v1/games?season=2026&season_type=2:0
[  496855ms] [LOG] ℹ️ NFL season type 2 failed: Failed to fetch @ https://live-streaming-eta.vercel.app/js/api.js?v=7:1415
[  497038ms] [ERROR] Failed to load resource: the server responded with a status of 400 () @ https://sportscore.com/api/widget/matches/?sport=ufc&limit=30:0
[  497038ms] [LOG] ℹ️ ufc not available from SportScore API @ https://live-streaming-eta.vercel.app/js/api.js?v=7:471
[  497038ms] [ERROR] Failed to load resource: the server responded with a status of 400 () @ https://sportscore.com/api/widget/matches/?sport=mma&limit=30:0
[  497039ms] [LOG] ℹ️ mma not available from SportScore API @ https://live-streaming-eta.vercel.app/js/api.js?v=7:471
[  497194ms] [ERROR] Access to fetch at 'https://api.nfldata.org/v1/games?season=2026&season_type=1' from origin 'https://live-streaming-eta.vercel.app' has been blocked by CORS policy: No 'Access-Control-Allow-Origin' header is present on the requested resource. @ https://live-streaming-eta.vercel.app/football/2026-08-20:0
[  497195ms] [ERROR] Failed to load resource: net::ERR_FAILED @ https://api.nfldata.org/v1/games?season=2026&season_type=1:0
[  497195ms] [LOG] ℹ️ NFL season type 1 failed: Failed to fetch @ https://live-streaming-eta.vercel.app/js/api.js?v=7:1415
[  497204ms] [ERROR] Access to fetch at 'https://api.nfldata.org/v1/games?season=2026&season_type=3' from origin 'https://live-streaming-eta.vercel.app' has been blocked by CORS policy: No 'Access-Control-Allow-Origin' header is present on the requested resource. @ https://live-streaming-eta.vercel.app/football/2026-08-20:0
[  497205ms] [ERROR] Failed to load resource: net::ERR_FAILED @ https://api.nfldata.org/v1/games?season=2026&season_type=3:0
[  497205ms] [LOG] ℹ️ NFL season type 3 failed: Failed to fetch @ https://live-streaming-eta.vercel.app/js/api.js?v=7:1415
[  497207ms] [ERROR] Access to fetch at 'https://api.nfldata.org/v1/games?season=2026&season_type=2' from origin 'https://live-streaming-eta.vercel.app' has been blocked by CORS policy: No 'Access-Control-Allow-Origin' header is present on the requested resource. @ https://live-streaming-eta.vercel.app/football/2026-08-20:0
[  497207ms] [ERROR] Failed to load resource: net::ERR_FAILED @ https://api.nfldata.org/v1/games?season=2026&season_type=2:0
[  497207ms] [LOG] ℹ️ NFL season type 2 failed: Failed to fetch @ https://live-streaming-eta.vercel.app/js/api.js?v=7:1415
[  497518ms] [ERROR] Access to fetch at 'https://api.nfldata.org/v1/games?season=2026&season_type=1' from origin 'https://live-streaming-eta.vercel.app' has been blocked by CORS policy: No 'Access-Control-Allow-Origin' header is present on the requested resource. @ https://live-streaming-eta.vercel.app/football/2026-08-20:0
[  497519ms] [ERROR] Failed to load resource: net::ERR_FAILED @ https://api.nfldata.org/v1/games?season=2026&season_type=1:0
[  497519ms] [LOG] ℹ️ NFL season type 1 failed: Failed to fetch @ https://live-streaming-eta.vercel.app/js/api.js?v=7:1415
[  497539ms] [ERROR] Access to fetch at 'https://api.nfldata.org/v1/games?season=2026&season_type=3' from origin 'https://live-streaming-eta.vercel.app' has been blocked by CORS policy: No 'Access-Control-Allow-Origin' header is present on the requested resource. @ https://live-streaming-eta.vercel.app/football/2026-08-20:0
[  497539ms] [ERROR] Failed to load resource: net::ERR_FAILED @ https://api.nfldata.org/v1/games?season=2026&season_type=3:0
[  497539ms] [LOG] ℹ️ NFL season type 3 failed: Failed to fetch @ https://live-streaming-eta.vercel.app/js/api.js?v=7:1415
[  497541ms] [ERROR] Access to fetch at 'https://api.nfldata.org/v1/games?season=2026&season_type=2' from origin 'https://live-streaming-eta.vercel.app' has been blocked by CORS policy: No 'Access-Control-Allow-Origin' header is present on the requested resource. @ https://live-streaming-eta.vercel.app/football/2026-08-20:0
[  497541ms] [ERROR] Failed to load resource: net::ERR_FAILED @ https://api.nfldata.org/v1/games?season=2026&season_type=2:0
[  497542ms] [LOG] ℹ️ NFL season type 2 failed: Failed to fetch @ https://live-streaming-eta.vercel.app/js/api.js?v=7:1415
[  497843ms] [ERROR] Access to fetch at 'https://api.nfldata.org/v1/games?season=2026&season_type=1' from origin 'https://live-streaming-eta.vercel.app' has been blocked by CORS policy: No 'Access-Control-Allow-Origin' header is present on the requested resource. @ https://live-streaming-eta.vercel.app/football/2026-08-20:0
[  497843ms] [ERROR] Failed to load resource: net::ERR_FAILED @ https://api.nfldata.org/v1/games?season=2026&season_type=1:0
[  497843ms] [LOG] ℹ️ NFL season type 1 failed: Failed to fetch @ https://live-streaming-eta.vercel.app/js/api.js?v=7:1415
[  497873ms] [ERROR] Access to fetch at 'https://api.nfldata.org/v1/games?season=2026&season_type=2' from origin 'https://live-streaming-eta.vercel.app' has been blocked by CORS policy: No 'Access-Control-Allow-Origin' header is present on the requested resource. @ https://live-streaming-eta.vercel.app/football/2026-08-20:0
[  497873ms] [ERROR] Failed to load resource: net::ERR_FAILED @ https://api.nfldata.org/v1/games?season=2026&season_type=2:0
[  497873ms] [LOG] ℹ️ NFL season type 2 failed: Failed to fetch @ https://live-streaming-eta.vercel.app/js/api.js?v=7:1415
[  497881ms] [ERROR] Access to fetch at 'https://api.nfldata.org/v1/games?season=2026&season_type=3' from origin 'https://live-streaming-eta.vercel.app' has been blocked by CORS policy: No 'Access-Control-Allow-Origin' header is present on the requested resource. @ https://live-streaming-eta.vercel.app/football/2026-08-20:0
[  497881ms] [ERROR] Failed to load resource: net::ERR_FAILED @ https://api.nfldata.org/v1/games?season=2026&season_type=3:0
[  497881ms] [LOG] ℹ️ NFL season type 3 failed: Failed to fetch @ https://live-streaming-eta.vercel.app/js/api.js?v=7:1415
[  498204ms] [ERROR] Access to fetch at 'https://api.nfldata.org/v1/games?season=2026&season_type=2' from origin 'https://live-streaming-eta.vercel.app' has been blocked by CORS policy: No 'Access-Control-Allow-Origin' header is present on the requested resource. @ https://live-streaming-eta.vercel.app/football/2026-08-20:0
[  498205ms] [ERROR] Failed to load resource: net::ERR_FAILED @ https://api.nfldata.org/v1/games?season=2026&season_type=2:0
[  498205ms] [LOG] ℹ️ NFL season type 2 failed: Failed to fetch @ https://live-streaming-eta.vercel.app/js/api.js?v=7:1415
[  498209ms] [ERROR] Access to fetch at 'https://api.nfldata.org/v1/games?season=2026&season_type=3' from origin 'https://live-streaming-eta.vercel.app' has been blocked by CORS policy: No 'Access-Control-Allow-Origin' header is present on the requested resource. @ https://live-streaming-eta.vercel.app/football/2026-08-20:0
[  498209ms] [ERROR] Failed to load resource: net::ERR_FAILED @ https://api.nfldata.org/v1/games?season=2026&season_type=3:0
[  498209ms] [LOG] ℹ️ NFL season type 3 failed: Failed to fetch @ https://live-streaming-eta.vercel.app/js/api.js?v=7:1415
[  498533ms] [ERROR] Access to fetch at 'https://api.nfldata.org/v1/games?season=2026&season_type=3' from origin 'https://live-streaming-eta.vercel.app' has been blocked by CORS policy: No 'Access-Control-Allow-Origin' header is present on the requested resource. @ https://live-streaming-eta.vercel.app/football/2026-08-20:0
[  498534ms] [ERROR] Failed to load resource: net::ERR_FAILED @ https://api.nfldata.org/v1/games?season=2026&season_type=3:0
[  498534ms] [LOG] ℹ️ NFL season type 3 failed: Failed to fetch @ https://live-streaming-eta.vercel.app/js/api.js?v=7:1415
[  499340ms] [LOG] 🌐 Fetching football... @ https://live-streaming-eta.vercel.app/js/api.js?v=7:467
[  499340ms] [LOG] 🌐 Fetching cricket... @ https://live-streaming-eta.vercel.app/js/api.js?v=7:467
[  499341ms] [LOG] 🌐 Fetching basketball... @ https://live-streaming-eta.vercel.app/js/api.js?v=7:467
[  499341ms] [LOG] 🌐 Fetching tennis... @ https://live-streaming-eta.vercel.app/js/api.js?v=7:467
[  499342ms] [LOG] 🌐 Fetching mma... @ https://live-streaming-eta.vercel.app/js/api.js?v=7:467
[  499342ms] [LOG] 🌐 Fetching ufc... @ https://live-streaming-eta.vercel.app/js/api.js?v=7:467
[  499343ms] [LOG] 🌐 Fetching football... @ https://live-streaming-eta.vercel.app/js/api.js?v=7:467
[  499343ms] [LOG] 🌐 Fetching cricket... @ https://live-streaming-eta.vercel.app/js/api.js?v=7:467
[  499343ms] [LOG] 🌐 Fetching basketball... @ https://live-streaming-eta.vercel.app/js/api.js?v=7:467
[  499344ms] [LOG] 🌐 Fetching tennis... @ https://live-streaming-eta.vercel.app/js/api.js?v=7:467
[  499344ms] [LOG] 🌐 Fetching mma... @ https://live-streaming-eta.vercel.app/js/api.js?v=7:467
[  499344ms] [LOG] 🌐 Fetching ufc... @ https://live-streaming-eta.vercel.app/js/api.js?v=7:467
[  499344ms] [LOG] 🌐 Fetching football... @ https://live-streaming-eta.vercel.app/js/api.js?v=7:467
[  499345ms] [LOG] 🌐 Fetching cricket... @ https://live-streaming-eta.vercel.app/js/api.js?v=7:467
[  499345ms] [LOG] 🌐 Fetching basketball... @ https://live-streaming-eta.vercel.app/js/api.js?v=7:467
[  499345ms] [LOG] 🌐 Fetching tennis... @ https://live-streaming-eta.vercel.app/js/api.js?v=7:467
[  499346ms] [LOG] 🌐 Fetching mma... @ https://live-streaming-eta.vercel.app/js/api.js?v=7:467
[  499346ms] [LOG] 🌐 Fetching ufc... @ https://live-streaming-eta.vercel.app/js/api.js?v=7:467
[  499346ms] [LOG] 🌐 Fetching football... @ https://live-streaming-eta.vercel.app/js/api.js?v=7:467
[  499346ms] [LOG] 🌐 Fetching cricket... @ https://live-streaming-eta.vercel.app/js/api.js?v=7:467
[  499347ms] [LOG] 🌐 Fetching basketball... @ https://live-streaming-eta.vercel.app/js/api.js?v=7:467
[  499347ms] [LOG] 🌐 Fetching tennis... @ https://live-streaming-eta.vercel.app/js/api.js?v=7:467
[  499347ms] [LOG] 🌐 Fetching mma... @ https://live-streaming-eta.vercel.app/js/api.js?v=7:467
[  499348ms] [LOG] 🌐 Fetching ufc... @ https://live-streaming-eta.vercel.app/js/api.js?v=7:467
[  499348ms] [LOG] 🌐 Fetching football... @ https://live-streaming-eta.vercel.app/js/api.js?v=7:467
[  499348ms] [LOG] 🌐 Fetching cricket... @ https://live-streaming-eta.vercel.app/js/api.js?v=7:467
[  499348ms] [LOG] 🌐 Fetching basketball... @ https://live-streaming-eta.vercel.app/js/api.js?v=7:467
[  499349ms] [LOG] 🌐 Fetching tennis... @ https://live-streaming-eta.vercel.app/js/api.js?v=7:467
[  499349ms] [LOG] 🌐 Fetching mma... @ https://live-streaming-eta.vercel.app/js/api.js?v=7:467
[  499349ms] [LOG] 🌐 Fetching ufc... @ https://live-streaming-eta.vercel.app/js/api.js?v=7:467
[  499558ms] [ERROR] Failed to load resource: the server responded with a status of 400 () @ https://sportscore.com/api/widget/matches/?sport=mma&limit=30:0
[  499558ms] [LOG] ℹ️ mma not available from SportScore API @ https://live-streaming-eta.vercel.app/js/api.js?v=7:471
[  499559ms] [ERROR] Failed to load resource: the server responded with a status of 400 () @ https://sportscore.com/api/widget/matches/?sport=ufc&limit=30:0
[  499559ms] [LOG] ℹ️ ufc not available from SportScore API @ https://live-streaming-eta.vercel.app/js/api.js?v=7:471
[  499752ms] [ERROR] Failed to load resource: the server responded with a status of 400 () @ https://sportscore.com/api/widget/matches/?sport=mma&limit=30:0
[  499752ms] [LOG] ℹ️ mma not available from SportScore API @ https://live-streaming-eta.vercel.app/js/api.js?v=7:471
[  499757ms] [ERROR] Failed to load resource: the server responded with a status of 400 () @ https://sportscore.com/api/widget/matches/?sport=ufc&limit=30:0
[  499758ms] [LOG] ℹ️ ufc not available from SportScore API @ https://live-streaming-eta.vercel.app/js/api.js?v=7:471
[  499890ms] [ERROR] Access to fetch at 'https://api.nfldata.org/v1/games?season=2026&season_type=1' from origin 'https://live-streaming-eta.vercel.app' has been blocked by CORS policy: No 'Access-Control-Allow-Origin' header is present on the requested resource. @ https://live-streaming-eta.vercel.app/football/2026-08-20:0
[  499890ms] [ERROR] Failed to load resource: net::ERR_FAILED @ https://api.nfldata.org/v1/games?season=2026&season_type=1:0
[  499890ms] [LOG] ℹ️ NFL season type 1 failed: Failed to fetch @ https://live-streaming-eta.vercel.app/js/api.js?v=7:1415
[  499949ms] [ERROR] Failed to load resource: the server responded with a status of 400 () @ https://sportscore.com/api/widget/matches/?sport=mma&limit=30:0
[  499950ms] [LOG] ℹ️ mma not available from SportScore API @ https://live-streaming-eta.vercel.app/js/api.js?v=7:471
[  499958ms] [ERROR] Failed to load resource: the server responded with a status of 400 () @ https://sportscore.com/api/widget/matches/?sport=ufc&limit=30:0
[  499958ms] [LOG] ℹ️ ufc not available from SportScore API @ https://live-streaming-eta.vercel.app/js/api.js?v=7:471
[  500146ms] [ERROR] Failed to load resource: the server responded with a status of 400 () @ https://sportscore.com/api/widget/matches/?sport=mma&limit=30:0
[  500146ms] [LOG] ℹ️ mma not available from SportScore API @ https://live-streaming-eta.vercel.app/js/api.js?v=7:471
[  500154ms] [ERROR] Failed to load resource: the server responded with a status of 400 () @ https://sportscore.com/api/widget/matches/?sport=ufc&limit=30:0
[  500154ms] [LOG] ℹ️ ufc not available from SportScore API @ https://live-streaming-eta.vercel.app/js/api.js?v=7:471
[  500227ms] [ERROR] Access to fetch at 'https://api.nfldata.org/v1/games?season=2026&season_type=2' from origin 'https://live-streaming-eta.vercel.app' has been blocked by CORS policy: No 'Access-Control-Allow-Origin' header is present on the requested resource. @ https://live-streaming-eta.vercel.app/football/2026-08-20:0
[  500227ms] [ERROR] Failed to load resource: net::ERR_FAILED @ https://api.nfldata.org/v1/games?season=2026&season_type=2:0
[  500227ms] [LOG] ℹ️ NFL season type 2 failed: Failed to fetch @ https://live-streaming-eta.vercel.app/js/api.js?v=7:1415
[  500230ms] [ERROR] Access to fetch at 'https://api.nfldata.org/v1/games?season=2026&season_type=1' from origin 'https://live-streaming-eta.vercel.app' has been blocked by CORS policy: No 'Access-Control-Allow-Origin' header is present on the requested resource. @ https://live-streaming-eta.vercel.app/football/2026-08-20:0
[  500230ms] [ERROR] Failed to load resource: net::ERR_FAILED @ https://api.nfldata.org/v1/games?season=2026&season_type=1:0
[  500230ms] [LOG] ℹ️ NFL season type 1 failed: Failed to fetch @ https://live-streaming-eta.vercel.app/js/api.js?v=7:1415
[  500349ms] [ERROR] Failed to load resource: the server responded with a status of 400 () @ https://sportscore.com/api/widget/matches/?sport=mma&limit=30:0
[  500349ms] [LOG] ℹ️ mma not available from SportScore API @ https://live-streaming-eta.vercel.app/js/api.js?v=7:471
[  500356ms] [ERROR] Failed to load resource: the server responded with a status of 400 () @ https://sportscore.com/api/widget/matches/?sport=ufc&limit=30:0
[  500356ms] [LOG] ℹ️ ufc not available from SportScore API @ https://live-streaming-eta.vercel.app/js/api.js?v=7:471
[  500569ms] [ERROR] Access to fetch at 'https://api.nfldata.org/v1/games?season=2026&season_type=3' from origin 'https://live-streaming-eta.vercel.app' has been blocked by CORS policy: No 'Access-Control-Allow-Origin' header is present on the requested resource. @ https://live-streaming-eta.vercel.app/football/2026-08-20:0
[  500570ms] [ERROR] Failed to load resource: net::ERR_FAILED @ https://api.nfldata.org/v1/games?season=2026&season_type=3:0
[  500571ms] [LOG] ℹ️ NFL season type 3 failed: Failed to fetch @ https://live-streaming-eta.vercel.app/js/api.js?v=7:1415
[  500577ms] [ERROR] Access to fetch at 'https://api.nfldata.org/v1/games?season=2026&season_type=2' from origin 'https://live-streaming-eta.vercel.app' has been blocked by CORS policy: No 'Access-Control-Allow-Origin' header is present on the requested resource. @ https://live-streaming-eta.vercel.app/football/2026-08-20:0
[  500577ms] [ERROR] Failed to load resource: net::ERR_FAILED @ https://api.nfldata.org/v1/games?season=2026&season_type=2:0
[  500577ms] [LOG] ℹ️ NFL season type 2 failed: Failed to fetch @ https://live-streaming-eta.vercel.app/js/api.js?v=7:1415
[  500581ms] [ERROR] Access to fetch at 'https://api.nfldata.org/v1/games?season=2026&season_type=1' from origin 'https://live-streaming-eta.vercel.app' has been blocked by CORS policy: No 'Access-Control-Allow-Origin' header is present on the requested resource. @ https://live-streaming-eta.vercel.app/football/2026-08-20:0
[  500581ms] [ERROR] Failed to load resource: net::ERR_FAILED @ https://api.nfldata.org/v1/games?season=2026&season_type=1:0
[  500582ms] [LOG] ℹ️ NFL season type 1 failed: Failed to fetch @ https://live-streaming-eta.vercel.app/js/api.js?v=7:1415
[  500918ms] [ERROR] Access to fetch at 'https://api.nfldata.org/v1/games?season=2026&season_type=3' from origin 'https://live-streaming-eta.vercel.app' has been blocked by CORS policy: No 'Access-Control-Allow-Origin' header is present on the requested resource. @ https://live-streaming-eta.vercel.app/football/2026-08-20:0
[  500918ms] [ERROR] Failed to load resource: net::ERR_FAILED @ https://api.nfldata.org/v1/games?season=2026&season_type=3:0
[  500918ms] [LOG] ℹ️ NFL season type 3 failed: Failed to fetch @ https://live-streaming-eta.vercel.app/js/api.js?v=7:1415
[  500923ms] [ERROR] Access to fetch at 'https://api.nfldata.org/v1/games?season=2026&season_type=1' from origin 'https://live-streaming-eta.vercel.app' has been blocked by CORS policy: No 'Access-Control-Allow-Origin' header is present on the requested resource. @ https://live-streaming-eta.vercel.app/football/2026-08-20:0
[  500923ms] [ERROR] Failed to load resource: net::ERR_FAILED @ https://api.nfldata.org/v1/games?season=2026&season_type=1:0
[  500923ms] [LOG] ℹ️ NFL season type 1 failed: Failed to fetch @ https://live-streaming-eta.vercel.app/js/api.js?v=7:1415
[  500927ms] [ERROR] Access to fetch at 'https://api.nfldata.org/v1/games?season=2026&season_type=2' from origin 'https://live-streaming-eta.vercel.app' has been blocked by CORS policy: No 'Access-Control-Allow-Origin' header is present on the requested resource. @ https://live-streaming-eta.vercel.app/football/2026-08-20:0
[  500927ms] [ERROR] Failed to load resource: net::ERR_FAILED @ https://api.nfldata.org/v1/games?season=2026&season_type=2:0
[  500928ms] [LOG] ℹ️ NFL season type 2 failed: Failed to fetch @ https://live-streaming-eta.vercel.app/js/api.js?v=7:1415
[  501256ms] [ERROR] Access to fetch at 'https://api.nfldata.org/v1/games?season=2026&season_type=1' from origin 'https://live-streaming-eta.vercel.app' has been blocked by CORS policy: No 'Access-Control-Allow-Origin' header is present on the requested resource. @ https://live-streaming-eta.vercel.app/football/2026-08-20:0
[  501257ms] [ERROR] Failed to load resource: net::ERR_FAILED @ https://api.nfldata.org/v1/games?season=2026&season_type=1:0
[  501257ms] [LOG] ℹ️ NFL season type 1 failed: Failed to fetch @ https://live-streaming-eta.vercel.app/js/api.js?v=7:1415
[  501263ms] [ERROR] Access to fetch at 'https://api.nfldata.org/v1/games?season=2026&season_type=3' from origin 'https://live-streaming-eta.vercel.app' has been blocked by CORS policy: No 'Access-Control-Allow-Origin' header is present on the requested resource. @ https://live-streaming-eta.vercel.app/football/2026-08-20:0
[  501263ms] [ERROR] Failed to load resource: net::ERR_FAILED @ https://api.nfldata.org/v1/games?season=2026&season_type=3:0
[  501263ms] [LOG] ℹ️ NFL season type 3 failed: Failed to fetch @ https://live-streaming-eta.vercel.app/js/api.js?v=7:1415
[  501267ms] [ERROR] Access to fetch at 'https://api.nfldata.org/v1/games?season=2026&season_type=2' from origin 'https://live-streaming-eta.vercel.app' has been blocked by CORS policy: No 'Access-Control-Allow-Origin' header is present on the requested resource. @ https://live-streaming-eta.vercel.app/football/2026-08-20:0
[  501267ms] [ERROR] Failed to load resource: net::ERR_FAILED @ https://api.nfldata.org/v1/games?season=2026&season_type=2:0
[  501267ms] [LOG] ℹ️ NFL season type 2 failed: Failed to fetch @ https://live-streaming-eta.vercel.app/js/api.js?v=7:1415
[  501599ms] [ERROR] Access to fetch at 'https://api.nfldata.org/v1/games?season=2026&season_type=2' from origin 'https://live-streaming-eta.vercel.app' has been blocked by CORS policy: No 'Access-Control-Allow-Origin' header is present on the requested resource. @ https://live-streaming-eta.vercel.app/football/2026-08-20:0
[  501599ms] [ERROR] Failed to load resource: net::ERR_FAILED @ https://api.nfldata.org/v1/games?season=2026&season_type=2:0
[  501599ms] [LOG] ℹ️ NFL season type 2 failed: Failed to fetch @ https://live-streaming-eta.vercel.app/js/api.js?v=7:1415
[  501607ms] [ERROR] Access to fetch at 'https://api.nfldata.org/v1/games?season=2026&season_type=3' from origin 'https://live-streaming-eta.vercel.app' has been blocked by CORS policy: No 'Access-Control-Allow-Origin' header is present on the requested resource. @ https://live-streaming-eta.vercel.app/football/2026-08-20:0
[  501608ms] [ERROR] Failed to load resource: net::ERR_FAILED @ https://api.nfldata.org/v1/games?season=2026&season_type=3:0
[  501608ms] [LOG] ℹ️ NFL season type 3 failed: Failed to fetch @ https://live-streaming-eta.vercel.app/js/api.js?v=7:1415
[  501930ms] [ERROR] Access to fetch at 'https://api.nfldata.org/v1/games?season=2026&season_type=3' from origin 'https://live-streaming-eta.vercel.app' has been blocked by CORS policy: No 'Access-Control-Allow-Origin' header is present on the requested resource. @ https://live-streaming-eta.vercel.app/football/2026-08-20:0
[  501930ms] [ERROR] Failed to load resource: net::ERR_FAILED @ https://api.nfldata.org/v1/games?season=2026&season_type=3:0
[  501930ms] [LOG] ℹ️ NFL season type 3 failed: Failed to fetch @ https://live-streaming-eta.vercel.app/js/api.js?v=7:1415
[  502732ms] [LOG] 🌐 Fetching football... @ https://live-streaming-eta.vercel.app/js/api.js?v=7:467
[  502732ms] [LOG] 🌐 Fetching cricket... @ https://live-streaming-eta.vercel.app/js/api.js?v=7:467
[  502733ms] [LOG] 🌐 Fetching basketball... @ https://live-streaming-eta.vercel.app/js/api.js?v=7:467
[  502733ms] [LOG] 🌐 Fetching tennis... @ https://live-streaming-eta.vercel.app/js/api.js?v=7:467
[  502733ms] [LOG] 🌐 Fetching mma... @ https://live-streaming-eta.vercel.app/js/api.js?v=7:467
[  502734ms] [LOG] 🌐 Fetching ufc... @ https://live-streaming-eta.vercel.app/js/api.js?v=7:467
[  502734ms] [LOG] 🌐 Fetching football... @ https://live-streaming-eta.vercel.app/js/api.js?v=7:467
[  502734ms] [LOG] 🌐 Fetching cricket... @ https://live-streaming-eta.vercel.app/js/api.js?v=7:467
[  502735ms] [LOG] 🌐 Fetching basketball... @ https://live-streaming-eta.vercel.app/js/api.js?v=7:467
[  502735ms] [LOG] 🌐 Fetching tennis... @ https://live-streaming-eta.vercel.app/js/api.js?v=7:467
[  502735ms] [LOG] 🌐 Fetching mma... @ https://live-streaming-eta.vercel.app/js/api.js?v=7:467
[  502736ms] [LOG] 🌐 Fetching ufc... @ https://live-streaming-eta.vercel.app/js/api.js?v=7:467
[  502736ms] [LOG] 🌐 Fetching football... @ https://live-streaming-eta.vercel.app/js/api.js?v=7:467
[  502736ms] [LOG] 🌐 Fetching cricket... @ https://live-streaming-eta.vercel.app/js/api.js?v=7:467
[  502737ms] [LOG] 🌐 Fetching basketball... @ https://live-streaming-eta.vercel.app/js/api.js?v=7:467
[  502737ms] [LOG] 🌐 Fetching tennis... @ https://live-streaming-eta.vercel.app/js/api.js?v=7:467
[  502737ms] [LOG] 🌐 Fetching mma... @ https://live-streaming-eta.vercel.app/js/api.js?v=7:467
[  502737ms] [LOG] 🌐 Fetching ufc... @ https://live-streaming-eta.vercel.app/js/api.js?v=7:467
[  502738ms] [LOG] 🌐 Fetching football... @ https://live-streaming-eta.vercel.app/js/api.js?v=7:467
[  502739ms] [LOG] 🌐 Fetching cricket... @ https://live-streaming-eta.vercel.app/js/api.js?v=7:467
[  502740ms] [LOG] 🌐 Fetching basketball... @ https://live-streaming-eta.vercel.app/js/api.js?v=7:467
[  502741ms] [LOG] 🌐 Fetching tennis... @ https://live-streaming-eta.vercel.app/js/api.js?v=7:467
[  502742ms] [LOG] 🌐 Fetching mma... @ https://live-streaming-eta.vercel.app/js/api.js?v=7:467
[  502742ms] [LOG] 🌐 Fetching ufc... @ https://live-streaming-eta.vercel.app/js/api.js?v=7:467
[  502743ms] [LOG] 🌐 Fetching football... @ https://live-streaming-eta.vercel.app/js/api.js?v=7:467
[  502743ms] [LOG] 🌐 Fetching cricket... @ https://live-streaming-eta.vercel.app/js/api.js?v=7:467
[  502743ms] [LOG] 🌐 Fetching basketball... @ https://live-streaming-eta.vercel.app/js/api.js?v=7:467
[  502744ms] [LOG] 🌐 Fetching tennis... @ https://live-streaming-eta.vercel.app/js/api.js?v=7:467
[  502744ms] [LOG] 🌐 Fetching mma... @ https://live-streaming-eta.vercel.app/js/api.js?v=7:467
[  502744ms] [LOG] 🌐 Fetching ufc... @ https://live-streaming-eta.vercel.app/js/api.js?v=7:467
[  502950ms] [ERROR] Failed to load resource: the server responded with a status of 400 () @ https://sportscore.com/api/widget/matches/?sport=ufc&limit=30:0
[  502951ms] [LOG] ℹ️ ufc not available from SportScore API @ https://live-streaming-eta.vercel.app/js/api.js?v=7:471
[  502954ms] [ERROR] Failed to load resource: the server responded with a status of 400 () @ https://sportscore.com/api/widget/matches/?sport=mma&limit=30:0
[  502954ms] [LOG] ℹ️ mma not available from SportScore API @ https://live-streaming-eta.vercel.app/js/api.js?v=7:471
[  503144ms] [ERROR] Failed to load resource: the server responded with a status of 400 () @ https://sportscore.com/api/widget/matches/?sport=ufc&limit=30:0
[  503144ms] [LOG] ℹ️ ufc not available from SportScore API @ https://live-streaming-eta.vercel.app/js/api.js?v=7:471
[  503150ms] [ERROR] Failed to load resource: the server responded with a status of 400 () @ https://sportscore.com/api/widget/matches/?sport=mma&limit=30:0
[  503150ms] [LOG] ℹ️ mma not available from SportScore API @ https://live-streaming-eta.vercel.app/js/api.js?v=7:471
[  503287ms] [ERROR] Access to fetch at 'https://api.nfldata.org/v1/games?season=2026&season_type=1' from origin 'https://live-streaming-eta.vercel.app' has been blocked by CORS policy: No 'Access-Control-Allow-Origin' header is present on the requested resource. @ https://live-streaming-eta.vercel.app/football/2026-08-20:0
[  503288ms] [ERROR] Failed to load resource: net::ERR_FAILED @ https://api.nfldata.org/v1/games?season=2026&season_type=1:0
[  503288ms] [LOG] ℹ️ NFL season type 1 failed: Failed to fetch @ https://live-streaming-eta.vercel.app/js/api.js?v=7:1415
[  503344ms] [ERROR] Failed to load resource: the server responded with a status of 400 () @ https://sportscore.com/api/widget/matches/?sport=ufc&limit=30:0
[  503344ms] [LOG] ℹ️ ufc not available from SportScore API @ https://live-streaming-eta.vercel.app/js/api.js?v=7:471
[  503348ms] [ERROR] Failed to load resource: the server responded with a status of 400 () @ https://sportscore.com/api/widget/matches/?sport=mma&limit=30:0
[  503348ms] [LOG] ℹ️ mma not available from SportScore API @ https://live-streaming-eta.vercel.app/js/api.js?v=7:471
[  503547ms] [ERROR] Failed to load resource: the server responded with a status of 400 () @ https://sportscore.com/api/widget/matches/?sport=ufc&limit=30:0
[  503547ms] [LOG] ℹ️ ufc not available from SportScore API @ https://live-streaming-eta.vercel.app/js/api.js?v=7:471
[  503548ms] [ERROR] Failed to load resource: the server responded with a status of 400 () @ https://sportscore.com/api/widget/matches/?sport=mma&limit=30:0
[  503548ms] [LOG] ℹ️ mma not available from SportScore API @ https://live-streaming-eta.vercel.app/js/api.js?v=7:471
[  503626ms] [ERROR] Access to fetch at 'https://api.nfldata.org/v1/games?season=2026&season_type=2' from origin 'https://live-streaming-eta.vercel.app' has been blocked by CORS policy: No 'Access-Control-Allow-Origin' header is present on the requested resource. @ https://live-streaming-eta.vercel.app/football/2026-08-20:0
[  503626ms] [ERROR] Failed to load resource: net::ERR_FAILED @ https://api.nfldata.org/v1/games?season=2026&season_type=2:0
[  503627ms] [LOG] ℹ️ NFL season type 2 failed: Failed to fetch @ https://live-streaming-eta.vercel.app/js/api.js?v=7:1415
[  503629ms] [ERROR] Access to fetch at 'https://api.nfldata.org/v1/games?season=2026&season_type=1' from origin 'https://live-streaming-eta.vercel.app' has been blocked by CORS policy: No 'Access-Control-Allow-Origin' header is present on the requested resource. @ https://live-streaming-eta.vercel.app/football/2026-08-20:0
[  503630ms] [ERROR] Failed to load resource: net::ERR_FAILED @ https://api.nfldata.org/v1/games?season=2026&season_type=1:0
[  503630ms] [LOG] ℹ️ NFL season type 1 failed: Failed to fetch @ https://live-streaming-eta.vercel.app/js/api.js?v=7:1415
[  503747ms] [ERROR] Failed to load resource: the server responded with a status of 400 () @ https://sportscore.com/api/widget/matches/?sport=ufc&limit=30:0
[  503747ms] [LOG] ℹ️ ufc not available from SportScore API @ https://live-streaming-eta.vercel.app/js/api.js?v=7:471
[  503747ms] [ERROR] Failed to load resource: the server responded with a status of 400 () @ https://sportscore.com/api/widget/matches/?sport=mma&limit=30:0
[  503748ms] [LOG] ℹ️ mma not available from SportScore API @ https://live-streaming-eta.vercel.app/js/api.js?v=7:471
[  503961ms] [ERROR] Access to fetch at 'https://api.nfldata.org/v1/games?season=2026&season_type=3' from origin 'https://live-streaming-eta.vercel.app' has been blocked by CORS policy: No 'Access-Control-Allow-Origin' header is present on the requested resource. @ https://live-streaming-eta.vercel.app/football/2026-08-20:0
[  503962ms] [ERROR] Failed to load resource: net::ERR_FAILED @ https://api.nfldata.org/v1/games?season=2026&season_type=3:0
[  503962ms] [LOG] ℹ️ NFL season type 3 failed: Failed to fetch @ https://live-streaming-eta.vercel.app/js/api.js?v=7:1415
[  503968ms] [ERROR] Access to fetch at 'https://api.nfldata.org/v1/games?season=2026&season_type=2' from origin 'https://live-streaming-eta.vercel.app' has been blocked by CORS policy: No 'Access-Control-Allow-Origin' header is present on the requested resource. @ https://live-streaming-eta.vercel.app/football/2026-08-20:0
[  503968ms] [ERROR] Failed to load resource: net::ERR_FAILED @ https://api.nfldata.org/v1/games?season=2026&season_type=2:0
[  503969ms] [LOG] ℹ️ NFL season type 2 failed: Failed to fetch @ https://live-streaming-eta.vercel.app/js/api.js?v=7:1415
[  503972ms] [ERROR] Access to fetch at 'https://api.nfldata.org/v1/games?season=2026&season_type=1' from origin 'https://live-streaming-eta.vercel.app' has been blocked by CORS policy: No 'Access-Control-Allow-Origin' header is present on the requested resource. @ https://live-streaming-eta.vercel.app/football/2026-08-20:0
[  503972ms] [ERROR] Failed to load resource: net::ERR_FAILED @ https://api.nfldata.org/v1/games?season=2026&season_type=1:0
[  503972ms] [LOG] ℹ️ NFL season type 1 failed: Failed to fetch @ https://live-streaming-eta.vercel.app/js/api.js?v=7:1415
[  504312ms] [ERROR] Access to fetch at 'https://api.nfldata.org/v1/games?season=2026&season_type=3' from origin 'https://live-streaming-eta.vercel.app' has been blocked by CORS policy: No 'Access-Control-Allow-Origin' header is present on the requested resource. @ https://live-streaming-eta.vercel.app/football/2026-08-20:0
[  504312ms] [ERROR] Failed to load resource: net::ERR_FAILED @ https://api.nfldata.org/v1/games?season=2026&season_type=3:0
[  504312ms] [LOG] ℹ️ NFL season type 3 failed: Failed to fetch @ https://live-streaming-eta.vercel.app/js/api.js?v=7:1415
[  504314ms] [ERROR] Access to fetch at 'https://api.nfldata.org/v1/games?season=2026&season_type=1' from origin 'https://live-streaming-eta.vercel.app' has been blocked by CORS policy: No 'Access-Control-Allow-Origin' header is present on the requested resource. @ https://live-streaming-eta.vercel.app/football/2026-08-20:0
[  504314ms] [ERROR] Failed to load resource: net::ERR_FAILED @ https://api.nfldata.org/v1/games?season=2026&season_type=1:0
[  504314ms] [LOG] ℹ️ NFL season type 1 failed: Failed to fetch @ https://live-streaming-eta.vercel.app/js/api.js?v=7:1415
[  504319ms] [ERROR] Access to fetch at 'https://api.nfldata.org/v1/games?season=2026&season_type=2' from origin 'https://live-streaming-eta.vercel.app' has been blocked by CORS policy: No 'Access-Control-Allow-Origin' header is present on the requested resource. @ https://live-streaming-eta.vercel.app/football/2026-08-20:0
[  504319ms] [ERROR] Failed to load resource: net::ERR_FAILED @ https://api.nfldata.org/v1/games?season=2026&season_type=2:0
[  504319ms] [LOG] ℹ️ NFL season type 2 failed: Failed to fetch @ https://live-streaming-eta.vercel.app/js/api.js?v=7:1415
[  504660ms] [ERROR] Access to fetch at 'https://api.nfldata.org/v1/games?season=2026&season_type=2' from origin 'https://live-streaming-eta.vercel.app' has been blocked by CORS policy: No 'Access-Control-Allow-Origin' header is present on the requested resource. @ https://live-streaming-eta.vercel.app/football/2026-08-20:0
[  504660ms] [ERROR] Failed to load resource: net::ERR_FAILED @ https://api.nfldata.org/v1/games?season=2026&season_type=2:0
[  504660ms] [LOG] ℹ️ NFL season type 2 failed: Failed to fetch @ https://live-streaming-eta.vercel.app/js/api.js?v=7:1415
[  504663ms] [ERROR] Access to fetch at 'https://api.nfldata.org/v1/games?season=2026&season_type=3' from origin 'https://live-streaming-eta.vercel.app' has been blocked by CORS policy: No 'Access-Control-Allow-Origin' header is present on the requested resource. @ https://live-streaming-eta.vercel.app/football/2026-08-20:0
[  504663ms] [ERROR] Failed to load resource: net::ERR_FAILED @ https://api.nfldata.org/v1/games?season=2026&season_type=3:0
[  504663ms] [LOG] ℹ️ NFL season type 3 failed: Failed to fetch @ https://live-streaming-eta.vercel.app/js/api.js?v=7:1415
[  504667ms] [ERROR] Access to fetch at 'https://api.nfldata.org/v1/games?season=2026&season_type=1' from origin 'https://live-streaming-eta.vercel.app' has been blocked by CORS policy: No 'Access-Control-Allow-Origin' header is present on the requested resource. @ https://live-streaming-eta.vercel.app/football/2026-08-20:0
[  504668ms] [ERROR] Failed to load resource: net::ERR_FAILED @ https://api.nfldata.org/v1/games?season=2026&season_type=1:0
[  504668ms] [LOG] ℹ️ NFL season type 1 failed: Failed to fetch @ https://live-streaming-eta.vercel.app/js/api.js?v=7:1415
[  504996ms] [ERROR] Access to fetch at 'https://api.nfldata.org/v1/games?season=2026&season_type=3' from origin 'https://live-streaming-eta.vercel.app' has been blocked by CORS policy: No 'Access-Control-Allow-Origin' header is present on the requested resource. @ https://live-streaming-eta.vercel.app/football/2026-08-20:0
[  504996ms] [ERROR] Failed to load resource: net::ERR_FAILED @ https://api.nfldata.org/v1/games?season=2026&season_type=3:0
[  504996ms] [LOG] ℹ️ NFL season type 3 failed: Failed to fetch @ https://live-streaming-eta.vercel.app/js/api.js?v=7:1415
[  505001ms] [ERROR] Access to fetch at 'https://api.nfldata.org/v1/games?season=2026&season_type=2' from origin 'https://live-streaming-eta.vercel.app' has been blocked by CORS policy: No 'Access-Control-Allow-Origin' header is present on the requested resource. @ https://live-streaming-eta.vercel.app/football/2026-08-20:0
[  505001ms] [ERROR] Failed to load resource: net::ERR_FAILED @ https://api.nfldata.org/v1/games?season=2026&season_type=2:0
[  505001ms] [LOG] ℹ️ NFL season type 2 failed: Failed to fetch @ https://live-streaming-eta.vercel.app/js/api.js?v=7:1415
[  505327ms] [ERROR] Access to fetch at 'https://api.nfldata.org/v1/games?season=2026&season_type=3' from origin 'https://live-streaming-eta.vercel.app' has been blocked by CORS policy: No 'Access-Control-Allow-Origin' header is present on the requested resource. @ https://live-streaming-eta.vercel.app/football/2026-08-20:0
[  505327ms] [ERROR] Failed to load resource: net::ERR_FAILED @ https://api.nfldata.org/v1/games?season=2026&season_type=3:0
[  505327ms] [LOG] ℹ️ NFL season type 3 failed: Failed to fetch @ https://live-streaming-eta.vercel.app/js/api.js?v=7:1415
[  506130ms] [LOG] 🌐 Fetching football... @ https://live-streaming-eta.vercel.app/js/api.js?v=7:467
[  506130ms] [LOG] 🌐 Fetching cricket... @ https://live-streaming-eta.vercel.app/js/api.js?v=7:467
[  506131ms] [LOG] 🌐 Fetching basketball... @ https://live-streaming-eta.vercel.app/js/api.js?v=7:467
[  506131ms] [LOG] 🌐 Fetching tennis... @ https://live-streaming-eta.vercel.app/js/api.js?v=7:467
[  506132ms] [LOG] 🌐 Fetching mma... @ https://live-streaming-eta.vercel.app/js/api.js?v=7:467
[  506132ms] [LOG] 🌐 Fetching ufc... @ https://live-streaming-eta.vercel.app/js/api.js?v=7:467
[  506133ms] [LOG] 🌐 Fetching football... @ https://live-streaming-eta.vercel.app/js/api.js?v=7:467
[  506133ms] [LOG] 🌐 Fetching cricket... @ https://live-streaming-eta.vercel.app/js/api.js?v=7:467
[  506133ms] [LOG] 🌐 Fetching basketball... @ https://live-streaming-eta.vercel.app/js/api.js?v=7:467
[  506134ms] [LOG] 🌐 Fetching tennis... @ https://live-streaming-eta.vercel.app/js/api.js?v=7:467
[  506134ms] [LOG] 🌐 Fetching mma... @ https://live-streaming-eta.vercel.app/js/api.js?v=7:467
[  506134ms] [LOG] 🌐 Fetching ufc... @ https://live-streaming-eta.vercel.app/js/api.js?v=7:467
[  506135ms] [LOG] 🌐 Fetching football... @ https://live-streaming-eta.vercel.app/js/api.js?v=7:467
[  506135ms] [LOG] 🌐 Fetching cricket... @ https://live-streaming-eta.vercel.app/js/api.js?v=7:467
[  506135ms] [LOG] 🌐 Fetching basketball... @ https://live-streaming-eta.vercel.app/js/api.js?v=7:467
[  506136ms] [LOG] 🌐 Fetching tennis... @ https://live-streaming-eta.vercel.app/js/api.js?v=7:467
[  506136ms] [LOG] 🌐 Fetching mma... @ https://live-streaming-eta.vercel.app/js/api.js?v=7:467
[  506136ms] [LOG] 🌐 Fetching ufc... @ https://live-streaming-eta.vercel.app/js/api.js?v=7:467
[  506137ms] [LOG] 🌐 Fetching football... @ https://live-streaming-eta.vercel.app/js/api.js?v=7:467
[  506137ms] [LOG] 🌐 Fetching cricket... @ https://live-streaming-eta.vercel.app/js/api.js?v=7:467
[  506137ms] [LOG] 🌐 Fetching basketball... @ https://live-streaming-eta.vercel.app/js/api.js?v=7:467
[  506138ms] [LOG] 🌐 Fetching tennis... @ https://live-streaming-eta.vercel.app/js/api.js?v=7:467
[  506138ms] [LOG] 🌐 Fetching mma... @ https://live-streaming-eta.vercel.app/js/api.js?v=7:467
[  506138ms] [LOG] 🌐 Fetching ufc... @ https://live-streaming-eta.vercel.app/js/api.js?v=7:467
[  506138ms] [LOG] 🌐 Fetching football... @ https://live-streaming-eta.vercel.app/js/api.js?v=7:467
[  506139ms] [LOG] 🌐 Fetching cricket... @ https://live-streaming-eta.vercel.app/js/api.js?v=7:467
[  506139ms] [LOG] 🌐 Fetching basketball... @ https://live-streaming-eta.vercel.app/js/api.js?v=7:467
[  506139ms] [LOG] 🌐 Fetching tennis... @ https://live-streaming-eta.vercel.app/js/api.js?v=7:467
[  506140ms] [LOG] 🌐 Fetching mma... @ https://live-streaming-eta.vercel.app/js/api.js?v=7:467
[  506140ms] [LOG] 🌐 Fetching ufc... @ https://live-streaming-eta.vercel.app/js/api.js?v=7:467
[  506348ms] [ERROR] Failed to load resource: the server responded with a status of 400 () @ https://sportscore.com/api/widget/matches/?sport=mma&limit=30:0
[  506349ms] [LOG] ℹ️ mma not available from SportScore API @ https://live-streaming-eta.vercel.app/js/api.js?v=7:471
[  506349ms] [ERROR] Failed to load resource: the server responded with a status of 400 () @ https://sportscore.com/api/widget/matches/?sport=ufc&limit=30:0
[  506349ms] [LOG] ℹ️ ufc not available from SportScore API @ https://live-streaming-eta.vercel.app/js/api.js?v=7:471
[  506550ms] [ERROR] Failed to load resource: the server responded with a status of 400 () @ https://sportscore.com/api/widget/matches/?sport=mma&limit=30:0
[  506550ms] [LOG] ℹ️ mma not available from SportScore API @ https://live-streaming-eta.vercel.app/js/api.js?v=7:471
[  506550ms] [ERROR] Failed to load resource: the server responded with a status of 400 () @ https://sportscore.com/api/widget/matches/?sport=ufc&limit=30:0
[  506551ms] [LOG] ℹ️ ufc not available from SportScore API @ https://live-streaming-eta.vercel.app/js/api.js?v=7:471
[  506672ms] [ERROR] Access to fetch at 'https://api.nfldata.org/v1/games?season=2026&season_type=1' from origin 'https://live-streaming-eta.vercel.app' has been blocked by CORS policy: No 'Access-Control-Allow-Origin' header is present on the requested resource. @ https://live-streaming-eta.vercel.app/football/2026-08-20:0
[  506672ms] [ERROR] Failed to load resource: net::ERR_FAILED @ https://api.nfldata.org/v1/games?season=2026&season_type=1:0
[  506672ms] [LOG] ℹ️ NFL season type 1 failed: Failed to fetch @ https://live-streaming-eta.vercel.app/js/api.js?v=7:1415
[  506749ms] [ERROR] Failed to load resource: the server responded with a status of 400 () @ https://sportscore.com/api/widget/matches/?sport=ufc&limit=30:0
[  506749ms] [LOG] ℹ️ ufc not available from SportScore API @ https://live-streaming-eta.vercel.app/js/api.js?v=7:471
[  506753ms] [ERROR] Failed to load resource: the server responded with a status of 400 () @ https://sportscore.com/api/widget/matches/?sport=mma&limit=30:0
[  506753ms] [LOG] ℹ️ mma not available from SportScore API @ https://live-streaming-eta.vercel.app/js/api.js?v=7:471
[  506972ms] [ERROR] Failed to load resource: the server responded with a status of 400 () @ https://sportscore.com/api/widget/matches/?sport=ufc&limit=30:0
[  506972ms] [LOG] ℹ️ ufc not available from SportScore API @ https://live-streaming-eta.vercel.app/js/api.js?v=7:471
[  506972ms] [ERROR] Failed to load resource: the server responded with a status of 400 () @ https://sportscore.com/api/widget/matches/?sport=mma&limit=30:0
[  506972ms] [LOG] ℹ️ mma not available from SportScore API @ https://live-streaming-eta.vercel.app/js/api.js?v=7:471
[  507008ms] [ERROR] Access to fetch at 'https://api.nfldata.org/v1/games?season=2026&season_type=1' from origin 'https://live-streaming-eta.vercel.app' has been blocked by CORS policy: No 'Access-Control-Allow-Origin' header is present on the requested resource. @ https://live-streaming-eta.vercel.app/football/2026-08-20:0
[  507008ms] [ERROR] Failed to load resource: net::ERR_FAILED @ https://api.nfldata.org/v1/games?season=2026&season_type=1:0
[  507008ms] [LOG] ℹ️ NFL season type 1 failed: Failed to fetch @ https://live-streaming-eta.vercel.app/js/api.js?v=7:1415
[  507063ms] [ERROR] Access to fetch at 'https://api.nfldata.org/v1/games?season=2026&season_type=2' from origin 'https://live-streaming-eta.vercel.app' has been blocked by CORS policy: No 'Access-Control-Allow-Origin' header is present on the requested resource. @ https://live-streaming-eta.vercel.app/football/2026-08-20:0
[  507063ms] [ERROR] Failed to load resource: net::ERR_FAILED @ https://api.nfldata.org/v1/games?season=2026&season_type=2:0
[  507063ms] [LOG] ℹ️ NFL season type 2 failed: Failed to fetch @ https://live-streaming-eta.vercel.app/js/api.js?v=7:1415
[  507176ms] [ERROR] Failed to load resource: the server responded with a status of 400 () @ https://sportscore.com/api/widget/matches/?sport=mma&limit=30:0
[  507177ms] [LOG] ℹ️ mma not available from SportScore API @ https://live-streaming-eta.vercel.app/js/api.js?v=7:471
[  507177ms] [ERROR] Failed to load resource: the server responded with a status of 400 () @ https://sportscore.com/api/widget/matches/?sport=ufc&limit=30:0
[  507178ms] [LOG] ℹ️ ufc not available from SportScore API @ https://live-streaming-eta.vercel.app/js/api.js?v=7:471
[  507333ms] [ERROR] Access to fetch at 'https://api.nfldata.org/v1/games?season=2026&season_type=1' from origin 'https://live-streaming-eta.vercel.app' has been blocked by CORS policy: No 'Access-Control-Allow-Origin' header is present on the requested resource. @ https://live-streaming-eta.vercel.app/football/2026-08-20:0
[  507333ms] [ERROR] Failed to load resource: net::ERR_FAILED @ https://api.nfldata.org/v1/games?season=2026&season_type=1:0
[  507334ms] [LOG] ℹ️ NFL season type 1 failed: Failed to fetch @ https://live-streaming-eta.vercel.app/js/api.js?v=7:1415
[  507398ms] [ERROR] Access to fetch at 'https://api.nfldata.org/v1/games?season=2026&season_type=2' from origin 'https://live-streaming-eta.vercel.app' has been blocked by CORS policy: No 'Access-Control-Allow-Origin' header is present on the requested resource. @ https://live-streaming-eta.vercel.app/football/2026-08-20:0
[  507399ms] [ERROR] Failed to load resource: net::ERR_FAILED @ https://api.nfldata.org/v1/games?season=2026&season_type=2:0
[  507399ms] [LOG] ℹ️ NFL season type 2 failed: Failed to fetch @ https://live-streaming-eta.vercel.app/js/api.js?v=7:1415
[  507407ms] [ERROR] Access to fetch at 'https://api.nfldata.org/v1/games?season=2026&season_type=3' from origin 'https://live-streaming-eta.vercel.app' has been blocked by CORS policy: No 'Access-Control-Allow-Origin' header is present on the requested resource. @ https://live-streaming-eta.vercel.app/football/2026-08-20:0
[  507407ms] [ERROR] Failed to load resource: net::ERR_FAILED @ https://api.nfldata.org/v1/games?season=2026&season_type=3:0
[  507407ms] [LOG] ℹ️ NFL season type 3 failed: Failed to fetch @ https://live-streaming-eta.vercel.app/js/api.js?v=7:1415
[  507658ms] [ERROR] Access to fetch at 'https://api.nfldata.org/v1/games?season=2026&season_type=1' from origin 'https://live-streaming-eta.vercel.app' has been blocked by CORS policy: No 'Access-Control-Allow-Origin' header is present on the requested resource. @ https://live-streaming-eta.vercel.app/football/2026-08-20:0
[  507659ms] [ERROR] Failed to load resource: net::ERR_FAILED @ https://api.nfldata.org/v1/games?season=2026&season_type=1:0
[  507659ms] [LOG] ℹ️ NFL season type 1 failed: Failed to fetch @ https://live-streaming-eta.vercel.app/js/api.js?v=7:1415
[  507726ms] [ERROR] Access to fetch at 'https://api.nfldata.org/v1/games?season=2026&season_type=2' from origin 'https://live-streaming-eta.vercel.app' has been blocked by CORS policy: No 'Access-Control-Allow-Origin' header is present on the requested resource. @ https://live-streaming-eta.vercel.app/football/2026-08-20:0
[  507726ms] [ERROR] Failed to load resource: net::ERR_FAILED @ https://api.nfldata.org/v1/games?season=2026&season_type=2:0
[  507726ms] [LOG] ℹ️ NFL season type 2 failed: Failed to fetch @ https://live-streaming-eta.vercel.app/js/api.js?v=7:1415
[  507734ms] [ERROR] Access to fetch at 'https://api.nfldata.org/v1/games?season=2026&season_type=3' from origin 'https://live-streaming-eta.vercel.app' has been blocked by CORS policy: No 'Access-Control-Allow-Origin' header is present on the requested resource. @ https://live-streaming-eta.vercel.app/football/2026-08-20:0
[  507734ms] [ERROR] Failed to load resource: net::ERR_FAILED @ https://api.nfldata.org/v1/games?season=2026&season_type=3:0
[  507734ms] [LOG] ℹ️ NFL season type 3 failed: Failed to fetch @ https://live-streaming-eta.vercel.app/js/api.js?v=7:1415
[  507986ms] [ERROR] Access to fetch at 'https://api.nfldata.org/v1/games?season=2026&season_type=1' from origin 'https://live-streaming-eta.vercel.app' has been blocked by CORS policy: No 'Access-Control-Allow-Origin' header is present on the requested resource. @ https://live-streaming-eta.vercel.app/football/2026-08-20:0
[  507987ms] [ERROR] Failed to load resource: net::ERR_FAILED @ https://api.nfldata.org/v1/games?season=2026&season_type=1:0
[  507987ms] [LOG] ℹ️ NFL season type 1 failed: Failed to fetch @ https://live-streaming-eta.vercel.app/js/api.js?v=7:1415
[  508066ms] [ERROR] Access to fetch at 'https://api.nfldata.org/v1/games?season=2026&season_type=2' from origin 'https://live-streaming-eta.vercel.app' has been blocked by CORS policy: No 'Access-Control-Allow-Origin' header is present on the requested resource. @ https://live-streaming-eta.vercel.app/football/2026-08-20:0
[  508066ms] [ERROR] Failed to load resource: net::ERR_FAILED @ https://api.nfldata.org/v1/games?season=2026&season_type=2:0
[  508066ms] [LOG] ℹ️ NFL season type 2 failed: Failed to fetch @ https://live-streaming-eta.vercel.app/js/api.js?v=7:1415
[  508072ms] [ERROR] Access to fetch at 'https://api.nfldata.org/v1/games?season=2026&season_type=3' from origin 'https://live-streaming-eta.vercel.app' has been blocked by CORS policy: No 'Access-Control-Allow-Origin' header is present on the requested resource. @ https://live-streaming-eta.vercel.app/football/2026-08-20:0
[  508072ms] [ERROR] Failed to load resource: net::ERR_FAILED @ https://api.nfldata.org/v1/games?season=2026&season_type=3:0
[  508072ms] [LOG] ℹ️ NFL season type 3 failed: Failed to fetch @ https://live-streaming-eta.vercel.app/js/api.js?v=7:1415
[  508435ms] [ERROR] Access to fetch at 'https://api.nfldata.org/v1/games?season=2026&season_type=2' from origin 'https://live-streaming-eta.vercel.app' has been blocked by CORS policy: No 'Access-Control-Allow-Origin' header is present on the requested resource. @ https://live-streaming-eta.vercel.app/football/2026-08-20:0
[  508435ms] [ERROR] Failed to load resource: net::ERR_FAILED @ https://api.nfldata.org/v1/games?season=2026&season_type=2:0
[  508435ms] [LOG] ℹ️ NFL season type 2 failed: Failed to fetch @ https://live-streaming-eta.vercel.app/js/api.js?v=7:1415
[  508469ms] [ERROR] Access to fetch at 'https://api.nfldata.org/v1/games?season=2026&season_type=3' from origin 'https://live-streaming-eta.vercel.app' has been blocked by CORS policy: No 'Access-Control-Allow-Origin' header is present on the requested resource. @ https://live-streaming-eta.vercel.app/football/2026-08-20:0
[  508469ms] [ERROR] Failed to load resource: net::ERR_FAILED @ https://api.nfldata.org/v1/games?season=2026&season_type=3:0
[  508469ms] [LOG] ℹ️ NFL season type 3 failed: Failed to fetch @ https://live-streaming-eta.vercel.app/js/api.js?v=7:1415
[  508794ms] [ERROR] Access to fetch at 'https://api.nfldata.org/v1/games?season=2026&season_type=3' from origin 'https://live-streaming-eta.vercel.app' has been blocked by CORS policy: No 'Access-Control-Allow-Origin' header is present on the requested resource. @ https://live-streaming-eta.vercel.app/football/2026-08-20:0
[  508794ms] [ERROR] Failed to load resource: net::ERR_FAILED @ https://api.nfldata.org/v1/games?season=2026&season_type=3:0
[  508796ms] [LOG] ℹ️ NFL season type 3 failed: Failed to fetch @ https://live-streaming-eta.vercel.app/js/api.js?v=7:1415
[  509598ms] [LOG] 🌐 Fetching football... @ https://live-streaming-eta.vercel.app/js/api.js?v=7:467
[  509599ms] [LOG] 🌐 Fetching cricket... @ https://live-streaming-eta.vercel.app/js/api.js?v=7:467
[  509600ms] [LOG] 🌐 Fetching basketball... @ https://live-streaming-eta.vercel.app/js/api.js?v=7:467
[  509600ms] [LOG] 🌐 Fetching tennis... @ https://live-streaming-eta.vercel.app/js/api.js?v=7:467
[  509601ms] [LOG] 🌐 Fetching mma... @ https://live-streaming-eta.vercel.app/js/api.js?v=7:467
[  509602ms] [LOG] 🌐 Fetching ufc... @ https://live-streaming-eta.vercel.app/js/api.js?v=7:467
[  509602ms] [LOG] 🌐 Fetching football... @ https://live-streaming-eta.vercel.app/js/api.js?v=7:467
[  509603ms] [LOG] 🌐 Fetching cricket... @ https://live-streaming-eta.vercel.app/js/api.js?v=7:467
[  509603ms] [LOG] 🌐 Fetching basketball... @ https://live-streaming-eta.vercel.app/js/api.js?v=7:467
[  509603ms] [LOG] 🌐 Fetching tennis... @ https://live-streaming-eta.vercel.app/js/api.js?v=7:467
[  509604ms] [LOG] 🌐 Fetching mma... @ https://live-streaming-eta.vercel.app/js/api.js?v=7:467
[  509604ms] [LOG] 🌐 Fetching ufc... @ https://live-streaming-eta.vercel.app/js/api.js?v=7:467
[  509605ms] [LOG] 🌐 Fetching football... @ https://live-streaming-eta.vercel.app/js/api.js?v=7:467
[  509605ms] [LOG] 🌐 Fetching cricket... @ https://live-streaming-eta.vercel.app/js/api.js?v=7:467
[  509605ms] [LOG] 🌐 Fetching basketball... @ https://live-streaming-eta.vercel.app/js/api.js?v=7:467
[  509606ms] [LOG] 🌐 Fetching tennis... @ https://live-streaming-eta.vercel.app/js/api.js?v=7:467
[  509606ms] [LOG] 🌐 Fetching mma... @ https://live-streaming-eta.vercel.app/js/api.js?v=7:467
[  509606ms] [LOG] 🌐 Fetching ufc... @ https://live-streaming-eta.vercel.app/js/api.js?v=7:467
[  509607ms] [LOG] 🌐 Fetching football... @ https://live-streaming-eta.vercel.app/js/api.js?v=7:467
[  509608ms] [LOG] 🌐 Fetching cricket... @ https://live-streaming-eta.vercel.app/js/api.js?v=7:467
[  509608ms] [LOG] 🌐 Fetching basketball... @ https://live-streaming-eta.vercel.app/js/api.js?v=7:467
[  509609ms] [LOG] 🌐 Fetching tennis... @ https://live-streaming-eta.vercel.app/js/api.js?v=7:467
[  509609ms] [LOG] 🌐 Fetching mma... @ https://live-streaming-eta.vercel.app/js/api.js?v=7:467
[  509609ms] [LOG] 🌐 Fetching ufc... @ https://live-streaming-eta.vercel.app/js/api.js?v=7:467
[  509610ms] [LOG] 🌐 Fetching football... @ https://live-streaming-eta.vercel.app/js/api.js?v=7:467
[  509610ms] [LOG] 🌐 Fetching cricket... @ https://live-streaming-eta.vercel.app/js/api.js?v=7:467
[  509611ms] [LOG] 🌐 Fetching basketball... @ https://live-streaming-eta.vercel.app/js/api.js?v=7:467
[  509611ms] [LOG] 🌐 Fetching tennis... @ https://live-streaming-eta.vercel.app/js/api.js?v=7:467
[  509612ms] [LOG] 🌐 Fetching mma... @ https://live-streaming-eta.vercel.app/js/api.js?v=7:467
[  509615ms] [LOG] 🌐 Fetching ufc... @ https://live-streaming-eta.vercel.app/js/api.js?v=7:467
[  509822ms] [ERROR] Failed to load resource: the server responded with a status of 400 () @ https://sportscore.com/api/widget/matches/?sport=mma&limit=30:0
[  509822ms] [LOG] ℹ️ mma not available from SportScore API @ https://live-streaming-eta.vercel.app/js/api.js?v=7:471
[  509837ms] [ERROR] Failed to load resource: the server responded with a status of 400 () @ https://sportscore.com/api/widget/matches/?sport=ufc&limit=30:0
[  509838ms] [LOG] ℹ️ ufc not available from SportScore API @ https://live-streaming-eta.vercel.app/js/api.js?v=7:471
[  510021ms] [ERROR] Failed to load resource: the server responded with a status of 400 () @ https://sportscore.com/api/widget/matches/?sport=mma&limit=30:0
[  510021ms] [LOG] ℹ️ mma not available from SportScore API @ https://live-streaming-eta.vercel.app/js/api.js?v=7:471
[  510038ms] [ERROR] Failed to load resource: the server responded with a status of 400 () @ https://sportscore.com/api/widget/matches/?sport=ufc&limit=30:0
[  510038ms] [LOG] ℹ️ ufc not available from SportScore API @ https://live-streaming-eta.vercel.app/js/api.js?v=7:471
[  510172ms] [ERROR] Access to fetch at 'https://api.nfldata.org/v1/games?season=2026&season_type=1' from origin 'https://live-streaming-eta.vercel.app' has been blocked by CORS policy: No 'Access-Control-Allow-Origin' header is present on the requested resource. @ https://live-streaming-eta.vercel.app/football/2026-08-20:0
[  510172ms] [ERROR] Failed to load resource: net::ERR_FAILED @ https://api.nfldata.org/v1/games?season=2026&season_type=1:0
[  510172ms] [LOG] ℹ️ NFL season type 1 failed: Failed to fetch @ https://live-streaming-eta.vercel.app/js/api.js?v=7:1415
[  510292ms] [ERROR] Failed to load resource: the server responded with a status of 400 () @ https://sportscore.com/api/widget/matches/?sport=mma&limit=30:0
[  510292ms] [LOG] ℹ️ mma not available from SportScore API @ https://live-streaming-eta.vercel.app/js/api.js?v=7:471
[  510293ms] [ERROR] Failed to load resource: the server responded with a status of 400 () @ https://sportscore.com/api/widget/matches/?sport=ufc&limit=30:0
[  510293ms] [LOG] ℹ️ ufc not available from SportScore API @ https://live-streaming-eta.vercel.app/js/api.js?v=7:471
[  510504ms] [ERROR] Access to fetch at 'https://api.nfldata.org/v1/games?season=2026&season_type=1' from origin 'https://live-streaming-eta.vercel.app' has been blocked by CORS policy: No 'Access-Control-Allow-Origin' header is present on the requested resource. @ https://live-streaming-eta.vercel.app/football/2026-08-20:0
[  510505ms] [ERROR] Failed to load resource: net::ERR_FAILED @ https://api.nfldata.org/v1/games?season=2026&season_type=1:0
[  510505ms] [LOG] ℹ️ NFL season type 1 failed: Failed to fetch @ https://live-streaming-eta.vercel.app/js/api.js?v=7:1415
[  510517ms] [ERROR] Failed to load resource: the server responded with a status of 400 () @ https://sportscore.com/api/widget/matches/?sport=mma&limit=30:0
[  510518ms] [LOG] ℹ️ mma not available from SportScore API @ https://live-streaming-eta.vercel.app/js/api.js?v=7:471
[  510518ms] [ERROR] Access to fetch at 'https://api.nfldata.org/v1/games?season=2026&season_type=2' from origin 'https://live-streaming-eta.vercel.app' has been blocked by CORS policy: No 'Access-Control-Allow-Origin' header is present on the requested resource. @ https://live-streaming-eta.vercel.app/football/2026-08-20:0
[  510518ms] [ERROR] Failed to load resource: net::ERR_FAILED @ https://api.nfldata.org/v1/games?season=2026&season_type=2:0
[  510518ms] [LOG] ℹ️ NFL season type 2 failed: Failed to fetch @ https://live-streaming-eta.vercel.app/js/api.js?v=7:1415
[  510519ms] [ERROR] Failed to load resource: the server responded with a status of 400 () @ https://sportscore.com/api/widget/matches/?sport=ufc&limit=30:0
[  510519ms] [LOG] ℹ️ ufc not available from SportScore API @ https://live-streaming-eta.vercel.app/js/api.js?v=7:471
[  510708ms] [ERROR] Failed to load resource: the server responded with a status of 400 () @ https://sportscore.com/api/widget/matches/?sport=mma&limit=30:0
[  510708ms] [LOG] ℹ️ mma not available from SportScore API @ https://live-streaming-eta.vercel.app/js/api.js?v=7:471
[  510717ms] [ERROR] Failed to load resource: the server responded with a status of 400 () @ https://sportscore.com/api/widget/matches/?sport=ufc&limit=30:0
[  510717ms] [LOG] ℹ️ ufc not available from SportScore API @ https://live-streaming-eta.vercel.app/js/api.js?v=7:471
[  510834ms] [ERROR] Access to fetch at 'https://api.nfldata.org/v1/games?season=2026&season_type=1' from origin 'https://live-streaming-eta.vercel.app' has been blocked by CORS policy: No 'Access-Control-Allow-Origin' header is present on the requested resource. @ https://live-streaming-eta.vercel.app/football/2026-08-20:0
[  510834ms] [ERROR] Failed to load resource: net::ERR_FAILED @ https://api.nfldata.org/v1/games?season=2026&season_type=1:0
[  510834ms] [LOG] ℹ️ NFL season type 1 failed: Failed to fetch @ https://live-streaming-eta.vercel.app/js/api.js?v=7:1415
[  510850ms] [ERROR] Access to fetch at 'https://api.nfldata.org/v1/games?season=2026&season_type=3' from origin 'https://live-streaming-eta.vercel.app' has been blocked by CORS policy: No 'Access-Control-Allow-Origin' header is present on the requested resource. @ https://live-streaming-eta.vercel.app/football/2026-08-20:0
[  510850ms] [ERROR] Failed to load resource: net::ERR_FAILED @ https://api.nfldata.org/v1/games?season=2026&season_type=3:0
[  510851ms] [LOG] ℹ️ NFL season type 3 failed: Failed to fetch @ https://live-streaming-eta.vercel.app/js/api.js?v=7:1415
[  510857ms] [ERROR] Access to fetch at 'https://api.nfldata.org/v1/games?season=2026&season_type=2' from origin 'https://live-streaming-eta.vercel.app' has been blocked by CORS policy: No 'Access-Control-Allow-Origin' header is present on the requested resource. @ https://live-streaming-eta.vercel.app/football/2026-08-20:0
[  510857ms] [ERROR] Failed to load resource: net::ERR_FAILED @ https://api.nfldata.org/v1/games?season=2026&season_type=2:0
[  510857ms] [LOG] ℹ️ NFL season type 2 failed: Failed to fetch @ https://live-streaming-eta.vercel.app/js/api.js?v=7:1415
[  511155ms] [ERROR] Access to fetch at 'https://api.nfldata.org/v1/games?season=2026&season_type=1' from origin 'https://live-streaming-eta.vercel.app' has been blocked by CORS policy: No 'Access-Control-Allow-Origin' header is present on the requested resource. @ https://live-streaming-eta.vercel.app/football/2026-08-20:0
[  511156ms] [ERROR] Failed to load resource: net::ERR_FAILED @ https://api.nfldata.org/v1/games?season=2026&season_type=1:0
[  511156ms] [LOG] ℹ️ NFL season type 1 failed: Failed to fetch @ https://live-streaming-eta.vercel.app/js/api.js?v=7:1415
[  511186ms] [ERROR] Access to fetch at 'https://api.nfldata.org/v1/games?season=2026&season_type=2' from origin 'https://live-streaming-eta.vercel.app' has been blocked by CORS policy: No 'Access-Control-Allow-Origin' header is present on the requested resource. @ https://live-streaming-eta.vercel.app/football/2026-08-20:0
[  511186ms] [ERROR] Failed to load resource: net::ERR_FAILED @ https://api.nfldata.org/v1/games?season=2026&season_type=2:0
[  511186ms] [LOG] ℹ️ NFL season type 2 failed: Failed to fetch @ https://live-streaming-eta.vercel.app/js/api.js?v=7:1415
[  511190ms] [ERROR] Access to fetch at 'https://api.nfldata.org/v1/games?season=2026&season_type=3' from origin 'https://live-streaming-eta.vercel.app' has been blocked by CORS policy: No 'Access-Control-Allow-Origin' header is present on the requested resource. @ https://live-streaming-eta.vercel.app/football/2026-08-20:0
[  511190ms] [ERROR] Failed to load resource: net::ERR_FAILED @ https://api.nfldata.org/v1/games?season=2026&season_type=3:0
[  511190ms] [LOG] ℹ️ NFL season type 3 failed: Failed to fetch @ https://live-streaming-eta.vercel.app/js/api.js?v=7:1415
[  511484ms] [ERROR] Access to fetch at 'https://api.nfldata.org/v1/games?season=2026&season_type=1' from origin 'https://live-streaming-eta.vercel.app' has been blocked by CORS policy: No 'Access-Control-Allow-Origin' header is present on the requested resource. @ https://live-streaming-eta.vercel.app/football/2026-08-20:0
[  511484ms] [ERROR] Failed to load resource: net::ERR_FAILED @ https://api.nfldata.org/v1/games?season=2026&season_type=1:0
[  511484ms] [LOG] ℹ️ NFL season type 1 failed: Failed to fetch @ https://live-streaming-eta.vercel.app/js/api.js?v=7:1415
[  511519ms] [ERROR] Access to fetch at 'https://api.nfldata.org/v1/games?season=2026&season_type=2' from origin 'https://live-streaming-eta.vercel.app' has been blocked by CORS policy: No 'Access-Control-Allow-Origin' header is present on the requested resource. @ https://live-streaming-eta.vercel.app/football/2026-08-20:0
[  511519ms] [ERROR] Failed to load resource: net::ERR_FAILED @ https://api.nfldata.org/v1/games?season=2026&season_type=2:0
[  511519ms] [LOG] ℹ️ NFL season type 2 failed: Failed to fetch @ https://live-streaming-eta.vercel.app/js/api.js?v=7:1415
[  511523ms] [ERROR] Access to fetch at 'https://api.nfldata.org/v1/games?season=2026&season_type=3' from origin 'https://live-streaming-eta.vercel.app' has been blocked by CORS policy: No 'Access-Control-Allow-Origin' header is present on the requested resource. @ https://live-streaming-eta.vercel.app/football/2026-08-20:0
[  511523ms] [ERROR] Failed to load resource: net::ERR_FAILED @ https://api.nfldata.org/v1/games?season=2026&season_type=3:0
[  511523ms] [LOG] ℹ️ NFL season type 3 failed: Failed to fetch @ https://live-streaming-eta.vercel.app/js/api.js?v=7:1415
[  511853ms] [ERROR] Access to fetch at 'https://api.nfldata.org/v1/games?season=2026&season_type=3' from origin 'https://live-streaming-eta.vercel.app' has been blocked by CORS policy: No 'Access-Control-Allow-Origin' header is present on the requested resource. @ https://live-streaming-eta.vercel.app/football/2026-08-20:0
[  511854ms] [ERROR] Failed to load resource: net::ERR_FAILED @ https://api.nfldata.org/v1/games?season=2026&season_type=3:0
[  511854ms] [LOG] ℹ️ NFL season type 3 failed: Failed to fetch @ https://live-streaming-eta.vercel.app/js/api.js?v=7:1415
[  511860ms] [ERROR] Access to fetch at 'https://api.nfldata.org/v1/games?season=2026&season_type=2' from origin 'https://live-streaming-eta.vercel.app' has been blocked by CORS policy: No 'Access-Control-Allow-Origin' header is present on the requested resource. @ https://live-streaming-eta.vercel.app/football/2026-08-20:0
[  511861ms] [ERROR] Failed to load resource: net::ERR_FAILED @ https://api.nfldata.org/v1/games?season=2026&season_type=2:0
[  511861ms] [LOG] ℹ️ NFL season type 2 failed: Failed to fetch @ https://live-streaming-eta.vercel.app/js/api.js?v=7:1415
[  512191ms] [ERROR] Access to fetch at 'https://api.nfldata.org/v1/games?season=2026&season_type=3' from origin 'https://live-streaming-eta.vercel.app' has been blocked by CORS policy: No 'Access-Control-Allow-Origin' header is present on the requested resource. @ https://live-streaming-eta.vercel.app/football/2026-08-20:0
[  512191ms] [ERROR] Failed to load resource: net::ERR_FAILED @ https://api.nfldata.org/v1/games?season=2026&season_type=3:0
[  512191ms] [LOG] ℹ️ NFL season type 3 failed: Failed to fetch @ https://live-streaming-eta.vercel.app/js/api.js?v=7:1415
[  512995ms] [LOG] 🌐 Fetching football... @ https://live-streaming-eta.vercel.app/js/api.js?v=7:467
[  512996ms] [LOG] 🌐 Fetching cricket... @ https://live-streaming-eta.vercel.app/js/api.js?v=7:467
[  512996ms] [LOG] 🌐 Fetching basketball... @ https://live-streaming-eta.vercel.app/js/api.js?v=7:467
[  512997ms] [LOG] 🌐 Fetching tennis... @ https://live-streaming-eta.vercel.app/js/api.js?v=7:467
[  512997ms] [LOG] 🌐 Fetching mma... @ https://live-streaming-eta.vercel.app/js/api.js?v=7:467
[  512997ms] [LOG] 🌐 Fetching ufc... @ https://live-streaming-eta.vercel.app/js/api.js?v=7:467
[  512998ms] [LOG] 🌐 Fetching football... @ https://live-streaming-eta.vercel.app/js/api.js?v=7:467
[  512998ms] [LOG] 🌐 Fetching cricket... @ https://live-streaming-eta.vercel.app/js/api.js?v=7:467
[  512998ms] [LOG] 🌐 Fetching basketball... @ https://live-streaming-eta.vercel.app/js/api.js?v=7:467
[  512999ms] [LOG] 🌐 Fetching tennis... @ https://live-streaming-eta.vercel.app/js/api.js?v=7:467
[  512999ms] [LOG] 🌐 Fetching mma... @ https://live-streaming-eta.vercel.app/js/api.js?v=7:467
[  513002ms] [LOG] 🌐 Fetching ufc... @ https://live-streaming-eta.vercel.app/js/api.js?v=7:467
[  513002ms] [LOG] 🌐 Fetching football... @ https://live-streaming-eta.vercel.app/js/api.js?v=7:467
[  513003ms] [LOG] 🌐 Fetching cricket... @ https://live-streaming-eta.vercel.app/js/api.js?v=7:467
[  513003ms] [LOG] 🌐 Fetching basketball... @ https://live-streaming-eta.vercel.app/js/api.js?v=7:467
[  513004ms] [LOG] 🌐 Fetching tennis... @ https://live-streaming-eta.vercel.app/js/api.js?v=7:467
[  513004ms] [LOG] 🌐 Fetching mma... @ https://live-streaming-eta.vercel.app/js/api.js?v=7:467
[  513004ms] [LOG] 🌐 Fetching ufc... @ https://live-streaming-eta.vercel.app/js/api.js?v=7:467
[  513005ms] [LOG] 🌐 Fetching football... @ https://live-streaming-eta.vercel.app/js/api.js?v=7:467
[  513005ms] [LOG] 🌐 Fetching cricket... @ https://live-streaming-eta.vercel.app/js/api.js?v=7:467
[  513006ms] [LOG] 🌐 Fetching basketball... @ https://live-streaming-eta.vercel.app/js/api.js?v=7:467
[  513006ms] [LOG] 🌐 Fetching tennis... @ https://live-streaming-eta.vercel.app/js/api.js?v=7:467
[  513007ms] [LOG] 🌐 Fetching mma... @ https://live-streaming-eta.vercel.app/js/api.js?v=7:467
[  513007ms] [LOG] 🌐 Fetching ufc... @ https://live-streaming-eta.vercel.app/js/api.js?v=7:467
[  513007ms] [LOG] 🌐 Fetching football... @ https://live-streaming-eta.vercel.app/js/api.js?v=7:467
[  513008ms] [LOG] 🌐 Fetching cricket... @ https://live-streaming-eta.vercel.app/js/api.js?v=7:467
[  513008ms] [LOG] 🌐 Fetching basketball... @ https://live-streaming-eta.vercel.app/js/api.js?v=7:467
[  513008ms] [LOG] 🌐 Fetching tennis... @ https://live-streaming-eta.vercel.app/js/api.js?v=7:467
[  513009ms] [LOG] 🌐 Fetching mma... @ https://live-streaming-eta.vercel.app/js/api.js?v=7:467
[  513009ms] [LOG] 🌐 Fetching ufc... @ https://live-streaming-eta.vercel.app/js/api.js?v=7:467
[  513226ms] [ERROR] Failed to load resource: the server responded with a status of 400 () @ https://sportscore.com/api/widget/matches/?sport=mma&limit=30:0
[  513226ms] [LOG] ℹ️ mma not available from SportScore API @ https://live-streaming-eta.vercel.app/js/api.js?v=7:471
[  513237ms] [ERROR] Failed to load resource: the server responded with a status of 400 () @ https://sportscore.com/api/widget/matches/?sport=ufc&limit=30:0
[  513237ms] [LOG] ℹ️ ufc not available from SportScore API @ https://live-streaming-eta.vercel.app/js/api.js?v=7:471
[  513426ms] [ERROR] Failed to load resource: the server responded with a status of 400 () @ https://sportscore.com/api/widget/matches/?sport=mma&limit=30:0
[  513427ms] [LOG] ℹ️ mma not available from SportScore API @ https://live-streaming-eta.vercel.app/js/api.js?v=7:471
[  513437ms] [ERROR] Failed to load resource: the server responded with a status of 400 () @ https://sportscore.com/api/widget/matches/?sport=ufc&limit=30:0
[  513438ms] [LOG] ℹ️ ufc not available from SportScore API @ https://live-streaming-eta.vercel.app/js/api.js?v=7:471
[  513592ms] [ERROR] Access to fetch at 'https://api.nfldata.org/v1/games?season=2026&season_type=1' from origin 'https://live-streaming-eta.vercel.app' has been blocked by CORS policy: No 'Access-Control-Allow-Origin' header is present on the requested resource. @ https://live-streaming-eta.vercel.app/football/2026-08-20:0
[  513592ms] [ERROR] Failed to load resource: net::ERR_FAILED @ https://api.nfldata.org/v1/games?season=2026&season_type=1:0
[  513592ms] [LOG] ℹ️ NFL season type 1 failed: Failed to fetch @ https://live-streaming-eta.vercel.app/js/api.js?v=7:1415
[  513625ms] [ERROR] Failed to load resource: the server responded with a status of 400 () @ https://sportscore.com/api/widget/matches/?sport=mma&limit=30:0
[  513625ms] [LOG] ℹ️ mma not available from SportScore API @ https://live-streaming-eta.vercel.app/js/api.js?v=7:471
[  513637ms] [ERROR] Failed to load resource: the server responded with a status of 400 () @ https://sportscore.com/api/widget/matches/?sport=ufc&limit=30:0
[  513638ms] [LOG] ℹ️ ufc not available from SportScore API @ https://live-streaming-eta.vercel.app/js/api.js?v=7:471
[  513829ms] [ERROR] Failed to load resource: the server responded with a status of 400 () @ https://sportscore.com/api/widget/matches/?sport=mma&limit=30:0
[  513830ms] [LOG] ℹ️ mma not available from SportScore API @ https://live-streaming-eta.vercel.app/js/api.js?v=7:471
[  513837ms] [ERROR] Failed to load resource: the server responded with a status of 400 () @ https://sportscore.com/api/widget/matches/?sport=ufc&limit=30:0
[  513837ms] [LOG] ℹ️ ufc not available from SportScore API @ https://live-streaming-eta.vercel.app/js/api.js?v=7:471
[  513922ms] [ERROR] Access to fetch at 'https://api.nfldata.org/v1/games?season=2026&season_type=2' from origin 'https://live-streaming-eta.vercel.app' has been blocked by CORS policy: No 'Access-Control-Allow-Origin' header is present on the requested resource. @ https://live-streaming-eta.vercel.app/football/2026-08-20:0
[  513923ms] [ERROR] Failed to load resource: net::ERR_FAILED @ https://api.nfldata.org/v1/games?season=2026&season_type=2:0
[  513923ms] [LOG] ℹ️ NFL season type 2 failed: Failed to fetch @ https://live-streaming-eta.vercel.app/js/api.js?v=7:1415
[  513930ms] [ERROR] Access to fetch at 'https://api.nfldata.org/v1/games?season=2026&season_type=1' from origin 'https://live-streaming-eta.vercel.app' has been blocked by CORS policy: No 'Access-Control-Allow-Origin' header is present on the requested resource. @ https://live-streaming-eta.vercel.app/football/2026-08-20:0
[  513930ms] [ERROR] Failed to load resource: net::ERR_FAILED @ https://api.nfldata.org/v1/games?season=2026&season_type=1:0
[  513930ms] [LOG] ℹ️ NFL season type 1 failed: Failed to fetch @ https://live-streaming-eta.vercel.app/js/api.js?v=7:1415
[  514021ms] [ERROR] Failed to load resource: the server responded with a status of 400 () @ https://sportscore.com/api/widget/matches/?sport=mma&limit=30:0
[  514021ms] [LOG] ℹ️ mma not available from SportScore API @ https://live-streaming-eta.vercel.app/js/api.js?v=7:471
[  514030ms] [ERROR] Failed to load resource: the server responded with a status of 400 () @ https://sportscore.com/api/widget/matches/?sport=ufc&limit=30:0
[  514030ms] [LOG] ℹ️ ufc not available from SportScore API @ https://live-streaming-eta.vercel.app/js/api.js?v=7:471
[  514260ms] [ERROR] Access to fetch at 'https://api.nfldata.org/v1/games?season=2026&season_type=3' from origin 'https://live-streaming-eta.vercel.app' has been blocked by CORS policy: No 'Access-Control-Allow-Origin' header is present on the requested resource. @ https://live-streaming-eta.vercel.app/football/2026-08-20:0
[  514260ms] [ERROR] Failed to load resource: net::ERR_FAILED @ https://api.nfldata.org/v1/games?season=2026&season_type=3:0
[  514260ms] [LOG] ℹ️ NFL season type 3 failed: Failed to fetch @ https://live-streaming-eta.vercel.app/js/api.js?v=7:1415
[  514278ms] [ERROR] Access to fetch at 'https://api.nfldata.org/v1/games?season=2026&season_type=2' from origin 'https://live-streaming-eta.vercel.app' has been blocked by CORS policy: No 'Access-Control-Allow-Origin' header is present on the requested resource. @ https://live-streaming-eta.vercel.app/football/2026-08-20:0
[  514278ms] [ERROR] Failed to load resource: net::ERR_FAILED @ https://api.nfldata.org/v1/games?season=2026&season_type=2:0
[  514278ms] [LOG] ℹ️ NFL season type 2 failed: Failed to fetch @ https://live-streaming-eta.vercel.app/js/api.js?v=7:1415
[  514286ms] [ERROR] Access to fetch at 'https://api.nfldata.org/v1/games?season=2026&season_type=1' from origin 'https://live-streaming-eta.vercel.app' has been blocked by CORS policy: No 'Access-Control-Allow-Origin' header is present on the requested resource. @ https://live-streaming-eta.vercel.app/football/2026-08-20:0
[  514286ms] [ERROR] Failed to load resource: net::ERR_FAILED @ https://api.nfldata.org/v1/games?season=2026&season_type=1:0
[  514287ms] [LOG] ℹ️ NFL season type 1 failed: Failed to fetch @ https://live-streaming-eta.vercel.app/js/api.js?v=7:1415
[  514610ms] [ERROR] Access to fetch at 'https://api.nfldata.org/v1/games?season=2026&season_type=3' from origin 'https://live-streaming-eta.vercel.app' has been blocked by CORS policy: No 'Access-Control-Allow-Origin' header is present on the requested resource. @ https://live-streaming-eta.vercel.app/football/2026-08-20:0
[  514610ms] [ERROR] Failed to load resource: net::ERR_FAILED @ https://api.nfldata.org/v1/games?season=2026&season_type=3:0
[  514610ms] [LOG] ℹ️ NFL season type 3 failed: Failed to fetch @ https://live-streaming-eta.vercel.app/js/api.js?v=7:1415
[  514621ms] [ERROR] Access to fetch at 'https://api.nfldata.org/v1/games?season=2026&season_type=2' from origin 'https://live-streaming-eta.vercel.app' has been blocked by CORS policy: No 'Access-Control-Allow-Origin' header is present on the requested resource. @ https://live-streaming-eta.vercel.app/football/2026-08-20:0
[  514621ms] [ERROR] Failed to load resource: net::ERR_FAILED @ https://api.nfldata.org/v1/games?season=2026&season_type=2:0
[  514621ms] [LOG] ℹ️ NFL season type 2 failed: Failed to fetch @ https://live-streaming-eta.vercel.app/js/api.js?v=7:1415
[  514626ms] [ERROR] Access to fetch at 'https://api.nfldata.org/v1/games?season=2026&season_type=1' from origin 'https://live-streaming-eta.vercel.app' has been blocked by CORS policy: No 'Access-Control-Allow-Origin' header is present on the requested resource. @ https://live-streaming-eta.vercel.app/football/2026-08-20:0
[  514626ms] [ERROR] Failed to load resource: net::ERR_FAILED @ https://api.nfldata.org/v1/games?season=2026&season_type=1:0
[  514626ms] [LOG] ℹ️ NFL season type 1 failed: Failed to fetch @ https://live-streaming-eta.vercel.app/js/api.js?v=7:1415
[  514966ms] [ERROR] Access to fetch at 'https://api.nfldata.org/v1/games?season=2026&season_type=1' from origin 'https://live-streaming-eta.vercel.app' has been blocked by CORS policy: No 'Access-Control-Allow-Origin' header is present on the requested resource. @ https://live-streaming-eta.vercel.app/football/2026-08-20:0
[  514966ms] [ERROR] Failed to load resource: net::ERR_FAILED @ https://api.nfldata.org/v1/games?season=2026&season_type=1:0
[  514967ms] [LOG] ℹ️ NFL season type 1 failed: Failed to fetch @ https://live-streaming-eta.vercel.app/js/api.js?v=7:1415
[  514975ms] [ERROR] Access to fetch at 'https://api.nfldata.org/v1/games?season=2026&season_type=2' from origin 'https://live-streaming-eta.vercel.app' has been blocked by CORS policy: No 'Access-Control-Allow-Origin' header is present on the requested resource. @ https://live-streaming-eta.vercel.app/football/2026-08-20:0
[  514975ms] [ERROR] Failed to load resource: net::ERR_FAILED @ https://api.nfldata.org/v1/games?season=2026&season_type=2:0
[  514975ms] [LOG] ℹ️ NFL season type 2 failed: Failed to fetch @ https://live-streaming-eta.vercel.app/js/api.js?v=7:1415
[  514979ms] [ERROR] Access to fetch at 'https://api.nfldata.org/v1/games?season=2026&season_type=3' from origin 'https://live-streaming-eta.vercel.app' has been blocked by CORS policy: No 'Access-Control-Allow-Origin' header is present on the requested resource. @ https://live-streaming-eta.vercel.app/football/2026-08-20:0
[  514979ms] [ERROR] Failed to load resource: net::ERR_FAILED @ https://api.nfldata.org/v1/games?season=2026&season_type=3:0
[  514979ms] [LOG] ℹ️ NFL season type 3 failed: Failed to fetch @ https://live-streaming-eta.vercel.app/js/api.js?v=7:1415
[  515308ms] [ERROR] Access to fetch at 'https://api.nfldata.org/v1/games?season=2026&season_type=2' from origin 'https://live-streaming-eta.vercel.app' has been blocked by CORS policy: No 'Access-Control-Allow-Origin' header is present on the requested resource. @ https://live-streaming-eta.vercel.app/football/2026-08-20:0
[  515308ms] [ERROR] Failed to load resource: net::ERR_FAILED @ https://api.nfldata.org/v1/games?season=2026&season_type=2:0
[  515309ms] [LOG] ℹ️ NFL season type 2 failed: Failed to fetch @ https://live-streaming-eta.vercel.app/js/api.js?v=7:1415
[  515313ms] [ERROR] Access to fetch at 'https://api.nfldata.org/v1/games?season=2026&season_type=3' from origin 'https://live-streaming-eta.vercel.app' has been blocked by CORS policy: No 'Access-Control-Allow-Origin' header is present on the requested resource. @ https://live-streaming-eta.vercel.app/football/2026-08-20:0
[  515313ms] [ERROR] Failed to load resource: net::ERR_FAILED @ https://api.nfldata.org/v1/games?season=2026&season_type=3:0
[  515313ms] [LOG] ℹ️ NFL season type 3 failed: Failed to fetch @ https://live-streaming-eta.vercel.app/js/api.js?v=7:1415
[  515639ms] [ERROR] Access to fetch at 'https://api.nfldata.org/v1/games?season=2026&season_type=3' from origin 'https://live-streaming-eta.vercel.app' has been blocked by CORS policy: No 'Access-Control-Allow-Origin' header is present on the requested resource. @ https://live-streaming-eta.vercel.app/football/2026-08-20:0
[  515639ms] [ERROR] Failed to load resource: net::ERR_FAILED @ https://api.nfldata.org/v1/games?season=2026&season_type=3:0
[  515639ms] [LOG] ℹ️ NFL season type 3 failed: Failed to fetch @ https://live-streaming-eta.vercel.app/js/api.js?v=7:1415
[  516440ms] [LOG] 🌐 Fetching football... @ https://live-streaming-eta.vercel.app/js/api.js?v=7:467
[  516441ms] [LOG] 🌐 Fetching cricket... @ https://live-streaming-eta.vercel.app/js/api.js?v=7:467
[  516441ms] [LOG] 🌐 Fetching basketball... @ https://live-streaming-eta.vercel.app/js/api.js?v=7:467
[  516442ms] [LOG] 🌐 Fetching tennis... @ https://live-streaming-eta.vercel.app/js/api.js?v=7:467
[  516442ms] [LOG] 🌐 Fetching mma... @ https://live-streaming-eta.vercel.app/js/api.js?v=7:467
[  516443ms] [LOG] 🌐 Fetching ufc... @ https://live-streaming-eta.vercel.app/js/api.js?v=7:467
[  516443ms] [LOG] 🌐 Fetching football... @ https://live-streaming-eta.vercel.app/js/api.js?v=7:467
[  516444ms] [LOG] 🌐 Fetching cricket... @ https://live-streaming-eta.vercel.app/js/api.js?v=7:467
[  516444ms] [LOG] 🌐 Fetching basketball... @ https://live-streaming-eta.vercel.app/js/api.js?v=7:467
[  516445ms] [LOG] 🌐 Fetching tennis... @ https://live-streaming-eta.vercel.app/js/api.js?v=7:467
[  516445ms] [LOG] 🌐 Fetching mma... @ https://live-streaming-eta.vercel.app/js/api.js?v=7:467
[  516446ms] [LOG] 🌐 Fetching ufc... @ https://live-streaming-eta.vercel.app/js/api.js?v=7:467
[  516446ms] [LOG] 🌐 Fetching football... @ https://live-streaming-eta.vercel.app/js/api.js?v=7:467
[  516446ms] [LOG] 🌐 Fetching cricket... @ https://live-streaming-eta.vercel.app/js/api.js?v=7:467
[  516447ms] [LOG] 🌐 Fetching basketball... @ https://live-streaming-eta.vercel.app/js/api.js?v=7:467
[  516447ms] [LOG] 🌐 Fetching tennis... @ https://live-streaming-eta.vercel.app/js/api.js?v=7:467
[  516448ms] [LOG] 🌐 Fetching mma... @ https://live-streaming-eta.vercel.app/js/api.js?v=7:467
[  516448ms] [LOG] 🌐 Fetching ufc... @ https://live-streaming-eta.vercel.app/js/api.js?v=7:467
[  516449ms] [LOG] 🌐 Fetching football... @ https://live-streaming-eta.vercel.app/js/api.js?v=7:467
[  516449ms] [LOG] 🌐 Fetching cricket... @ https://live-streaming-eta.vercel.app/js/api.js?v=7:467
[  516450ms] [LOG] 🌐 Fetching basketball... @ https://live-streaming-eta.vercel.app/js/api.js?v=7:467
[  516450ms] [LOG] 🌐 Fetching tennis... @ https://live-streaming-eta.vercel.app/js/api.js?v=7:467
[  516450ms] [LOG] 🌐 Fetching mma... @ https://live-streaming-eta.vercel.app/js/api.js?v=7:467
[  516451ms] [LOG] 🌐 Fetching ufc... @ https://live-streaming-eta.vercel.app/js/api.js?v=7:467
[  516451ms] [LOG] 🌐 Fetching football... @ https://live-streaming-eta.vercel.app/js/api.js?v=7:467
[  516451ms] [LOG] 🌐 Fetching cricket... @ https://live-streaming-eta.vercel.app/js/api.js?v=7:467
[  516452ms] [LOG] 🌐 Fetching basketball... @ https://live-streaming-eta.vercel.app/js/api.js?v=7:467
[  516452ms] [LOG] 🌐 Fetching tennis... @ https://live-streaming-eta.vercel.app/js/api.js?v=7:467
[  516453ms] [LOG] 🌐 Fetching mma... @ https://live-streaming-eta.vercel.app/js/api.js?v=7:467
[  516454ms] [LOG] 🌐 Fetching ufc... @ https://live-streaming-eta.vercel.app/js/api.js?v=7:467
[  516728ms] [ERROR] Failed to load resource: the server responded with a status of 400 () @ https://sportscore.com/api/widget/matches/?sport=mma&limit=30:0
[  516728ms] [LOG] ℹ️ mma not available from SportScore API @ https://live-streaming-eta.vercel.app/js/api.js?v=7:471
[  516729ms] [ERROR] Failed to load resource: the server responded with a status of 400 () @ https://sportscore.com/api/widget/matches/?sport=ufc&limit=30:0
[  516729ms] [LOG] ℹ️ ufc not available from SportScore API @ https://live-streaming-eta.vercel.app/js/api.js?v=7:471
[  516934ms] [ERROR] Failed to load resource: the server responded with a status of 400 () @ https://sportscore.com/api/widget/matches/?sport=mma&limit=30:0
[  516934ms] [LOG] ℹ️ mma not available from SportScore API @ https://live-streaming-eta.vercel.app/js/api.js?v=7:471
[  516943ms] [ERROR] Failed to load resource: the server responded with a status of 400 () @ https://sportscore.com/api/widget/matches/?sport=ufc&limit=30:0
[  516943ms] [LOG] ℹ️ ufc not available from SportScore API @ https://live-streaming-eta.vercel.app/js/api.js?v=7:471
[  517109ms] [ERROR] Access to fetch at 'https://api.nfldata.org/v1/games?season=2026&season_type=1' from origin 'https://live-streaming-eta.vercel.app' has been blocked by CORS policy: No 'Access-Control-Allow-Origin' header is present on the requested resource. @ https://live-streaming-eta.vercel.app/football/2026-08-20:0
[  517109ms] [ERROR] Failed to load resource: net::ERR_FAILED @ https://api.nfldata.org/v1/games?season=2026&season_type=1:0
[  517109ms] [LOG] ℹ️ NFL season type 1 failed: Failed to fetch @ https://live-streaming-eta.vercel.app/js/api.js?v=7:1415
[  517133ms] [ERROR] Failed to load resource: the server responded with a status of 400 () @ https://sportscore.com/api/widget/matches/?sport=mma&limit=30:0
[  517133ms] [LOG] ℹ️ mma not available from SportScore API @ https://live-streaming-eta.vercel.app/js/api.js?v=7:471
[  517145ms] [ERROR] Failed to load resource: the server responded with a status of 400 () @ https://sportscore.com/api/widget/matches/?sport=ufc&limit=30:0
[  517145ms] [LOG] ℹ️ ufc not available from SportScore API @ https://live-streaming-eta.vercel.app/js/api.js?v=7:471
[  517365ms] [ERROR] Failed to load resource: the server responded with a status of 400 () @ https://sportscore.com/api/widget/matches/?sport=ufc&limit=30:0
[  517365ms] [LOG] ℹ️ ufc not available from SportScore API @ https://live-streaming-eta.vercel.app/js/api.js?v=7:471
[  517366ms] [ERROR] Failed to load resource: the server responded with a status of 400 () @ https://sportscore.com/api/widget/matches/?sport=mma&limit=30:0
[  517366ms] [LOG] ℹ️ mma not available from SportScore API @ https://live-streaming-eta.vercel.app/js/api.js?v=7:471
[  517445ms] [ERROR] Access to fetch at 'https://api.nfldata.org/v1/games?season=2026&season_type=2' from origin 'https://live-streaming-eta.vercel.app' has been blocked by CORS policy: No 'Access-Control-Allow-Origin' header is present on the requested resource. @ https://live-streaming-eta.vercel.app/football/2026-08-20:0
[  517445ms] [ERROR] Failed to load resource: net::ERR_FAILED @ https://api.nfldata.org/v1/games?season=2026&season_type=2:0
[  517445ms] [LOG] ℹ️ NFL season type 2 failed: Failed to fetch @ https://live-streaming-eta.vercel.app/js/api.js?v=7:1415
[  517447ms] [ERROR] Access to fetch at 'https://api.nfldata.org/v1/games?season=2026&season_type=1' from origin 'https://live-streaming-eta.vercel.app' has been blocked by CORS policy: No 'Access-Control-Allow-Origin' header is present on the requested resource. @ https://live-streaming-eta.vercel.app/football/2026-08-20:0
[  517447ms] [ERROR] Failed to load resource: net::ERR_FAILED @ https://api.nfldata.org/v1/games?season=2026&season_type=1:0
[  517447ms] [LOG] ℹ️ NFL season type 1 failed: Failed to fetch @ https://live-streaming-eta.vercel.app/js/api.js?v=7:1415
[  517563ms] [ERROR] Failed to load resource: the server responded with a status of 400 () @ https://sportscore.com/api/widget/matches/?sport=ufc&limit=30:0
[  517563ms] [LOG] ℹ️ ufc not available from SportScore API @ https://live-streaming-eta.vercel.app/js/api.js?v=7:471
[  517564ms] [ERROR] Failed to load resource: the server responded with a status of 400 () @ https://sportscore.com/api/widget/matches/?sport=mma&limit=30:0
[  517564ms] [LOG] ℹ️ mma not available from SportScore API @ https://live-streaming-eta.vercel.app/js/api.js?v=7:471
[  517777ms] [ERROR] Access to fetch at 'https://api.nfldata.org/v1/games?season=2026&season_type=1' from origin 'https://live-streaming-eta.vercel.app' has been blocked by CORS policy: No 'Access-Control-Allow-Origin' header is present on the requested resource. @ https://live-streaming-eta.vercel.app/football/2026-08-20:0
[  517777ms] [ERROR] Failed to load resource: net::ERR_FAILED @ https://api.nfldata.org/v1/games?season=2026&season_type=1:0
[  517777ms] [LOG] ℹ️ NFL season type 1 failed: Failed to fetch @ https://live-streaming-eta.vercel.app/js/api.js?v=7:1415
[  517781ms] [ERROR] Access to fetch at 'https://api.nfldata.org/v1/games?season=2026&season_type=3' from origin 'https://live-streaming-eta.vercel.app' has been blocked by CORS policy: No 'Access-Control-Allow-Origin' header is present on the requested resource. @ https://live-streaming-eta.vercel.app/football/2026-08-20:0
[  517781ms] [ERROR] Failed to load resource: net::ERR_FAILED @ https://api.nfldata.org/v1/games?season=2026&season_type=3:0
[  517781ms] [LOG] ℹ️ NFL season type 3 failed: Failed to fetch @ https://live-streaming-eta.vercel.app/js/api.js?v=7:1415
[  517792ms] [ERROR] Access to fetch at 'https://api.nfldata.org/v1/games?season=2026&season_type=2' from origin 'https://live-streaming-eta.vercel.app' has been blocked by CORS policy: No 'Access-Control-Allow-Origin' header is present on the requested resource. @ https://live-streaming-eta.vercel.app/football/2026-08-20:0
[  517792ms] [ERROR] Failed to load resource: net::ERR_FAILED @ https://api.nfldata.org/v1/games?season=2026&season_type=2:0
[  517792ms] [LOG] ℹ️ NFL season type 2 failed: Failed to fetch @ https://live-streaming-eta.vercel.app/js/api.js?v=7:1415
[  518098ms] [ERROR] Access to fetch at 'https://api.nfldata.org/v1/games?season=2026&season_type=1' from origin 'https://live-streaming-eta.vercel.app' has been blocked by CORS policy: No 'Access-Control-Allow-Origin' header is present on the requested resource. @ https://live-streaming-eta.vercel.app/football/2026-08-20:0
[  518098ms] [ERROR] Failed to load resource: net::ERR_FAILED @ https://api.nfldata.org/v1/games?season=2026&season_type=1:0
[  518098ms] [LOG] ℹ️ NFL season type 1 failed: Failed to fetch @ https://live-streaming-eta.vercel.app/js/api.js?v=7:1415
[  518125ms] [ERROR] Access to fetch at 'https://api.nfldata.org/v1/games?season=2026&season_type=2' from origin 'https://live-streaming-eta.vercel.app' has been blocked by CORS policy: No 'Access-Control-Allow-Origin' header is present on the requested resource. @ https://live-streaming-eta.vercel.app/football/2026-08-20:0
[  518125ms] [ERROR] Failed to load resource: net::ERR_FAILED @ https://api.nfldata.org/v1/games?season=2026&season_type=2:0
[  518125ms] [LOG] ℹ️ NFL season type 2 failed: Failed to fetch @ https://live-streaming-eta.vercel.app/js/api.js?v=7:1415
[  518129ms] [ERROR] Access to fetch at 'https://api.nfldata.org/v1/games?season=2026&season_type=3' from origin 'https://live-streaming-eta.vercel.app' has been blocked by CORS policy: No 'Access-Control-Allow-Origin' header is present on the requested resource. @ https://live-streaming-eta.vercel.app/football/2026-08-20:0
[  518129ms] [ERROR] Failed to load resource: net::ERR_FAILED @ https://api.nfldata.org/v1/games?season=2026&season_type=3:0
[  518129ms] [LOG] ℹ️ NFL season type 3 failed: Failed to fetch @ https://live-streaming-eta.vercel.app/js/api.js?v=7:1415
[  518424ms] [ERROR] Access to fetch at 'https://api.nfldata.org/v1/games?season=2026&season_type=1' from origin 'https://live-streaming-eta.vercel.app' has been blocked by CORS policy: No 'Access-Control-Allow-Origin' header is present on the requested resource. @ https://live-streaming-eta.vercel.app/football/2026-08-20:0
[  518424ms] [ERROR] Failed to load resource: net::ERR_FAILED @ https://api.nfldata.org/v1/games?season=2026&season_type=1:0
[  518424ms] [LOG] ℹ️ NFL season type 1 failed: Failed to fetch @ https://live-streaming-eta.vercel.app/js/api.js?v=7:1415
[  518462ms] [ERROR] Access to fetch at 'https://api.nfldata.org/v1/games?season=2026&season_type=2' from origin 'https://live-streaming-eta.vercel.app' has been blocked by CORS policy: No 'Access-Control-Allow-Origin' header is present on the requested resource. @ https://live-streaming-eta.vercel.app/football/2026-08-20:0
[  518462ms] [ERROR] Failed to load resource: net::ERR_FAILED @ https://api.nfldata.org/v1/games?season=2026&season_type=2:0
[  518462ms] [LOG] ℹ️ NFL season type 2 failed: Failed to fetch @ https://live-streaming-eta.vercel.app/js/api.js?v=7:1415
[  518465ms] [ERROR] Access to fetch at 'https://api.nfldata.org/v1/games?season=2026&season_type=3' from origin 'https://live-streaming-eta.vercel.app' has been blocked by CORS policy: No 'Access-Control-Allow-Origin' header is present on the requested resource. @ https://live-streaming-eta.vercel.app/football/2026-08-20:0
[  518465ms] [ERROR] Failed to load resource: net::ERR_FAILED @ https://api.nfldata.org/v1/games?season=2026&season_type=3:0
[  518465ms] [LOG] ℹ️ NFL season type 3 failed: Failed to fetch @ https://live-streaming-eta.vercel.app/js/api.js?v=7:1415
[  518793ms] [ERROR] Access to fetch at 'https://api.nfldata.org/v1/games?season=2026&season_type=3' from origin 'https://live-streaming-eta.vercel.app' has been blocked by CORS policy: No 'Access-Control-Allow-Origin' header is present on the requested resource. @ https://live-streaming-eta.vercel.app/football/2026-08-20:0
[  518793ms] [ERROR] Failed to load resource: net::ERR_FAILED @ https://api.nfldata.org/v1/games?season=2026&season_type=3:0
[  518793ms] [LOG] ℹ️ NFL season type 3 failed: Failed to fetch @ https://live-streaming-eta.vercel.app/js/api.js?v=7:1415
[  518797ms] [ERROR] Access to fetch at 'https://api.nfldata.org/v1/games?season=2026&season_type=2' from origin 'https://live-streaming-eta.vercel.app' has been blocked by CORS policy: No 'Access-Control-Allow-Origin' header is present on the requested resource. @ https://live-streaming-eta.vercel.app/football/2026-08-20:0
[  518797ms] [ERROR] Failed to load resource: net::ERR_FAILED @ https://api.nfldata.org/v1/games?season=2026&season_type=2:0
[  518798ms] [LOG] ℹ️ NFL season type 2 failed: Failed to fetch @ https://live-streaming-eta.vercel.app/js/api.js?v=7:1415
[  519137ms] [ERROR] Access to fetch at 'https://api.nfldata.org/v1/games?season=2026&season_type=3' from origin 'https://live-streaming-eta.vercel.app' has been blocked by CORS policy: No 'Access-Control-Allow-Origin' header is present on the requested resource. @ https://live-streaming-eta.vercel.app/football/2026-08-20:0
[  519137ms] [ERROR] Failed to load resource: net::ERR_FAILED @ https://api.nfldata.org/v1/games?season=2026&season_type=3:0
[  519137ms] [LOG] ℹ️ NFL season type 3 failed: Failed to fetch @ https://live-streaming-eta.vercel.app/js/api.js?v=7:1415
[  519941ms] [LOG] 🌐 Fetching football... @ https://live-streaming-eta.vercel.app/js/api.js?v=7:467
[  519942ms] [LOG] 🌐 Fetching cricket... @ https://live-streaming-eta.vercel.app/js/api.js?v=7:467
[  519943ms] [LOG] 🌐 Fetching basketball... @ https://live-streaming-eta.vercel.app/js/api.js?v=7:467
[  519944ms] [LOG] 🌐 Fetching tennis... @ https://live-streaming-eta.vercel.app/js/api.js?v=7:467
[  519944ms] [LOG] 🌐 Fetching mma... @ https://live-streaming-eta.vercel.app/js/api.js?v=7:467
[  519945ms] [LOG] 🌐 Fetching ufc... @ https://live-streaming-eta.vercel.app/js/api.js?v=7:467
[  519945ms] [LOG] 🌐 Fetching football... @ https://live-streaming-eta.vercel.app/js/api.js?v=7:467
[  519946ms] [LOG] 🌐 Fetching cricket... @ https://live-streaming-eta.vercel.app/js/api.js?v=7:467
[  519946ms] [LOG] 🌐 Fetching basketball... @ https://live-streaming-eta.vercel.app/js/api.js?v=7:467
[  519946ms] [LOG] 🌐 Fetching tennis... @ https://live-streaming-eta.vercel.app/js/api.js?v=7:467
[  519947ms] [LOG] 🌐 Fetching mma... @ https://live-streaming-eta.vercel.app/js/api.js?v=7:467
[  519947ms] [LOG] 🌐 Fetching ufc... @ https://live-streaming-eta.vercel.app/js/api.js?v=7:467
[  519948ms] [LOG] 🌐 Fetching football... @ https://live-streaming-eta.vercel.app/js/api.js?v=7:467
[  519948ms] [LOG] 🌐 Fetching cricket... @ https://live-streaming-eta.vercel.app/js/api.js?v=7:467
[  519948ms] [LOG] 🌐 Fetching basketball... @ https://live-streaming-eta.vercel.app/js/api.js?v=7:467
[  519949ms] [LOG] 🌐 Fetching tennis... @ https://live-streaming-eta.vercel.app/js/api.js?v=7:467
[  519949ms] [LOG] 🌐 Fetching mma... @ https://live-streaming-eta.vercel.app/js/api.js?v=7:467
[  519949ms] [LOG] 🌐 Fetching ufc... @ https://live-streaming-eta.vercel.app/js/api.js?v=7:467
[  519949ms] [LOG] 🌐 Fetching football... @ https://live-streaming-eta.vercel.app/js/api.js?v=7:467
[  519950ms] [LOG] 🌐 Fetching cricket... @ https://live-streaming-eta.vercel.app/js/api.js?v=7:467
[  519950ms] [LOG] 🌐 Fetching basketball... @ https://live-streaming-eta.vercel.app/js/api.js?v=7:467
[  519950ms] [LOG] 🌐 Fetching tennis... @ https://live-streaming-eta.vercel.app/js/api.js?v=7:467
[  519951ms] [LOG] 🌐 Fetching mma... @ https://live-streaming-eta.vercel.app/js/api.js?v=7:467
[  519951ms] [LOG] 🌐 Fetching ufc... @ https://live-streaming-eta.vercel.app/js/api.js?v=7:467
[  519952ms] [LOG] 🌐 Fetching football... @ https://live-streaming-eta.vercel.app/js/api.js?v=7:467
[  519952ms] [LOG] 🌐 Fetching cricket... @ https://live-streaming-eta.vercel.app/js/api.js?v=7:467
[  519953ms] [LOG] 🌐 Fetching basketball... @ https://live-streaming-eta.vercel.app/js/api.js?v=7:467
[  519953ms] [LOG] 🌐 Fetching tennis... @ https://live-streaming-eta.vercel.app/js/api.js?v=7:467
[  519954ms] [LOG] 🌐 Fetching mma... @ https://live-streaming-eta.vercel.app/js/api.js?v=7:467
[  519954ms] [LOG] 🌐 Fetching ufc... @ https://live-streaming-eta.vercel.app/js/api.js?v=7:467
[  520163ms] [ERROR] Failed to load resource: the server responded with a status of 400 () @ https://sportscore.com/api/widget/matches/?sport=mma&limit=30:0
[  520163ms] [LOG] ℹ️ mma not available from SportScore API @ https://live-streaming-eta.vercel.app/js/api.js?v=7:471
[  520169ms] [ERROR] Failed to load resource: the server responded with a status of 400 () @ https://sportscore.com/api/widget/matches/?sport=ufc&limit=30:0
[  520170ms] [LOG] ℹ️ ufc not available from SportScore API @ https://live-streaming-eta.vercel.app/js/api.js?v=7:471
[  520365ms] [ERROR] Failed to load resource: the server responded with a status of 400 () @ https://sportscore.com/api/widget/matches/?sport=mma&limit=30:0
[  520366ms] [LOG] ℹ️ mma not available from SportScore API @ https://live-streaming-eta.vercel.app/js/api.js?v=7:471
[  520366ms] [ERROR] Failed to load resource: the server responded with a status of 400 () @ https://sportscore.com/api/widget/matches/?sport=ufc&limit=30:0
[  520366ms] [LOG] ℹ️ ufc not available from SportScore API @ https://live-streaming-eta.vercel.app/js/api.js?v=7:471
[  520515ms] [ERROR] Access to fetch at 'https://api.nfldata.org/v1/games?season=2026&season_type=1' from origin 'https://live-streaming-eta.vercel.app' has been blocked by CORS policy: No 'Access-Control-Allow-Origin' header is present on the requested resource. @ https://live-streaming-eta.vercel.app/football/2026-08-20:0
[  520515ms] [ERROR] Failed to load resource: net::ERR_FAILED @ https://api.nfldata.org/v1/games?season=2026&season_type=1:0
[  520515ms] [LOG] ℹ️ NFL season type 1 failed: Failed to fetch @ https://live-streaming-eta.vercel.app/js/api.js?v=7:1415
[  520561ms] [ERROR] Failed to load resource: the server responded with a status of 400 () @ https://sportscore.com/api/widget/matches/?sport=mma&limit=30:0
[  520562ms] [LOG] ℹ️ mma not available from SportScore API @ https://live-streaming-eta.vercel.app/js/api.js?v=7:471
[  520566ms] [ERROR] Failed to load resource: the server responded with a status of 400 () @ https://sportscore.com/api/widget/matches/?sport=ufc&limit=30:0
[  520566ms] [LOG] ℹ️ ufc not available from SportScore API @ https://live-streaming-eta.vercel.app/js/api.js?v=7:471
[  520764ms] [ERROR] Failed to load resource: the server responded with a status of 400 () @ https://sportscore.com/api/widget/matches/?sport=mma&limit=30:0
[  520764ms] [LOG] ℹ️ mma not available from SportScore API @ https://live-streaming-eta.vercel.app/js/api.js?v=7:471
[  520769ms] [ERROR] Failed to load resource: the server responded with a status of 400 () @ https://sportscore.com/api/widget/matches/?sport=ufc&limit=30:0
[  520769ms] [LOG] ℹ️ ufc not available from SportScore API @ https://live-streaming-eta.vercel.app/js/api.js?v=7:471
[  520853ms] [ERROR] Access to fetch at 'https://api.nfldata.org/v1/games?season=2026&season_type=1' from origin 'https://live-streaming-eta.vercel.app' has been blocked by CORS policy: No 'Access-Control-Allow-Origin' header is present on the requested resource. @ https://live-streaming-eta.vercel.app/football/2026-08-20:0
[  520853ms] [ERROR] Failed to load resource: net::ERR_FAILED @ https://api.nfldata.org/v1/games?season=2026&season_type=1:0
[  520853ms] [LOG] ℹ️ NFL season type 1 failed: Failed to fetch @ https://live-streaming-eta.vercel.app/js/api.js?v=7:1415
[  520856ms] [ERROR] Access to fetch at 'https://api.nfldata.org/v1/games?season=2026&season_type=2' from origin 'https://live-streaming-eta.vercel.app' has been blocked by CORS policy: No 'Access-Control-Allow-Origin' header is present on the requested resource. @ https://live-streaming-eta.vercel.app/football/2026-08-20:0
[  520856ms] [ERROR] Failed to load resource: net::ERR_FAILED @ https://api.nfldata.org/v1/games?season=2026&season_type=2:0
[  520856ms] [LOG] ℹ️ NFL season type 2 failed: Failed to fetch @ https://live-streaming-eta.vercel.app/js/api.js?v=7:1415
[  520964ms] [ERROR] Failed to load resource: the server responded with a status of 400 () @ https://sportscore.com/api/widget/matches/?sport=mma&limit=30:0
[  520964ms] [LOG] ℹ️ mma not available from SportScore API @ https://live-streaming-eta.vercel.app/js/api.js?v=7:471
[  520969ms] [ERROR] Failed to load resource: the server responded with a status of 400 () @ https://sportscore.com/api/widget/matches/?sport=ufc&limit=30:0
[  520970ms] [LOG] ℹ️ ufc not available from SportScore API @ https://live-streaming-eta.vercel.app/js/api.js?v=7:471
[  521180ms] [ERROR] Access to fetch at 'https://api.nfldata.org/v1/games?season=2026&season_type=1' from origin 'https://live-streaming-eta.vercel.app' has been blocked by CORS policy: No 'Access-Control-Allow-Origin' header is present on the requested resource. @ https://live-streaming-eta.vercel.app/football/2026-08-20:0
[  521180ms] [ERROR] Failed to load resource: net::ERR_FAILED @ https://api.nfldata.org/v1/games?season=2026&season_type=1:0
[  521180ms] [LOG] ℹ️ NFL season type 1 failed: Failed to fetch @ https://live-streaming-eta.vercel.app/js/api.js?v=7:1415
[  521223ms] [ERROR] Access to fetch at 'https://api.nfldata.org/v1/games?season=2026&season_type=2' from origin 'https://live-streaming-eta.vercel.app' has been blocked by CORS policy: No 'Access-Control-Allow-Origin' header is present on the requested resource. @ https://live-streaming-eta.vercel.app/football/2026-08-20:0
[  521223ms] [ERROR] Failed to load resource: net::ERR_FAILED @ https://api.nfldata.org/v1/games?season=2026&season_type=2:0
[  521223ms] [LOG] ℹ️ NFL season type 2 failed: Failed to fetch @ https://live-streaming-eta.vercel.app/js/api.js?v=7:1415
[  521228ms] [ERROR] Access to fetch at 'https://api.nfldata.org/v1/games?season=2026&season_type=3' from origin 'https://live-streaming-eta.vercel.app' has been blocked by CORS policy: No 'Access-Control-Allow-Origin' header is present on the requested resource. @ https://live-streaming-eta.vercel.app/football/2026-08-20:0
[  521228ms] [ERROR] Failed to load resource: net::ERR_FAILED @ https://api.nfldata.org/v1/games?season=2026&season_type=3:0
[  521228ms] [LOG] ℹ️ NFL season type 3 failed: Failed to fetch @ https://live-streaming-eta.vercel.app/js/api.js?v=7:1415
[  521503ms] [ERROR] Access to fetch at 'https://api.nfldata.org/v1/games?season=2026&season_type=1' from origin 'https://live-streaming-eta.vercel.app' has been blocked by CORS policy: No 'Access-Control-Allow-Origin' header is present on the requested resource. @ https://live-streaming-eta.vercel.app/football/2026-08-20:0
[  521503ms] [ERROR] Failed to load resource: net::ERR_FAILED @ https://api.nfldata.org/v1/games?season=2026&season_type=1:0
[  521503ms] [LOG] ℹ️ NFL season type 1 failed: Failed to fetch @ https://live-streaming-eta.vercel.app/js/api.js?v=7:1415
[  521598ms] [ERROR] Access to fetch at 'https://api.nfldata.org/v1/games?season=2026&season_type=2' from origin 'https://live-streaming-eta.vercel.app' has been blocked by CORS policy: No 'Access-Control-Allow-Origin' header is present on the requested resource. @ https://live-streaming-eta.vercel.app/football/2026-08-20:0
[  521598ms] [ERROR] Failed to load resource: net::ERR_FAILED @ https://api.nfldata.org/v1/games?season=2026&season_type=2:0
[  521598ms] [LOG] ℹ️ NFL season type 2 failed: Failed to fetch @ https://live-streaming-eta.vercel.app/js/api.js?v=7:1415
[  521602ms] [ERROR] Access to fetch at 'https://api.nfldata.org/v1/games?season=2026&season_type=3' from origin 'https://live-streaming-eta.vercel.app' has been blocked by CORS policy: No 'Access-Control-Allow-Origin' header is present on the requested resource. @ https://live-streaming-eta.vercel.app/football/2026-08-20:0
[  521602ms] [ERROR] Failed to load resource: net::ERR_FAILED @ https://api.nfldata.org/v1/games?season=2026&season_type=3:0
[  521602ms] [LOG] ℹ️ NFL season type 3 failed: Failed to fetch @ https://live-streaming-eta.vercel.app/js/api.js?v=7:1415
[  521825ms] [ERROR] Access to fetch at 'https://api.nfldata.org/v1/games?season=2026&season_type=1' from origin 'https://live-streaming-eta.vercel.app' has been blocked by CORS policy: No 'Access-Control-Allow-Origin' header is present on the requested resource. @ https://live-streaming-eta.vercel.app/football/2026-08-20:0
[  521825ms] [ERROR] Failed to load resource: net::ERR_FAILED @ https://api.nfldata.org/v1/games?season=2026&season_type=1:0
[  521825ms] [LOG] ℹ️ NFL season type 1 failed: Failed to fetch @ https://live-streaming-eta.vercel.app/js/api.js?v=7:1415
[  521930ms] [ERROR] Access to fetch at 'https://api.nfldata.org/v1/games?season=2026&season_type=2' from origin 'https://live-streaming-eta.vercel.app' has been blocked by CORS policy: No 'Access-Control-Allow-Origin' header is present on the requested resource. @ https://live-streaming-eta.vercel.app/football/2026-08-20:0
[  521930ms] [ERROR] Failed to load resource: net::ERR_FAILED @ https://api.nfldata.org/v1/games?season=2026&season_type=2:0
[  521930ms] [LOG] ℹ️ NFL season type 2 failed: Failed to fetch @ https://live-streaming-eta.vercel.app/js/api.js?v=7:1415
[  521937ms] [ERROR] Access to fetch at 'https://api.nfldata.org/v1/games?season=2026&season_type=3' from origin 'https://live-streaming-eta.vercel.app' has been blocked by CORS policy: No 'Access-Control-Allow-Origin' header is present on the requested resource. @ https://live-streaming-eta.vercel.app/football/2026-08-20:0
[  521937ms] [ERROR] Failed to load resource: net::ERR_FAILED @ https://api.nfldata.org/v1/games?season=2026&season_type=3:0
[  521938ms] [LOG] ℹ️ NFL season type 3 failed: Failed to fetch @ https://live-streaming-eta.vercel.app/js/api.js?v=7:1415
[  522266ms] [ERROR] Access to fetch at 'https://api.nfldata.org/v1/games?season=2026&season_type=2' from origin 'https://live-streaming-eta.vercel.app' has been blocked by CORS policy: No 'Access-Control-Allow-Origin' header is present on the requested resource. @ https://live-streaming-eta.vercel.app/football/2026-08-20:0
[  522266ms] [ERROR] Failed to load resource: net::ERR_FAILED @ https://api.nfldata.org/v1/games?season=2026&season_type=2:0
[  522266ms] [LOG] ℹ️ NFL season type 2 failed: Failed to fetch @ https://live-streaming-eta.vercel.app/js/api.js?v=7:1415
[  522269ms] [ERROR] Access to fetch at 'https://api.nfldata.org/v1/games?season=2026&season_type=3' from origin 'https://live-streaming-eta.vercel.app' has been blocked by CORS policy: No 'Access-Control-Allow-Origin' header is present on the requested resource. @ https://live-streaming-eta.vercel.app/football/2026-08-20:0
[  522270ms] [ERROR] Failed to load resource: net::ERR_FAILED @ https://api.nfldata.org/v1/games?season=2026&season_type=3:0
[  522270ms] [LOG] ℹ️ NFL season type 3 failed: Failed to fetch @ https://live-streaming-eta.vercel.app/js/api.js?v=7:1415
[  522598ms] [ERROR] Access to fetch at 'https://api.nfldata.org/v1/games?season=2026&season_type=3' from origin 'https://live-streaming-eta.vercel.app' has been blocked by CORS policy: No 'Access-Control-Allow-Origin' header is present on the requested resource. @ https://live-streaming-eta.vercel.app/football/2026-08-20:0
[  522598ms] [ERROR] Failed to load resource: net::ERR_FAILED @ https://api.nfldata.org/v1/games?season=2026&season_type=3:0
[  522598ms] [LOG] ℹ️ NFL season type 3 failed: Failed to fetch @ https://live-streaming-eta.vercel.app/js/api.js?v=7:1415
[  523400ms] [LOG] 🌐 Fetching football... @ https://live-streaming-eta.vercel.app/js/api.js?v=7:467
[  523401ms] [LOG] 🌐 Fetching cricket... @ https://live-streaming-eta.vercel.app/js/api.js?v=7:467
[  523402ms] [LOG] 🌐 Fetching basketball... @ https://live-streaming-eta.vercel.app/js/api.js?v=7:467
[  523403ms] [LOG] 🌐 Fetching tennis... @ https://live-streaming-eta.vercel.app/js/api.js?v=7:467
[  523403ms] [LOG] 🌐 Fetching mma... @ https://live-streaming-eta.vercel.app/js/api.js?v=7:467
[  523404ms] [LOG] 🌐 Fetching ufc... @ https://live-streaming-eta.vercel.app/js/api.js?v=7:467
[  523405ms] [LOG] 🌐 Fetching football... @ https://live-streaming-eta.vercel.app/js/api.js?v=7:467
[  523405ms] [LOG] 🌐 Fetching cricket... @ https://live-streaming-eta.vercel.app/js/api.js?v=7:467
[  523405ms] [LOG] 🌐 Fetching basketball... @ https://live-streaming-eta.vercel.app/js/api.js?v=7:467
[  523406ms] [LOG] 🌐 Fetching tennis... @ https://live-streaming-eta.vercel.app/js/api.js?v=7:467
[  523406ms] [LOG] 🌐 Fetching mma... @ https://live-streaming-eta.vercel.app/js/api.js?v=7:467
[  523406ms] [LOG] 🌐 Fetching ufc... @ https://live-streaming-eta.vercel.app/js/api.js?v=7:467
[  523406ms] [LOG] 🌐 Fetching football... @ https://live-streaming-eta.vercel.app/js/api.js?v=7:467
[  523407ms] [LOG] 🌐 Fetching cricket... @ https://live-streaming-eta.vercel.app/js/api.js?v=7:467
[  523407ms] [LOG] 🌐 Fetching basketball... @ https://live-streaming-eta.vercel.app/js/api.js?v=7:467
[  523407ms] [LOG] 🌐 Fetching tennis... @ https://live-streaming-eta.vercel.app/js/api.js?v=7:467
[  523408ms] [LOG] 🌐 Fetching mma... @ https://live-streaming-eta.vercel.app/js/api.js?v=7:467
[  523408ms] [LOG] 🌐 Fetching ufc... @ https://live-streaming-eta.vercel.app/js/api.js?v=7:467
[  523408ms] [LOG] 🌐 Fetching football... @ https://live-streaming-eta.vercel.app/js/api.js?v=7:467
[  523409ms] [LOG] 🌐 Fetching cricket... @ https://live-streaming-eta.vercel.app/js/api.js?v=7:467
[  523409ms] [LOG] 🌐 Fetching basketball... @ https://live-streaming-eta.vercel.app/js/api.js?v=7:467
[  523409ms] [LOG] 🌐 Fetching tennis... @ https://live-streaming-eta.vercel.app/js/api.js?v=7:467
[  523410ms] [LOG] 🌐 Fetching mma... @ https://live-streaming-eta.vercel.app/js/api.js?v=7:467
[  523410ms] [LOG] 🌐 Fetching ufc... @ https://live-streaming-eta.vercel.app/js/api.js?v=7:467
[  523410ms] [LOG] 🌐 Fetching football... @ https://live-streaming-eta.vercel.app/js/api.js?v=7:467
[  523410ms] [LOG] 🌐 Fetching cricket... @ https://live-streaming-eta.vercel.app/js/api.js?v=7:467
[  523412ms] [LOG] 🌐 Fetching basketball... @ https://live-streaming-eta.vercel.app/js/api.js?v=7:467
[  523413ms] [LOG] 🌐 Fetching tennis... @ https://live-streaming-eta.vercel.app/js/api.js?v=7:467
[  523414ms] [LOG] 🌐 Fetching mma... @ https://live-streaming-eta.vercel.app/js/api.js?v=7:467
[  523415ms] [LOG] 🌐 Fetching ufc... @ https://live-streaming-eta.vercel.app/js/api.js?v=7:467
[  523625ms] [ERROR] Failed to load resource: the server responded with a status of 400 () @ https://sportscore.com/api/widget/matches/?sport=mma&limit=30:0
[  523626ms] [LOG] ℹ️ mma not available from SportScore API @ https://live-streaming-eta.vercel.app/js/api.js?v=7:471
[  523631ms] [ERROR] Failed to load resource: the server responded with a status of 400 () @ https://sportscore.com/api/widget/matches/?sport=ufc&limit=30:0
[  523632ms] [LOG] ℹ️ ufc not available from SportScore API @ https://live-streaming-eta.vercel.app/js/api.js?v=7:471
[  523818ms] [ERROR] Failed to load resource: the server responded with a status of 400 () @ https://sportscore.com/api/widget/matches/?sport=mma&limit=30:0
[  523818ms] [LOG] ℹ️ mma not available from SportScore API @ https://live-streaming-eta.vercel.app/js/api.js?v=7:471
[  523824ms] [ERROR] Failed to load resource: the server responded with a status of 400 () @ https://sportscore.com/api/widget/matches/?sport=ufc&limit=30:0
[  523825ms] [LOG] ℹ️ ufc not available from SportScore API @ https://live-streaming-eta.vercel.app/js/api.js?v=7:471
[  523954ms] [ERROR] Access to fetch at 'https://api.nfldata.org/v1/games?season=2026&season_type=1' from origin 'https://live-streaming-eta.vercel.app' has been blocked by CORS policy: No 'Access-Control-Allow-Origin' header is present on the requested resource. @ https://live-streaming-eta.vercel.app/football/2026-08-20:0
[  523954ms] [ERROR] Failed to load resource: net::ERR_FAILED @ https://api.nfldata.org/v1/games?season=2026&season_type=1:0
[  523955ms] [LOG] ℹ️ NFL season type 1 failed: Failed to fetch @ https://live-streaming-eta.vercel.app/js/api.js?v=7:1415
[  524011ms] [ERROR] Failed to load resource: the server responded with a status of 400 () @ https://sportscore.com/api/widget/matches/?sport=mma&limit=30:0
[  524011ms] [LOG] ℹ️ mma not available from SportScore API @ https://live-streaming-eta.vercel.app/js/api.js?v=7:471
[  524019ms] [ERROR] Failed to load resource: the server responded with a status of 400 () @ https://sportscore.com/api/widget/matches/?sport=ufc&limit=30:0
[  524019ms] [LOG] ℹ️ ufc not available from SportScore API @ https://live-streaming-eta.vercel.app/js/api.js?v=7:471
[  524214ms] [ERROR] Failed to load resource: the server responded with a status of 400 () @ https://sportscore.com/api/widget/matches/?sport=mma&limit=30:0
[  524215ms] [LOG] ℹ️ mma not available from SportScore API @ https://live-streaming-eta.vercel.app/js/api.js?v=7:471
[  524219ms] [ERROR] Failed to load resource: the server responded with a status of 400 () @ https://sportscore.com/api/widget/matches/?sport=ufc&limit=30:0
[  524219ms] [LOG] ℹ️ ufc not available from SportScore API @ https://live-streaming-eta.vercel.app/js/api.js?v=7:471
[  524290ms] [ERROR] Access to fetch at 'https://api.nfldata.org/v1/games?season=2026&season_type=2' from origin 'https://live-streaming-eta.vercel.app' has been blocked by CORS policy: No 'Access-Control-Allow-Origin' header is present on the requested resource. @ https://live-streaming-eta.vercel.app/football/2026-08-20:0
[  524290ms] [ERROR] Failed to load resource: net::ERR_FAILED @ https://api.nfldata.org/v1/games?season=2026&season_type=2:0
[  524290ms] [LOG] ℹ️ NFL season type 2 failed: Failed to fetch @ https://live-streaming-eta.vercel.app/js/api.js?v=7:1415
[  524293ms] [ERROR] Access to fetch at 'https://api.nfldata.org/v1/games?season=2026&season_type=1' from origin 'https://live-streaming-eta.vercel.app' has been blocked by CORS policy: No 'Access-Control-Allow-Origin' header is present on the requested resource. @ https://live-streaming-eta.vercel.app/football/2026-08-20:0
[  524293ms] [ERROR] Failed to load resource: net::ERR_FAILED @ https://api.nfldata.org/v1/games?season=2026&season_type=1:0
[  524293ms] [LOG] ℹ️ NFL season type 1 failed: Failed to fetch @ https://live-streaming-eta.vercel.app/js/api.js?v=7:1415
[  524417ms] [ERROR] Failed to load resource: the server responded with a status of 400 () @ https://sportscore.com/api/widget/matches/?sport=mma&limit=30:0
[  524417ms] [LOG] ℹ️ mma not available from SportScore API @ https://live-streaming-eta.vercel.app/js/api.js?v=7:471
[  524417ms] [ERROR] Failed to load resource: the server responded with a status of 400 () @ https://sportscore.com/api/widget/matches/?sport=ufc&limit=30:0
[  524418ms] [LOG] ℹ️ ufc not available from SportScore API @ https://live-streaming-eta.vercel.app/js/api.js?v=7:471
[  524641ms] [ERROR] Access to fetch at 'https://api.nfldata.org/v1/games?season=2026&season_type=3' from origin 'https://live-streaming-eta.vercel.app' has been blocked by CORS policy: No 'Access-Control-Allow-Origin' header is present on the requested resource. @ https://live-streaming-eta.vercel.app/football/2026-08-20:0
[  524641ms] [ERROR] Failed to load resource: net::ERR_FAILED @ https://api.nfldata.org/v1/games?season=2026&season_type=3:0
[  524641ms] [LOG] ℹ️ NFL season type 3 failed: Failed to fetch @ https://live-streaming-eta.vercel.app/js/api.js?v=7:1415
[  524653ms] [ERROR] Access to fetch at 'https://api.nfldata.org/v1/games?season=2026&season_type=1' from origin 'https://live-streaming-eta.vercel.app' has been blocked by CORS policy: No 'Access-Control-Allow-Origin' header is present on the requested resource. @ https://live-streaming-eta.vercel.app/football/2026-08-20:0
[  524653ms] [ERROR] Failed to load resource: net::ERR_FAILED @ https://api.nfldata.org/v1/games?season=2026&season_type=1:0
[  524653ms] [LOG] ℹ️ NFL season type 1 failed: Failed to fetch @ https://live-streaming-eta.vercel.app/js/api.js?v=7:1415
[  524658ms] [ERROR] Access to fetch at 'https://api.nfldata.org/v1/games?season=2026&season_type=2' from origin 'https://live-streaming-eta.vercel.app' has been blocked by CORS policy: No 'Access-Control-Allow-Origin' header is present on the requested resource. @ https://live-streaming-eta.vercel.app/football/2026-08-20:0
[  524658ms] [ERROR] Failed to load resource: net::ERR_FAILED @ https://api.nfldata.org/v1/games?season=2026&season_type=2:0
[  524658ms] [LOG] ℹ️ NFL season type 2 failed: Failed to fetch @ https://live-streaming-eta.vercel.app/js/api.js?v=7:1415
[  524988ms] [ERROR] Access to fetch at 'https://api.nfldata.org/v1/games?season=2026&season_type=1' from origin 'https://live-streaming-eta.vercel.app' has been blocked by CORS policy: No 'Access-Control-Allow-Origin' header is present on the requested resource. @ https://live-streaming-eta.vercel.app/football/2026-08-20:0
[  524988ms] [ERROR] Failed to load resource: net::ERR_FAILED @ https://api.nfldata.org/v1/games?season=2026&season_type=1:0
[  524988ms] [LOG] ℹ️ NFL season type 1 failed: Failed to fetch @ https://live-streaming-eta.vercel.app/js/api.js?v=7:1415
[  524993ms] [ERROR] Access to fetch at 'https://api.nfldata.org/v1/games?season=2026&season_type=2' from origin 'https://live-streaming-eta.vercel.app' has been blocked by CORS policy: No 'Access-Control-Allow-Origin' header is present on the requested resource. @ https://live-streaming-eta.vercel.app/football/2026-08-20:0
[  524993ms] [ERROR] Failed to load resource: net::ERR_FAILED @ https://api.nfldata.org/v1/games?season=2026&season_type=2:0
[  524993ms] [LOG] ℹ️ NFL season type 2 failed: Failed to fetch @ https://live-streaming-eta.vercel.app/js/api.js?v=7:1415
[  524994ms] [ERROR] Access to fetch at 'https://api.nfldata.org/v1/games?season=2026&season_type=3' from origin 'https://live-streaming-eta.vercel.app' has been blocked by CORS policy: No 'Access-Control-Allow-Origin' header is present on the requested resource. @ https://live-streaming-eta.vercel.app/football/2026-08-20:0
[  524994ms] [ERROR] Failed to load resource: net::ERR_FAILED @ https://api.nfldata.org/v1/games?season=2026&season_type=3:0
[  524994ms] [LOG] ℹ️ NFL season type 3 failed: Failed to fetch @ https://live-streaming-eta.vercel.app/js/api.js?v=7:1415
[  525325ms] [ERROR] Access to fetch at 'https://api.nfldata.org/v1/games?season=2026&season_type=3' from origin 'https://live-streaming-eta.vercel.app' has been blocked by CORS policy: No 'Access-Control-Allow-Origin' header is present on the requested resource. @ https://live-streaming-eta.vercel.app/football/2026-08-20:0
[  525325ms] [ERROR] Failed to load resource: net::ERR_FAILED @ https://api.nfldata.org/v1/games?season=2026&season_type=3:0
[  525325ms] [LOG] ℹ️ NFL season type 3 failed: Failed to fetch @ https://live-streaming-eta.vercel.app/js/api.js?v=7:1415
[  525329ms] [ERROR] Access to fetch at 'https://api.nfldata.org/v1/games?season=2026&season_type=2' from origin 'https://live-streaming-eta.vercel.app' has been blocked by CORS policy: No 'Access-Control-Allow-Origin' header is present on the requested resource. @ https://live-streaming-eta.vercel.app/football/2026-08-20:0
[  525331ms] [ERROR] Failed to load resource: net::ERR_FAILED @ https://api.nfldata.org/v1/games?season=2026&season_type=2:0
[  525331ms] [LOG] ℹ️ NFL season type 2 failed: Failed to fetch @ https://live-streaming-eta.vercel.app/js/api.js?v=7:1415
[  525337ms] [ERROR] Access to fetch at 'https://api.nfldata.org/v1/games?season=2026&season_type=1' from origin 'https://live-streaming-eta.vercel.app' has been blocked by CORS policy: No 'Access-Control-Allow-Origin' header is present on the requested resource. @ https://live-streaming-eta.vercel.app/football/2026-08-20:0
[  525337ms] [ERROR] Failed to load resource: net::ERR_FAILED @ https://api.nfldata.org/v1/games?season=2026&season_type=1:0
[  525337ms] [LOG] ℹ️ NFL season type 1 failed: Failed to fetch @ https://live-streaming-eta.vercel.app/js/api.js?v=7:1415
[  525669ms] [ERROR] Access to fetch at 'https://api.nfldata.org/v1/games?season=2026&season_type=3' from origin 'https://live-streaming-eta.vercel.app' has been blocked by CORS policy: No 'Access-Control-Allow-Origin' header is present on the requested resource. @ https://live-streaming-eta.vercel.app/football/2026-08-20:0
[  525669ms] [ERROR] Failed to load resource: net::ERR_FAILED @ https://api.nfldata.org/v1/games?season=2026&season_type=3:0
[  525669ms] [LOG] ℹ️ NFL season type 3 failed: Failed to fetch @ https://live-streaming-eta.vercel.app/js/api.js?v=7:1415
[  525672ms] [ERROR] Access to fetch at 'https://api.nfldata.org/v1/games?season=2026&season_type=2' from origin 'https://live-streaming-eta.vercel.app' has been blocked by CORS policy: No 'Access-Control-Allow-Origin' header is present on the requested resource. @ https://live-streaming-eta.vercel.app/football/2026-08-20:0
[  525672ms] [ERROR] Failed to load resource: net::ERR_FAILED @ https://api.nfldata.org/v1/games?season=2026&season_type=2:0
[  525672ms] [LOG] ℹ️ NFL season type 2 failed: Failed to fetch @ https://live-streaming-eta.vercel.app/js/api.js?v=7:1415
[  525998ms] [ERROR] Access to fetch at 'https://api.nfldata.org/v1/games?season=2026&season_type=3' from origin 'https://live-streaming-eta.vercel.app' has been blocked by CORS policy: No 'Access-Control-Allow-Origin' header is present on the requested resource. @ https://live-streaming-eta.vercel.app/football/2026-08-20:0
[  525998ms] [ERROR] Failed to load resource: net::ERR_FAILED @ https://api.nfldata.org/v1/games?season=2026&season_type=3:0
[  525999ms] [LOG] ℹ️ NFL season type 3 failed: Failed to fetch @ https://live-streaming-eta.vercel.app/js/api.js?v=7:1415
[  526816ms] [LOG] 🌐 Fetching football... @ https://live-streaming-eta.vercel.app/js/api.js?v=7:467
[  526816ms] [LOG] 🌐 Fetching cricket... @ https://live-streaming-eta.vercel.app/js/api.js?v=7:467
[  526817ms] [LOG] 🌐 Fetching basketball... @ https://live-streaming-eta.vercel.app/js/api.js?v=7:467
[  526818ms] [LOG] 🌐 Fetching tennis... @ https://live-streaming-eta.vercel.app/js/api.js?v=7:467
[  526818ms] [LOG] 🌐 Fetching mma... @ https://live-streaming-eta.vercel.app/js/api.js?v=7:467
[  526818ms] [LOG] 🌐 Fetching ufc... @ https://live-streaming-eta.vercel.app/js/api.js?v=7:467
[  526819ms] [LOG] 🌐 Fetching football... @ https://live-streaming-eta.vercel.app/js/api.js?v=7:467
[  526819ms] [LOG] 🌐 Fetching cricket... @ https://live-streaming-eta.vercel.app/js/api.js?v=7:467
[  526819ms] [LOG] 🌐 Fetching basketball... @ https://live-streaming-eta.vercel.app/js/api.js?v=7:467
[  526820ms] [LOG] 🌐 Fetching tennis... @ https://live-streaming-eta.vercel.app/js/api.js?v=7:467
[  526820ms] [LOG] 🌐 Fetching mma... @ https://live-streaming-eta.vercel.app/js/api.js?v=7:467
[  526820ms] [LOG] 🌐 Fetching ufc... @ https://live-streaming-eta.vercel.app/js/api.js?v=7:467
[  526821ms] [LOG] 🌐 Fetching football... @ https://live-streaming-eta.vercel.app/js/api.js?v=7:467
[  526821ms] [LOG] 🌐 Fetching cricket... @ https://live-streaming-eta.vercel.app/js/api.js?v=7:467
[  526822ms] [LOG] 🌐 Fetching basketball... @ https://live-streaming-eta.vercel.app/js/api.js?v=7:467
[  526822ms] [LOG] 🌐 Fetching tennis... @ https://live-streaming-eta.vercel.app/js/api.js?v=7:467
[  526822ms] [LOG] 🌐 Fetching mma... @ https://live-streaming-eta.vercel.app/js/api.js?v=7:467
[  526823ms] [LOG] 🌐 Fetching ufc... @ https://live-streaming-eta.vercel.app/js/api.js?v=7:467
[  526823ms] [LOG] 🌐 Fetching football... @ https://live-streaming-eta.vercel.app/js/api.js?v=7:467
[  526823ms] [LOG] 🌐 Fetching cricket... @ https://live-streaming-eta.vercel.app/js/api.js?v=7:467
[  526824ms] [LOG] 🌐 Fetching basketball... @ https://live-streaming-eta.vercel.app/js/api.js?v=7:467
[  526824ms] [LOG] 🌐 Fetching tennis... @ https://live-streaming-eta.vercel.app/js/api.js?v=7:467
[  526824ms] [LOG] 🌐 Fetching mma... @ https://live-streaming-eta.vercel.app/js/api.js?v=7:467
[  526825ms] [LOG] 🌐 Fetching ufc... @ https://live-streaming-eta.vercel.app/js/api.js?v=7:467
[  526825ms] [LOG] 🌐 Fetching football... @ https://live-streaming-eta.vercel.app/js/api.js?v=7:467
[  526825ms] [LOG] 🌐 Fetching cricket... @ https://live-streaming-eta.vercel.app/js/api.js?v=7:467
[  526826ms] [LOG] 🌐 Fetching basketball... @ https://live-streaming-eta.vercel.app/js/api.js?v=7:467
[  526826ms] [LOG] 🌐 Fetching tennis... @ https://live-streaming-eta.vercel.app/js/api.js?v=7:467
[  526826ms] [LOG] 🌐 Fetching mma... @ https://live-streaming-eta.vercel.app/js/api.js?v=7:467
[  526827ms] [LOG] 🌐 Fetching ufc... @ https://live-streaming-eta.vercel.app/js/api.js?v=7:467
[  527044ms] [ERROR] Failed to load resource: the server responded with a status of 400 () @ https://sportscore.com/api/widget/matches/?sport=mma&limit=30:0
[  527044ms] [LOG] ℹ️ mma not available from SportScore API @ https://live-streaming-eta.vercel.app/js/api.js?v=7:471
[  527045ms] [ERROR] Failed to load resource: the server responded with a status of 400 () @ https://sportscore.com/api/widget/matches/?sport=ufc&limit=30:0
[  527045ms] [LOG] ℹ️ ufc not available from SportScore API @ https://live-streaming-eta.vercel.app/js/api.js?v=7:471
[  527241ms] [ERROR] Failed to load resource: the server responded with a status of 400 () @ https://sportscore.com/api/widget/matches/?sport=ufc&limit=30:0
[  527242ms] [LOG] ℹ️ ufc not available from SportScore API @ https://live-streaming-eta.vercel.app/js/api.js?v=7:471
[  527242ms] [ERROR] Failed to load resource: the server responded with a status of 400 () @ https://sportscore.com/api/widget/matches/?sport=mma&limit=30:0
[  527242ms] [LOG] ℹ️ mma not available from SportScore API @ https://live-streaming-eta.vercel.app/js/api.js?v=7:471
[  527369ms] [ERROR] Access to fetch at 'https://api.nfldata.org/v1/games?season=2026&season_type=1' from origin 'https://live-streaming-eta.vercel.app' has been blocked by CORS policy: No 'Access-Control-Allow-Origin' header is present on the requested resource. @ https://live-streaming-eta.vercel.app/football/2026-08-20:0
[  527369ms] [ERROR] Failed to load resource: net::ERR_FAILED @ https://api.nfldata.org/v1/games?season=2026&season_type=1:0
[  527369ms] [LOG] ℹ️ NFL season type 1 failed: Failed to fetch @ https://live-streaming-eta.vercel.app/js/api.js?v=7:1415
[  527437ms] [ERROR] Failed to load resource: the server responded with a status of 400 () @ https://sportscore.com/api/widget/matches/?sport=ufc&limit=30:0
[  527438ms] [LOG] ℹ️ ufc not available from SportScore API @ https://live-streaming-eta.vercel.app/js/api.js?v=7:471
[  527451ms] [ERROR] Failed to load resource: the server responded with a status of 400 () @ https://sportscore.com/api/widget/matches/?sport=mma&limit=30:0
[  527451ms] [LOG] ℹ️ mma not available from SportScore API @ https://live-streaming-eta.vercel.app/js/api.js?v=7:471
[  527637ms] [ERROR] Failed to load resource: the server responded with a status of 400 () @ https://sportscore.com/api/widget/matches/?sport=ufc&limit=30:0
[  527638ms] [LOG] ℹ️ ufc not available from SportScore API @ https://live-streaming-eta.vercel.app/js/api.js?v=7:471
[  527648ms] [ERROR] Failed to load resource: the server responded with a status of 400 () @ https://sportscore.com/api/widget/matches/?sport=mma&limit=30:0
[  527650ms] [LOG] ℹ️ mma not available from SportScore API @ https://live-streaming-eta.vercel.app/js/api.js?v=7:471
[  527739ms] [ERROR] Access to fetch at 'https://api.nfldata.org/v1/games?season=2026&season_type=2' from origin 'https://live-streaming-eta.vercel.app' has been blocked by CORS policy: No 'Access-Control-Allow-Origin' header is present on the requested resource. @ https://live-streaming-eta.vercel.app/football/2026-08-20:0
[  527739ms] [ERROR] Failed to load resource: net::ERR_FAILED @ https://api.nfldata.org/v1/games?season=2026&season_type=2:0
[  527739ms] [LOG] ℹ️ NFL season type 2 failed: Failed to fetch @ https://live-streaming-eta.vercel.app/js/api.js?v=7:1415
[  527746ms] [ERROR] Access to fetch at 'https://api.nfldata.org/v1/games?season=2026&season_type=1' from origin 'https://live-streaming-eta.vercel.app' has been blocked by CORS policy: No 'Access-Control-Allow-Origin' header is present on the requested resource. @ https://live-streaming-eta.vercel.app/football/2026-08-20:0
[  527746ms] [ERROR] Failed to load resource: net::ERR_FAILED @ https://api.nfldata.org/v1/games?season=2026&season_type=1:0
[  527746ms] [LOG] ℹ️ NFL season type 1 failed: Failed to fetch @ https://live-streaming-eta.vercel.app/js/api.js?v=7:1415
[  527837ms] [ERROR] Failed to load resource: the server responded with a status of 400 () @ https://sportscore.com/api/widget/matches/?sport=ufc&limit=30:0
[  527837ms] [LOG] ℹ️ ufc not available from SportScore API @ https://live-streaming-eta.vercel.app/js/api.js?v=7:471
[  527851ms] [ERROR] Failed to load resource: the server responded with a status of 400 () @ https://sportscore.com/api/widget/matches/?sport=mma&limit=30:0
[  527852ms] [LOG] ℹ️ mma not available from SportScore API @ https://live-streaming-eta.vercel.app/js/api.js?v=7:471
[  528079ms] [ERROR] Access to fetch at 'https://api.nfldata.org/v1/games?season=2026&season_type=2' from origin 'https://live-streaming-eta.vercel.app' has been blocked by CORS policy: No 'Access-Control-Allow-Origin' header is present on the requested resource. @ https://live-streaming-eta.vercel.app/football/2026-08-20:0
[  528079ms] [ERROR] Failed to load resource: net::ERR_FAILED @ https://api.nfldata.org/v1/games?season=2026&season_type=2:0
[  528079ms] [LOG] ℹ️ NFL season type 2 failed: Failed to fetch @ https://live-streaming-eta.vercel.app/js/api.js?v=7:1415
[  528082ms] [ERROR] Access to fetch at 'https://api.nfldata.org/v1/games?season=2026&season_type=3' from origin 'https://live-streaming-eta.vercel.app' has been blocked by CORS policy: No 'Access-Control-Allow-Origin' header is present on the requested resource. @ https://live-streaming-eta.vercel.app/football/2026-08-20:0
[  528082ms] [ERROR] Failed to load resource: net::ERR_FAILED @ https://api.nfldata.org/v1/games?season=2026&season_type=3:0
[  528082ms] [LOG] ℹ️ NFL season type 3 failed: Failed to fetch @ https://live-streaming-eta.vercel.app/js/api.js?v=7:1415
[  528086ms] [ERROR] Access to fetch at 'https://api.nfldata.org/v1/games?season=2026&season_type=1' from origin 'https://live-streaming-eta.vercel.app' has been blocked by CORS policy: No 'Access-Control-Allow-Origin' header is present on the requested resource. @ https://live-streaming-eta.vercel.app/football/2026-08-20:0
[  528086ms] [ERROR] Failed to load resource: net::ERR_FAILED @ https://api.nfldata.org/v1/games?season=2026&season_type=1:0
[  528086ms] [LOG] ℹ️ NFL season type 1 failed: Failed to fetch @ https://live-streaming-eta.vercel.app/js/api.js?v=7:1415
[  528439ms] [ERROR] Access to fetch at 'https://api.nfldata.org/v1/games?season=2026&season_type=3' from origin 'https://live-streaming-eta.vercel.app' has been blocked by CORS policy: No 'Access-Control-Allow-Origin' header is present on the requested resource. @ https://live-streaming-eta.vercel.app/football/2026-08-20:0
[  528439ms] [ERROR] Failed to load resource: net::ERR_FAILED @ https://api.nfldata.org/v1/games?season=2026&season_type=3:0
[  528439ms] [LOG] ℹ️ NFL season type 3 failed: Failed to fetch @ https://live-streaming-eta.vercel.app/js/api.js?v=7:1415
[  528441ms] [ERROR] Access to fetch at 'https://api.nfldata.org/v1/games?season=2026&season_type=2' from origin 'https://live-streaming-eta.vercel.app' has been blocked by CORS policy: No 'Access-Control-Allow-Origin' header is present on the requested resource. @ https://live-streaming-eta.vercel.app/football/2026-08-20:0
[  528441ms] [ERROR] Failed to load resource: net::ERR_FAILED @ https://api.nfldata.org/v1/games?season=2026&season_type=2:0
[  528441ms] [LOG] ℹ️ NFL season type 2 failed: Failed to fetch @ https://live-streaming-eta.vercel.app/js/api.js?v=7:1415
[  528444ms] [ERROR] Access to fetch at 'https://api.nfldata.org/v1/games?season=2026&season_type=1' from origin 'https://live-streaming-eta.vercel.app' has been blocked by CORS policy: No 'Access-Control-Allow-Origin' header is present on the requested resource. @ https://live-streaming-eta.vercel.app/football/2026-08-20:0
[  528444ms] [ERROR] Failed to load resource: net::ERR_FAILED @ https://api.nfldata.org/v1/games?season=2026&season_type=1:0
[  528444ms] [LOG] ℹ️ NFL season type 1 failed: Failed to fetch @ https://live-streaming-eta.vercel.app/js/api.js?v=7:1415
[  528775ms] [ERROR] Access to fetch at 'https://api.nfldata.org/v1/games?season=2026&season_type=3' from origin 'https://live-streaming-eta.vercel.app' has been blocked by CORS policy: No 'Access-Control-Allow-Origin' header is present on the requested resource. @ https://live-streaming-eta.vercel.app/football/2026-08-20:0
[  528775ms] [ERROR] Failed to load resource: net::ERR_FAILED @ https://api.nfldata.org/v1/games?season=2026&season_type=3:0
[  528775ms] [LOG] ℹ️ NFL season type 3 failed: Failed to fetch @ https://live-streaming-eta.vercel.app/js/api.js?v=7:1415
[  528780ms] [ERROR] Access to fetch at 'https://api.nfldata.org/v1/games?season=2026&season_type=1' from origin 'https://live-streaming-eta.vercel.app' has been blocked by CORS policy: No 'Access-Control-Allow-Origin' header is present on the requested resource. @ https://live-streaming-eta.vercel.app/football/2026-08-20:0
[  528780ms] [ERROR] Failed to load resource: net::ERR_FAILED @ https://api.nfldata.org/v1/games?season=2026&season_type=1:0
[  528780ms] [LOG] ℹ️ NFL season type 1 failed: Failed to fetch @ https://live-streaming-eta.vercel.app/js/api.js?v=7:1415
[  528786ms] [ERROR] Access to fetch at 'https://api.nfldata.org/v1/games?season=2026&season_type=2' from origin 'https://live-streaming-eta.vercel.app' has been blocked by CORS policy: No 'Access-Control-Allow-Origin' header is present on the requested resource. @ https://live-streaming-eta.vercel.app/football/2026-08-20:0
[  528787ms] [ERROR] Failed to load resource: net::ERR_FAILED @ https://api.nfldata.org/v1/games?season=2026&season_type=2:0
[  528787ms] [LOG] ℹ️ NFL season type 2 failed: Failed to fetch @ https://live-streaming-eta.vercel.app/js/api.js?v=7:1415
[  529120ms] [ERROR] Access to fetch at 'https://api.nfldata.org/v1/games?season=2026&season_type=2' from origin 'https://live-streaming-eta.vercel.app' has been blocked by CORS policy: No 'Access-Control-Allow-Origin' header is present on the requested resource. @ https://live-streaming-eta.vercel.app/football/2026-08-20:0
[  529120ms] [ERROR] Failed to load resource: net::ERR_FAILED @ https://api.nfldata.org/v1/games?season=2026&season_type=2:0
[  529120ms] [LOG] ℹ️ NFL season type 2 failed: Failed to fetch @ https://live-streaming-eta.vercel.app/js/api.js?v=7:1415
[  529124ms] [ERROR] Access to fetch at 'https://api.nfldata.org/v1/games?season=2026&season_type=3' from origin 'https://live-streaming-eta.vercel.app' has been blocked by CORS policy: No 'Access-Control-Allow-Origin' header is present on the requested resource. @ https://live-streaming-eta.vercel.app/football/2026-08-20:0
[  529124ms] [ERROR] Failed to load resource: net::ERR_FAILED @ https://api.nfldata.org/v1/games?season=2026&season_type=3:0
[  529124ms] [LOG] ℹ️ NFL season type 3 failed: Failed to fetch @ https://live-streaming-eta.vercel.app/js/api.js?v=7:1415
[  529444ms] [ERROR] Access to fetch at 'https://api.nfldata.org/v1/games?season=2026&season_type=3' from origin 'https://live-streaming-eta.vercel.app' has been blocked by CORS policy: No 'Access-Control-Allow-Origin' header is present on the requested resource. @ https://live-streaming-eta.vercel.app/football/2026-08-20:0
[  529444ms] [ERROR] Failed to load resource: net::ERR_FAILED @ https://api.nfldata.org/v1/games?season=2026&season_type=3:0
[  529444ms] [LOG] ℹ️ NFL season type 3 failed: Failed to fetch @ https://live-streaming-eta.vercel.app/js/api.js?v=7:1415
[  529445ms] [LOG] ✅ Schedule agent: fetched next 60 days @ https://live-streaming-eta.vercel.app/js/api.js?v=7:377
