[    6601ms] Uncaught Error: Minified React error #418; visit https://reactjs.org/docs/error-decoder.html?invariant=418 for the full message or use the non-minified dev environment for full errors and additional helpful warnings.
    at lg (https://wassets.hscicdn.com/_next/static/chunks/framework-70f95e8fb8fe7028.js:8:46458)
    at i (https://wassets.hscicdn.com/_next/static/chunks/framework-70f95e8fb8fe7028.js:8:121053)
    at oO (https://wassets.hscicdn.com/_next/static/chunks/framework-70f95e8fb8fe7028.js:8:99020)
    at <anonymous> (https://wassets.hscicdn.com/_next/static/chunks/framework-70f95e8fb8fe7028.js:8:98887)
    at oF (https://wassets.hscicdn.com/_next/static/chunks/framework-70f95e8fb8fe7028.js:8:98894)
    at oS (https://wassets.hscicdn.com/_next/static/chunks/framework-70f95e8fb8fe7028.js:8:93933)
    at x (https://wassets.hscicdn.com/_next/static/chunks/framework-70f95e8fb8fe7028.js:32:1363)
    at T (https://wassets.hscicdn.com/_next/static/chunks/framework-70f95e8fb8fe7028.js:32:1893)
[    6610ms] Uncaught Error: Minified React error #418; visit https://reactjs.org/docs/error-decoder.html?invariant=418 for the full message or use the non-minified dev environment for full errors and additional helpful warnings.
    at lg (https://wassets.hscicdn.com/_next/static/chunks/framework-70f95e8fb8fe7028.js:8:46458)
    at i (https://wassets.hscicdn.com/_next/static/chunks/framework-70f95e8fb8fe7028.js:8:121053)
    at oO (https://wassets.hscicdn.com/_next/static/chunks/framework-70f95e8fb8fe7028.js:8:99020)
    at <anonymous> (https://wassets.hscicdn.com/_next/static/chunks/framework-70f95e8fb8fe7028.js:8:98887)
    at oF (https://wassets.hscicdn.com/_next/static/chunks/framework-70f95e8fb8fe7028.js:8:98894)
    at oS (https://wassets.hscicdn.com/_next/static/chunks/framework-70f95e8fb8fe7028.js:8:93933)
    at x (https://wassets.hscicdn.com/_next/static/chunks/framework-70f95e8fb8fe7028.js:32:1363)
    at T (https://wassets.hscicdn.com/_next/static/chunks/framework-70f95e8fb8fe7028.js:32:1893)
[    6611ms] Uncaught Error: Minified React error #418; visit https://reactjs.org/docs/error-decoder.html?invariant=418 for the full message or use the non-minified dev environment for full errors and additional helpful warnings.
    at lg (https://wassets.hscicdn.com/_next/static/chunks/framework-70f95e8fb8fe7028.js:8:46458)
    at i (https://wassets.hscicdn.com/_next/static/chunks/framework-70f95e8fb8fe7028.js:8:121053)
    at oO (https://wassets.hscicdn.com/_next/static/chunks/framework-70f95e8fb8fe7028.js:8:99020)
    at <anonymous> (https://wassets.hscicdn.com/_next/static/chunks/framework-70f95e8fb8fe7028.js:8:98887)
    at oF (https://wassets.hscicdn.com/_next/static/chunks/framework-70f95e8fb8fe7028.js:8:98894)
    at oS (https://wassets.hscicdn.com/_next/static/chunks/framework-70f95e8fb8fe7028.js:8:93933)
    at x (https://wassets.hscicdn.com/_next/static/chunks/framework-70f95e8fb8fe7028.js:32:1363)
    at T (https://wassets.hscicdn.com/_next/static/chunks/framework-70f95e8fb8fe7028.js:32:1893)
[    6611ms] Uncaught Error: Minified React error #418; visit https://reactjs.org/docs/error-decoder.html?invariant=418 for the full message or use the non-minified dev environment for full errors and additional helpful warnings.
    at lg (https://wassets.hscicdn.com/_next/static/chunks/framework-70f95e8fb8fe7028.js:8:46458)
    at i (https://wassets.hscicdn.com/_next/static/chunks/framework-70f95e8fb8fe7028.js:8:121053)
    at oO (https://wassets.hscicdn.com/_next/static/chunks/framework-70f95e8fb8fe7028.js:8:99020)
    at <anonymous> (https://wassets.hscicdn.com/_next/static/chunks/framework-70f95e8fb8fe7028.js:8:98887)
    at oF (https://wassets.hscicdn.com/_next/static/chunks/framework-70f95e8fb8fe7028.js:8:98894)
    at oS (https://wassets.hscicdn.com/_next/static/chunks/framework-70f95e8fb8fe7028.js:8:93933)
    at x (https://wassets.hscicdn.com/_next/static/chunks/framework-70f95e8fb8fe7028.js:32:1363)
    at T (https://wassets.hscicdn.com/_next/static/chunks/framework-70f95e8fb8fe7028.js:32:1893)
[    6611ms] Uncaught Error: Minified React error #418; visit https://reactjs.org/docs/error-decoder.html?invariant=418 for the full message or use the non-minified dev environment for full errors and additional helpful warnings.
    at lg (https://wassets.hscicdn.com/_next/static/chunks/framework-70f95e8fb8fe7028.js:8:46458)
    at i (https://wassets.hscicdn.com/_next/static/chunks/framework-70f95e8fb8fe7028.js:8:121053)
    at oO (https://wassets.hscicdn.com/_next/static/chunks/framework-70f95e8fb8fe7028.js:8:99020)
    at <anonymous> (https://wassets.hscicdn.com/_next/static/chunks/framework-70f95e8fb8fe7028.js:8:98887)
    at oF (https://wassets.hscicdn.com/_next/static/chunks/framework-70f95e8fb8fe7028.js:8:98894)
    at oS (https://wassets.hscicdn.com/_next/static/chunks/framework-70f95e8fb8fe7028.js:8:93933)
    at x (https://wassets.hscicdn.com/_next/static/chunks/framework-70f95e8fb8fe7028.js:32:1363)
    at T (https://wassets.hscicdn.com/_next/static/chunks/framework-70f95e8fb8fe7028.js:32:1893)
[    6611ms] Uncaught Error: Minified React error #418; visit https://reactjs.org/docs/error-decoder.html?invariant=418 for the full message or use the non-minified dev environment for full errors and additional helpful warnings.
    at lg (https://wassets.hscicdn.com/_next/static/chunks/framework-70f95e8fb8fe7028.js:8:46458)
    at i (https://wassets.hscicdn.com/_next/static/chunks/framework-70f95e8fb8fe7028.js:8:121053)
    at oO (https://wassets.hscicdn.com/_next/static/chunks/framework-70f95e8fb8fe7028.js:8:99020)
    at <anonymous> (https://wassets.hscicdn.com/_next/static/chunks/framework-70f95e8fb8fe7028.js:8:98887)
    at oF (https://wassets.hscicdn.com/_next/static/chunks/framework-70f95e8fb8fe7028.js:8:98894)
    at oS (https://wassets.hscicdn.com/_next/static/chunks/framework-70f95e8fb8fe7028.js:8:93933)
    at x (https://wassets.hscicdn.com/_next/static/chunks/framework-70f95e8fb8fe7028.js:32:1363)
    at T (https://wassets.hscicdn.com/_next/static/chunks/framework-70f95e8fb8fe7028.js:32:1893)
[    6611ms] Uncaught Error: Minified React error #418; visit https://reactjs.org/docs/error-decoder.html?invariant=418 for the full message or use the non-minified dev environment for full errors and additional helpful warnings.
    at lg (https://wassets.hscicdn.com/_next/static/chunks/framework-70f95e8fb8fe7028.js:8:46458)
    at i (https://wassets.hscicdn.com/_next/static/chunks/framework-70f95e8fb8fe7028.js:8:121053)
    at oO (https://wassets.hscicdn.com/_next/static/chunks/framework-70f95e8fb8fe7028.js:8:99020)
    at <anonymous> (https://wassets.hscicdn.com/_next/static/chunks/framework-70f95e8fb8fe7028.js:8:98887)
    at oF (https://wassets.hscicdn.com/_next/static/chunks/framework-70f95e8fb8fe7028.js:8:98894)
    at oS (https://wassets.hscicdn.com/_next/static/chunks/framework-70f95e8fb8fe7028.js:8:93933)
    at x (https://wassets.hscicdn.com/_next/static/chunks/framework-70f95e8fb8fe7028.js:32:1363)
    at T (https://wassets.hscicdn.com/_next/static/chunks/framework-70f95e8fb8fe7028.js:32:1893)
[    6616ms] Uncaught Error: Minified React error #418; visit https://reactjs.org/docs/error-decoder.html?invariant=418 for the full message or use the non-minified dev environment for full errors and additional helpful warnings.
    at lg (https://wassets.hscicdn.com/_next/static/chunks/framework-70f95e8fb8fe7028.js:8:46458)
    at i (https://wassets.hscicdn.com/_next/static/chunks/framework-70f95e8fb8fe7028.js:8:121053)
    at oO (https://wassets.hscicdn.com/_next/static/chunks/framework-70f95e8fb8fe7028.js:8:99020)
    at <anonymous> (https://wassets.hscicdn.com/_next/static/chunks/framework-70f95e8fb8fe7028.js:8:98887)
    at oF (https://wassets.hscicdn.com/_next/static/chunks/framework-70f95e8fb8fe7028.js:8:98894)
    at oS (https://wassets.hscicdn.com/_next/static/chunks/framework-70f95e8fb8fe7028.js:8:93933)
    at x (https://wassets.hscicdn.com/_next/static/chunks/framework-70f95e8fb8fe7028.js:32:1363)
    at T (https://wassets.hscicdn.com/_next/static/chunks/framework-70f95e8fb8fe7028.js:32:1893)
[    6617ms] Uncaught Error: Minified React error #418; visit https://reactjs.org/docs/error-decoder.html?invariant=418 for the full message or use the non-minified dev environment for full errors and additional helpful warnings.
    at lg (https://wassets.hscicdn.com/_next/static/chunks/framework-70f95e8fb8fe7028.js:8:46458)
    at i (https://wassets.hscicdn.com/_next/static/chunks/framework-70f95e8fb8fe7028.js:8:121053)
    at oO (https://wassets.hscicdn.com/_next/static/chunks/framework-70f95e8fb8fe7028.js:8:99020)
    at <anonymous> (https://wassets.hscicdn.com/_next/static/chunks/framework-70f95e8fb8fe7028.js:8:98887)
    at oF (https://wassets.hscicdn.com/_next/static/chunks/framework-70f95e8fb8fe7028.js:8:98894)
    at oS (https://wassets.hscicdn.com/_next/static/chunks/framework-70f95e8fb8fe7028.js:8:93933)
    at x (https://wassets.hscicdn.com/_next/static/chunks/framework-70f95e8fb8fe7028.js:32:1363)
    at T (https://wassets.hscicdn.com/_next/static/chunks/framework-70f95e8fb8fe7028.js:32:1893)
[    6621ms] Uncaught Error: Minified React error #418; visit https://reactjs.org/docs/error-decoder.html?invariant=418 for the full message or use the non-minified dev environment for full errors and additional helpful warnings.
    at lg (https://wassets.hscicdn.com/_next/static/chunks/framework-70f95e8fb8fe7028.js:8:46458)
    at i (https://wassets.hscicdn.com/_next/static/chunks/framework-70f95e8fb8fe7028.js:8:121053)
    at oO (https://wassets.hscicdn.com/_next/static/chunks/framework-70f95e8fb8fe7028.js:8:99020)
    at <anonymous> (https://wassets.hscicdn.com/_next/static/chunks/framework-70f95e8fb8fe7028.js:8:98887)
    at oF (https://wassets.hscicdn.com/_next/static/chunks/framework-70f95e8fb8fe7028.js:8:98894)
    at oS (https://wassets.hscicdn.com/_next/static/chunks/framework-70f95e8fb8fe7028.js:8:93933)
    at x (https://wassets.hscicdn.com/_next/static/chunks/framework-70f95e8fb8fe7028.js:32:1363)
    at T (https://wassets.hscicdn.com/_next/static/chunks/framework-70f95e8fb8fe7028.js:32:1893)
[    6621ms] Uncaught Error: Minified React error #418; visit https://reactjs.org/docs/error-decoder.html?invariant=418 for the full message or use the non-minified dev environment for full errors and additional helpful warnings.
    at lg (https://wassets.hscicdn.com/_next/static/chunks/framework-70f95e8fb8fe7028.js:8:46458)
    at i (https://wassets.hscicdn.com/_next/static/chunks/framework-70f95e8fb8fe7028.js:8:121053)
    at oO (https://wassets.hscicdn.com/_next/static/chunks/framework-70f95e8fb8fe7028.js:8:99020)
    at <anonymous> (https://wassets.hscicdn.com/_next/static/chunks/framework-70f95e8fb8fe7028.js:8:98887)
    at oF (https://wassets.hscicdn.com/_next/static/chunks/framework-70f95e8fb8fe7028.js:8:98894)
    at oS (https://wassets.hscicdn.com/_next/static/chunks/framework-70f95e8fb8fe7028.js:8:93933)
    at x (https://wassets.hscicdn.com/_next/static/chunks/framework-70f95e8fb8fe7028.js:32:1363)
    at T (https://wassets.hscicdn.com/_next/static/chunks/framework-70f95e8fb8fe7028.js:32:1893)
[    6621ms] Uncaught Error: Minified React error #418; visit https://reactjs.org/docs/error-decoder.html?invariant=418 for the full message or use the non-minified dev environment for full errors and additional helpful warnings.
    at lg (https://wassets.hscicdn.com/_next/static/chunks/framework-70f95e8fb8fe7028.js:8:46458)
    at i (https://wassets.hscicdn.com/_next/static/chunks/framework-70f95e8fb8fe7028.js:8:121053)
    at oO (https://wassets.hscicdn.com/_next/static/chunks/framework-70f95e8fb8fe7028.js:8:99020)
    at <anonymous> (https://wassets.hscicdn.com/_next/static/chunks/framework-70f95e8fb8fe7028.js:8:98887)
    at oF (https://wassets.hscicdn.com/_next/static/chunks/framework-70f95e8fb8fe7028.js:8:98894)
    at oS (https://wassets.hscicdn.com/_next/static/chunks/framework-70f95e8fb8fe7028.js:8:93933)
    at x (https://wassets.hscicdn.com/_next/static/chunks/framework-70f95e8fb8fe7028.js:32:1363)
    at T (https://wassets.hscicdn.com/_next/static/chunks/framework-70f95e8fb8fe7028.js:32:1893)
[    6621ms] Uncaught Error: Minified React error #418; visit https://reactjs.org/docs/error-decoder.html?invariant=418 for the full message or use the non-minified dev environment for full errors and additional helpful warnings.
    at lg (https://wassets.hscicdn.com/_next/static/chunks/framework-70f95e8fb8fe7028.js:8:46458)
    at i (https://wassets.hscicdn.com/_next/static/chunks/framework-70f95e8fb8fe7028.js:8:121053)
    at oO (https://wassets.hscicdn.com/_next/static/chunks/framework-70f95e8fb8fe7028.js:8:99020)
    at <anonymous> (https://wassets.hscicdn.com/_next/static/chunks/framework-70f95e8fb8fe7028.js:8:98887)
    at oF (https://wassets.hscicdn.com/_next/static/chunks/framework-70f95e8fb8fe7028.js:8:98894)
    at oS (https://wassets.hscicdn.com/_next/static/chunks/framework-70f95e8fb8fe7028.js:8:93933)
    at x (https://wassets.hscicdn.com/_next/static/chunks/framework-70f95e8fb8fe7028.js:32:1363)
    at T (https://wassets.hscicdn.com/_next/static/chunks/framework-70f95e8fb8fe7028.js:32:1893)
[    6621ms] Uncaught Error: Minified React error #418; visit https://reactjs.org/docs/error-decoder.html?invariant=418 for the full message or use the non-minified dev environment for full errors and additional helpful warnings.
    at lg (https://wassets.hscicdn.com/_next/static/chunks/framework-70f95e8fb8fe7028.js:8:46458)
    at i (https://wassets.hscicdn.com/_next/static/chunks/framework-70f95e8fb8fe7028.js:8:121053)
    at oO (https://wassets.hscicdn.com/_next/static/chunks/framework-70f95e8fb8fe7028.js:8:99020)
    at <anonymous> (https://wassets.hscicdn.com/_next/static/chunks/framework-70f95e8fb8fe7028.js:8:98887)
    at oF (https://wassets.hscicdn.com/_next/static/chunks/framework-70f95e8fb8fe7028.js:8:98894)
    at oS (https://wassets.hscicdn.com/_next/static/chunks/framework-70f95e8fb8fe7028.js:8:93933)
    at x (https://wassets.hscicdn.com/_next/static/chunks/framework-70f95e8fb8fe7028.js:32:1363)
    at T (https://wassets.hscicdn.com/_next/static/chunks/framework-70f95e8fb8fe7028.js:32:1893)
[    6621ms] Uncaught Error: Minified React error #418; visit https://reactjs.org/docs/error-decoder.html?invariant=418 for the full message or use the non-minified dev environment for full errors and additional helpful warnings.
    at lg (https://wassets.hscicdn.com/_next/static/chunks/framework-70f95e8fb8fe7028.js:8:46458)
    at i (https://wassets.hscicdn.com/_next/static/chunks/framework-70f95e8fb8fe7028.js:8:121053)
    at oO (https://wassets.hscicdn.com/_next/static/chunks/framework-70f95e8fb8fe7028.js:8:99020)
    at <anonymous> (https://wassets.hscicdn.com/_next/static/chunks/framework-70f95e8fb8fe7028.js:8:98887)
    at oF (https://wassets.hscicdn.com/_next/static/chunks/framework-70f95e8fb8fe7028.js:8:98894)
    at oS (https://wassets.hscicdn.com/_next/static/chunks/framework-70f95e8fb8fe7028.js:8:93933)
    at x (https://wassets.hscicdn.com/_next/static/chunks/framework-70f95e8fb8fe7028.js:32:1363)
    at T (https://wassets.hscicdn.com/_next/static/chunks/framework-70f95e8fb8fe7028.js:32:1893)
[    6637ms] Uncaught Error: Minified React error #418; visit https://reactjs.org/docs/error-decoder.html?invariant=418 for the full message or use the non-minified dev environment for full errors and additional helpful warnings.
    at lg (https://wassets.hscicdn.com/_next/static/chunks/framework-70f95e8fb8fe7028.js:8:46458)
    at i (https://wassets.hscicdn.com/_next/static/chunks/framework-70f95e8fb8fe7028.js:8:121053)
    at oO (https://wassets.hscicdn.com/_next/static/chunks/framework-70f95e8fb8fe7028.js:8:99020)
    at <anonymous> (https://wassets.hscicdn.com/_next/static/chunks/framework-70f95e8fb8fe7028.js:8:98887)
    at oF (https://wassets.hscicdn.com/_next/static/chunks/framework-70f95e8fb8fe7028.js:8:98894)
    at oS (https://wassets.hscicdn.com/_next/static/chunks/framework-70f95e8fb8fe7028.js:8:93933)
    at x (https://wassets.hscicdn.com/_next/static/chunks/framework-70f95e8fb8fe7028.js:32:1363)
    at T (https://wassets.hscicdn.com/_next/static/chunks/framework-70f95e8fb8fe7028.js:32:1893)
[    6638ms] Uncaught Error: Minified React error #418; visit https://reactjs.org/docs/error-decoder.html?invariant=418 for the full message or use the non-minified dev environment for full errors and additional helpful warnings.
    at lg (https://wassets.hscicdn.com/_next/static/chunks/framework-70f95e8fb8fe7028.js:8:46458)
    at i (https://wassets.hscicdn.com/_next/static/chunks/framework-70f95e8fb8fe7028.js:8:121053)
    at oO (https://wassets.hscicdn.com/_next/static/chunks/framework-70f95e8fb8fe7028.js:8:99020)
    at <anonymous> (https://wassets.hscicdn.com/_next/static/chunks/framework-70f95e8fb8fe7028.js:8:98887)
    at oF (https://wassets.hscicdn.com/_next/static/chunks/framework-70f95e8fb8fe7028.js:8:98894)
    at oS (https://wassets.hscicdn.com/_next/static/chunks/framework-70f95e8fb8fe7028.js:8:93933)
    at x (https://wassets.hscicdn.com/_next/static/chunks/framework-70f95e8fb8fe7028.js:32:1363)
    at T (https://wassets.hscicdn.com/_next/static/chunks/framework-70f95e8fb8fe7028.js:32:1893)
[    6638ms] Uncaught Error: Minified React error #418; visit https://reactjs.org/docs/error-decoder.html?invariant=418 for the full message or use the non-minified dev environment for full errors and additional helpful warnings.
    at lg (https://wassets.hscicdn.com/_next/static/chunks/framework-70f95e8fb8fe7028.js:8:46458)
    at i (https://wassets.hscicdn.com/_next/static/chunks/framework-70f95e8fb8fe7028.js:8:121053)
    at oO (https://wassets.hscicdn.com/_next/static/chunks/framework-70f95e8fb8fe7028.js:8:99020)
    at <anonymous> (https://wassets.hscicdn.com/_next/static/chunks/framework-70f95e8fb8fe7028.js:8:98887)
    at oF (https://wassets.hscicdn.com/_next/static/chunks/framework-70f95e8fb8fe7028.js:8:98894)
    at oS (https://wassets.hscicdn.com/_next/static/chunks/framework-70f95e8fb8fe7028.js:8:93933)
    at x (https://wassets.hscicdn.com/_next/static/chunks/framework-70f95e8fb8fe7028.js:32:1363)
    at T (https://wassets.hscicdn.com/_next/static/chunks/framework-70f95e8fb8fe7028.js:32:1893)
[    6638ms] Uncaught Error: Minified React error #418; visit https://reactjs.org/docs/error-decoder.html?invariant=418 for the full message or use the non-minified dev environment for full errors and additional helpful warnings.
    at lg (https://wassets.hscicdn.com/_next/static/chunks/framework-70f95e8fb8fe7028.js:8:46458)
    at i (https://wassets.hscicdn.com/_next/static/chunks/framework-70f95e8fb8fe7028.js:8:121053)
    at oO (https://wassets.hscicdn.com/_next/static/chunks/framework-70f95e8fb8fe7028.js:8:99020)
    at <anonymous> (https://wassets.hscicdn.com/_next/static/chunks/framework-70f95e8fb8fe7028.js:8:98887)
    at oF (https://wassets.hscicdn.com/_next/static/chunks/framework-70f95e8fb8fe7028.js:8:98894)
    at oS (https://wassets.hscicdn.com/_next/static/chunks/framework-70f95e8fb8fe7028.js:8:93933)
    at x (https://wassets.hscicdn.com/_next/static/chunks/framework-70f95e8fb8fe7028.js:32:1363)
    at T (https://wassets.hscicdn.com/_next/static/chunks/framework-70f95e8fb8fe7028.js:32:1893)
[    6638ms] Uncaught Error: Minified React error #418; visit https://reactjs.org/docs/error-decoder.html?invariant=418 for the full message or use the non-minified dev environment for full errors and additional helpful warnings.
    at lg (https://wassets.hscicdn.com/_next/static/chunks/framework-70f95e8fb8fe7028.js:8:46458)
    at i (https://wassets.hscicdn.com/_next/static/chunks/framework-70f95e8fb8fe7028.js:8:121053)
    at oO (https://wassets.hscicdn.com/_next/static/chunks/framework-70f95e8fb8fe7028.js:8:99020)
    at <anonymous> (https://wassets.hscicdn.com/_next/static/chunks/framework-70f95e8fb8fe7028.js:8:98887)
    at oF (https://wassets.hscicdn.com/_next/static/chunks/framework-70f95e8fb8fe7028.js:8:98894)
    at oS (https://wassets.hscicdn.com/_next/static/chunks/framework-70f95e8fb8fe7028.js:8:93933)
    at x (https://wassets.hscicdn.com/_next/static/chunks/framework-70f95e8fb8fe7028.js:32:1363)
    at T (https://wassets.hscicdn.com/_next/static/chunks/framework-70f95e8fb8fe7028.js:32:1893)
[    6638ms] Uncaught Error: Minified React error #418; visit https://reactjs.org/docs/error-decoder.html?invariant=418 for the full message or use the non-minified dev environment for full errors and additional helpful warnings.
    at lg (https://wassets.hscicdn.com/_next/static/chunks/framework-70f95e8fb8fe7028.js:8:46458)
    at i (https://wassets.hscicdn.com/_next/static/chunks/framework-70f95e8fb8fe7028.js:8:121053)
    at oO (https://wassets.hscicdn.com/_next/static/chunks/framework-70f95e8fb8fe7028.js:8:99020)
    at <anonymous> (https://wassets.hscicdn.com/_next/static/chunks/framework-70f95e8fb8fe7028.js:8:98887)
    at oF (https://wassets.hscicdn.com/_next/static/chunks/framework-70f95e8fb8fe7028.js:8:98894)
    at oS (https://wassets.hscicdn.com/_next/static/chunks/framework-70f95e8fb8fe7028.js:8:93933)
    at x (https://wassets.hscicdn.com/_next/static/chunks/framework-70f95e8fb8fe7028.js:32:1363)
    at T (https://wassets.hscicdn.com/_next/static/chunks/framework-70f95e8fb8fe7028.js:32:1893)
[    6638ms] Uncaught Error: Minified React error #418; visit https://reactjs.org/docs/error-decoder.html?invariant=418 for the full message or use the non-minified dev environment for full errors and additional helpful warnings.
    at lg (https://wassets.hscicdn.com/_next/static/chunks/framework-70f95e8fb8fe7028.js:8:46458)
    at i (https://wassets.hscicdn.com/_next/static/chunks/framework-70f95e8fb8fe7028.js:8:121053)
    at oO (https://wassets.hscicdn.com/_next/static/chunks/framework-70f95e8fb8fe7028.js:8:99020)
    at <anonymous> (https://wassets.hscicdn.com/_next/static/chunks/framework-70f95e8fb8fe7028.js:8:98887)
    at oF (https://wassets.hscicdn.com/_next/static/chunks/framework-70f95e8fb8fe7028.js:8:98894)
    at oS (https://wassets.hscicdn.com/_next/static/chunks/framework-70f95e8fb8fe7028.js:8:93933)
    at x (https://wassets.hscicdn.com/_next/static/chunks/framework-70f95e8fb8fe7028.js:32:1363)
    at T (https://wassets.hscicdn.com/_next/static/chunks/framework-70f95e8fb8fe7028.js:32:1893)
[    6638ms] Uncaught Error: Minified React error #418; visit https://reactjs.org/docs/error-decoder.html?invariant=418 for the full message or use the non-minified dev environment for full errors and additional helpful warnings.
    at lg (https://wassets.hscicdn.com/_next/static/chunks/framework-70f95e8fb8fe7028.js:8:46458)
    at i (https://wassets.hscicdn.com/_next/static/chunks/framework-70f95e8fb8fe7028.js:8:121053)
    at oO (https://wassets.hscicdn.com/_next/static/chunks/framework-70f95e8fb8fe7028.js:8:99020)
    at <anonymous> (https://wassets.hscicdn.com/_next/static/chunks/framework-70f95e8fb8fe7028.js:8:98887)
    at oF (https://wassets.hscicdn.com/_next/static/chunks/framework-70f95e8fb8fe7028.js:8:98894)
    at oS (https://wassets.hscicdn.com/_next/static/chunks/framework-70f95e8fb8fe7028.js:8:93933)
    at x (https://wassets.hscicdn.com/_next/static/chunks/framework-70f95e8fb8fe7028.js:32:1363)
    at T (https://wassets.hscicdn.com/_next/static/chunks/framework-70f95e8fb8fe7028.js:32:1893)
[    6638ms] Uncaught Error: Minified React error #418; visit https://reactjs.org/docs/error-decoder.html?invariant=418 for the full message or use the non-minified dev environment for full errors and additional helpful warnings.
    at lg (https://wassets.hscicdn.com/_next/static/chunks/framework-70f95e8fb8fe7028.js:8:46458)
    at i (https://wassets.hscicdn.com/_next/static/chunks/framework-70f95e8fb8fe7028.js:8:121053)
    at oO (https://wassets.hscicdn.com/_next/static/chunks/framework-70f95e8fb8fe7028.js:8:99020)
    at <anonymous> (https://wassets.hscicdn.com/_next/static/chunks/framework-70f95e8fb8fe7028.js:8:98887)
    at oF (https://wassets.hscicdn.com/_next/static/chunks/framework-70f95e8fb8fe7028.js:8:98894)
    at oS (https://wassets.hscicdn.com/_next/static/chunks/framework-70f95e8fb8fe7028.js:8:93933)
    at x (https://wassets.hscicdn.com/_next/static/chunks/framework-70f95e8fb8fe7028.js:32:1363)
    at T (https://wassets.hscicdn.com/_next/static/chunks/framework-70f95e8fb8fe7028.js:32:1893)
[    6638ms] Uncaught Error: Minified React error #418; visit https://reactjs.org/docs/error-decoder.html?invariant=418 for the full message or use the non-minified dev environment for full errors and additional helpful warnings.
    at lg (https://wassets.hscicdn.com/_next/static/chunks/framework-70f95e8fb8fe7028.js:8:46458)
    at i (https://wassets.hscicdn.com/_next/static/chunks/framework-70f95e8fb8fe7028.js:8:121053)
    at oO (https://wassets.hscicdn.com/_next/static/chunks/framework-70f95e8fb8fe7028.js:8:99020)
    at <anonymous> (https://wassets.hscicdn.com/_next/static/chunks/framework-70f95e8fb8fe7028.js:8:98887)
    at oF (https://wassets.hscicdn.com/_next/static/chunks/framework-70f95e8fb8fe7028.js:8:98894)
    at oS (https://wassets.hscicdn.com/_next/static/chunks/framework-70f95e8fb8fe7028.js:8:93933)
    at x (https://wassets.hscicdn.com/_next/static/chunks/framework-70f95e8fb8fe7028.js:32:1363)
    at T (https://wassets.hscicdn.com/_next/static/chunks/framework-70f95e8fb8fe7028.js:32:1893)
[    6638ms] Uncaught Error: Minified React error #418; visit https://reactjs.org/docs/error-decoder.html?invariant=418 for the full message or use the non-minified dev environment for full errors and additional helpful warnings.
    at lg (https://wassets.hscicdn.com/_next/static/chunks/framework-70f95e8fb8fe7028.js:8:46458)
    at i (https://wassets.hscicdn.com/_next/static/chunks/framework-70f95e8fb8fe7028.js:8:121053)
    at oO (https://wassets.hscicdn.com/_next/static/chunks/framework-70f95e8fb8fe7028.js:8:99020)
    at <anonymous> (https://wassets.hscicdn.com/_next/static/chunks/framework-70f95e8fb8fe7028.js:8:98887)
    at oF (https://wassets.hscicdn.com/_next/static/chunks/framework-70f95e8fb8fe7028.js:8:98894)
    at oS (https://wassets.hscicdn.com/_next/static/chunks/framework-70f95e8fb8fe7028.js:8:93933)
    at x (https://wassets.hscicdn.com/_next/static/chunks/framework-70f95e8fb8fe7028.js:32:1363)
    at T (https://wassets.hscicdn.com/_next/static/chunks/framework-70f95e8fb8fe7028.js:32:1893)
[    6638ms] Uncaught Error: Minified React error #418; visit https://reactjs.org/docs/error-decoder.html?invariant=418 for the full message or use the non-minified dev environment for full errors and additional helpful warnings.
    at lg (https://wassets.hscicdn.com/_next/static/chunks/framework-70f95e8fb8fe7028.js:8:46458)
    at i (https://wassets.hscicdn.com/_next/static/chunks/framework-70f95e8fb8fe7028.js:8:121053)
    at oO (https://wassets.hscicdn.com/_next/static/chunks/framework-70f95e8fb8fe7028.js:8:99020)
    at <anonymous> (https://wassets.hscicdn.com/_next/static/chunks/framework-70f95e8fb8fe7028.js:8:98887)
    at oF (https://wassets.hscicdn.com/_next/static/chunks/framework-70f95e8fb8fe7028.js:8:98894)
    at oS (https://wassets.hscicdn.com/_next/static/chunks/framework-70f95e8fb8fe7028.js:8:93933)
    at x (https://wassets.hscicdn.com/_next/static/chunks/framework-70f95e8fb8fe7028.js:32:1363)
    at T (https://wassets.hscicdn.com/_next/static/chunks/framework-70f95e8fb8fe7028.js:32:1893)
[    6638ms] Uncaught Error: Minified React error #418; visit https://reactjs.org/docs/error-decoder.html?invariant=418 for the full message or use the non-minified dev environment for full errors and additional helpful warnings.
    at lg (https://wassets.hscicdn.com/_next/static/chunks/framework-70f95e8fb8fe7028.js:8:46458)
    at i (https://wassets.hscicdn.com/_next/static/chunks/framework-70f95e8fb8fe7028.js:8:121053)
    at oO (https://wassets.hscicdn.com/_next/static/chunks/framework-70f95e8fb8fe7028.js:8:99020)
    at <anonymous> (https://wassets.hscicdn.com/_next/static/chunks/framework-70f95e8fb8fe7028.js:8:98887)
    at oF (https://wassets.hscicdn.com/_next/static/chunks/framework-70f95e8fb8fe7028.js:8:98894)
    at oS (https://wassets.hscicdn.com/_next/static/chunks/framework-70f95e8fb8fe7028.js:8:93933)
    at x (https://wassets.hscicdn.com/_next/static/chunks/framework-70f95e8fb8fe7028.js:32:1363)
    at T (https://wassets.hscicdn.com/_next/static/chunks/framework-70f95e8fb8fe7028.js:32:1893)
[    6638ms] Uncaught Error: Minified React error #418; visit https://reactjs.org/docs/error-decoder.html?invariant=418 for the full message or use the non-minified dev environment for full errors and additional helpful warnings.
    at lg (https://wassets.hscicdn.com/_next/static/chunks/framework-70f95e8fb8fe7028.js:8:46458)
    at i (https://wassets.hscicdn.com/_next/static/chunks/framework-70f95e8fb8fe7028.js:8:121053)
    at oO (https://wassets.hscicdn.com/_next/static/chunks/framework-70f95e8fb8fe7028.js:8:99020)
    at <anonymous> (https://wassets.hscicdn.com/_next/static/chunks/framework-70f95e8fb8fe7028.js:8:98887)
    at oF (https://wassets.hscicdn.com/_next/static/chunks/framework-70f95e8fb8fe7028.js:8:98894)
    at oS (https://wassets.hscicdn.com/_next/static/chunks/framework-70f95e8fb8fe7028.js:8:93933)
    at x (https://wassets.hscicdn.com/_next/static/chunks/framework-70f95e8fb8fe7028.js:32:1363)
    at T (https://wassets.hscicdn.com/_next/static/chunks/framework-70f95e8fb8fe7028.js:32:1893)
[    6638ms] Uncaught Error: Minified React error #418; visit https://reactjs.org/docs/error-decoder.html?invariant=418 for the full message or use the non-minified dev environment for full errors and additional helpful warnings.
    at lg (https://wassets.hscicdn.com/_next/static/chunks/framework-70f95e8fb8fe7028.js:8:46458)
    at i (https://wassets.hscicdn.com/_next/static/chunks/framework-70f95e8fb8fe7028.js:8:121053)
    at oO (https://wassets.hscicdn.com/_next/static/chunks/framework-70f95e8fb8fe7028.js:8:99020)
    at <anonymous> (https://wassets.hscicdn.com/_next/static/chunks/framework-70f95e8fb8fe7028.js:8:98887)
    at oF (https://wassets.hscicdn.com/_next/static/chunks/framework-70f95e8fb8fe7028.js:8:98894)
    at oS (https://wassets.hscicdn.com/_next/static/chunks/framework-70f95e8fb8fe7028.js:8:93933)
    at x (https://wassets.hscicdn.com/_next/static/chunks/framework-70f95e8fb8fe7028.js:32:1363)
    at T (https://wassets.hscicdn.com/_next/static/chunks/framework-70f95e8fb8fe7028.js:32:1893)
[    6639ms] Uncaught Error: Minified React error #418; visit https://reactjs.org/docs/error-decoder.html?invariant=418 for the full message or use the non-minified dev environment for full errors and additional helpful warnings.
    at lg (https://wassets.hscicdn.com/_next/static/chunks/framework-70f95e8fb8fe7028.js:8:46458)
    at i (https://wassets.hscicdn.com/_next/static/chunks/framework-70f95e8fb8fe7028.js:8:121053)
    at oO (https://wassets.hscicdn.com/_next/static/chunks/framework-70f95e8fb8fe7028.js:8:99020)
    at <anonymous> (https://wassets.hscicdn.com/_next/static/chunks/framework-70f95e8fb8fe7028.js:8:98887)
    at oF (https://wassets.hscicdn.com/_next/static/chunks/framework-70f95e8fb8fe7028.js:8:98894)
    at oS (https://wassets.hscicdn.com/_next/static/chunks/framework-70f95e8fb8fe7028.js:8:93933)
    at x (https://wassets.hscicdn.com/_next/static/chunks/framework-70f95e8fb8fe7028.js:32:1363)
    at T (https://wassets.hscicdn.com/_next/static/chunks/framework-70f95e8fb8fe7028.js:32:1893)
[    6639ms] Uncaught Error: Minified React error #418; visit https://reactjs.org/docs/error-decoder.html?invariant=418 for the full message or use the non-minified dev environment for full errors and additional helpful warnings.
    at lg (https://wassets.hscicdn.com/_next/static/chunks/framework-70f95e8fb8fe7028.js:8:46458)
    at i (https://wassets.hscicdn.com/_next/static/chunks/framework-70f95e8fb8fe7028.js:8:121053)
    at oO (https://wassets.hscicdn.com/_next/static/chunks/framework-70f95e8fb8fe7028.js:8:99020)
    at <anonymous> (https://wassets.hscicdn.com/_next/static/chunks/framework-70f95e8fb8fe7028.js:8:98887)
    at oF (https://wassets.hscicdn.com/_next/static/chunks/framework-70f95e8fb8fe7028.js:8:98894)
    at oS (https://wassets.hscicdn.com/_next/static/chunks/framework-70f95e8fb8fe7028.js:8:93933)
    at x (https://wassets.hscicdn.com/_next/static/chunks/framework-70f95e8fb8fe7028.js:32:1363)
    at T (https://wassets.hscicdn.com/_next/static/chunks/framework-70f95e8fb8fe7028.js:32:1893)
[    6640ms] Uncaught Error: Minified React error #418; visit https://reactjs.org/docs/error-decoder.html?invariant=418 for the full message or use the non-minified dev environment for full errors and additional helpful warnings.
    at lg (https://wassets.hscicdn.com/_next/static/chunks/framework-70f95e8fb8fe7028.js:8:46458)
    at i (https://wassets.hscicdn.com/_next/static/chunks/framework-70f95e8fb8fe7028.js:8:121053)
    at oO (https://wassets.hscicdn.com/_next/static/chunks/framework-70f95e8fb8fe7028.js:8:99020)
    at <anonymous> (https://wassets.hscicdn.com/_next/static/chunks/framework-70f95e8fb8fe7028.js:8:98887)
    at oF (https://wassets.hscicdn.com/_next/static/chunks/framework-70f95e8fb8fe7028.js:8:98894)
    at oS (https://wassets.hscicdn.com/_next/static/chunks/framework-70f95e8fb8fe7028.js:8:93933)
    at x (https://wassets.hscicdn.com/_next/static/chunks/framework-70f95e8fb8fe7028.js:32:1363)
    at T (https://wassets.hscicdn.com/_next/static/chunks/framework-70f95e8fb8fe7028.js:32:1893)
[    6640ms] Uncaught Error: Minified React error #418; visit https://reactjs.org/docs/error-decoder.html?invariant=418 for the full message or use the non-minified dev environment for full errors and additional helpful warnings.
    at lg (https://wassets.hscicdn.com/_next/static/chunks/framework-70f95e8fb8fe7028.js:8:46458)
    at i (https://wassets.hscicdn.com/_next/static/chunks/framework-70f95e8fb8fe7028.js:8:121053)
    at oO (https://wassets.hscicdn.com/_next/static/chunks/framework-70f95e8fb8fe7028.js:8:99020)
    at <anonymous> (https://wassets.hscicdn.com/_next/static/chunks/framework-70f95e8fb8fe7028.js:8:98887)
    at oF (https://wassets.hscicdn.com/_next/static/chunks/framework-70f95e8fb8fe7028.js:8:98894)
    at oS (https://wassets.hscicdn.com/_next/static/chunks/framework-70f95e8fb8fe7028.js:8:93933)
    at x (https://wassets.hscicdn.com/_next/static/chunks/framework-70f95e8fb8fe7028.js:32:1363)
    at T (https://wassets.hscicdn.com/_next/static/chunks/framework-70f95e8fb8fe7028.js:32:1893)
[    6640ms] Uncaught Error: Minified React error #418; visit https://reactjs.org/docs/error-decoder.html?invariant=418 for the full message or use the non-minified dev environment for full errors and additional helpful warnings.
    at lg (https://wassets.hscicdn.com/_next/static/chunks/framework-70f95e8fb8fe7028.js:8:46458)
    at i (https://wassets.hscicdn.com/_next/static/chunks/framework-70f95e8fb8fe7028.js:8:121053)
    at oO (https://wassets.hscicdn.com/_next/static/chunks/framework-70f95e8fb8fe7028.js:8:99020)
    at <anonymous> (https://wassets.hscicdn.com/_next/static/chunks/framework-70f95e8fb8fe7028.js:8:98887)
    at oF (https://wassets.hscicdn.com/_next/static/chunks/framework-70f95e8fb8fe7028.js:8:98894)
    at oS (https://wassets.hscicdn.com/_next/static/chunks/framework-70f95e8fb8fe7028.js:8:93933)
    at x (https://wassets.hscicdn.com/_next/static/chunks/framework-70f95e8fb8fe7028.js:32:1363)
    at T (https://wassets.hscicdn.com/_next/static/chunks/framework-70f95e8fb8fe7028.js:32:1893)
[    6640ms] Uncaught Error: Minified React error #418; visit https://reactjs.org/docs/error-decoder.html?invariant=418 for the full message or use the non-minified dev environment for full errors and additional helpful warnings.
    at lg (https://wassets.hscicdn.com/_next/static/chunks/framework-70f95e8fb8fe7028.js:8:46458)
    at i (https://wassets.hscicdn.com/_next/static/chunks/framework-70f95e8fb8fe7028.js:8:121053)
    at oO (https://wassets.hscicdn.com/_next/static/chunks/framework-70f95e8fb8fe7028.js:8:99020)
    at <anonymous> (https://wassets.hscicdn.com/_next/static/chunks/framework-70f95e8fb8fe7028.js:8:98887)
    at oF (https://wassets.hscicdn.com/_next/static/chunks/framework-70f95e8fb8fe7028.js:8:98894)
    at oS (https://wassets.hscicdn.com/_next/static/chunks/framework-70f95e8fb8fe7028.js:8:93933)
    at x (https://wassets.hscicdn.com/_next/static/chunks/framework-70f95e8fb8fe7028.js:32:1363)
    at T (https://wassets.hscicdn.com/_next/static/chunks/framework-70f95e8fb8fe7028.js:32:1893)
[    6640ms] Uncaught Error: Minified React error #418; visit https://reactjs.org/docs/error-decoder.html?invariant=418 for the full message or use the non-minified dev environment for full errors and additional helpful warnings.
    at lg (https://wassets.hscicdn.com/_next/static/chunks/framework-70f95e8fb8fe7028.js:8:46458)
    at i (https://wassets.hscicdn.com/_next/static/chunks/framework-70f95e8fb8fe7028.js:8:121053)
    at oO (https://wassets.hscicdn.com/_next/static/chunks/framework-70f95e8fb8fe7028.js:8:99020)
    at <anonymous> (https://wassets.hscicdn.com/_next/static/chunks/framework-70f95e8fb8fe7028.js:8:98887)
    at oF (https://wassets.hscicdn.com/_next/static/chunks/framework-70f95e8fb8fe7028.js:8:98894)
    at oS (https://wassets.hscicdn.com/_next/static/chunks/framework-70f95e8fb8fe7028.js:8:93933)
    at x (https://wassets.hscicdn.com/_next/static/chunks/framework-70f95e8fb8fe7028.js:32:1363)
    at T (https://wassets.hscicdn.com/_next/static/chunks/framework-70f95e8fb8fe7028.js:32:1893)
[    6640ms] Uncaught Error: Minified React error #418; visit https://reactjs.org/docs/error-decoder.html?invariant=418 for the full message or use the non-minified dev environment for full errors and additional helpful warnings.
    at lg (https://wassets.hscicdn.com/_next/static/chunks/framework-70f95e8fb8fe7028.js:8:46458)
    at i (https://wassets.hscicdn.com/_next/static/chunks/framework-70f95e8fb8fe7028.js:8:121053)
    at oO (https://wassets.hscicdn.com/_next/static/chunks/framework-70f95e8fb8fe7028.js:8:99020)
    at <anonymous> (https://wassets.hscicdn.com/_next/static/chunks/framework-70f95e8fb8fe7028.js:8:98887)
    at oF (https://wassets.hscicdn.com/_next/static/chunks/framework-70f95e8fb8fe7028.js:8:98894)
    at oS (https://wassets.hscicdn.com/_next/static/chunks/framework-70f95e8fb8fe7028.js:8:93933)
    at x (https://wassets.hscicdn.com/_next/static/chunks/framework-70f95e8fb8fe7028.js:32:1363)
    at T (https://wassets.hscicdn.com/_next/static/chunks/framework-70f95e8fb8fe7028.js:32:1893)
[    6640ms] Uncaught Error: Minified React error #418; visit https://reactjs.org/docs/error-decoder.html?invariant=418 for the full message or use the non-minified dev environment for full errors and additional helpful warnings.
    at lg (https://wassets.hscicdn.com/_next/static/chunks/framework-70f95e8fb8fe7028.js:8:46458)
    at i (https://wassets.hscicdn.com/_next/static/chunks/framework-70f95e8fb8fe7028.js:8:121053)
    at oO (https://wassets.hscicdn.com/_next/static/chunks/framework-70f95e8fb8fe7028.js:8:99020)
    at <anonymous> (https://wassets.hscicdn.com/_next/static/chunks/framework-70f95e8fb8fe7028.js:8:98887)
    at oF (https://wassets.hscicdn.com/_next/static/chunks/framework-70f95e8fb8fe7028.js:8:98894)
    at oS (https://wassets.hscicdn.com/_next/static/chunks/framework-70f95e8fb8fe7028.js:8:93933)
    at x (https://wassets.hscicdn.com/_next/static/chunks/framework-70f95e8fb8fe7028.js:32:1363)
    at T (https://wassets.hscicdn.com/_next/static/chunks/framework-70f95e8fb8fe7028.js:32:1893)
[    6640ms] Uncaught Error: Minified React error #418; visit https://reactjs.org/docs/error-decoder.html?invariant=418 for the full message or use the non-minified dev environment for full errors and additional helpful warnings.
    at lg (https://wassets.hscicdn.com/_next/static/chunks/framework-70f95e8fb8fe7028.js:8:46458)
    at i (https://wassets.hscicdn.com/_next/static/chunks/framework-70f95e8fb8fe7028.js:8:121053)
    at oO (https://wassets.hscicdn.com/_next/static/chunks/framework-70f95e8fb8fe7028.js:8:99020)
    at <anonymous> (https://wassets.hscicdn.com/_next/static/chunks/framework-70f95e8fb8fe7028.js:8:98887)
    at oF (https://wassets.hscicdn.com/_next/static/chunks/framework-70f95e8fb8fe7028.js:8:98894)
    at oS (https://wassets.hscicdn.com/_next/static/chunks/framework-70f95e8fb8fe7028.js:8:93933)
    at x (https://wassets.hscicdn.com/_next/static/chunks/framework-70f95e8fb8fe7028.js:32:1363)
    at T (https://wassets.hscicdn.com/_next/static/chunks/framework-70f95e8fb8fe7028.js:32:1893)
[    6640ms] Uncaught Error: Minified React error #418; visit https://reactjs.org/docs/error-decoder.html?invariant=418 for the full message or use the non-minified dev environment for full errors and additional helpful warnings.
    at lg (https://wassets.hscicdn.com/_next/static/chunks/framework-70f95e8fb8fe7028.js:8:46458)
    at i (https://wassets.hscicdn.com/_next/static/chunks/framework-70f95e8fb8fe7028.js:8:121053)
    at oO (https://wassets.hscicdn.com/_next/static/chunks/framework-70f95e8fb8fe7028.js:8:99020)
    at <anonymous> (https://wassets.hscicdn.com/_next/static/chunks/framework-70f95e8fb8fe7028.js:8:98887)
    at oF (https://wassets.hscicdn.com/_next/static/chunks/framework-70f95e8fb8fe7028.js:8:98894)
    at oS (https://wassets.hscicdn.com/_next/static/chunks/framework-70f95e8fb8fe7028.js:8:93933)
    at x (https://wassets.hscicdn.com/_next/static/chunks/framework-70f95e8fb8fe7028.js:32:1363)
    at T (https://wassets.hscicdn.com/_next/static/chunks/framework-70f95e8fb8fe7028.js:32:1893)
[    6641ms] Uncaught Error: Minified React error #418; visit https://reactjs.org/docs/error-decoder.html?invariant=418 for the full message or use the non-minified dev environment for full errors and additional helpful warnings.
    at lg (https://wassets.hscicdn.com/_next/static/chunks/framework-70f95e8fb8fe7028.js:8:46458)
    at i (https://wassets.hscicdn.com/_next/static/chunks/framework-70f95e8fb8fe7028.js:8:121053)
    at oO (https://wassets.hscicdn.com/_next/static/chunks/framework-70f95e8fb8fe7028.js:8:99020)
    at <anonymous> (https://wassets.hscicdn.com/_next/static/chunks/framework-70f95e8fb8fe7028.js:8:98887)
    at oF (https://wassets.hscicdn.com/_next/static/chunks/framework-70f95e8fb8fe7028.js:8:98894)
    at oS (https://wassets.hscicdn.com/_next/static/chunks/framework-70f95e8fb8fe7028.js:8:93933)
    at x (https://wassets.hscicdn.com/_next/static/chunks/framework-70f95e8fb8fe7028.js:32:1363)
    at T (https://wassets.hscicdn.com/_next/static/chunks/framework-70f95e8fb8fe7028.js:32:1893)
[    6641ms] Uncaught Error: Minified React error #418; visit https://reactjs.org/docs/error-decoder.html?invariant=418 for the full message or use the non-minified dev environment for full errors and additional helpful warnings.
    at lg (https://wassets.hscicdn.com/_next/static/chunks/framework-70f95e8fb8fe7028.js:8:46458)
    at i (https://wassets.hscicdn.com/_next/static/chunks/framework-70f95e8fb8fe7028.js:8:121053)
    at oO (https://wassets.hscicdn.com/_next/static/chunks/framework-70f95e8fb8fe7028.js:8:99020)
    at <anonymous> (https://wassets.hscicdn.com/_next/static/chunks/framework-70f95e8fb8fe7028.js:8:98887)
    at oF (https://wassets.hscicdn.com/_next/static/chunks/framework-70f95e8fb8fe7028.js:8:98894)
    at oS (https://wassets.hscicdn.com/_next/static/chunks/framework-70f95e8fb8fe7028.js:8:93933)
    at x (https://wassets.hscicdn.com/_next/static/chunks/framework-70f95e8fb8fe7028.js:32:1363)
    at T (https://wassets.hscicdn.com/_next/static/chunks/framework-70f95e8fb8fe7028.js:32:1893)
[    6641ms] Uncaught Error: Minified React error #418; visit https://reactjs.org/docs/error-decoder.html?invariant=418 for the full message or use the non-minified dev environment for full errors and additional helpful warnings.
    at lg (https://wassets.hscicdn.com/_next/static/chunks/framework-70f95e8fb8fe7028.js:8:46458)
    at i (https://wassets.hscicdn.com/_next/static/chunks/framework-70f95e8fb8fe7028.js:8:121053)
    at oO (https://wassets.hscicdn.com/_next/static/chunks/framework-70f95e8fb8fe7028.js:8:99020)
    at <anonymous> (https://wassets.hscicdn.com/_next/static/chunks/framework-70f95e8fb8fe7028.js:8:98887)
    at oF (https://wassets.hscicdn.com/_next/static/chunks/framework-70f95e8fb8fe7028.js:8:98894)
    at oS (https://wassets.hscicdn.com/_next/static/chunks/framework-70f95e8fb8fe7028.js:8:93933)
    at x (https://wassets.hscicdn.com/_next/static/chunks/framework-70f95e8fb8fe7028.js:32:1363)
    at T (https://wassets.hscicdn.com/_next/static/chunks/framework-70f95e8fb8fe7028.js:32:1893)
[    6641ms] Uncaught Error: Minified React error #418; visit https://reactjs.org/docs/error-decoder.html?invariant=418 for the full message or use the non-minified dev environment for full errors and additional helpful warnings.
    at lg (https://wassets.hscicdn.com/_next/static/chunks/framework-70f95e8fb8fe7028.js:8:46458)
    at i (https://wassets.hscicdn.com/_next/static/chunks/framework-70f95e8fb8fe7028.js:8:121053)
    at oO (https://wassets.hscicdn.com/_next/static/chunks/framework-70f95e8fb8fe7028.js:8:99020)
    at <anonymous> (https://wassets.hscicdn.com/_next/static/chunks/framework-70f95e8fb8fe7028.js:8:98887)
    at oF (https://wassets.hscicdn.com/_next/static/chunks/framework-70f95e8fb8fe7028.js:8:98894)
    at oS (https://wassets.hscicdn.com/_next/static/chunks/framework-70f95e8fb8fe7028.js:8:93933)
    at x (https://wassets.hscicdn.com/_next/static/chunks/framework-70f95e8fb8fe7028.js:32:1363)
    at T (https://wassets.hscicdn.com/_next/static/chunks/framework-70f95e8fb8fe7028.js:32:1893)
[    6641ms] Uncaught Error: Minified React error #418; visit https://reactjs.org/docs/error-decoder.html?invariant=418 for the full message or use the non-minified dev environment for full errors and additional helpful warnings.
    at lg (https://wassets.hscicdn.com/_next/static/chunks/framework-70f95e8fb8fe7028.js:8:46458)
    at i (https://wassets.hscicdn.com/_next/static/chunks/framework-70f95e8fb8fe7028.js:8:121053)
    at oO (https://wassets.hscicdn.com/_next/static/chunks/framework-70f95e8fb8fe7028.js:8:99020)
    at <anonymous> (https://wassets.hscicdn.com/_next/static/chunks/framework-70f95e8fb8fe7028.js:8:98887)
    at oF (https://wassets.hscicdn.com/_next/static/chunks/framework-70f95e8fb8fe7028.js:8:98894)
    at oS (https://wassets.hscicdn.com/_next/static/chunks/framework-70f95e8fb8fe7028.js:8:93933)
    at x (https://wassets.hscicdn.com/_next/static/chunks/framework-70f95e8fb8fe7028.js:32:1363)
    at T (https://wassets.hscicdn.com/_next/static/chunks/framework-70f95e8fb8fe7028.js:32:1893)
[    6641ms] Uncaught Error: Minified React error #418; visit https://reactjs.org/docs/error-decoder.html?invariant=418 for the full message or use the non-minified dev environment for full errors and additional helpful warnings.
    at lg (https://wassets.hscicdn.com/_next/static/chunks/framework-70f95e8fb8fe7028.js:8:46458)
    at i (https://wassets.hscicdn.com/_next/static/chunks/framework-70f95e8fb8fe7028.js:8:121053)
    at oO (https://wassets.hscicdn.com/_next/static/chunks/framework-70f95e8fb8fe7028.js:8:99020)
    at <anonymous> (https://wassets.hscicdn.com/_next/static/chunks/framework-70f95e8fb8fe7028.js:8:98887)
    at oF (https://wassets.hscicdn.com/_next/static/chunks/framework-70f95e8fb8fe7028.js:8:98894)
    at oS (https://wassets.hscicdn.com/_next/static/chunks/framework-70f95e8fb8fe7028.js:8:93933)
    at x (https://wassets.hscicdn.com/_next/static/chunks/framework-70f95e8fb8fe7028.js:32:1363)
    at T (https://wassets.hscicdn.com/_next/static/chunks/framework-70f95e8fb8fe7028.js:32:1893)
[    6641ms] Uncaught Error: Minified React error #418; visit https://reactjs.org/docs/error-decoder.html?invariant=418 for the full message or use the non-minified dev environment for full errors and additional helpful warnings.
    at lg (https://wassets.hscicdn.com/_next/static/chunks/framework-70f95e8fb8fe7028.js:8:46458)
    at i (https://wassets.hscicdn.com/_next/static/chunks/framework-70f95e8fb8fe7028.js:8:121053)
    at oO (https://wassets.hscicdn.com/_next/static/chunks/framework-70f95e8fb8fe7028.js:8:99020)
    at <anonymous> (https://wassets.hscicdn.com/_next/static/chunks/framework-70f95e8fb8fe7028.js:8:98887)
    at oF (https://wassets.hscicdn.com/_next/static/chunks/framework-70f95e8fb8fe7028.js:8:98894)
    at oS (https://wassets.hscicdn.com/_next/static/chunks/framework-70f95e8fb8fe7028.js:8:93933)
    at x (https://wassets.hscicdn.com/_next/static/chunks/framework-70f95e8fb8fe7028.js:32:1363)
    at T (https://wassets.hscicdn.com/_next/static/chunks/framework-70f95e8fb8fe7028.js:32:1893)
[    6641ms] Uncaught Error: Minified React error #418; visit https://reactjs.org/docs/error-decoder.html?invariant=418 for the full message or use the non-minified dev environment for full errors and additional helpful warnings.
    at lg (https://wassets.hscicdn.com/_next/static/chunks/framework-70f95e8fb8fe7028.js:8:46458)
    at i (https://wassets.hscicdn.com/_next/static/chunks/framework-70f95e8fb8fe7028.js:8:121053)
    at oO (https://wassets.hscicdn.com/_next/static/chunks/framework-70f95e8fb8fe7028.js:8:99020)
    at <anonymous> (https://wassets.hscicdn.com/_next/static/chunks/framework-70f95e8fb8fe7028.js:8:98887)
    at oF (https://wassets.hscicdn.com/_next/static/chunks/framework-70f95e8fb8fe7028.js:8:98894)
    at oS (https://wassets.hscicdn.com/_next/static/chunks/framework-70f95e8fb8fe7028.js:8:93933)
    at x (https://wassets.hscicdn.com/_next/static/chunks/framework-70f95e8fb8fe7028.js:32:1363)
    at T (https://wassets.hscicdn.com/_next/static/chunks/framework-70f95e8fb8fe7028.js:32:1893)
[    6642ms] Uncaught Error: Minified React error #418; visit https://reactjs.org/docs/error-decoder.html?invariant=418 for the full message or use the non-minified dev environment for full errors and additional helpful warnings.
    at lg (https://wassets.hscicdn.com/_next/static/chunks/framework-70f95e8fb8fe7028.js:8:46458)
    at i (https://wassets.hscicdn.com/_next/static/chunks/framework-70f95e8fb8fe7028.js:8:121053)
    at oO (https://wassets.hscicdn.com/_next/static/chunks/framework-70f95e8fb8fe7028.js:8:99020)
    at <anonymous> (https://wassets.hscicdn.com/_next/static/chunks/framework-70f95e8fb8fe7028.js:8:98887)
    at oF (https://wassets.hscicdn.com/_next/static/chunks/framework-70f95e8fb8fe7028.js:8:98894)
    at oS (https://wassets.hscicdn.com/_next/static/chunks/framework-70f95e8fb8fe7028.js:8:93933)
    at x (https://wassets.hscicdn.com/_next/static/chunks/framework-70f95e8fb8fe7028.js:32:1363)
    at T (https://wassets.hscicdn.com/_next/static/chunks/framework-70f95e8fb8fe7028.js:32:1893)
[    6642ms] Uncaught Error: Minified React error #418; visit https://reactjs.org/docs/error-decoder.html?invariant=418 for the full message or use the non-minified dev environment for full errors and additional helpful warnings.
    at lg (https://wassets.hscicdn.com/_next/static/chunks/framework-70f95e8fb8fe7028.js:8:46458)
    at i (https://wassets.hscicdn.com/_next/static/chunks/framework-70f95e8fb8fe7028.js:8:121053)
    at oO (https://wassets.hscicdn.com/_next/static/chunks/framework-70f95e8fb8fe7028.js:8:99020)
    at <anonymous> (https://wassets.hscicdn.com/_next/static/chunks/framework-70f95e8fb8fe7028.js:8:98887)
    at oF (https://wassets.hscicdn.com/_next/static/chunks/framework-70f95e8fb8fe7028.js:8:98894)
    at oS (https://wassets.hscicdn.com/_next/static/chunks/framework-70f95e8fb8fe7028.js:8:93933)
    at x (https://wassets.hscicdn.com/_next/static/chunks/framework-70f95e8fb8fe7028.js:32:1363)
    at T (https://wassets.hscicdn.com/_next/static/chunks/framework-70f95e8fb8fe7028.js:32:1893)
[    6642ms] Uncaught Error: Minified React error #418; visit https://reactjs.org/docs/error-decoder.html?invariant=418 for the full message or use the non-minified dev environment for full errors and additional helpful warnings.
    at lg (https://wassets.hscicdn.com/_next/static/chunks/framework-70f95e8fb8fe7028.js:8:46458)
    at i (https://wassets.hscicdn.com/_next/static/chunks/framework-70f95e8fb8fe7028.js:8:121053)
    at oO (https://wassets.hscicdn.com/_next/static/chunks/framework-70f95e8fb8fe7028.js:8:99020)
    at <anonymous> (https://wassets.hscicdn.com/_next/static/chunks/framework-70f95e8fb8fe7028.js:8:98887)
    at oF (https://wassets.hscicdn.com/_next/static/chunks/framework-70f95e8fb8fe7028.js:8:98894)
    at oS (https://wassets.hscicdn.com/_next/static/chunks/framework-70f95e8fb8fe7028.js:8:93933)
    at x (https://wassets.hscicdn.com/_next/static/chunks/framework-70f95e8fb8fe7028.js:32:1363)
    at T (https://wassets.hscicdn.com/_next/static/chunks/framework-70f95e8fb8fe7028.js:32:1893)
[    6642ms] Uncaught Error: Minified React error #418; visit https://reactjs.org/docs/error-decoder.html?invariant=418 for the full message or use the non-minified dev environment for full errors and additional helpful warnings.
    at lg (https://wassets.hscicdn.com/_next/static/chunks/framework-70f95e8fb8fe7028.js:8:46458)
    at i (https://wassets.hscicdn.com/_next/static/chunks/framework-70f95e8fb8fe7028.js:8:121053)
    at oO (https://wassets.hscicdn.com/_next/static/chunks/framework-70f95e8fb8fe7028.js:8:99020)
    at <anonymous> (https://wassets.hscicdn.com/_next/static/chunks/framework-70f95e8fb8fe7028.js:8:98887)
    at oF (https://wassets.hscicdn.com/_next/static/chunks/framework-70f95e8fb8fe7028.js:8:98894)
    at oS (https://wassets.hscicdn.com/_next/static/chunks/framework-70f95e8fb8fe7028.js:8:93933)
    at x (https://wassets.hscicdn.com/_next/static/chunks/framework-70f95e8fb8fe7028.js:32:1363)
    at T (https://wassets.hscicdn.com/_next/static/chunks/framework-70f95e8fb8fe7028.js:32:1893)
[    6642ms] Uncaught Error: Minified React error #418; visit https://reactjs.org/docs/error-decoder.html?invariant=418 for the full message or use the non-minified dev environment for full errors and additional helpful warnings.
    at lg (https://wassets.hscicdn.com/_next/static/chunks/framework-70f95e8fb8fe7028.js:8:46458)
    at i (https://wassets.hscicdn.com/_next/static/chunks/framework-70f95e8fb8fe7028.js:8:121053)
    at oO (https://wassets.hscicdn.com/_next/static/chunks/framework-70f95e8fb8fe7028.js:8:99020)
    at <anonymous> (https://wassets.hscicdn.com/_next/static/chunks/framework-70f95e8fb8fe7028.js:8:98887)
    at oF (https://wassets.hscicdn.com/_next/static/chunks/framework-70f95e8fb8fe7028.js:8:98894)
    at oS (https://wassets.hscicdn.com/_next/static/chunks/framework-70f95e8fb8fe7028.js:8:93933)
    at x (https://wassets.hscicdn.com/_next/static/chunks/framework-70f95e8fb8fe7028.js:32:1363)
    at T (https://wassets.hscicdn.com/_next/static/chunks/framework-70f95e8fb8fe7028.js:32:1893)
[    6642ms] Uncaught Error: Minified React error #418; visit https://reactjs.org/docs/error-decoder.html?invariant=418 for the full message or use the non-minified dev environment for full errors and additional helpful warnings.
    at lg (https://wassets.hscicdn.com/_next/static/chunks/framework-70f95e8fb8fe7028.js:8:46458)
    at i (https://wassets.hscicdn.com/_next/static/chunks/framework-70f95e8fb8fe7028.js:8:121053)
    at oO (https://wassets.hscicdn.com/_next/static/chunks/framework-70f95e8fb8fe7028.js:8:99020)
    at <anonymous> (https://wassets.hscicdn.com/_next/static/chunks/framework-70f95e8fb8fe7028.js:8:98887)
    at oF (https://wassets.hscicdn.com/_next/static/chunks/framework-70f95e8fb8fe7028.js:8:98894)
    at oS (https://wassets.hscicdn.com/_next/static/chunks/framework-70f95e8fb8fe7028.js:8:93933)
    at x (https://wassets.hscicdn.com/_next/static/chunks/framework-70f95e8fb8fe7028.js:32:1363)
    at T (https://wassets.hscicdn.com/_next/static/chunks/framework-70f95e8fb8fe7028.js:32:1893)
[    6642ms] Uncaught Error: Minified React error #418; visit https://reactjs.org/docs/error-decoder.html?invariant=418 for the full message or use the non-minified dev environment for full errors and additional helpful warnings.
    at lg (https://wassets.hscicdn.com/_next/static/chunks/framework-70f95e8fb8fe7028.js:8:46458)
    at i (https://wassets.hscicdn.com/_next/static/chunks/framework-70f95e8fb8fe7028.js:8:121053)
    at oO (https://wassets.hscicdn.com/_next/static/chunks/framework-70f95e8fb8fe7028.js:8:99020)
    at <anonymous> (https://wassets.hscicdn.com/_next/static/chunks/framework-70f95e8fb8fe7028.js:8:98887)
    at oF (https://wassets.hscicdn.com/_next/static/chunks/framework-70f95e8fb8fe7028.js:8:98894)
    at oS (https://wassets.hscicdn.com/_next/static/chunks/framework-70f95e8fb8fe7028.js:8:93933)
    at x (https://wassets.hscicdn.com/_next/static/chunks/framework-70f95e8fb8fe7028.js:32:1363)
    at T (https://wassets.hscicdn.com/_next/static/chunks/framework-70f95e8fb8fe7028.js:32:1893)
[    6642ms] Uncaught Error: Minified React error #418; visit https://reactjs.org/docs/error-decoder.html?invariant=418 for the full message or use the non-minified dev environment for full errors and additional helpful warnings.
    at lg (https://wassets.hscicdn.com/_next/static/chunks/framework-70f95e8fb8fe7028.js:8:46458)
    at i (https://wassets.hscicdn.com/_next/static/chunks/framework-70f95e8fb8fe7028.js:8:121053)
    at oO (https://wassets.hscicdn.com/_next/static/chunks/framework-70f95e8fb8fe7028.js:8:99020)
    at <anonymous> (https://wassets.hscicdn.com/_next/static/chunks/framework-70f95e8fb8fe7028.js:8:98887)
    at oF (https://wassets.hscicdn.com/_next/static/chunks/framework-70f95e8fb8fe7028.js:8:98894)
    at oS (https://wassets.hscicdn.com/_next/static/chunks/framework-70f95e8fb8fe7028.js:8:93933)
    at x (https://wassets.hscicdn.com/_next/static/chunks/framework-70f95e8fb8fe7028.js:32:1363)
    at T (https://wassets.hscicdn.com/_next/static/chunks/framework-70f95e8fb8fe7028.js:32:1893)
[    6642ms] Uncaught Error: Minified React error #418; visit https://reactjs.org/docs/error-decoder.html?invariant=418 for the full message or use the non-minified dev environment for full errors and additional helpful warnings.
    at lg (https://wassets.hscicdn.com/_next/static/chunks/framework-70f95e8fb8fe7028.js:8:46458)
    at i (https://wassets.hscicdn.com/_next/static/chunks/framework-70f95e8fb8fe7028.js:8:121053)
    at oO (https://wassets.hscicdn.com/_next/static/chunks/framework-70f95e8fb8fe7028.js:8:99020)
    at <anonymous> (https://wassets.hscicdn.com/_next/static/chunks/framework-70f95e8fb8fe7028.js:8:98887)
    at oF (https://wassets.hscicdn.com/_next/static/chunks/framework-70f95e8fb8fe7028.js:8:98894)
    at oS (https://wassets.hscicdn.com/_next/static/chunks/framework-70f95e8fb8fe7028.js:8:93933)
    at x (https://wassets.hscicdn.com/_next/static/chunks/framework-70f95e8fb8fe7028.js:32:1363)
    at T (https://wassets.hscicdn.com/_next/static/chunks/framework-70f95e8fb8fe7028.js:32:1893)
[    6642ms] Uncaught Error: Minified React error #418; visit https://reactjs.org/docs/error-decoder.html?invariant=418 for the full message or use the non-minified dev environment for full errors and additional helpful warnings.
    at lg (https://wassets.hscicdn.com/_next/static/chunks/framework-70f95e8fb8fe7028.js:8:46458)
    at i (https://wassets.hscicdn.com/_next/static/chunks/framework-70f95e8fb8fe7028.js:8:121053)
    at oO (https://wassets.hscicdn.com/_next/static/chunks/framework-70f95e8fb8fe7028.js:8:99020)
    at <anonymous> (https://wassets.hscicdn.com/_next/static/chunks/framework-70f95e8fb8fe7028.js:8:98887)
    at oF (https://wassets.hscicdn.com/_next/static/chunks/framework-70f95e8fb8fe7028.js:8:98894)
    at oS (https://wassets.hscicdn.com/_next/static/chunks/framework-70f95e8fb8fe7028.js:8:93933)
    at x (https://wassets.hscicdn.com/_next/static/chunks/framework-70f95e8fb8fe7028.js:32:1363)
    at T (https://wassets.hscicdn.com/_next/static/chunks/framework-70f95e8fb8fe7028.js:32:1893)
[    6642ms] Uncaught Error: Minified React error #418; visit https://reactjs.org/docs/error-decoder.html?invariant=418 for the full message or use the non-minified dev environment for full errors and additional helpful warnings.
    at lg (https://wassets.hscicdn.com/_next/static/chunks/framework-70f95e8fb8fe7028.js:8:46458)
    at i (https://wassets.hscicdn.com/_next/static/chunks/framework-70f95e8fb8fe7028.js:8:121053)
    at oO (https://wassets.hscicdn.com/_next/static/chunks/framework-70f95e8fb8fe7028.js:8:99020)
    at <anonymous> (https://wassets.hscicdn.com/_next/static/chunks/framework-70f95e8fb8fe7028.js:8:98887)
    at oF (https://wassets.hscicdn.com/_next/static/chunks/framework-70f95e8fb8fe7028.js:8:98894)
    at oS (https://wassets.hscicdn.com/_next/static/chunks/framework-70f95e8fb8fe7028.js:8:93933)
    at x (https://wassets.hscicdn.com/_next/static/chunks/framework-70f95e8fb8fe7028.js:32:1363)
    at T (https://wassets.hscicdn.com/_next/static/chunks/framework-70f95e8fb8fe7028.js:32:1893)
[    6642ms] Uncaught Error: Minified React error #418; visit https://reactjs.org/docs/error-decoder.html?invariant=418 for the full message or use the non-minified dev environment for full errors and additional helpful warnings.
    at lg (https://wassets.hscicdn.com/_next/static/chunks/framework-70f95e8fb8fe7028.js:8:46458)
    at i (https://wassets.hscicdn.com/_next/static/chunks/framework-70f95e8fb8fe7028.js:8:121053)
    at oO (https://wassets.hscicdn.com/_next/static/chunks/framework-70f95e8fb8fe7028.js:8:99020)
    at <anonymous> (https://wassets.hscicdn.com/_next/static/chunks/framework-70f95e8fb8fe7028.js:8:98887)
    at oF (https://wassets.hscicdn.com/_next/static/chunks/framework-70f95e8fb8fe7028.js:8:98894)
    at oS (https://wassets.hscicdn.com/_next/static/chunks/framework-70f95e8fb8fe7028.js:8:93933)
    at x (https://wassets.hscicdn.com/_next/static/chunks/framework-70f95e8fb8fe7028.js:32:1363)
    at T (https://wassets.hscicdn.com/_next/static/chunks/framework-70f95e8fb8fe7028.js:32:1893)
[    6642ms] Uncaught Error: Minified React error #418; visit https://reactjs.org/docs/error-decoder.html?invariant=418 for the full message or use the non-minified dev environment for full errors and additional helpful warnings.
    at lg (https://wassets.hscicdn.com/_next/static/chunks/framework-70f95e8fb8fe7028.js:8:46458)
    at i (https://wassets.hscicdn.com/_next/static/chunks/framework-70f95e8fb8fe7028.js:8:121053)
    at oO (https://wassets.hscicdn.com/_next/static/chunks/framework-70f95e8fb8fe7028.js:8:99020)
    at <anonymous> (https://wassets.hscicdn.com/_next/static/chunks/framework-70f95e8fb8fe7028.js:8:98887)
    at oF (https://wassets.hscicdn.com/_next/static/chunks/framework-70f95e8fb8fe7028.js:8:98894)
    at oS (https://wassets.hscicdn.com/_next/static/chunks/framework-70f95e8fb8fe7028.js:8:93933)
    at x (https://wassets.hscicdn.com/_next/static/chunks/framework-70f95e8fb8fe7028.js:32:1363)
    at T (https://wassets.hscicdn.com/_next/static/chunks/framework-70f95e8fb8fe7028.js:32:1893)
[    6646ms] Uncaught Error: Minified React error #418; visit https://reactjs.org/docs/error-decoder.html?invariant=418 for the full message or use the non-minified dev environment for full errors and additional helpful warnings.
    at lg (https://wassets.hscicdn.com/_next/static/chunks/framework-70f95e8fb8fe7028.js:8:46458)
    at i (https://wassets.hscicdn.com/_next/static/chunks/framework-70f95e8fb8fe7028.js:8:121053)
    at oO (https://wassets.hscicdn.com/_next/static/chunks/framework-70f95e8fb8fe7028.js:8:99020)
    at <anonymous> (https://wassets.hscicdn.com/_next/static/chunks/framework-70f95e8fb8fe7028.js:8:98887)
    at oF (https://wassets.hscicdn.com/_next/static/chunks/framework-70f95e8fb8fe7028.js:8:98894)
    at oS (https://wassets.hscicdn.com/_next/static/chunks/framework-70f95e8fb8fe7028.js:8:93933)
    at x (https://wassets.hscicdn.com/_next/static/chunks/framework-70f95e8fb8fe7028.js:32:1363)
    at T (https://wassets.hscicdn.com/_next/static/chunks/framework-70f95e8fb8fe7028.js:32:1893)
[    6647ms] Uncaught Error: Minified React error #418; visit https://reactjs.org/docs/error-decoder.html?invariant=418 for the full message or use the non-minified dev environment for full errors and additional helpful warnings.
    at lg (https://wassets.hscicdn.com/_next/static/chunks/framework-70f95e8fb8fe7028.js:8:46458)
    at i (https://wassets.hscicdn.com/_next/static/chunks/framework-70f95e8fb8fe7028.js:8:121053)
    at oO (https://wassets.hscicdn.com/_next/static/chunks/framework-70f95e8fb8fe7028.js:8:99020)
    at <anonymous> (https://wassets.hscicdn.com/_next/static/chunks/framework-70f95e8fb8fe7028.js:8:98887)
    at oF (https://wassets.hscicdn.com/_next/static/chunks/framework-70f95e8fb8fe7028.js:8:98894)
    at oS (https://wassets.hscicdn.com/_next/static/chunks/framework-70f95e8fb8fe7028.js:8:93933)
    at x (https://wassets.hscicdn.com/_next/static/chunks/framework-70f95e8fb8fe7028.js:32:1363)
    at T (https://wassets.hscicdn.com/_next/static/chunks/framework-70f95e8fb8fe7028.js:32:1893)
[    6647ms] Uncaught Error: Minified React error #418; visit https://reactjs.org/docs/error-decoder.html?invariant=418 for the full message or use the non-minified dev environment for full errors and additional helpful warnings.
    at lg (https://wassets.hscicdn.com/_next/static/chunks/framework-70f95e8fb8fe7028.js:8:46458)
    at i (https://wassets.hscicdn.com/_next/static/chunks/framework-70f95e8fb8fe7028.js:8:121053)
    at oO (https://wassets.hscicdn.com/_next/static/chunks/framework-70f95e8fb8fe7028.js:8:99020)
    at <anonymous> (https://wassets.hscicdn.com/_next/static/chunks/framework-70f95e8fb8fe7028.js:8:98887)
    at oF (https://wassets.hscicdn.com/_next/static/chunks/framework-70f95e8fb8fe7028.js:8:98894)
    at oS (https://wassets.hscicdn.com/_next/static/chunks/framework-70f95e8fb8fe7028.js:8:93933)
    at x (https://wassets.hscicdn.com/_next/static/chunks/framework-70f95e8fb8fe7028.js:32:1363)
    at T (https://wassets.hscicdn.com/_next/static/chunks/framework-70f95e8fb8fe7028.js:32:1893)
[    6647ms] Uncaught Error: Minified React error #418; visit https://reactjs.org/docs/error-decoder.html?invariant=418 for the full message or use the non-minified dev environment for full errors and additional helpful warnings.
    at lg (https://wassets.hscicdn.com/_next/static/chunks/framework-70f95e8fb8fe7028.js:8:46458)
    at i (https://wassets.hscicdn.com/_next/static/chunks/framework-70f95e8fb8fe7028.js:8:121053)
    at oO (https://wassets.hscicdn.com/_next/static/chunks/framework-70f95e8fb8fe7028.js:8:99020)
    at <anonymous> (https://wassets.hscicdn.com/_next/static/chunks/framework-70f95e8fb8fe7028.js:8:98887)
    at oF (https://wassets.hscicdn.com/_next/static/chunks/framework-70f95e8fb8fe7028.js:8:98894)
    at oS (https://wassets.hscicdn.com/_next/static/chunks/framework-70f95e8fb8fe7028.js:8:93933)
    at x (https://wassets.hscicdn.com/_next/static/chunks/framework-70f95e8fb8fe7028.js:32:1363)
    at T (https://wassets.hscicdn.com/_next/static/chunks/framework-70f95e8fb8fe7028.js:32:1893)
[    6647ms] Uncaught Error: Minified React error #418; visit https://reactjs.org/docs/error-decoder.html?invariant=418 for the full message or use the non-minified dev environment for full errors and additional helpful warnings.
    at lg (https://wassets.hscicdn.com/_next/static/chunks/framework-70f95e8fb8fe7028.js:8:46458)
    at i (https://wassets.hscicdn.com/_next/static/chunks/framework-70f95e8fb8fe7028.js:8:121053)
    at oO (https://wassets.hscicdn.com/_next/static/chunks/framework-70f95e8fb8fe7028.js:8:99020)
    at <anonymous> (https://wassets.hscicdn.com/_next/static/chunks/framework-70f95e8fb8fe7028.js:8:98887)
    at oF (https://wassets.hscicdn.com/_next/static/chunks/framework-70f95e8fb8fe7028.js:8:98894)
    at oS (https://wassets.hscicdn.com/_next/static/chunks/framework-70f95e8fb8fe7028.js:8:93933)
    at x (https://wassets.hscicdn.com/_next/static/chunks/framework-70f95e8fb8fe7028.js:32:1363)
    at T (https://wassets.hscicdn.com/_next/static/chunks/framework-70f95e8fb8fe7028.js:32:1893)
[    6647ms] Uncaught Error: Minified React error #418; visit https://reactjs.org/docs/error-decoder.html?invariant=418 for the full message or use the non-minified dev environment for full errors and additional helpful warnings.
    at lg (https://wassets.hscicdn.com/_next/static/chunks/framework-70f95e8fb8fe7028.js:8:46458)
    at i (https://wassets.hscicdn.com/_next/static/chunks/framework-70f95e8fb8fe7028.js:8:121053)
    at oO (https://wassets.hscicdn.com/_next/static/chunks/framework-70f95e8fb8fe7028.js:8:99020)
    at <anonymous> (https://wassets.hscicdn.com/_next/static/chunks/framework-70f95e8fb8fe7028.js:8:98887)
    at oF (https://wassets.hscicdn.com/_next/static/chunks/framework-70f95e8fb8fe7028.js:8:98894)
    at oS (https://wassets.hscicdn.com/_next/static/chunks/framework-70f95e8fb8fe7028.js:8:93933)
    at x (https://wassets.hscicdn.com/_next/static/chunks/framework-70f95e8fb8fe7028.js:32:1363)
    at T (https://wassets.hscicdn.com/_next/static/chunks/framework-70f95e8fb8fe7028.js:32:1893)
[    6647ms] Uncaught Error: Minified React error #418; visit https://reactjs.org/docs/error-decoder.html?invariant=418 for the full message or use the non-minified dev environment for full errors and additional helpful warnings.
    at lg (https://wassets.hscicdn.com/_next/static/chunks/framework-70f95e8fb8fe7028.js:8:46458)
    at i (https://wassets.hscicdn.com/_next/static/chunks/framework-70f95e8fb8fe7028.js:8:121053)
    at oO (https://wassets.hscicdn.com/_next/static/chunks/framework-70f95e8fb8fe7028.js:8:99020)
    at <anonymous> (https://wassets.hscicdn.com/_next/static/chunks/framework-70f95e8fb8fe7028.js:8:98887)
    at oF (https://wassets.hscicdn.com/_next/static/chunks/framework-70f95e8fb8fe7028.js:8:98894)
    at oS (https://wassets.hscicdn.com/_next/static/chunks/framework-70f95e8fb8fe7028.js:8:93933)
    at x (https://wassets.hscicdn.com/_next/static/chunks/framework-70f95e8fb8fe7028.js:32:1363)
    at T (https://wassets.hscicdn.com/_next/static/chunks/framework-70f95e8fb8fe7028.js:32:1893)
[    6647ms] Uncaught Error: Minified React error #418; visit https://reactjs.org/docs/error-decoder.html?invariant=418 for the full message or use the non-minified dev environment for full errors and additional helpful warnings.
    at lg (https://wassets.hscicdn.com/_next/static/chunks/framework-70f95e8fb8fe7028.js:8:46458)
    at i (https://wassets.hscicdn.com/_next/static/chunks/framework-70f95e8fb8fe7028.js:8:121053)
    at oO (https://wassets.hscicdn.com/_next/static/chunks/framework-70f95e8fb8fe7028.js:8:99020)
    at <anonymous> (https://wassets.hscicdn.com/_next/static/chunks/framework-70f95e8fb8fe7028.js:8:98887)
    at oF (https://wassets.hscicdn.com/_next/static/chunks/framework-70f95e8fb8fe7028.js:8:98894)
    at oS (https://wassets.hscicdn.com/_next/static/chunks/framework-70f95e8fb8fe7028.js:8:93933)
    at x (https://wassets.hscicdn.com/_next/static/chunks/framework-70f95e8fb8fe7028.js:32:1363)
    at T (https://wassets.hscicdn.com/_next/static/chunks/framework-70f95e8fb8fe7028.js:32:1893)
[    6647ms] Uncaught Error: Minified React error #418; visit https://reactjs.org/docs/error-decoder.html?invariant=418 for the full message or use the non-minified dev environment for full errors and additional helpful warnings.
    at lg (https://wassets.hscicdn.com/_next/static/chunks/framework-70f95e8fb8fe7028.js:8:46458)
    at i (https://wassets.hscicdn.com/_next/static/chunks/framework-70f95e8fb8fe7028.js:8:121053)
    at oO (https://wassets.hscicdn.com/_next/static/chunks/framework-70f95e8fb8fe7028.js:8:99020)
    at <anonymous> (https://wassets.hscicdn.com/_next/static/chunks/framework-70f95e8fb8fe7028.js:8:98887)
    at oF (https://wassets.hscicdn.com/_next/static/chunks/framework-70f95e8fb8fe7028.js:8:98894)
    at oS (https://wassets.hscicdn.com/_next/static/chunks/framework-70f95e8fb8fe7028.js:8:93933)
    at x (https://wassets.hscicdn.com/_next/static/chunks/framework-70f95e8fb8fe7028.js:32:1363)
    at T (https://wassets.hscicdn.com/_next/static/chunks/framework-70f95e8fb8fe7028.js:32:1893)
[    6647ms] Uncaught Error: Minified React error #418; visit https://reactjs.org/docs/error-decoder.html?invariant=418 for the full message or use the non-minified dev environment for full errors and additional helpful warnings.
    at lg (https://wassets.hscicdn.com/_next/static/chunks/framework-70f95e8fb8fe7028.js:8:46458)
    at i (https://wassets.hscicdn.com/_next/static/chunks/framework-70f95e8fb8fe7028.js:8:121053)
    at oO (https://wassets.hscicdn.com/_next/static/chunks/framework-70f95e8fb8fe7028.js:8:99020)
    at <anonymous> (https://wassets.hscicdn.com/_next/static/chunks/framework-70f95e8fb8fe7028.js:8:98887)
    at oF (https://wassets.hscicdn.com/_next/static/chunks/framework-70f95e8fb8fe7028.js:8:98894)
    at oS (https://wassets.hscicdn.com/_next/static/chunks/framework-70f95e8fb8fe7028.js:8:93933)
    at x (https://wassets.hscicdn.com/_next/static/chunks/framework-70f95e8fb8fe7028.js:32:1363)
    at T (https://wassets.hscicdn.com/_next/static/chunks/framework-70f95e8fb8fe7028.js:32:1893)
[    6647ms] Uncaught Error: Minified React error #418; visit https://reactjs.org/docs/error-decoder.html?invariant=418 for the full message or use the non-minified dev environment for full errors and additional helpful warnings.
    at lg (https://wassets.hscicdn.com/_next/static/chunks/framework-70f95e8fb8fe7028.js:8:46458)
    at i (https://wassets.hscicdn.com/_next/static/chunks/framework-70f95e8fb8fe7028.js:8:121053)
    at oO (https://wassets.hscicdn.com/_next/static/chunks/framework-70f95e8fb8fe7028.js:8:99020)
    at <anonymous> (https://wassets.hscicdn.com/_next/static/chunks/framework-70f95e8fb8fe7028.js:8:98887)
    at oF (https://wassets.hscicdn.com/_next/static/chunks/framework-70f95e8fb8fe7028.js:8:98894)
    at oS (https://wassets.hscicdn.com/_next/static/chunks/framework-70f95e8fb8fe7028.js:8:93933)
    at x (https://wassets.hscicdn.com/_next/static/chunks/framework-70f95e8fb8fe7028.js:32:1363)
    at T (https://wassets.hscicdn.com/_next/static/chunks/framework-70f95e8fb8fe7028.js:32:1893)
[    6647ms] Uncaught Error: Minified React error #418; visit https://reactjs.org/docs/error-decoder.html?invariant=418 for the full message or use the non-minified dev environment for full errors and additional helpful warnings.
    at lg (https://wassets.hscicdn.com/_next/static/chunks/framework-70f95e8fb8fe7028.js:8:46458)
    at i (https://wassets.hscicdn.com/_next/static/chunks/framework-70f95e8fb8fe7028.js:8:121053)
    at oO (https://wassets.hscicdn.com/_next/static/chunks/framework-70f95e8fb8fe7028.js:8:99020)
    at <anonymous> (https://wassets.hscicdn.com/_next/static/chunks/framework-70f95e8fb8fe7028.js:8:98887)
    at oF (https://wassets.hscicdn.com/_next/static/chunks/framework-70f95e8fb8fe7028.js:8:98894)
    at oS (https://wassets.hscicdn.com/_next/static/chunks/framework-70f95e8fb8fe7028.js:8:93933)
    at x (https://wassets.hscicdn.com/_next/static/chunks/framework-70f95e8fb8fe7028.js:32:1363)
    at T (https://wassets.hscicdn.com/_next/static/chunks/framework-70f95e8fb8fe7028.js:32:1893)
[    6647ms] Uncaught Error: Minified React error #418; visit https://reactjs.org/docs/error-decoder.html?invariant=418 for the full message or use the non-minified dev environment for full errors and additional helpful warnings.
    at lg (https://wassets.hscicdn.com/_next/static/chunks/framework-70f95e8fb8fe7028.js:8:46458)
    at i (https://wassets.hscicdn.com/_next/static/chunks/framework-70f95e8fb8fe7028.js:8:121053)
    at oO (https://wassets.hscicdn.com/_next/static/chunks/framework-70f95e8fb8fe7028.js:8:99020)
    at <anonymous> (https://wassets.hscicdn.com/_next/static/chunks/framework-70f95e8fb8fe7028.js:8:98887)
    at oF (https://wassets.hscicdn.com/_next/static/chunks/framework-70f95e8fb8fe7028.js:8:98894)
    at oS (https://wassets.hscicdn.com/_next/static/chunks/framework-70f95e8fb8fe7028.js:8:93933)
    at x (https://wassets.hscicdn.com/_next/static/chunks/framework-70f95e8fb8fe7028.js:32:1363)
    at T (https://wassets.hscicdn.com/_next/static/chunks/framework-70f95e8fb8fe7028.js:32:1893)
[    6647ms] Uncaught Error: Minified React error #418; visit https://reactjs.org/docs/error-decoder.html?invariant=418 for the full message or use the non-minified dev environment for full errors and additional helpful warnings.
    at lg (https://wassets.hscicdn.com/_next/static/chunks/framework-70f95e8fb8fe7028.js:8:46458)
    at i (https://wassets.hscicdn.com/_next/static/chunks/framework-70f95e8fb8fe7028.js:8:121053)
    at oO (https://wassets.hscicdn.com/_next/static/chunks/framework-70f95e8fb8fe7028.js:8:99020)
    at <anonymous> (https://wassets.hscicdn.com/_next/static/chunks/framework-70f95e8fb8fe7028.js:8:98887)
    at oF (https://wassets.hscicdn.com/_next/static/chunks/framework-70f95e8fb8fe7028.js:8:98894)
    at oS (https://wassets.hscicdn.com/_next/static/chunks/framework-70f95e8fb8fe7028.js:8:93933)
    at x (https://wassets.hscicdn.com/_next/static/chunks/framework-70f95e8fb8fe7028.js:32:1363)
    at T (https://wassets.hscicdn.com/_next/static/chunks/framework-70f95e8fb8fe7028.js:32:1893)
[    6647ms] Uncaught Error: Minified React error #418; visit https://reactjs.org/docs/error-decoder.html?invariant=418 for the full message or use the non-minified dev environment for full errors and additional helpful warnings.
    at lg (https://wassets.hscicdn.com/_next/static/chunks/framework-70f95e8fb8fe7028.js:8:46458)
    at i (https://wassets.hscicdn.com/_next/static/chunks/framework-70f95e8fb8fe7028.js:8:121053)
    at oO (https://wassets.hscicdn.com/_next/static/chunks/framework-70f95e8fb8fe7028.js:8:99020)
    at <anonymous> (https://wassets.hscicdn.com/_next/static/chunks/framework-70f95e8fb8fe7028.js:8:98887)
    at oF (https://wassets.hscicdn.com/_next/static/chunks/framework-70f95e8fb8fe7028.js:8:98894)
    at oS (https://wassets.hscicdn.com/_next/static/chunks/framework-70f95e8fb8fe7028.js:8:93933)
    at x (https://wassets.hscicdn.com/_next/static/chunks/framework-70f95e8fb8fe7028.js:32:1363)
    at T (https://wassets.hscicdn.com/_next/static/chunks/framework-70f95e8fb8fe7028.js:32:1893)
[    6647ms] Uncaught Error: Minified React error #418; visit https://reactjs.org/docs/error-decoder.html?invariant=418 for the full message or use the non-minified dev environment for full errors and additional helpful warnings.
    at lg (https://wassets.hscicdn.com/_next/static/chunks/framework-70f95e8fb8fe7028.js:8:46458)
    at i (https://wassets.hscicdn.com/_next/static/chunks/framework-70f95e8fb8fe7028.js:8:121053)
    at oO (https://wassets.hscicdn.com/_next/static/chunks/framework-70f95e8fb8fe7028.js:8:99020)
    at <anonymous> (https://wassets.hscicdn.com/_next/static/chunks/framework-70f95e8fb8fe7028.js:8:98887)
    at oF (https://wassets.hscicdn.com/_next/static/chunks/framework-70f95e8fb8fe7028.js:8:98894)
    at oS (https://wassets.hscicdn.com/_next/static/chunks/framework-70f95e8fb8fe7028.js:8:93933)
    at x (https://wassets.hscicdn.com/_next/static/chunks/framework-70f95e8fb8fe7028.js:32:1363)
    at T (https://wassets.hscicdn.com/_next/static/chunks/framework-70f95e8fb8fe7028.js:32:1893)
[    6648ms] Uncaught Error: Minified React error #418; visit https://reactjs.org/docs/error-decoder.html?invariant=418 for the full message or use the non-minified dev environment for full errors and additional helpful warnings.
    at lg (https://wassets.hscicdn.com/_next/static/chunks/framework-70f95e8fb8fe7028.js:8:46458)
    at i (https://wassets.hscicdn.com/_next/static/chunks/framework-70f95e8fb8fe7028.js:8:121053)
    at oO (https://wassets.hscicdn.com/_next/static/chunks/framework-70f95e8fb8fe7028.js:8:99020)
    at <anonymous> (https://wassets.hscicdn.com/_next/static/chunks/framework-70f95e8fb8fe7028.js:8:98887)
    at oF (https://wassets.hscicdn.com/_next/static/chunks/framework-70f95e8fb8fe7028.js:8:98894)
    at oS (https://wassets.hscicdn.com/_next/static/chunks/framework-70f95e8fb8fe7028.js:8:93933)
    at x (https://wassets.hscicdn.com/_next/static/chunks/framework-70f95e8fb8fe7028.js:32:1363)
    at T (https://wassets.hscicdn.com/_next/static/chunks/framework-70f95e8fb8fe7028.js:32:1893)
[    6648ms] Uncaught Error: Minified React error #418; visit https://reactjs.org/docs/error-decoder.html?invariant=418 for the full message or use the non-minified dev environment for full errors and additional helpful warnings.
    at lg (https://wassets.hscicdn.com/_next/static/chunks/framework-70f95e8fb8fe7028.js:8:46458)
    at i (https://wassets.hscicdn.com/_next/static/chunks/framework-70f95e8fb8fe7028.js:8:121053)
    at oO (https://wassets.hscicdn.com/_next/static/chunks/framework-70f95e8fb8fe7028.js:8:99020)
    at <anonymous> (https://wassets.hscicdn.com/_next/static/chunks/framework-70f95e8fb8fe7028.js:8:98887)
    at oF (https://wassets.hscicdn.com/_next/static/chunks/framework-70f95e8fb8fe7028.js:8:98894)
    at oS (https://wassets.hscicdn.com/_next/static/chunks/framework-70f95e8fb8fe7028.js:8:93933)
    at x (https://wassets.hscicdn.com/_next/static/chunks/framework-70f95e8fb8fe7028.js:32:1363)
    at T (https://wassets.hscicdn.com/_next/static/chunks/framework-70f95e8fb8fe7028.js:32:1893)
[    6648ms] Uncaught Error: Minified React error #418; visit https://reactjs.org/docs/error-decoder.html?invariant=418 for the full message or use the non-minified dev environment for full errors and additional helpful warnings.
    at lg (https://wassets.hscicdn.com/_next/static/chunks/framework-70f95e8fb8fe7028.js:8:46458)
    at i (https://wassets.hscicdn.com/_next/static/chunks/framework-70f95e8fb8fe7028.js:8:121053)
    at oO (https://wassets.hscicdn.com/_next/static/chunks/framework-70f95e8fb8fe7028.js:8:99020)
    at <anonymous> (https://wassets.hscicdn.com/_next/static/chunks/framework-70f95e8fb8fe7028.js:8:98887)
    at oF (https://wassets.hscicdn.com/_next/static/chunks/framework-70f95e8fb8fe7028.js:8:98894)
    at oS (https://wassets.hscicdn.com/_next/static/chunks/framework-70f95e8fb8fe7028.js:8:93933)
    at x (https://wassets.hscicdn.com/_next/static/chunks/framework-70f95e8fb8fe7028.js:32:1363)
    at T (https://wassets.hscicdn.com/_next/static/chunks/framework-70f95e8fb8fe7028.js:32:1893)
[    6648ms] Uncaught Error: Minified React error #418; visit https://reactjs.org/docs/error-decoder.html?invariant=418 for the full message or use the non-minified dev environment for full errors and additional helpful warnings.
    at lg (https://wassets.hscicdn.com/_next/static/chunks/framework-70f95e8fb8fe7028.js:8:46458)
    at i (https://wassets.hscicdn.com/_next/static/chunks/framework-70f95e8fb8fe7028.js:8:121053)
    at oO (https://wassets.hscicdn.com/_next/static/chunks/framework-70f95e8fb8fe7028.js:8:99020)
    at <anonymous> (https://wassets.hscicdn.com/_next/static/chunks/framework-70f95e8fb8fe7028.js:8:98887)
    at oF (https://wassets.hscicdn.com/_next/static/chunks/framework-70f95e8fb8fe7028.js:8:98894)
    at oS (https://wassets.hscicdn.com/_next/static/chunks/framework-70f95e8fb8fe7028.js:8:93933)
    at x (https://wassets.hscicdn.com/_next/static/chunks/framework-70f95e8fb8fe7028.js:32:1363)
    at T (https://wassets.hscicdn.com/_next/static/chunks/framework-70f95e8fb8fe7028.js:32:1893)
[    6648ms] Uncaught Error: Minified React error #418; visit https://reactjs.org/docs/error-decoder.html?invariant=418 for the full message or use the non-minified dev environment for full errors and additional helpful warnings.
    at lg (https://wassets.hscicdn.com/_next/static/chunks/framework-70f95e8fb8fe7028.js:8:46458)
    at i (https://wassets.hscicdn.com/_next/static/chunks/framework-70f95e8fb8fe7028.js:8:121053)
    at oO (https://wassets.hscicdn.com/_next/static/chunks/framework-70f95e8fb8fe7028.js:8:99020)
    at <anonymous> (https://wassets.hscicdn.com/_next/static/chunks/framework-70f95e8fb8fe7028.js:8:98887)
    at oF (https://wassets.hscicdn.com/_next/static/chunks/framework-70f95e8fb8fe7028.js:8:98894)
    at oS (https://wassets.hscicdn.com/_next/static/chunks/framework-70f95e8fb8fe7028.js:8:93933)
    at x (https://wassets.hscicdn.com/_next/static/chunks/framework-70f95e8fb8fe7028.js:32:1363)
    at T (https://wassets.hscicdn.com/_next/static/chunks/framework-70f95e8fb8fe7028.js:32:1893)
[    6648ms] Uncaught Error: Minified React error #418; visit https://reactjs.org/docs/error-decoder.html?invariant=418 for the full message or use the non-minified dev environment for full errors and additional helpful warnings.
    at lg (https://wassets.hscicdn.com/_next/static/chunks/framework-70f95e8fb8fe7028.js:8:46458)
    at i (https://wassets.hscicdn.com/_next/static/chunks/framework-70f95e8fb8fe7028.js:8:121053)
    at oO (https://wassets.hscicdn.com/_next/static/chunks/framework-70f95e8fb8fe7028.js:8:99020)
    at <anonymous> (https://wassets.hscicdn.com/_next/static/chunks/framework-70f95e8fb8fe7028.js:8:98887)
    at oF (https://wassets.hscicdn.com/_next/static/chunks/framework-70f95e8fb8fe7028.js:8:98894)
    at oS (https://wassets.hscicdn.com/_next/static/chunks/framework-70f95e8fb8fe7028.js:8:93933)
    at x (https://wassets.hscicdn.com/_next/static/chunks/framework-70f95e8fb8fe7028.js:32:1363)
    at T (https://wassets.hscicdn.com/_next/static/chunks/framework-70f95e8fb8fe7028.js:32:1893)
[    6648ms] Uncaught Error: Minified React error #418; visit https://reactjs.org/docs/error-decoder.html?invariant=418 for the full message or use the non-minified dev environment for full errors and additional helpful warnings.
    at lg (https://wassets.hscicdn.com/_next/static/chunks/framework-70f95e8fb8fe7028.js:8:46458)
    at i (https://wassets.hscicdn.com/_next/static/chunks/framework-70f95e8fb8fe7028.js:8:121053)
    at oO (https://wassets.hscicdn.com/_next/static/chunks/framework-70f95e8fb8fe7028.js:8:99020)
    at <anonymous> (https://wassets.hscicdn.com/_next/static/chunks/framework-70f95e8fb8fe7028.js:8:98887)
    at oF (https://wassets.hscicdn.com/_next/static/chunks/framework-70f95e8fb8fe7028.js:8:98894)
    at oS (https://wassets.hscicdn.com/_next/static/chunks/framework-70f95e8fb8fe7028.js:8:93933)
    at x (https://wassets.hscicdn.com/_next/static/chunks/framework-70f95e8fb8fe7028.js:32:1363)
    at T (https://wassets.hscicdn.com/_next/static/chunks/framework-70f95e8fb8fe7028.js:32:1893)
[    6648ms] Uncaught Error: Minified React error #418; visit https://reactjs.org/docs/error-decoder.html?invariant=418 for the full message or use the non-minified dev environment for full errors and additional helpful warnings.
    at lg (https://wassets.hscicdn.com/_next/static/chunks/framework-70f95e8fb8fe7028.js:8:46458)
    at i (https://wassets.hscicdn.com/_next/static/chunks/framework-70f95e8fb8fe7028.js:8:121053)
    at oO (https://wassets.hscicdn.com/_next/static/chunks/framework-70f95e8fb8fe7028.js:8:99020)
    at <anonymous> (https://wassets.hscicdn.com/_next/static/chunks/framework-70f95e8fb8fe7028.js:8:98887)
    at oF (https://wassets.hscicdn.com/_next/static/chunks/framework-70f95e8fb8fe7028.js:8:98894)
    at oS (https://wassets.hscicdn.com/_next/static/chunks/framework-70f95e8fb8fe7028.js:8:93933)
    at x (https://wassets.hscicdn.com/_next/static/chunks/framework-70f95e8fb8fe7028.js:32:1363)
    at T (https://wassets.hscicdn.com/_next/static/chunks/framework-70f95e8fb8fe7028.js:32:1893)
[    6648ms] Uncaught Error: Minified React error #418; visit https://reactjs.org/docs/error-decoder.html?invariant=418 for the full message or use the non-minified dev environment for full errors and additional helpful warnings.
    at lg (https://wassets.hscicdn.com/_next/static/chunks/framework-70f95e8fb8fe7028.js:8:46458)
    at i (https://wassets.hscicdn.com/_next/static/chunks/framework-70f95e8fb8fe7028.js:8:121053)
    at oO (https://wassets.hscicdn.com/_next/static/chunks/framework-70f95e8fb8fe7028.js:8:99020)
    at <anonymous> (https://wassets.hscicdn.com/_next/static/chunks/framework-70f95e8fb8fe7028.js:8:98887)
    at oF (https://wassets.hscicdn.com/_next/static/chunks/framework-70f95e8fb8fe7028.js:8:98894)
    at oS (https://wassets.hscicdn.com/_next/static/chunks/framework-70f95e8fb8fe7028.js:8:93933)
    at x (https://wassets.hscicdn.com/_next/static/chunks/framework-70f95e8fb8fe7028.js:32:1363)
    at T (https://wassets.hscicdn.com/_next/static/chunks/framework-70f95e8fb8fe7028.js:32:1893)
[    6648ms] Uncaught Error: Minified React error #418; visit https://reactjs.org/docs/error-decoder.html?invariant=418 for the full message or use the non-minified dev environment for full errors and additional helpful warnings.
    at lg (https://wassets.hscicdn.com/_next/static/chunks/framework-70f95e8fb8fe7028.js:8:46458)
    at i (https://wassets.hscicdn.com/_next/static/chunks/framework-70f95e8fb8fe7028.js:8:121053)
    at oO (https://wassets.hscicdn.com/_next/static/chunks/framework-70f95e8fb8fe7028.js:8:99020)
    at <anonymous> (https://wassets.hscicdn.com/_next/static/chunks/framework-70f95e8fb8fe7028.js:8:98887)
    at oF (https://wassets.hscicdn.com/_next/static/chunks/framework-70f95e8fb8fe7028.js:8:98894)
    at oS (https://wassets.hscicdn.com/_next/static/chunks/framework-70f95e8fb8fe7028.js:8:93933)
    at x (https://wassets.hscicdn.com/_next/static/chunks/framework-70f95e8fb8fe7028.js:32:1363)
    at T (https://wassets.hscicdn.com/_next/static/chunks/framework-70f95e8fb8fe7028.js:32:1893)
[    6649ms] Uncaught Error: Minified React error #423; visit https://reactjs.org/docs/error-decoder.html?invariant=423 for the full message or use the non-minified dev environment for full errors and additional helpful warnings.
    at i (https://wassets.hscicdn.com/_next/static/chunks/framework-70f95e8fb8fe7028.js:8:120722)
    at oO (https://wassets.hscicdn.com/_next/static/chunks/framework-70f95e8fb8fe7028.js:8:99020)
    at <anonymous> (https://wassets.hscicdn.com/_next/static/chunks/framework-70f95e8fb8fe7028.js:8:98887)
    at oF (https://wassets.hscicdn.com/_next/static/chunks/framework-70f95e8fb8fe7028.js:8:98894)
    at ox (https://wassets.hscicdn.com/_next/static/chunks/framework-70f95e8fb8fe7028.js:8:95646)
    at oS (https://wassets.hscicdn.com/_next/static/chunks/framework-70f95e8fb8fe7028.js:8:94201)
    at x (https://wassets.hscicdn.com/_next/static/chunks/framework-70f95e8fb8fe7028.js:32:1363)
    at T (https://wassets.hscicdn.com/_next/static/chunks/framework-70f95e8fb8fe7028.js:32:1893)
[    6759ms] [ERROR] Failed to load resource: net::ERR_NAME_NOT_RESOLVED @ https://z.moatads.com/espnprebidheader738072710622/moatheader.js:0
[    8071ms] [ERROR] Failed to load resource: net::ERR_NAME_NOT_RESOLVED @ https://sofia.trustx.org/hb?pt=net&auids=9701%2C9698&sizes=970x250%2C300x250&r=113550fac86142c&wrapperType=Prebid_js&wrapperVersion=4.30.0&u=https%3A%2F%2Fwww.cricinfo.com%2Fseries%2Fwomen-s-one-day-cup-2026-1513529%2Fmatch-schedule-fixtures-and-results&wtimeout=1000:0
[    8072ms] [ERROR] Failed to load resource: net::ERR_NAME_NOT_RESOLVED @ https://adserver-us.adtech.advertising.com/pubapi/3.0/11526.1/5061577/0/0/ADTECH;v=2;cmd=bid;cors=yes;alias=185a14675573b7b;misc=1787143559438;:0
[    8072ms] [ERROR] Failed to load resource: net::ERR_NAME_NOT_RESOLVED @ https://adserver-us.adtech.advertising.com/pubapi/3.0/11526.1/4938388/0/0/ADTECH;v=2;cmd=bid;cors=yes;alias=19c6af53b15b48b;misc=1787143559438;:0
[    8074ms] [ERROR] Failed to load resource: net::ERR_NAME_NOT_RESOLVED @ https://adserver-us.adtech.advertising.com/pubapi/3.0/11526.1/4938374/0/0/ADTECH;v=2;cmd=bid;cors=yes;alias=172c6376260464d;misc=1787143559438;:0
[    9085ms] [ERROR] Failed to load resource: net::ERR_NAME_NOT_RESOLVED @ https://sofia.trustx.org/hb?pt=net&auids=9701%2C9698&sizes=970x250%2C300x250&r=207dde212774dcb8&wrapperType=Prebid_js&wrapperVersion=4.30.0&u=https%3A%2F%2Fwww.cricinfo.com%2Fseries%2Fwomen-s-one-day-cup-2026-1513529%2Fmatch-schedule-fixtures-and-results&wtimeout=1000:0
[    9089ms] [ERROR] Failed to load resource: net::ERR_NAME_NOT_RESOLVED @ https://adserver-us.adtech.advertising.com/pubapi/3.0/11526.1/4938374/0/0/ADTECH;v=2;cmd=bid;cors=yes;alias=367f218f950b7e98;misc=1787143560508;:0
[    9090ms] [ERROR] Failed to load resource: net::ERR_NAME_NOT_RESOLVED @ https://adserver-us.adtech.advertising.com/pubapi/3.0/11526.1/5061577/0/0/ADTECH;v=2;cmd=bid;cors=yes;alias=3705e94e7873f14;misc=1787143560509;:0
[    9091ms] [ERROR] Failed to load resource: net::ERR_NAME_NOT_RESOLVED @ https://adserver-us.adtech.advertising.com/pubapi/3.0/11526.1/4938388/0/0/ADTECH;v=2;cmd=bid;cors=yes;alias=38ac52281fd6a0c;misc=1787143560509;:0
[   12226ms] [ERROR] Failed to load resource: net::ERR_NAME_NOT_RESOLVED @ https://sofia.trustx.org/push_sync:0
[   24625ms] [ERROR] Failed to load resource: the server responded with a status of 502 () @ https://simage2.pubmatic.com/AdServer/Pug?vcode=bz0yJnR5cGU9MSZqcz0xJmNvZGU9MzQ0OSZ0bD00MzIwMA==&piggybackCookie=1eu3oqqy5yb9:0
[   37678ms] [ERROR] Failed to load resource: net::ERR_NAME_NOT_RESOLVED @ https://adserver-us.adtech.advertising.com/pubapi/3.0/11526.1/4938374/0/0/ADTECH;v=2;cmd=bid;cors=yes;alias=55de96935c5aba58;misc=1787143588279;:0
[   37678ms] [ERROR] Failed to load resource: net::ERR_NAME_NOT_RESOLVED @ https://adserver-us.adtech.advertising.com/pubapi/3.0/11526.1/5061577/0/0/ADTECH;v=2;cmd=bid;cors=yes;alias=5662e4b27a203b2;misc=1787143588279;:0
[   37678ms] [ERROR] Failed to load resource: net::ERR_NAME_NOT_RESOLVED @ https://sofia.trustx.org/hb?pt=net&auids=9701&sizes=970x250&r=47d63c5e60781f98&wrapperType=Prebid_js&wrapperVersion=4.30.0&u=https%3A%2F%2Fwww.cricinfo.com%2Fseries%2Fwomen-s-one-day-cup-2026-1513529%2Fessex-women-vs-somerset-women-51st-match-1513584%2Flive-cricket-score&wtimeout=1000:0
[   37838ms] [ERROR] Failed to load resource: net::ERR_NAME_NOT_RESOLVED @ https://pxl.connexity.net/c/cse?a=R&A=22c&D=569a&V=9&I0k=ptnrid&I0v=a8680e99-a3cc-407e-9102-9963f79b528d-tuct117f2b0b:0
[   39131ms] [ERROR] Failed to load resource: net::ERR_NAME_NOT_RESOLVED @ https://pixel.advertising.com/ups/55973/sync?uid=a8680e99-a3cc-407e-9102-9963f79b528d-tuct117f2b0b&_origin=1:0
[   39162ms] [ERROR] Attestation check for Shared Storage on https://www.googleadservices.com failed. @ https://www.googleadservices.com/pagead/managed/js/activeview/current/reach_worklet.html:0
[   39182ms] [ERROR] Attestation check for Shared Storage on https://www.googleadservices.com failed. @ https://www.googleadservices.com/pagead/managed/js/activeview/current/reach_worklet.html:0
[   39162ms] [ERROR] Attestation check for Shared Storage on https://www.googleadservices.com failed. @ https://www.googleadservices.com/pagead/managed/js/activeview/current/reach_worklet.html:0
[   39182ms] [ERROR] Attestation check for Shared Storage on https://www.googleadservices.com failed. @ https://www.googleadservices.com/pagead/managed/js/activeview/current/reach_worklet.html:0
[   40262ms] [ERROR] Attestation check for Shared Storage on https://www.googleadservices.com failed. @ https://www.googleadservices.com/pagead/managed/js/activeview/current/reach_worklet.html:0
[   83210ms] [ERROR] Failed to load resource: net::ERR_NAME_NOT_RESOLVED @ https://z.moatads.com/espnprebidheader738072710622/moatheader.js:0
[   83423ms] [ERROR] Failed to load resource: net::ERR_NAME_NOT_RESOLVED @ https://adserver-us.adtech.advertising.com/pubapi/3.0/11526.1/5061577/0/0/ADTECH;v=2;cmd=bid;cors=yes;alias=136396e3097111e;misc=1787143634788;:0
[   83424ms] [ERROR] Failed to load resource: net::ERR_NAME_NOT_RESOLVED @ https://adserver-us.adtech.advertising.com/pubapi/3.0/11526.1/4938374/0/0/ADTECH;v=2;cmd=bid;cors=yes;alias=12ca5b39debdc498;misc=1787143634788;:0
[   83586ms] [ERROR] Failed to load resource: net::ERR_NAME_NOT_RESOLVED @ https://sofia.trustx.org/hb?pt=net&auids=9701&sizes=970x250&r=5ac1e3ffd21cfe8&wrapperType=Prebid_js&wrapperVersion=4.30.0&u=https%3A%2F%2Fwww.cricinfo.com%2Fseries%2Fwomen-s-one-day-cup-2026-1513529%2Fessex-women-vs-somerset-women-51st-match-1513584%2Flive-cricket-score&wtimeout=1000:0
[   85060ms] [ERROR] Attestation check for Shared Storage on https://www.googleadservices.com failed. @ https://www.googleadservices.com/pagead/managed/js/activeview/current/reach_worklet.html:0
[   85098ms] [ERROR] Attestation check for Shared Storage on https://www.googleadservices.com failed. @ https://www.googleadservices.com/pagead/managed/js/activeview/current/reach_worklet.html:0
[   86744ms] [ERROR] Failed to load resource: net::ERR_NAME_NOT_RESOLVED @ https://sofia.trustx.org/push_sync:0
[  118885ms] [ERROR] Failed to load resource: net::ERR_NAME_NOT_RESOLVED @ https://sofia.trustx.org/hb?pt=net&auids=9701%2C9698&sizes=970x250%2C300x250&r=26ff14e61a949ba&wrapperType=Prebid_js&wrapperVersion=4.30.0&u=https%3A%2F%2Fwww.cricinfo.com%2Fteam%2Fessex-women-297077&wtimeout=1000:0
[  118888ms] [ERROR] Failed to load resource: net::ERR_NAME_NOT_RESOLVED @ https://adserver-us.adtech.advertising.com/pubapi/3.0/11526.1/4938388/0/0/ADTECH;v=2;cmd=bid;cors=yes;alias=3563642248d2fce8;misc=1787143670313;:0
[  118888ms] [ERROR] Failed to load resource: net::ERR_NAME_NOT_RESOLVED @ https://adserver-us.adtech.advertising.com/pubapi/3.0/11526.1/5061577/0/0/ADTECH;v=2;cmd=bid;cors=yes;alias=347f728e76bdb4e;misc=1787143670313;:0
[  118889ms] [ERROR] Failed to load resource: net::ERR_NAME_NOT_RESOLVED @ https://adserver-us.adtech.advertising.com/pubapi/3.0/11526.1/4938374/0/0/ADTECH;v=2;cmd=bid;cors=yes;alias=3359491182813698;misc=1787143670313;:0
[  119850ms] [ERROR] Attestation check for Shared Storage on https://www.googleadservices.com failed. @ https://www.googleadservices.com/pagead/managed/js/activeview/current/reach_worklet.html:0
[  119850ms] [ERROR] Attestation check for Shared Storage on https://www.googleadservices.com failed. @ https://www.googleadservices.com/pagead/managed/js/activeview/current/reach_worklet.html:0
[  120078ms] [ERROR] Attestation check for Shared Storage on https://www.googleadservices.com failed. @ https://www.googleadservices.com/pagead/managed/js/activeview/current/reach_worklet.html:0
[  121903ms] [ERROR] Failed to load resource: net::ERR_NAME_NOT_RESOLVED @ https://adserver-us.adtech.advertising.com/pubapi/3.0/11526.1/5061577/0/0/ADTECH;v=2;cmd=bid;cors=yes;alias=481b3f92a37c9f18;misc=1787143673326;:0
[  121904ms] [ERROR] Failed to load resource: net::ERR_NAME_NOT_RESOLVED @ https://adserver-us.adtech.advertising.com/pubapi/3.0/11526.1/4938374/0/0/ADTECH;v=2;cmd=bid;cors=yes;alias=47c1a58a126f64b8;misc=1787143673325;:0
[  121905ms] [ERROR] Failed to load resource: net::ERR_NAME_NOT_RESOLVED @ https://sofia.trustx.org/hb?pt=net&auids=9701&sizes=970x250&r=43cdcbc1111525b&wrapperType=Prebid_js&wrapperVersion=4.30.0&u=https%3A%2F%2Fwww.cricinfo.com%2Fseries%2Fwomen-s-one-day-cup-2026-1513529%2Fessex-women-vs-somerset-women-51st-match-1513584%2Flive-cricket-score&wtimeout=1000:0
[  122896ms] [ERROR] Attestation check for Shared Storage on https://www.googleadservices.com failed. @ https://www.googleadservices.com/pagead/managed/js/activeview/current/reach_worklet.html:0
[  122896ms] [ERROR] Attestation check for Shared Storage on https://www.googleadservices.com failed. @ https://www.googleadservices.com/pagead/managed/js/activeview/current/reach_worklet.html:0
[  123078ms] [ERROR] Attestation check for Shared Storage on https://www.googleadservices.com failed. @ https://www.googleadservices.com/pagead/managed/js/activeview/current/reach_worklet.html:0
[  126697ms] [ERROR] Failed to load resource: net::ERR_NAME_NOT_RESOLVED @ https://adserver-us.adtech.advertising.com/pubapi/3.0/11526.1/5061577/0/0/ADTECH;v=2;cmd=bid;cors=yes;alias=662c56f8c86b5a18;misc=1787143678107;:0
[  126698ms] [ERROR] Failed to load resource: net::ERR_NAME_NOT_RESOLVED @ https://adserver-us.adtech.advertising.com/pubapi/3.0/11526.1/4938388/0/0/ADTECH;v=2;cmd=bid;cors=yes;alias=673ffc1cf17581a;misc=1787143678107;:0
[  126699ms] [ERROR] Failed to load resource: net::ERR_NAME_NOT_RESOLVED @ https://adserver-us.adtech.advertising.com/pubapi/3.0/11526.1/4938374/0/0/ADTECH;v=2;cmd=bid;cors=yes;alias=65bbcce5a11bf63;misc=1787143678107;:0
[  126700ms] [ERROR] Failed to load resource: net::ERR_NAME_NOT_RESOLVED @ https://sofia.trustx.org/hb?pt=net&auids=9701%2C9698&sizes=970x250%2C300x250&r=490e1aa70e30de6&wrapperType=Prebid_js&wrapperVersion=4.30.0&u=https%3A%2F%2Fwww.cricinfo.com%2Fseries%2Fwomen-s-one-day-cup-2026-1513529%2Fmatch-schedule-fixtures-and-results&wtimeout=1000:0
[  130709ms] [ERROR] Failed to load resource: net::ERR_NAME_NOT_RESOLVED @ https://sofia.trustx.org/hb?pt=net&auids=9701&sizes=970x250&r=7530e7bded8b4308&wrapperType=Prebid_js&wrapperVersion=4.30.0&u=https%3A%2F%2Fwww.cricinfo.com%2Fseries%2Fwomen-s-one-day-cup-2026-1513529%2Fwarwickshire-women-vs-yorkshire-women-52nd-match-1513585%2Flive-cricket-score&wtimeout=1000:0
[  130710ms] [ERROR] Failed to load resource: net::ERR_NAME_NOT_RESOLVED @ https://adserver-us.adtech.advertising.com/pubapi/3.0/11526.1/5061577/0/0/ADTECH;v=2;cmd=bid;cors=yes;alias=815bf5fa0c97466;misc=1787143682137;:0
[  130710ms] [ERROR] Failed to load resource: net::ERR_NAME_NOT_RESOLVED @ https://adserver-us.adtech.advertising.com/pubapi/3.0/11526.1/4938374/0/0/ADTECH;v=2;cmd=bid;cors=yes;alias=802a62916ffde5f;misc=1787143682137;:0
[  131766ms] [ERROR] Attestation check for Shared Storage on https://www.googleadservices.com failed. @ https://www.googleadservices.com/pagead/managed/js/activeview/current/reach_worklet.html:0
[  154024ms] [ERROR] Failed to load resource: net::ERR_NAME_NOT_RESOLVED @ https://z.moatads.com/espnprebidheader738072710622/moatheader.js:0
[  154381ms] [ERROR] Failed to load resource: net::ERR_NAME_NOT_RESOLVED @ https://sofia.trustx.org/hb?pt=net&auids=9701&sizes=970x250&r=7d37bcc9e271b58&wrapperType=Prebid_js&wrapperVersion=4.30.0&u=https%3A%2F%2Fwww.cricinfo.com%2Fseries%2Fwomen-s-one-day-cup-2026-1513529%2Fwarwickshire-women-vs-yorkshire-women-52nd-match-1513585%2Flive-cricket-score&wtimeout=1000:0
[  154383ms] [ERROR] Failed to load resource: net::ERR_NAME_NOT_RESOLVED @ https://adserver-us.adtech.advertising.com/pubapi/3.0/11526.1/5061577/0/0/ADTECH;v=2;cmd=bid;cors=yes;alias=137f872a4ffaf71;misc=1787143705619;:0
[  154385ms] [ERROR] Failed to load resource: net::ERR_NAME_NOT_RESOLVED @ https://adserver-us.adtech.advertising.com/pubapi/3.0/11526.1/4938374/0/0/ADTECH;v=2;cmd=bid;cors=yes;alias=123be8b04371c32;misc=1787143705619;:0
[  156094ms] [ERROR] Attestation check for Shared Storage on https://www.googleadservices.com failed. @ https://www.googleadservices.com/pagead/managed/js/activeview/current/reach_worklet.html:0
[  156094ms] [ERROR] Attestation check for Shared Storage on https://www.googleadservices.com failed. @ https://www.googleadservices.com/pagead/managed/js/activeview/current/reach_worklet.html:0
[  156789ms] [ERROR] Attestation check for Shared Storage on https://www.googleadservices.com failed. @ https://www.googleadservices.com/pagead/managed/js/activeview/current/reach_worklet.html:0
[  157687ms] [ERROR] Failed to load resource: net::ERR_NAME_NOT_RESOLVED @ https://sofia.trustx.org/push_sync:0
[  160486ms] [ERROR] Failed to load resource: net::ERR_NAME_NOT_RESOLVED @ https://z.moatads.com/espnprebidheader738072710622/moatheader.js:0
[  160799ms] [ERROR] Failed to load resource: net::ERR_NAME_NOT_RESOLVED @ https://adserver-us.adtech.advertising.com/pubapi/3.0/11526.1/5061577/0/0/ADTECH;v=2;cmd=bid;cors=yes;alias=13cbba5fb4f35158;misc=1787143712124;:0
[  160800ms] [ERROR] Failed to load resource: net::ERR_NAME_NOT_RESOLVED @ https://adserver-us.adtech.advertising.com/pubapi/3.0/11526.1/4938374/0/0/ADTECH;v=2;cmd=bid;cors=yes;alias=1211bcdd70df03c8;misc=1787143712124;:0
[  160801ms] [ERROR] Failed to load resource: net::ERR_NAME_NOT_RESOLVED @ https://sofia.trustx.org/hb?pt=net&auids=9701&sizes=970x250&r=60ed2c0c32ba208&wrapperType=Prebid_js&wrapperVersion=4.30.0&u=https%3A%2F%2Fwww.cricinfo.com%2Fseries%2Fwomen-s-one-day-cup-2026-1513529%2Fwarwickshire-women-vs-yorkshire-women-52nd-match-1513585%2Flive-cricket-score&wtimeout=1000:0
[  162260ms] [INFO] page info injected RTUS service @ https://cdn.taboola.com/libtrc/espn-network/loader.js:26
[  163041ms] [INFO] FPO completed running @ https://cdn.taboola.com/libtrc/espn-network/loader.js:26
[  163049ms] [ERROR] Attestation check for Shared Storage on https://www.googleadservices.com failed. @ https://www.googleadservices.com/pagead/managed/js/activeview/current/reach_worklet.html:0
[  163049ms] [ERROR] Attestation check for Shared Storage on https://www.googleadservices.com failed. @ https://www.googleadservices.com/pagead/managed/js/activeview/current/reach_worklet.html:0
[  163711ms] [ERROR] Attestation check for Shared Storage on https://www.googleadservices.com failed. @ https://www.googleadservices.com/pagead/managed/js/activeview/current/reach_worklet.html:0
[  164169ms] [ERROR] Failed to load resource: net::ERR_NAME_NOT_RESOLVED @ https://sofia.trustx.org/push_sync:0
[  164818ms] [ERROR] Failed to load resource: net::ERR_NAME_NOT_RESOLVED @ https://z.moatads.com/espnprebidheader738072710622/moatheader.js:0
[  165068ms] [ERROR] Failed to load resource: net::ERR_NAME_NOT_RESOLVED @ https://adserver-us.adtech.advertising.com/pubapi/3.0/11526.1/4938374/0/0/ADTECH;v=2;cmd=bid;cors=yes;alias=12389f25e00e4c58;misc=1787143716404;:0
[  165069ms] [ERROR] Failed to load resource: net::ERR_NAME_NOT_RESOLVED @ https://adserver-us.adtech.advertising.com/pubapi/3.0/11526.1/5061577/0/0/ADTECH;v=2;cmd=bid;cors=yes;alias=13b333b6eec6fa7;misc=1787143716404;:0
[  165070ms] [ERROR] Failed to load resource: net::ERR_NAME_NOT_RESOLVED @ https://sofia.trustx.org/hb?pt=net&auids=9701&sizes=970x250&r=10fe0fffbfcad82&wrapperType=Prebid_js&wrapperVersion=4.30.0&u=https%3A%2F%2Fwww.cricinfo.com%2Fseries%2Fwomen-s-one-day-cup-2026-1513529%2Fwarwickshire-women-vs-yorkshire-women-52nd-match-1513585%2Flive-cricket-score&wtimeout=1000:0
[  165993ms] [ERROR] Attestation check for Shared Storage on https://www.googleadservices.com failed. @ https://www.googleadservices.com/pagead/managed/js/activeview/current/reach_worklet.html:0
[  165993ms] [ERROR] Attestation check for Shared Storage on https://www.googleadservices.com failed. @ https://www.googleadservices.com/pagead/managed/js/activeview/current/reach_worklet.html:0
[  166150ms] [ERROR] Attestation check for Shared Storage on https://www.googleadservices.com failed. @ https://www.googleadservices.com/pagead/managed/js/activeview/current/reach_worklet.html:0
[  168144ms] [ERROR] Failed to load resource: net::ERR_NAME_NOT_RESOLVED @ https://z.moatads.com/espnprebidheader738072710622/moatheader.js:0
[  168399ms] [ERROR] Failed to load resource: net::ERR_NAME_NOT_RESOLVED @ https://adserver-us.adtech.advertising.com/pubapi/3.0/11526.1/5061577/0/0/ADTECH;v=2;cmd=bid;cors=yes;alias=1340971ca30dd2a8;misc=1787143719724;:0
[  168400ms] [ERROR] Failed to load resource: net::ERR_NAME_NOT_RESOLVED @ https://adserver-us.adtech.advertising.com/pubapi/3.0/11526.1/4938374/0/0/ADTECH;v=2;cmd=bid;cors=yes;alias=1253b31aafffe9a;misc=1787143719724;:0
[  168400ms] [ERROR] Failed to load resource: net::ERR_NAME_NOT_RESOLVED @ https://sofia.trustx.org/hb?pt=net&auids=9701&sizes=970x250&r=107e99b31c07617&wrapperType=Prebid_js&wrapperVersion=4.30.0&u=https%3A%2F%2Fwww.cricinfo.com%2Fseries%2Fwomen-s-one-day-cup-2026-1513529%2Fwarwickshire-women-vs-yorkshire-women-52nd-match-1513585%2Flive-cricket-score&wtimeout=1000:0
[  169270ms] [ERROR] Attestation check for Shared Storage on https://www.googleadservices.com failed. @ https://www.googleadservices.com/pagead/managed/js/activeview/current/reach_worklet.html:0
[  170034ms] [ERROR] Failed to load resource: net::ERR_NAME_NOT_RESOLVED @ https://z.moatads.com/espnprebidheader738072710622/moatheader.js:0
[  170325ms] [ERROR] Failed to load resource: net::ERR_NAME_NOT_RESOLVED @ https://sofia.trustx.org/hb?pt=net&auids=9701&sizes=970x250&r=31bf697e569dfe8&wrapperType=Prebid_js&wrapperVersion=4.30.0&u=https%3A%2F%2Fwww.cricinfo.com%2Fseries%2Fwomen-s-one-day-cup-2026-1513529%2Fwarwickshire-women-vs-yorkshire-women-52nd-match-1513585%2Flive-cricket-score&wtimeout=1000:0
[  170326ms] [ERROR] Failed to load resource: net::ERR_NAME_NOT_RESOLVED @ https://adserver-us.adtech.advertising.com/pubapi/3.0/11526.1/5061577/0/0/ADTECH;v=2;cmd=bid;cors=yes;alias=13d806ade56d71c8;misc=1787143721640;:0
[  170326ms] [ERROR] Failed to load resource: net::ERR_NAME_NOT_RESOLVED @ https://adserver-us.adtech.advertising.com/pubapi/3.0/11526.1/4938374/0/0/ADTECH;v=2;cmd=bid;cors=yes;alias=1271a64201e0d478;misc=1787143721640;:0
[  171459ms] [ERROR] Attestation check for Shared Storage on https://www.googleadservices.com failed. @ https://www.googleadservices.com/pagead/managed/js/activeview/current/reach_worklet.html:0
[  171459ms] [ERROR] Attestation check for Shared Storage on https://www.googleadservices.com failed. @ https://www.googleadservices.com/pagead/managed/js/activeview/current/reach_worklet.html:0
[  171613ms] [ERROR] Attestation check for Shared Storage on https://www.googleadservices.com failed. @ https://www.googleadservices.com/pagead/managed/js/activeview/current/reach_worklet.html:0
[  172730ms] [ERROR] Failed to load resource: net::ERR_NAME_NOT_RESOLVED @ https://z.moatads.com/espnprebidheader738072710622/moatheader.js:0
[  173010ms] [ERROR] Failed to load resource: net::ERR_NAME_NOT_RESOLVED @ https://sofia.trustx.org/hb?pt=net&auids=9701&sizes=970x250&r=32796ed1124a77&wrapperType=Prebid_js&wrapperVersion=4.30.0&u=https%3A%2F%2Fwww.cricinfo.com%2Fseries%2Fwomen-s-one-day-cup-2026-1513529%2Fwarwickshire-women-vs-yorkshire-women-52nd-match-1513585%2Flive-cricket-score&wtimeout=1000:0
[  173010ms] [ERROR] Failed to load resource: net::ERR_NAME_NOT_RESOLVED @ https://adserver-us.adtech.advertising.com/pubapi/3.0/11526.1/5061577/0/0/ADTECH;v=2;cmd=bid;cors=yes;alias=13107f295439775;misc=1787143724333;:0
[  173011ms] [ERROR] Failed to load resource: net::ERR_NAME_NOT_RESOLVED @ https://adserver-us.adtech.advertising.com/pubapi/3.0/11526.1/4938374/0/0/ADTECH;v=2;cmd=bid;cors=yes;alias=12f6244467420fe;misc=1787143724333;:0
[  173977ms] [ERROR] Attestation check for Shared Storage on https://www.googleadservices.com failed. @ https://www.googleadservices.com/pagead/managed/js/activeview/current/reach_worklet.html:0
[  173977ms] [ERROR] Attestation check for Shared Storage on https://www.googleadservices.com failed. @ https://www.googleadservices.com/pagead/managed/js/activeview/current/reach_worklet.html:0
[  174142ms] [ERROR] Attestation check for Shared Storage on https://www.googleadservices.com failed. @ https://www.googleadservices.com/pagead/managed/js/activeview/current/reach_worklet.html:0
[  176240ms] [ERROR] Failed to load resource: net::ERR_NAME_NOT_RESOLVED @ https://sofia.trustx.org/push_sync:0
[  173977ms] [ERROR] Attestation check for Shared Storage on https://www.googleadservices.com failed. @ https://www.googleadservices.com/pagead/managed/js/activeview/current/reach_worklet.html:0
[  174142ms] [ERROR] Attestation check for Shared Storage on https://www.googleadservices.com failed. @ https://www.googleadservices.com/pagead/managed/js/activeview/current/reach_worklet.html:0
[  176931ms] [ERROR] Attestation check for Shared Storage on https://www.googleadservices.com failed. @ https://www.googleadservices.com/pagead/managed/js/activeview/current/reach_worklet.html:0
[  186652ms] [ERROR] Failed to load resource: net::ERR_NAME_NOT_RESOLVED @ https://z.moatads.com/espnprebidheader738072710622/moatheader.js:0
[  186951ms] [ERROR] Failed to load resource: net::ERR_NAME_NOT_RESOLVED @ https://sofia.trustx.org/hb?pt=net&auids=9701&sizes=970x250&r=3d20361a726b&wrapperType=Prebid_js&wrapperVersion=4.30.0&u=https%3A%2F%2Fwww.cricinfo.com%2Fseries%2Fwomen-s-one-day-cup-2026-1513529%2Fwarwickshire-women-vs-yorkshire-women-52nd-match-1513585%2Flive-cricket-score&wtimeout=1000:0
[  186952ms] [ERROR] Failed to load resource: net::ERR_NAME_NOT_RESOLVED @ https://adserver-us.adtech.advertising.com/pubapi/3.0/11526.1/5061577/0/0/ADTECH;v=2;cmd=bid;cors=yes;alias=133ae794782b3ef;misc=1787143738234;:0
[  186952ms] [ERROR] Failed to load resource: net::ERR_NAME_NOT_RESOLVED @ https://adserver-us.adtech.advertising.com/pubapi/3.0/11526.1/4938374/0/0/ADTECH;v=2;cmd=bid;cors=yes;alias=129bcda691d2041;misc=1787143738234;:0
[  188107ms] [ERROR] Attestation check for Shared Storage on https://www.googleadservices.com failed. @ https://www.googleadservices.com/pagead/managed/js/activeview/current/reach_worklet.html:0
[  188107ms] [ERROR] Attestation check for Shared Storage on https://www.googleadservices.com failed. @ https://www.googleadservices.com/pagead/managed/js/activeview/current/reach_worklet.html:0
[  188307ms] [ERROR] Attestation check for Shared Storage on https://www.googleadservices.com failed. @ https://www.googleadservices.com/pagead/managed/js/activeview/current/reach_worklet.html:0
[  190197ms] [ERROR] Failed to load resource: net::ERR_NAME_NOT_RESOLVED @ https://sofia.trustx.org/push_sync:0
[  194932ms] [ERROR] Failed to load resource: net::ERR_NAME_NOT_RESOLVED @ https://z.moatads.com/espnprebidheader738072710622/moatheader.js:0
[  195185ms] [ERROR] Failed to load resource: net::ERR_NAME_NOT_RESOLVED @ https://sofia.trustx.org/hb?pt=net&auids=9701&sizes=970x250&r=5ba4f06a533ffe8&wrapperType=Prebid_js&wrapperVersion=4.30.0&u=https%3A%2F%2Fwww.cricinfo.com%2Fseries%2Fwomen-s-one-day-cup-2026-1513529%2Fwarwickshire-women-vs-yorkshire-women-52nd-match-1513585%2Flive-cricket-score&wtimeout=1000:0
[  195186ms] [ERROR] Failed to load resource: net::ERR_NAME_NOT_RESOLVED @ https://adserver-us.adtech.advertising.com/pubapi/3.0/11526.1/5061577/0/0/ADTECH;v=2;cmd=bid;cors=yes;alias=13946acda2c4f47;misc=1787143746518;:0
[  195186ms] [ERROR] Failed to load resource: net::ERR_NAME_NOT_RESOLVED @ https://adserver-us.adtech.advertising.com/pubapi/3.0/11526.1/4938374/0/0/ADTECH;v=2;cmd=bid;cors=yes;alias=129f03b331d59498;misc=1787143746518;:0
[  196137ms] [ERROR] Attestation check for Shared Storage on https://www.googleadservices.com failed. @ https://www.googleadservices.com/pagead/managed/js/activeview/current/reach_worklet.html:0
[  198965ms] [ERROR] Failed to load resource: net::ERR_NAME_NOT_RESOLVED @ https://z.moatads.com/espnprebidheader738072710622/moatheader.js:0
[  199222ms] [ERROR] Failed to load resource: net::ERR_NAME_NOT_RESOLVED @ https://sofia.trustx.org/hb?pt=net&auids=9701&sizes=970x250&r=394019606e35c9&wrapperType=Prebid_js&wrapperVersion=4.30.0&u=https%3A%2F%2Fwww.cricinfo.com%2Fseries%2Fwomen-s-one-day-cup-2026-1513529%2Fwarwickshire-women-vs-yorkshire-women-52nd-match-1513585%2Flive-cricket-score&wtimeout=1000:0
[  199223ms] [ERROR] Failed to load resource: net::ERR_NAME_NOT_RESOLVED @ https://adserver-us.adtech.advertising.com/pubapi/3.0/11526.1/5061577/0/0/ADTECH;v=2;cmd=bid;cors=yes;alias=13723f199e4dc18;misc=1787143750570;:0
[  199224ms] [ERROR] Failed to load resource: net::ERR_NAME_NOT_RESOLVED @ https://adserver-us.adtech.advertising.com/pubapi/3.0/11526.1/4938374/0/0/ADTECH;v=2;cmd=bid;cors=yes;alias=122c6778bf08deb;misc=1787143750570;:0
[  200171ms] [ERROR] Attestation check for Shared Storage on https://www.googleadservices.com failed. @ https://www.googleadservices.com/pagead/managed/js/activeview/current/reach_worklet.html:0
[  200171ms] [ERROR] Attestation check for Shared Storage on https://www.googleadservices.com failed. @ https://www.googleadservices.com/pagead/managed/js/activeview/current/reach_worklet.html:0
[  200415ms] [ERROR] Attestation check for Shared Storage on https://www.googleadservices.com failed. @ https://www.googleadservices.com/pagead/managed/js/activeview/current/reach_worklet.html:0
[  202284ms] [ERROR] Failed to load resource: net::ERR_NAME_NOT_RESOLVED @ https://z.moatads.com/espnprebidheader738072710622/moatheader.js:0
[  202596ms] [ERROR] Failed to load resource: net::ERR_NAME_NOT_RESOLVED @ https://sofia.trustx.org/hb?pt=net&auids=9701&sizes=970x250&r=4bd6dc754494318&wrapperType=Prebid_js&wrapperVersion=4.30.0&u=https%3A%2F%2Fwww.cricinfo.com%2Fseries%2Fwomen-s-one-day-cup-2026-1513529%2Fwarwickshire-women-vs-yorkshire-women-52nd-match-1513585%2Flive-cricket-score&wtimeout=1000:0
[  202597ms] [ERROR] Failed to load resource: net::ERR_NAME_NOT_RESOLVED @ https://adserver-us.adtech.advertising.com/pubapi/3.0/11526.1/4938374/0/0/ADTECH;v=2;cmd=bid;cors=yes;alias=123915dc6f7422b;misc=1787143753909;:0
[  202597ms] [ERROR] Failed to load resource: net::ERR_NAME_NOT_RESOLVED @ https://adserver-us.adtech.advertising.com/pubapi/3.0/11526.1/5061577/0/0/ADTECH;v=2;cmd=bid;cors=yes;alias=13021986e178e128;misc=1787143753909;:0
[  203726ms] [ERROR] Attestation check for Shared Storage on https://www.googleadservices.com failed. @ https://www.googleadservices.com/pagead/managed/js/activeview/current/reach_worklet.html:0
[  203726ms] [ERROR] Attestation check for Shared Storage on https://www.googleadservices.com failed. @ https://www.googleadservices.com/pagead/managed/js/activeview/current/reach_worklet.html:0
[  204423ms] [ERROR] Attestation check for Shared Storage on https://www.googleadservices.com failed. @ https://www.googleadservices.com/pagead/managed/js/activeview/current/reach_worklet.html:0
[  206059ms] [ERROR] Failed to load resource: net::ERR_NAME_NOT_RESOLVED @ https://z.moatads.com/espnprebidheader738072710622/moatheader.js:0
[  206395ms] [ERROR] Failed to load resource: net::ERR_NAME_NOT_RESOLVED @ https://sofia.trustx.org/hb?pt=net&auids=9701&sizes=970x250&r=37e75949af66ea8&wrapperType=Prebid_js&wrapperVersion=4.30.0&u=https%3A%2F%2Fwww.cricinfo.com%2Fseries%2Fwomen-s-one-day-cup-2026-1513529%2Fwarwickshire-women-vs-yorkshire-women-52nd-match-1513585%2Flive-cricket-score&wtimeout=1000:0
[  206396ms] [ERROR] Failed to load resource: net::ERR_NAME_NOT_RESOLVED @ https://adserver-us.adtech.advertising.com/pubapi/3.0/11526.1/4938374/0/0/ADTECH;v=2;cmd=bid;cors=yes;alias=12f246da273608f8;misc=1787143757674;:0
[  206396ms] [ERROR] Failed to load resource: net::ERR_NAME_NOT_RESOLVED @ https://adserver-us.adtech.advertising.com/pubapi/3.0/11526.1/5061577/0/0/ADTECH;v=2;cmd=bid;cors=yes;alias=1350ccbd80e2c94;misc=1787143757674;:0
[  208491ms] [ERROR] Attestation check for Shared Storage on https://www.googleadservices.com failed. @ https://www.googleadservices.com/pagead/managed/js/activeview/current/reach_worklet.html:0
[  211935ms] [ERROR] Failed to load resource: net::ERR_NAME_NOT_RESOLVED @ https://sofia.trustx.org/push_sync:0
[  212652ms] [ERROR] Failed to load resource: net::ERR_NAME_NOT_RESOLVED @ https://rt.marphezis.com/sync?dpid=rubicon&puid=MT034S1K-U-B6K8&init=:0
[  214731ms] [ERROR] Failed to load resource: net::ERR_NAME_NOT_RESOLVED @ https://tags.bluekai.com/site/2964?id=BL3eHtLE1WWFJq5:0
[  295986ms] [ERROR] Failed to load resource: net::ERR_NAME_NOT_RESOLVED @ https://sofia.trustx.org/hb?pt=net&auids=9701&sizes=970x250&r=178d8525e186c94&wrapperType=Prebid_js&wrapperVersion=4.30.0&u=https%3A%2F%2Fwww.cricinfo.com%2Fseries%2Fwomen-s-one-day-cup-2026-1513529%2Fwarwickshire-women-vs-yorkshire-women-52nd-match-1513585%2Flive-cricket-score&wtimeout=1000:0
[  295990ms] [ERROR] Failed to load resource: net::ERR_NAME_NOT_RESOLVED @ https://adserver-us.adtech.advertising.com/pubapi/3.0/11526.1/5061577/0/0/ADTECH;v=2;cmd=bid;cors=yes;alias=2973424c465279d8;misc=1787143847409;:0
[  295991ms] [ERROR] Failed to load resource: net::ERR_NAME_NOT_RESOLVED @ https://adserver-us.adtech.advertising.com/pubapi/3.0/11526.1/4938374/0/0/ADTECH;v=2;cmd=bid;cors=yes;alias=2861678af5663bf8;misc=1787143847409;:0
[  297819ms] [ERROR] Attestation check for Shared Storage on https://www.googleadservices.com failed. @ https://www.googleadservices.com/pagead/managed/js/activeview/current/reach_worklet.html:0
[  297975ms] [ERROR] Attestation check for Shared Storage on https://www.googleadservices.com failed. @ https://www.googleadservices.com/pagead/managed/js/activeview/current/reach_worklet.html:0
[  386062ms] [ERROR] Failed to load resource: net::ERR_NAME_NOT_RESOLVED @ https://adserver-us.adtech.advertising.com/pubapi/3.0/11526.1/4938374/0/0/ADTECH;v=2;cmd=bid;cors=yes;alias=417ae35f95b70f1;misc=1787143937489;:0
[  386063ms] [ERROR] Failed to load resource: net::ERR_NAME_NOT_RESOLVED @ https://adserver-us.adtech.advertising.com/pubapi/3.0/11526.1/5061577/0/0/ADTECH;v=2;cmd=bid;cors=yes;alias=426c9e554cb29f28;misc=1787143937489;:0
[  386067ms] [ERROR] Failed to load resource: net::ERR_NAME_NOT_RESOLVED @ https://sofia.trustx.org/hb?pt=net&auids=9701&sizes=970x250&r=3781751bd13e4cf&wrapperType=Prebid_js&wrapperVersion=4.30.0&u=https%3A%2F%2Fwww.cricinfo.com%2Fseries%2Fwomen-s-one-day-cup-2026-1513529%2Fwarwickshire-women-vs-yorkshire-women-52nd-match-1513585%2Flive-cricket-score&wtimeout=1000:0
[  387891ms] [ERROR] Attestation check for Shared Storage on https://www.googleadservices.com failed. @ https://www.googleadservices.com/pagead/managed/js/activeview/current/reach_worklet.html:0
[  387891ms] [ERROR] Attestation check for Shared Storage on https://www.googleadservices.com failed. @ https://www.googleadservices.com/pagead/managed/js/activeview/current/reach_worklet.html:0
[  388103ms] [ERROR] Attestation check for Shared Storage on https://www.googleadservices.com failed. @ https://www.googleadservices.com/pagead/managed/js/activeview/current/reach_worklet.html:0
[  476172ms] [ERROR] Failed to load resource: net::ERR_NAME_NOT_RESOLVED @ https://adserver-us.adtech.advertising.com/pubapi/3.0/11526.1/4938374/0/0/ADTECH;v=2;cmd=bid;cors=yes;alias=54818f1a03a103d8;misc=1787144027574;:0
[  476172ms] [ERROR] Failed to load resource: net::ERR_NAME_NOT_RESOLVED @ https://adserver-us.adtech.advertising.com/pubapi/3.0/11526.1/5061577/0/0/ADTECH;v=2;cmd=bid;cors=yes;alias=55190eae59b13098;misc=1787144027574;:0
[  476174ms] [ERROR] Failed to load resource: net::ERR_NAME_NOT_RESOLVED @ https://sofia.trustx.org/hb?pt=net&auids=9701&sizes=970x250&r=50b57374ccc014f8&wrapperType=Prebid_js&wrapperVersion=4.30.0&u=https%3A%2F%2Fwww.cricinfo.com%2Fseries%2Fwomen-s-one-day-cup-2026-1513529%2Fwarwickshire-women-vs-yorkshire-women-52nd-match-1513585%2Flive-cricket-score&wtimeout=1000:0
[  478508ms] [ERROR] Attestation check for Shared Storage on https://www.googleadservices.com failed. @ https://www.googleadservices.com/pagead/managed/js/activeview/current/reach_worklet.html:0
[  478556ms] [ERROR] Attestation check for Shared Storage on https://www.googleadservices.com failed. @ https://www.googleadservices.com/pagead/managed/js/activeview/current/reach_worklet.html:0
[  566284ms] [ERROR] Failed to load resource: net::ERR_NAME_NOT_RESOLVED @ https://adserver-us.adtech.advertising.com/pubapi/3.0/11526.1/4938374/0/0/ADTECH;v=2;cmd=bid;cors=yes;alias=676f3149c6a82118;misc=1787144117671;:0
[  566290ms] [ERROR] Failed to load resource: net::ERR_NAME_NOT_RESOLVED @ https://adserver-us.adtech.advertising.com/pubapi/3.0/11526.1/5061577/0/0/ADTECH;v=2;cmd=bid;cors=yes;alias=688c125bf6b7ec28;misc=1787144117671;:0
[  566291ms] [ERROR] Failed to load resource: net::ERR_NAME_NOT_RESOLVED @ https://sofia.trustx.org/hb?pt=net&auids=9701&sizes=970x250&r=6364bf197516a678&wrapperType=Prebid_js&wrapperVersion=4.30.0&u=https%3A%2F%2Fwww.cricinfo.com%2Fseries%2Fwomen-s-one-day-cup-2026-1513529%2Fwarwickshire-women-vs-yorkshire-women-52nd-match-1513585%2Flive-cricket-score&wtimeout=1000:0
[  569334ms] [ERROR] Attestation check for Shared Storage on https://www.googleadservices.com failed. @ https://www.googleadservices.com/pagead/managed/js/activeview/current/reach_worklet.html:0
[  569334ms] [ERROR] Attestation check for Shared Storage on https://www.googleadservices.com failed. @ https://www.googleadservices.com/pagead/managed/js/activeview/current/reach_worklet.html:0
[  569590ms] [ERROR] Attestation check for Shared Storage on https://www.googleadservices.com failed. @ https://www.googleadservices.com/pagead/managed/js/activeview/current/reach_worklet.html:0
