[    1141ms] [LOG] 🌐 Fetching football... @ https://live-streaming-eta.vercel.app/js/api.js?v=7:467
[    1142ms] [LOG] 🌐 Fetching cricket... @ https://live-streaming-eta.vercel.app/js/api.js?v=7:467
[    1143ms] [LOG] 🌐 Fetching basketball... @ https://live-streaming-eta.vercel.app/js/api.js?v=7:467
[    1146ms] [LOG] 🌐 Fetching tennis... @ https://live-streaming-eta.vercel.app/js/api.js?v=7:467
[    1147ms] [LOG] 🌐 Fetching mma... @ https://live-streaming-eta.vercel.app/js/api.js?v=7:467
[    1148ms] [LOG] 🌐 Fetching ufc... @ https://live-streaming-eta.vercel.app/js/api.js?v=7:467
[    1150ms] [LOG] 🌐 Fetching football... @ https://live-streaming-eta.vercel.app/js/api.js?v=7:467
[    1151ms] [LOG] 🌐 Fetching cricket... @ https://live-streaming-eta.vercel.app/js/api.js?v=7:467
[    1152ms] [LOG] 🌐 Fetching basketball... @ https://live-streaming-eta.vercel.app/js/api.js?v=7:467
[    1152ms] [LOG] 🌐 Fetching tennis... @ https://live-streaming-eta.vercel.app/js/api.js?v=7:467
[    1153ms] [LOG] 🌐 Fetching mma... @ https://live-streaming-eta.vercel.app/js/api.js?v=7:467
[    1153ms] [LOG] 🌐 Fetching ufc... @ https://live-streaming-eta.vercel.app/js/api.js?v=7:467
[    1402ms] [ERROR] Failed to load resource: the server responded with a status of 400 () @ https://sportscore.com/api/widget/matches/?sport=ufc&limit=30:0
[    1402ms] [LOG] ℹ️ ufc not available from SportScore API @ https://live-streaming-eta.vercel.app/js/api.js?v=7:471
[    1403ms] [ERROR] Failed to load resource: the server responded with a status of 400 () @ https://sportscore.com/api/widget/matches/?sport=mma&limit=30:0
[    1403ms] [LOG] ℹ️ mma not available from SportScore API @ https://live-streaming-eta.vercel.app/js/api.js?v=7:471
[    1437ms] [WARNING] <meta name="apple-mobile-web-app-capable" content="yes"> is deprecated. Please include <meta name="mobile-web-app-capable" content="yes"> @ https://live-streaming-eta.vercel.app/:0
[    1529ms] [ERROR] Failed to load resource: the server responded with a status of 502 () @ https://live-streaming-eta.vercel.app/api/google-cricket:0
[    1530ms] [LOG] ⚠️ Google Cricket failed: Google Cricket HTTP 502 @ https://live-streaming-eta.vercel.app/js/api.js?v=7:1331
[    1567ms] [ERROR] Failed to load resource: the server responded with a status of 400 () @ https://sportscore.com/api/widget/matches/?sport=mma&limit=30:0
[    1567ms] [LOG] ℹ️ mma not available from SportScore API @ https://live-streaming-eta.vercel.app/js/api.js?v=7:471
[    1568ms] [ERROR] Failed to load resource: the server responded with a status of 400 () @ https://sportscore.com/api/widget/matches/?sport=ufc&limit=30:0
[    1568ms] [LOG] ℹ️ ufc not available from SportScore API @ https://live-streaming-eta.vercel.app/js/api.js?v=7:471
[    1750ms] [ERROR] Failed to load resource: the server responded with a status of 502 () @ https://live-streaming-eta.vercel.app/api/google-cricket:0
[    1750ms] [LOG] ⚠️ Google Cricket failed: Google Cricket HTTP 502 @ https://live-streaming-eta.vercel.app/js/api.js?v=7:1331
[    1796ms] [LOG] ✅ ESPN Cricket: 23 matches from 9 series @ https://live-streaming-eta.vercel.app/js/api.js?v=7:1233
[    1851ms] [LOG] ✅ ESPN Cricket: 23 matches from 9 series @ https://live-streaming-eta.vercel.app/js/api.js?v=7:1233
[    2090ms] [ERROR] Failed to load resource: the server responded with a status of 500 () @ https://live-streaming-eta.vercel.app/api/thesportsdb?path=searchteams.php&t=Leo%20Cc:0
[    2090ms] [ERROR] Failed to load resource: the server responded with a status of 500 () @ https://live-streaming-eta.vercel.app/api/thesportsdb?path=searchteams.php&t=Ragama%20CC:0
[    2091ms] [ERROR] Failed to load resource: the server responded with a status of 500 () @ https://live-streaming-eta.vercel.app/api/thesportsdb?path=searchteams.php&t=North%20Delhi%20Strikers:0
[    2091ms] [ERROR] Failed to load resource: the server responded with a status of 500 () @ https://live-streaming-eta.vercel.app/api/thesportsdb?path=searchteams.php&t=Saint%20Kitts%20%26%20Nevis%20Patriots:0
[    2092ms] [ERROR] Failed to load resource: the server responded with a status of 500 () @ https://live-streaming-eta.vercel.app/api/thesportsdb?path=searchteams.php&t=Charaideo%20Sunrisers:0
[    2098ms] [ERROR] Failed to load resource: the server responded with a status of 500 () @ https://live-streaming-eta.vercel.app/api/thesportsdb?path=searchteams.php&t=Guwahati%20Royals:0
[    2098ms] [ERROR] Failed to load resource: the server responded with a status of 500 () @ https://live-streaming-eta.vercel.app/api/thesportsdb?path=searchteams.php&t=International%20Cc%20Brussels:0
[    2101ms] [ERROR] Failed to load resource: the server responded with a status of 500 () @ https://live-streaming-eta.vercel.app/api/thesportsdb?path=searchteams.php&t=Kandy%20Customs%20Cc:0
[    2102ms] [ERROR] Failed to load resource: the server responded with a status of 500 () @ https://live-streaming-eta.vercel.app/api/thesportsdb?path=searchteams.php&t=Mechelen%20Eagles%20Cc:0
[    2105ms] [ERROR] Failed to load resource: the server responded with a status of 500 () @ https://live-streaming-eta.vercel.app/api/thesportsdb?path=searchteams.php&t=South%20Delhi%20Superstarz:0
[    2106ms] [ERROR] Failed to load resource: the server responded with a status of 500 () @ https://live-streaming-eta.vercel.app/api/thesportsdb?path=searchteams.php&t=Ostend%20Cc:0
[    2109ms] [ERROR] Failed to load resource: the server responded with a status of 500 () @ https://live-streaming-eta.vercel.app/api/thesportsdb?path=searchteams.php&t=Goias%20Esporte%20Clube:0
[    2116ms] [ERROR] Failed to load resource: the server responded with a status of 500 () @ https://live-streaming-eta.vercel.app/api/thesportsdb?path=searchteams.php&t=Mountaineers%20Women:0
[    2117ms] [ERROR] Failed to load resource: the server responded with a status of 500 () @ https://live-streaming-eta.vercel.app/api/thesportsdb?path=searchteams.php&t=Dindigul%20Dragons:0
[    2117ms] [ERROR] Failed to load resource: the server responded with a status of 500 () @ https://live-streaming-eta.vercel.app/api/thesportsdb?path=searchteams.php&t=Jorhat%20Stallions:0
[    2131ms] [ERROR] Failed to load resource: the server responded with a status of 500 () @ https://live-streaming-eta.vercel.app/api/thesportsdb?path=searchteams.php&t=Zimbabwe%20Women%20Under-19s:0
[    2132ms] [ERROR] Failed to load resource: the server responded with a status of 500 () @ https://live-streaming-eta.vercel.app/api/thesportsdb?path=searchteams.php&t=New%20Delhi%20Tigers:0
[    2132ms] [ERROR] Failed to load resource: the server responded with a status of 500 () @ https://live-streaming-eta.vercel.app/api/thesportsdb?path=searchteams.php&t=Gent:0
[    2133ms] [ERROR] Failed to load resource: the server responded with a status of 500 () @ https://live-streaming-eta.vercel.app/api/thesportsdb?path=searchteams.php&t=Real%20Esteli:0
[    2133ms] [ERROR] Failed to load resource: the server responded with a status of 500 () @ https://live-streaming-eta.vercel.app/api/thesportsdb?path=searchteams.php&t=Hankook%20Verdes:0
[    2133ms] [ERROR] Failed to load resource: the server responded with a status of 500 () @ https://live-streaming-eta.vercel.app/api/thesportsdb?path=searchteams.php&t=The%20Strongest:0
[    2133ms] [ERROR] Failed to load resource: the server responded with a status of 500 () @ https://live-streaming-eta.vercel.app/api/thesportsdb?path=searchteams.php&t=Kabul%20Zalmi:0
[    2134ms] [ERROR] Failed to load resource: the server responded with a status of 500 () @ https://live-streaming-eta.vercel.app/api/thesportsdb?path=searchteams.php&t=Green%20Shield%20FC:0
[    2134ms] [ERROR] Failed to load resource: the server responded with a status of 500 () @ https://live-streaming-eta.vercel.app/api/thesportsdb?path=searchteams.php&t=Jamaica%20Kingsmen:0
[    2135ms] [ERROR] Failed to load resource: the server responded with a status of 500 () @ https://live-streaming-eta.vercel.app/api/thesportsdb?path=searchteams.php&t=Oriente%20Petrolero:0
[    2135ms] [ERROR] Failed to load resource: the server responded with a status of 500 () @ https://live-streaming-eta.vercel.app/api/thesportsdb?path=searchteams.php&t=Ceara:0
[    2135ms] [ERROR] Failed to load resource: the server responded with a status of 500 () @ https://live-streaming-eta.vercel.app/api/thesportsdb?path=searchteams.php&t=Kurunegala%20SC:0
[    2142ms] [ERROR] Failed to load resource: the server responded with a status of 500 () @ https://live-streaming-eta.vercel.app/api/thesportsdb?path=searchteams.php&t=Honiara%20City%20FC:0
[    2142ms] [ERROR] Failed to load resource: the server responded with a status of 500 () @ https://live-streaming-eta.vercel.app/api/thesportsdb?path=searchteams.php&t=Eagles%20Women:0
[    2143ms] [ERROR] Failed to load resource: the server responded with a status of 500 () @ https://live-streaming-eta.vercel.app/api/thesportsdb?path=searchteams.php&t=Llaneros%20FC:0
[    2143ms] [ERROR] Failed to load resource: the server responded with a status of 500 () @ https://live-streaming-eta.vercel.app/api/thesportsdb?path=searchteams.php&t=Lucknow%20Falcons:0
[    2145ms] [ERROR] Failed to load resource: the server responded with a status of 500 () @ https://live-streaming-eta.vercel.app/api/thesportsdb?path=searchteams.php&t=Warwickshire%20Women:0
[    2146ms] [ERROR] Failed to load resource: the server responded with a status of 500 () @ https://live-streaming-eta.vercel.app/api/thesportsdb?path=searchteams.php&t=Barpeta%20Braves:0
[    2147ms] [ERROR] Failed to load resource: the server responded with a status of 500 () @ https://live-streaming-eta.vercel.app/api/thesportsdb?path=searchteams.php&t=Nautico%20(PE):0
[    2149ms] [ERROR] Failed to load resource: the server responded with a status of 500 () @ https://live-streaming-eta.vercel.app/api/thesportsdb?path=searchteams.php&t=Deportes%20Tolima:0
[    2150ms] [ERROR] Failed to load resource: the server responded with a status of 500 () @ https://live-streaming-eta.vercel.app/api/thesportsdb?path=searchteams.php&t=CS%20Herediano:0
[    2150ms] [ERROR] Failed to load resource: the server responded with a status of 500 () @ https://live-streaming-eta.vercel.app/api/thesportsdb?path=searchteams.php&t=Essex%20Women:0
[    2151ms] [ERROR] Failed to load resource: the server responded with a status of 500 () @ https://live-streaming-eta.vercel.app/api/thesportsdb?path=searchteams.php&t=Rhinos%20Women:0
[    2151ms] [ERROR] Failed to load resource: the server responded with a status of 500 () @ https://live-streaming-eta.vercel.app/api/thesportsdb?path=searchteams.php&t=Auckland%20City:0
[    2152ms] [ERROR] Failed to load resource: the server responded with a status of 500 () @ https://live-streaming-eta.vercel.app/api/thesportsdb?path=searchteams.php&t=Ruby%20Trichy%20Warriors:0
[    2152ms] [ERROR] Failed to load resource: the server responded with a status of 500 () @ https://live-streaming-eta.vercel.app/api/thesportsdb?path=searchteams.php&t=West%20Delhi%20Lions:0
[    2191ms] [ERROR] Failed to load resource: the server responded with a status of 500 () @ https://live-streaming-eta.vercel.app/api/thesportsdb?path=searchteams.php&t=Shamshad%20Eagles:0
[    2192ms] [ERROR] Failed to load resource: the server responded with a status of 500 () @ https://live-streaming-eta.vercel.app/api/thesportsdb?path=searchteams.php&t=Brotherhood%20FC:0
[    2192ms] [ERROR] Failed to load resource: the server responded with a status of 500 () @ https://live-streaming-eta.vercel.app/api/thesportsdb?path=searchteams.php&t=Shanghai%20U17%20Women:0
[    2193ms] [ERROR] Failed to load resource: the server responded with a status of 500 () @ https://live-streaming-eta.vercel.app/api/thesportsdb?path=searchteams.php&t=Yorkshire%20Women:0
[    2194ms] [ERROR] Failed to load resource: the server responded with a status of 500 () @ https://live-streaming-eta.vercel.app/api/thesportsdb?path=searchteams.php&t=Meerut%20Mavericks:0
[    2194ms] [ERROR] Failed to load resource: the server responded with a status of 500 () @ https://live-streaming-eta.vercel.app/api/thesportsdb?path=searchteams.php&t=Univ%20Catolica:0
[    2195ms] [ERROR] Failed to load resource: the server responded with a status of 500 () @ https://live-streaming-eta.vercel.app/api/thesportsdb?path=searchteams.php&t=Independiente%20del%20Valle:0
[    2195ms] [ERROR] Failed to load resource: the server responded with a status of 500 () @ https://live-streaming-eta.vercel.app/api/thesportsdb?path=searchteams.php&t=Paris%20FC%20U17%20Women:0
[    2199ms] [ERROR] Failed to load resource: the server responded with a status of 500 () @ https://live-streaming-eta.vercel.app/api/thesportsdb?path=searchteams.php&t=Deportes%20Quindio:0
[    2200ms] [ERROR] Failed to load resource: the server responded with a status of 500 () @ https://live-streaming-eta.vercel.app/api/thesportsdb?path=searchteams.php&t=Durham%20Women:0
[    2200ms] [ERROR] Failed to load resource: the server responded with a status of 500 () @ https://live-streaming-eta.vercel.app/api/thesportsdb?path=searchteams.php&t=Tuskers%20Women:0
[    2201ms] [ERROR] Failed to load resource: the server responded with a status of 500 () @ https://live-streaming-eta.vercel.app/api/thesportsdb?path=searchteams.php&t=Estudiantes%20La%20Plata:0
[    2201ms] [ERROR] Failed to load resource: the server responded with a status of 500 () @ https://live-streaming-eta.vercel.app/api/thesportsdb?path=searchteams.php&t=Bolivar:0
[    2201ms] [ERROR] Failed to load resource: the server responded with a status of 500 () @ https://live-streaming-eta.vercel.app/api/thesportsdb?path=searchteams.php&t=Arenas%20Club%20de%20Getxo:0
[    2201ms] [ERROR] Failed to load resource: the server responded with a status of 500 () @ https://live-streaming-eta.vercel.app/api/thesportsdb?path=searchteams.php&t=Trichy%20Grand%20Cholas:0
[    2202ms] [ERROR] Failed to load resource: the server responded with a status of 500 () @ https://live-streaming-eta.vercel.app/api/thesportsdb?path=searchteams.php&t=Xelaju%20MC:0
[    2202ms] [ERROR] Failed to load resource: the server responded with a status of 500 () @ https://live-streaming-eta.vercel.app/api/thesportsdb?path=searchteams.php&t=CE%20Europa:0
[    2202ms] [ERROR] Failed to load resource: the server responded with a status of 500 () @ https://live-streaming-eta.vercel.app/api/thesportsdb?path=searchteams.php&t=Atletico%20Marbella:0
[    2203ms] [ERROR] Failed to load resource: the server responded with a status of 500 () @ https://live-streaming-eta.vercel.app/api/thesportsdb?path=searchteams.php&t=Real%20Sociedad%20U17%20Women:0
[    2203ms] [ERROR] Failed to load resource: the server responded with a status of 500 () @ https://live-streaming-eta.vercel.app/api/thesportsdb?path=searchteams.php&t=Auckland%20United%20Women:0
[    2203ms] [ERROR] Failed to load resource: the server responded with a status of 500 () @ https://live-streaming-eta.vercel.app/api/thesportsdb?path=searchteams.php&t=Team%20x7lm7php1nxm2wd:0
[    2204ms] [ERROR] Failed to load resource: the server responded with a status of 500 () @ https://live-streaming-eta.vercel.app/api/thesportsdb?path=searchteams.php&t=Fencibles%20United:0
[    2204ms] [ERROR] Failed to load resource: the server responded with a status of 500 () @ https://live-streaming-eta.vercel.app/api/thesportsdb?path=searchteams.php&t=Eastern%20Suburbs%20Women:0
[    2204ms] [ERROR] Failed to load resource: the server responded with a status of 500 () @ https://live-streaming-eta.vercel.app/api/thesportsdb?path=searchteams.php&t=Lawsohtun%20SC:0
[    2205ms] [ERROR] Failed to load resource: the server responded with a status of 500 () @ https://live-streaming-eta.vercel.app/api/thesportsdb?path=searchteams.php&t=UD%20Ibiza:0
[    2205ms] [ERROR] Failed to load resource: the server responded with a status of 500 () @ https://live-streaming-eta.vercel.app/api/thesportsdb?path=searchteams.php&t=CS%20Cartagines:0
[    2206ms] [ERROR] Failed to load resource: the server responded with a status of 500 () @ https://live-streaming-eta.vercel.app/api/thesportsdb?path=searchteams.php&t=New%20Lambton%20FC%20Women:0
[    2206ms] [ERROR] Failed to load resource: the server responded with a status of 500 () @ https://live-streaming-eta.vercel.app/api/thesportsdb?path=searchteams.php&t=San%20Salvador%20U21:0
[    2207ms] [ERROR] Failed to load resource: the server responded with a status of 500 () @ https://live-streaming-eta.vercel.app/api/thesportsdb?path=searchteams.php&t=Somerset%20Women:0
[    2208ms] [ERROR] Failed to load resource: the server responded with a status of 500 () @ https://live-streaming-eta.vercel.app/api/thesportsdb?path=searchteams.php&t=Boys%20Club:0
[    2209ms] [ERROR] Failed to load resource: the server responded with a status of 500 () @ https://live-streaming-eta.vercel.app/api/thesportsdb?path=searchteams.php&t=CD%20Toledo:0
[    2210ms] [ERROR] Failed to load resource: the server responded with a status of 500 () @ https://live-streaming-eta.vercel.app/api/thesportsdb?path=searchteams.php&t=Azul%20Claro%20Numazu:0
[    2211ms] [ERROR] Failed to load resource: the server responded with a status of 500 () @ https://live-streaming-eta.vercel.app/api/thesportsdb?path=searchteams.php&t=Abasin%20Defenders:0
[    2213ms] [ERROR] Failed to load resource: the server responded with a status of 500 () @ https://live-streaming-eta.vercel.app/api/thesportsdb?path=searchteams.php&t=Arsenal%20U17%20Women:0
[    2213ms] [ERROR] Failed to load resource: the server responded with a status of 500 () @ https://live-streaming-eta.vercel.app/api/thesportsdb?path=searchteams.php&t=Auckland%20United:0
[    2214ms] [ERROR] Failed to load resource: the server responded with a status of 500 () @ https://live-streaming-eta.vercel.app/api/thesportsdb?path=searchteams.php&t=ABM%20Galaxy:0
[    2214ms] [ERROR] Failed to load resource: the server responded with a status of 500 () @ https://live-streaming-eta.vercel.app/api/thesportsdb?path=searchteams.php&t=Diriangen:0
[    2215ms] [ERROR] Failed to load resource: the server responded with a status of 500 () @ https://live-streaming-eta.vercel.app/api/thesportsdb?path=searchteams.php&t=Municipal%20Puente%20Alto%20U21:0
[    2216ms] [ERROR] Failed to load resource: the server responded with a status of 500 () @ https://live-streaming-eta.vercel.app/api/thesportsdb?path=searchteams.php&t=Hampshire%20Women:0
[    2217ms] [ERROR] Failed to load resource: the server responded with a status of 500 () @ https://live-streaming-eta.vercel.app/api/thesportsdb?path=searchteams.php&t=Elche%20CF%20Ilicitano:0
[    2217ms] [ERROR] Failed to load resource: the server responded with a status of 500 () @ https://live-streaming-eta.vercel.app/api/thesportsdb?path=searchteams.php&t=Central%20Coast%20Football%20Club:0
[    2218ms] [ERROR] Failed to load resource: the server responded with a status of 500 () @ https://live-streaming-eta.vercel.app/api/thesportsdb?path=searchteams.php&t=Bulldogs:0
[    2218ms] [ERROR] Failed to load resource: the server responded with a status of 500 () @ https://live-streaming-eta.vercel.app/api/thesportsdb?path=searchteams.php&t=CA%20Banfield:0
[    2218ms] [ERROR] Failed to load resource: the server responded with a status of 500 () @ https://live-streaming-eta.vercel.app/api/thesportsdb?path=searchteams.php&t=CD%20Roda:0
[    2219ms] [ERROR] Failed to load resource: the server responded with a status of 500 () @ https://live-streaming-eta.vercel.app/api/thesportsdb?path=searchteams.php&t=Ferrocarril%20Midland:0
[    2219ms] [ERROR] Failed to load resource: the server responded with a status of 500 () @ https://live-streaming-eta.vercel.app/api/thesportsdb?path=searchteams.php&t=The%20Blaze%20Women:0
[    2219ms] [ERROR] Failed to load resource: the server responded with a status of 500 () @ https://live-streaming-eta.vercel.app/api/thesportsdb?path=searchteams.php&t=Nejapa%20U21:0
[    2220ms] [ERROR] Failed to load resource: the server responded with a status of 500 () @ https://live-streaming-eta.vercel.app/api/thesportsdb?path=searchteams.php&t=Linense(BRA):0
[    2220ms] [ERROR] Failed to load resource: the server responded with a status of 500 () @ https://live-streaming-eta.vercel.app/api/thesportsdb?path=searchteams.php&t=Esporte%20Clube%20Juventude:0
[    2220ms] [ERROR] Failed to load resource: the server responded with a status of 500 () @ https://live-streaming-eta.vercel.app/api/thesportsdb?path=searchteams.php&t=Dong%20Thap:0
[    2221ms] [ERROR] Failed to load resource: the server responded with a status of 500 () @ https://live-streaming-eta.vercel.app/api/thesportsdb?path=searchteams.php&t=Seven%20Academy:0
[    2222ms] [ERROR] Failed to load resource: the server responded with a status of 500 () @ https://live-streaming-eta.vercel.app/api/thesportsdb?path=searchteams.php&t=BC%20Costa%20Rica:0
[    2222ms] [ERROR] Failed to load resource: the server responded with a status of 500 () @ https://live-streaming-eta.vercel.app/api/thesportsdb?path=searchteams.php&t=Umlyngka:0
[    2224ms] [ERROR] Failed to load resource: the server responded with a status of 500 () @ https://live-streaming-eta.vercel.app/api/thesportsdb?path=searchteams.php&t=Adamstown%20Rosebud%20Women:0
[    2253ms] [ERROR] Failed to load resource: the server responded with a status of 500 () @ https://live-streaming-eta.vercel.app/api/thesportsdb?path=searchteams.php&t=Perak%20U21:0
[    2254ms] [ERROR] Failed to load resource: the server responded with a status of 500 () @ https://live-streaming-eta.vercel.app/api/thesportsdb?path=searchteams.php&t=Leganes%20B:0
[    2254ms] [ERROR] Failed to load resource: the server responded with a status of 500 () @ https://live-streaming-eta.vercel.app/api/thesportsdb?path=searchteams.php&t=Wilayah%20Persekutuan%20U21:0
[    2255ms] [ERROR] Failed to load resource: the server responded with a status of 500 () @ https://live-streaming-eta.vercel.app/api/thesportsdb?path=searchteams.php&t=Arterivo%20Wakayama:0
[    2255ms] [ERROR] Failed to load resource: the server responded with a status of 500 () @ https://live-streaming-eta.vercel.app/api/thesportsdb?path=searchteams.php&t=Surrey%20Women:0
[    2257ms] [ERROR] Failed to load resource: the server responded with a status of 500 () @ https://live-streaming-eta.vercel.app/api/thesportsdb?path=searchteams.php&t=Pulau%20Pinang%20U21%20Women:0
[    2257ms] [ERROR] Failed to load resource: the server responded with a status of 500 () @ https://live-streaming-eta.vercel.app/api/thesportsdb?path=searchteams.php&t=Ho%20Chi%20Minh%20City:0
[    2257ms] [ERROR] Failed to load resource: the server responded with a status of 500 () @ https://live-streaming-eta.vercel.app/api/thesportsdb?path=searchteams.php&t=Strong%20Group%20Athletics:0
[    2263ms] [ERROR] Failed to load resource: the server responded with a status of 500 () @ https://live-streaming-eta.vercel.app/api/thesportsdb?path=searchteams.php&t=St.%20Mary%27s%20College%20(CA):0
[    2264ms] [ERROR] Failed to load resource: the server responded with a status of 500 () @ https://live-streaming-eta.vercel.app/api/thesportsdb?path=searchteams.php&t=Cougars%20U21:0
[    2264ms] [ERROR] Failed to load resource: the server responded with a status of 500 () @ https://live-streaming-eta.vercel.app/api/thesportsdb?path=searchteams.php&t=Shenzhen%20Leopards%20Reserves:0
[    2265ms] [ERROR] Failed to load resource: the server responded with a status of 500 () @ https://live-streaming-eta.vercel.app/api/thesportsdb?path=searchteams.php&t=Johor%20U21%20Women:0
[    2265ms] [ERROR] Failed to load resource: the server responded with a status of 500 () @ https://live-streaming-eta.vercel.app/api/thesportsdb?path=searchteams.php&t=Perak%20U21%20(W):0
[    2265ms] [ERROR] Failed to load resource: the server responded with a status of 500 () @ https://live-streaming-eta.vercel.app/api/thesportsdb?path=searchteams.php&t=Naic%20Aces:0
[    2266ms] [ERROR] Failed to load resource: the server responded with a status of 500 () @ https://live-streaming-eta.vercel.app/api/thesportsdb?path=searchteams.php&t=Brujos%20Izalco%20U21:0
[    2266ms] [ERROR] Failed to load resource: the server responded with a status of 500 () @ https://live-streaming-eta.vercel.app/api/thesportsdb?path=searchteams.php&t=Sohryngkham:0
[    2309ms] [ERROR] Failed to load resource: the server responded with a status of 500 () @ https://live-streaming-eta.vercel.app/api/thesportsdb?path=searchteams.php&t=Club%20Providencia%20U21:0
[    2310ms] [ERROR] Failed to load resource: the server responded with a status of 500 () @ https://live-streaming-eta.vercel.app/api/thesportsdb?path=searchteams.php&t=Statham%20Academy:0
[    2313ms] [ERROR] Failed to load resource: the server responded with a status of 500 () @ https://live-streaming-eta.vercel.app/api/thesportsdb?path=searchteams.php&t=Thunder%20El%20Salvador:0
[    2313ms] [ERROR] Failed to load resource: the server responded with a status of 500 () @ https://live-streaming-eta.vercel.app/api/thesportsdb?path=searchteams.php&t=CD%20Dragon%20U21:0
[    2314ms] [ERROR] Failed to load resource: the server responded with a status of 500 () @ https://live-streaming-eta.vercel.app/api/thesportsdb?path=searchteams.php&t=Pulau%20Pinang%20U21:0
[    2314ms] [ERROR] Failed to load resource: the server responded with a status of 500 () @ https://live-streaming-eta.vercel.app/api/thesportsdb?path=searchteams.php&t=Tigres%20El%20Salvador%20U21:0
[    2315ms] [ERROR] Failed to load resource: the server responded with a status of 500 () @ https://live-streaming-eta.vercel.app/api/thesportsdb?path=searchteams.php&t=Bulgaria%20U16%20Women:0
[    2315ms] [ERROR] Failed to load resource: the server responded with a status of 500 () @ https://live-streaming-eta.vercel.app/api/thesportsdb?path=searchteams.php&t=Croatia%20U16%20Women:0
[    2315ms] [ERROR] Failed to load resource: the server responded with a status of 500 () @ https://live-streaming-eta.vercel.app/api/thesportsdb?path=searchteams.php&t=Macau%20Black%20Knights:0
[    2316ms] [ERROR] Failed to load resource: the server responded with a status of 500 () @ https://live-streaming-eta.vercel.app/api/thesportsdb?path=searchteams.php&t=Japan%20Jones%20Team:0
[    2316ms] [ERROR] Failed to load resource: the server responded with a status of 500 () @ https://live-streaming-eta.vercel.app/api/thesportsdb?path=searchteams.php&t=Nihon%20Tengu:0
[    2316ms] [ERROR] Failed to load resource: the server responded with a status of 500 () @ https://live-streaming-eta.vercel.app/api/thesportsdb?path=searchteams.php&t=Pahang%20U21%20(W):0
[    2317ms] [ERROR] Failed to load resource: the server responded with a status of 500 () @ https://live-streaming-eta.vercel.app/api/thesportsdb?path=searchteams.php&t=Germany%20U16%20Women:0
[    2317ms] [ERROR] Failed to load resource: the server responded with a status of 500 () @ https://live-streaming-eta.vercel.app/api/thesportsdb?path=searchteams.php&t=FinlandU16%20Women:0
[    2318ms] [ERROR] Failed to load resource: the server responded with a status of 500 () @ https://live-streaming-eta.vercel.app/api/thesportsdb?path=searchteams.php&t=Sarawak%20U21:0
[    2318ms] [ERROR] Failed to load resource: the server responded with a status of 500 () @ https://live-streaming-eta.vercel.app/api/thesportsdb?path=searchteams.php&t=Turkey%20U16%20Women:0
[    2318ms] [ERROR] Failed to load resource: the server responded with a status of 500 () @ https://live-streaming-eta.vercel.app/api/thesportsdb?path=searchteams.php&t=Chinese%20Taipei%20White:0
[    2319ms] [ERROR] Failed to load resource: the server responded with a status of 500 () @ https://live-streaming-eta.vercel.app/api/thesportsdb?path=searchteams.php&t=Jordan:0
[    2319ms] [ERROR] Failed to load resource: the server responded with a status of 500 () @ https://live-streaming-eta.vercel.app/api/thesportsdb?path=searchteams.php&t=Laslo%20Djere:0
[    2319ms] [ERROR] Failed to load resource: the server responded with a status of 500 () @ https://live-streaming-eta.vercel.app/api/thesportsdb?path=searchteams.php&t=Poland%20U16%20Women:0
[    2320ms] [ERROR] Failed to load resource: the server responded with a status of 500 () @ https://live-streaming-eta.vercel.app/api/thesportsdb?path=searchteams.php&t=S%C3%A3o%20Paulo%20-%20SP:0
[    2320ms] [ERROR] Failed to load resource: the server responded with a status of 500 () @ https://live-streaming-eta.vercel.app/api/thesportsdb?path=searchteams.php&t=Villarreal%20C:0
[    2321ms] [ERROR] Failed to load resource: the server responded with a status of 500 () @ https://live-streaming-eta.vercel.app/api/thesportsdb?path=searchteams.php&t=Sichuan%20Blue%20Whales%20Reserves:0
[    2321ms] [ERROR] Failed to load resource: the server responded with a status of 500 () @ https://live-streaming-eta.vercel.app/api/thesportsdb?path=searchteams.php&t=Sarawak%20U21%20Women:0
[    2322ms] [ERROR] Failed to load resource: the server responded with a status of 500 () @ https://live-streaming-eta.vercel.app/api/thesportsdb?path=searchteams.php&t=Taiwan%20Beer:0
[    2322ms] [ERROR] Failed to load resource: the server responded with a status of 500 () @ https://live-streaming-eta.vercel.app/api/thesportsdb?path=searchteams.php&t=Alec%20Braund:0
[    2322ms] [ERROR] Failed to load resource: the server responded with a status of 500 () @ https://live-streaming-eta.vercel.app/api/thesportsdb?path=searchteams.php&t=John%20Chin:0
[    2323ms] [ERROR] Failed to load resource: the server responded with a status of 500 () @ https://live-streaming-eta.vercel.app/api/thesportsdb?path=searchteams.php&t=Johor%20U21:0
[    2323ms] [ERROR] Failed to load resource: the server responded with a status of 500 () @ https://live-streaming-eta.vercel.app/api/thesportsdb?path=searchteams.php&t=Learner%20Tien:0
[    2323ms] [ERROR] Failed to load resource: the server responded with a status of 500 () @ https://live-streaming-eta.vercel.app/api/thesportsdb?path=searchteams.php&t=Pahang%20U21:0
[    2324ms] [ERROR] Failed to load resource: the server responded with a status of 500 () @ https://live-streaming-eta.vercel.app/api/thesportsdb?path=searchteams.php&t=Chinese%20Taipei%20Blue:0
[    2324ms] [ERROR] Failed to load resource: the server responded with a status of 500 () @ https://live-streaming-eta.vercel.app/api/thesportsdb?path=searchteams.php&t=Lloyd%20Harris:0
[    2325ms] [ERROR] Failed to load resource: the server responded with a status of 500 () @ https://live-streaming-eta.vercel.app/api/thesportsdb?path=searchteams.php&t=Italy%20U16%20Women:0
[    2325ms] [ERROR] Failed to load resource: the server responded with a status of 500 () @ https://live-streaming-eta.vercel.app/api/thesportsdb?path=searchteams.php&t=Gauthier%20Onclin:0
[    2325ms] [ERROR] Failed to load resource: the server responded with a status of 500 () @ https://live-streaming-eta.vercel.app/api/thesportsdb?path=searchteams.php&t=Edward%20Winter:0
[    2326ms] [ERROR] Failed to load resource: the server responded with a status of 500 () @ https://live-streaming-eta.vercel.app/api/thesportsdb?path=searchteams.php&t=Justin%20Boulais:0
[    2326ms] [ERROR] Failed to load resource: the server responded with a status of 500 () @ https://live-streaming-eta.vercel.app/api/thesportsdb?path=searchteams.php&t=Eric%20Tripathi:0
[    2326ms] [ERROR] Failed to load resource: the server responded with a status of 500 () @ https://live-streaming-eta.vercel.app/api/thesportsdb?path=searchteams.php&t=Marie%20Bouzkova:0
[    2327ms] [ERROR] Failed to load resource: the server responded with a status of 500 () @ https://live-streaming-eta.vercel.app/api/thesportsdb?path=searchteams.php&t=Iva%20Jovic:0
[    2327ms] [ERROR] Failed to load resource: the server responded with a status of 500 () @ https://live-streaming-eta.vercel.app/api/thesportsdb?path=searchteams.php&t=Alejandro%20Moro%20Canas:0
[    2327ms] [ERROR] Failed to load resource: the server responded with a status of 500 () @ https://live-streaming-eta.vercel.app/api/thesportsdb?path=searchteams.php&t=France%20U16%20Women:0
[    2328ms] [ERROR] Failed to load resource: the server responded with a status of 500 () @ https://live-streaming-eta.vercel.app/api/thesportsdb?path=searchteams.php&t=Benjamin%20Bonzi:0
[    2329ms] [ERROR] Failed to load resource: the server responded with a status of 500 () @ https://live-streaming-eta.vercel.app/api/thesportsdb?path=searchteams.php&t=Rewa%20FC:0
[    2329ms] [ERROR] Failed to load resource: the server responded with a status of 500 () @ https://live-streaming-eta.vercel.app/api/thesportsdb?path=searchteams.php&t=Pablo%20Llamas%20Ruiz:0
[    2329ms] [ERROR] Failed to load resource: the server responded with a status of 500 () @ https://live-streaming-eta.vercel.app/api/thesportsdb?path=searchteams.php&t=Slovenia%20U16%20Women:0
[    2330ms] [ERROR] Failed to load resource: the server responded with a status of 500 () @ https://live-streaming-eta.vercel.app/api/thesportsdb?path=searchteams.php&t=Austria%20U16%20Women:0
[    2389ms] [ERROR] Failed to load resource: the server responded with a status of 500 () @ https://live-streaming-eta.vercel.app/api/thesportsdb?path=searchteams.php&t=Speenghar%20Warriors:0
[    2389ms] [ERROR] Failed to load resource: the server responded with a status of 500 () @ https://live-streaming-eta.vercel.app/api/thesportsdb?path=searchteams.php&t=Frances%20Tiafoe:0
[    2390ms] [ERROR] Failed to load resource: the server responded with a status of 500 () @ https://live-streaming-eta.vercel.app/api/thesportsdb?path=searchteams.php&t=Francisco%20Comesana:0
[    2390ms] [ERROR] Failed to load resource: the server responded with a status of 500 () @ https://live-streaming-eta.vercel.app/api/thesportsdb?path=searchteams.php&t=Rio%20Noguchi:0
[    2390ms] [ERROR] Failed to load resource: the server responded with a status of 500 () @ https://live-streaming-eta.vercel.app/api/thesportsdb?path=searchteams.php&t=Sabah%20U21%20Women:0
[    2391ms] [ERROR] Failed to load resource: the server responded with a status of 500 () @ https://live-streaming-eta.vercel.app/api/thesportsdb?path=searchteams.php&t=Hong%20Seong-chan:0
[    2391ms] [ERROR] Failed to load resource: the server responded with a status of 500 () @ https://live-streaming-eta.vercel.app/api/thesportsdb?path=searchteams.php&t=R16P7:0
[    2392ms] [ERROR] Failed to load resource: the server responded with a status of 500 () @ https://live-streaming-eta.vercel.app/api/thesportsdb?path=searchteams.php&t=R16P12:0
[    2392ms] [ERROR] Failed to load resource: the server responded with a status of 500 () @ https://live-streaming-eta.vercel.app/api/thesportsdb?path=searchteams.php&t=R16P15:0
[    2392ms] [ERROR] Failed to load resource: the server responded with a status of 500 () @ https://live-streaming-eta.vercel.app/api/thesportsdb?path=searchteams.php&t=R16P16:0
[    2393ms] [ERROR] Failed to load resource: the server responded with a status of 500 () @ https://live-streaming-eta.vercel.app/api/thesportsdb?path=searchteams.php&t=R16P2:0
[    2393ms] [ERROR] Failed to load resource: the server responded with a status of 500 () @ https://live-streaming-eta.vercel.app/api/thesportsdb?path=searchteams.php&t=R16P1:0
[    2393ms] [ERROR] Failed to load resource: the server responded with a status of 500 () @ https://live-streaming-eta.vercel.app/api/thesportsdb?path=searchteams.php&t=Qf5:0
[    2394ms] [ERROR] Failed to load resource: the server responded with a status of 500 () @ https://live-streaming-eta.vercel.app/api/thesportsdb?path=searchteams.php&t=Henrique%20Rocha:0
[    2395ms] [ERROR] Failed to load resource: the server responded with a status of 500 () @ https://live-streaming-eta.vercel.app/api/thesportsdb?path=searchteams.php&t=R16P10:0
[    2397ms] [ERROR] Failed to load resource: the server responded with a status of 500 () @ https://live-streaming-eta.vercel.app/api/thesportsdb?path=searchteams.php&t=Qf3:0
[    2397ms] [ERROR] Failed to load resource: the server responded with a status of 500 () @ https://live-streaming-eta.vercel.app/api/thesportsdb?path=searchteams.php&t=Qf8:0
[    2397ms] [ERROR] Failed to load resource: the server responded with a status of 500 () @ https://live-streaming-eta.vercel.app/api/thesportsdb?path=searchteams.php&t=R16P4:0
[    2399ms] [ERROR] Failed to load resource: the server responded with a status of 500 () @ https://live-streaming-eta.vercel.app/api/thesportsdb?path=searchteams.php&t=R16P3:0
[    2399ms] [ERROR] Failed to load resource: the server responded with a status of 500 () @ https://live-streaming-eta.vercel.app/api/thesportsdb?path=searchteams.php&t=R16P5:0
[    2400ms] [ERROR] Failed to load resource: the server responded with a status of 500 () @ https://live-streaming-eta.vercel.app/api/thesportsdb?path=searchteams.php&t=Luca%20Staeheli:0
[    2418ms] [ERROR] Failed to load resource: the server responded with a status of 500 () @ https://live-streaming-eta.vercel.app/api/thesportsdb?path=searchteams.php&t=R16P8:0
[    2419ms] [ERROR] Failed to load resource: the server responded with a status of 500 () @ https://live-streaming-eta.vercel.app/api/thesportsdb?path=searchteams.php&t=Qf6:0
[    2419ms] [ERROR] Failed to load resource: the server responded with a status of 500 () @ https://live-streaming-eta.vercel.app/api/thesportsdb?path=searchteams.php&t=Ryan%20Nijboer:0
[    2419ms] [ERROR] Failed to load resource: the server responded with a status of 500 () @ https://live-streaming-eta.vercel.app/api/thesportsdb?path=searchteams.php&t=Alan%20Magadan:0
[    2420ms] [ERROR] Failed to load resource: the server responded with a status of 500 () @ https://live-streaming-eta.vercel.app/api/thesportsdb?path=searchteams.php&t=Qf2:0
[    2420ms] [ERROR] Failed to load resource: the server responded with a status of 500 () @ https://live-streaming-eta.vercel.app/api/thesportsdb?path=searchteams.php&t=Qf1:0
[    2421ms] [ERROR] Failed to load resource: the server responded with a status of 500 () @ https://live-streaming-eta.vercel.app/api/thesportsdb?path=searchteams.php&t=R16P9:0
[    2421ms] [ERROR] Failed to load resource: the server responded with a status of 500 () @ https://live-streaming-eta.vercel.app/api/thesportsdb?path=searchteams.php&t=Tommaso%20Compagnucci:0
[    2421ms] [ERROR] Failed to load resource: the server responded with a status of 500 () @ https://live-streaming-eta.vercel.app/api/thesportsdb?path=searchteams.php&t=R16P6:0
[    2421ms] [ERROR] Failed to load resource: the server responded with a status of 500 () @ https://live-streaming-eta.vercel.app/api/thesportsdb?path=searchteams.php&t=Qf4:0
[    2422ms] [ERROR] Failed to load resource: the server responded with a status of 500 () @ https://live-streaming-eta.vercel.app/api/thesportsdb?path=searchteams.php&t=Juan%20Manuel%20La%20Serna:0
[    2513ms] [ERROR] Failed to load resource: the server responded with a status of 500 () @ https://live-streaming-eta.vercel.app/api/thesportsdb?path=searchteams.php&t=Qf7:0
[    2554ms] [ERROR] Failed to load resource: the server responded with a status of 500 () @ https://live-streaming-eta.vercel.app/api/thesportsdb?path=searchteams.php&t=R16P11:0
[    2731ms] [LOG] 🚀 Live Streaming initialized @ https://live-streaming-eta.vercel.app/js/app.js?v=8:212
[    4734ms] [LOG] 📅 Schedule agent: fetching next 60 days... @ https://live-streaming-eta.vercel.app/js/api.js?v=7:342
[    4734ms] [LOG] 🌐 Fetching football... @ https://live-streaming-eta.vercel.app/js/api.js?v=7:467
[    4735ms] [LOG] 🌐 Fetching cricket... @ https://live-streaming-eta.vercel.app/js/api.js?v=7:467
[    4735ms] [LOG] 🌐 Fetching basketball... @ https://live-streaming-eta.vercel.app/js/api.js?v=7:467
[    4736ms] [LOG] 🌐 Fetching tennis... @ https://live-streaming-eta.vercel.app/js/api.js?v=7:467
[    4736ms] [LOG] 🌐 Fetching mma... @ https://live-streaming-eta.vercel.app/js/api.js?v=7:467
[    4737ms] [LOG] 🌐 Fetching ufc... @ https://live-streaming-eta.vercel.app/js/api.js?v=7:467
[    4737ms] [LOG] 🌐 Fetching football... @ https://live-streaming-eta.vercel.app/js/api.js?v=7:467
[    4738ms] [LOG] 🌐 Fetching cricket... @ https://live-streaming-eta.vercel.app/js/api.js?v=7:467
[    4738ms] [LOG] 🌐 Fetching basketball... @ https://live-streaming-eta.vercel.app/js/api.js?v=7:467
[    4739ms] [LOG] 🌐 Fetching tennis... @ https://live-streaming-eta.vercel.app/js/api.js?v=7:467
[    4739ms] [LOG] 🌐 Fetching mma... @ https://live-streaming-eta.vercel.app/js/api.js?v=7:467
[    4739ms] [LOG] 🌐 Fetching ufc... @ https://live-streaming-eta.vercel.app/js/api.js?v=7:467
[    4740ms] [LOG] 🌐 Fetching football... @ https://live-streaming-eta.vercel.app/js/api.js?v=7:467
[    4740ms] [LOG] 🌐 Fetching cricket... @ https://live-streaming-eta.vercel.app/js/api.js?v=7:467
[    4741ms] [LOG] 🌐 Fetching basketball... @ https://live-streaming-eta.vercel.app/js/api.js?v=7:467
[    4741ms] [LOG] 🌐 Fetching tennis... @ https://live-streaming-eta.vercel.app/js/api.js?v=7:467
[    4741ms] [LOG] 🌐 Fetching mma... @ https://live-streaming-eta.vercel.app/js/api.js?v=7:467
[    4742ms] [LOG] 🌐 Fetching ufc... @ https://live-streaming-eta.vercel.app/js/api.js?v=7:467
[    4742ms] [LOG] 🌐 Fetching football... @ https://live-streaming-eta.vercel.app/js/api.js?v=7:467
[    4743ms] [LOG] 🌐 Fetching cricket... @ https://live-streaming-eta.vercel.app/js/api.js?v=7:467
[    4743ms] [LOG] 🌐 Fetching basketball... @ https://live-streaming-eta.vercel.app/js/api.js?v=7:467
[    4744ms] [LOG] 🌐 Fetching tennis... @ https://live-streaming-eta.vercel.app/js/api.js?v=7:467
[    4744ms] [LOG] 🌐 Fetching mma... @ https://live-streaming-eta.vercel.app/js/api.js?v=7:467
[    4744ms] [LOG] 🌐 Fetching ufc... @ https://live-streaming-eta.vercel.app/js/api.js?v=7:467
[    4745ms] [LOG] 🌐 Fetching football... @ https://live-streaming-eta.vercel.app/js/api.js?v=7:467
[    4745ms] [LOG] 🌐 Fetching cricket... @ https://live-streaming-eta.vercel.app/js/api.js?v=7:467
[    4746ms] [LOG] 🌐 Fetching basketball... @ https://live-streaming-eta.vercel.app/js/api.js?v=7:467
[    4746ms] [LOG] 🌐 Fetching tennis... @ https://live-streaming-eta.vercel.app/js/api.js?v=7:467
[    4747ms] [LOG] 🌐 Fetching mma... @ https://live-streaming-eta.vercel.app/js/api.js?v=7:467
[    4748ms] [LOG] 🌐 Fetching ufc... @ https://live-streaming-eta.vercel.app/js/api.js?v=7:467
[    4944ms] [ERROR] Failed to load resource: the server responded with a status of 400 () @ https://sportscore.com/api/widget/matches/?sport=ufc&limit=30:0
[    4944ms] [LOG] ℹ️ ufc not available from SportScore API @ https://live-streaming-eta.vercel.app/js/api.js?v=7:471
[    4950ms] [ERROR] Failed to load resource: the server responded with a status of 400 () @ https://sportscore.com/api/widget/matches/?sport=mma&limit=30:0
[    4951ms] [LOG] ℹ️ mma not available from SportScore API @ https://live-streaming-eta.vercel.app/js/api.js?v=7:471
[    5142ms] [ERROR] Failed to load resource: the server responded with a status of 400 () @ https://sportscore.com/api/widget/matches/?sport=ufc&limit=30:0
[    5142ms] [LOG] ℹ️ ufc not available from SportScore API @ https://live-streaming-eta.vercel.app/js/api.js?v=7:471
[    5154ms] [ERROR] Failed to load resource: the server responded with a status of 400 () @ https://sportscore.com/api/widget/matches/?sport=mma&limit=30:0
[    5155ms] [LOG] ℹ️ mma not available from SportScore API @ https://live-streaming-eta.vercel.app/js/api.js?v=7:471
[    5336ms] [ERROR] Failed to load resource: the server responded with a status of 400 () @ https://sportscore.com/api/widget/matches/?sport=ufc&limit=30:0
[    5336ms] [LOG] ℹ️ ufc not available from SportScore API @ https://live-streaming-eta.vercel.app/js/api.js?v=7:471
[    5349ms] [ERROR] Failed to load resource: the server responded with a status of 400 () @ https://sportscore.com/api/widget/matches/?sport=mma&limit=30:0
[    5350ms] [LOG] ℹ️ mma not available from SportScore API @ https://live-streaming-eta.vercel.app/js/api.js?v=7:471
[    5505ms] [ERROR] Access to fetch at 'https://api.nfldata.org/v1/games?season=2026&season_type=1' from origin 'https://live-streaming-eta.vercel.app' has been blocked by CORS policy: No 'Access-Control-Allow-Origin' header is present on the requested resource. @ https://live-streaming-eta.vercel.app/:0
[    5506ms] [ERROR] Failed to load resource: net::ERR_FAILED @ https://api.nfldata.org/v1/games?season=2026&season_type=1:0
[    5506ms] [LOG] ℹ️ NFL season type 1 failed: Failed to fetch @ https://live-streaming-eta.vercel.app/js/api.js?v=7:1411
[    5527ms] [ERROR] Failed to load resource: the server responded with a status of 400 () @ https://sportscore.com/api/widget/matches/?sport=ufc&limit=30:0
[    5528ms] [LOG] ℹ️ ufc not available from SportScore API @ https://live-streaming-eta.vercel.app/js/api.js?v=7:471
[    5540ms] [ERROR] Failed to load resource: the server responded with a status of 400 () @ https://sportscore.com/api/widget/matches/?sport=mma&limit=30:0
[    5540ms] [LOG] ℹ️ mma not available from SportScore API @ https://live-streaming-eta.vercel.app/js/api.js?v=7:471
[    5730ms] [ERROR] Failed to load resource: the server responded with a status of 400 () @ https://sportscore.com/api/widget/matches/?sport=ufc&limit=30:0
[    5730ms] [LOG] ℹ️ ufc not available from SportScore API @ https://live-streaming-eta.vercel.app/js/api.js?v=7:471
[    5738ms] [ERROR] Failed to load resource: the server responded with a status of 400 () @ https://sportscore.com/api/widget/matches/?sport=mma&limit=30:0
[    5738ms] [LOG] ℹ️ mma not available from SportScore API @ https://live-streaming-eta.vercel.app/js/api.js?v=7:471
[    5832ms] [ERROR] Access to fetch at 'https://api.nfldata.org/v1/games?season=2026&season_type=2' from origin 'https://live-streaming-eta.vercel.app' has been blocked by CORS policy: No 'Access-Control-Allow-Origin' header is present on the requested resource. @ https://live-streaming-eta.vercel.app/:0
[    5832ms] [ERROR] Failed to load resource: net::ERR_FAILED @ https://api.nfldata.org/v1/games?season=2026&season_type=2:0
[    5832ms] [LOG] ℹ️ NFL season type 2 failed: Failed to fetch @ https://live-streaming-eta.vercel.app/js/api.js?v=7:1411
[    5835ms] [ERROR] Access to fetch at 'https://api.nfldata.org/v1/games?season=2026&season_type=1' from origin 'https://live-streaming-eta.vercel.app' has been blocked by CORS policy: No 'Access-Control-Allow-Origin' header is present on the requested resource. @ https://live-streaming-eta.vercel.app/:0
[    5835ms] [ERROR] Failed to load resource: net::ERR_FAILED @ https://api.nfldata.org/v1/games?season=2026&season_type=1:0
[    5835ms] [LOG] ℹ️ NFL season type 1 failed: Failed to fetch @ https://live-streaming-eta.vercel.app/js/api.js?v=7:1411
[    6152ms] [ERROR] Access to fetch at 'https://api.nfldata.org/v1/games?season=2026&season_type=2' from origin 'https://live-streaming-eta.vercel.app' has been blocked by CORS policy: No 'Access-Control-Allow-Origin' header is present on the requested resource. @ https://live-streaming-eta.vercel.app/:0
[    6152ms] [ERROR] Failed to load resource: net::ERR_FAILED @ https://api.nfldata.org/v1/games?season=2026&season_type=2:0
[    6152ms] [LOG] ℹ️ NFL season type 2 failed: Failed to fetch @ https://live-streaming-eta.vercel.app/js/api.js?v=7:1411
[    6158ms] [LOG] 🔄 Live Agent: refreshing scores... @ https://live-streaming-eta.vercel.app/js/app.js?v=8:906
[    6158ms] [LOG] 🌐 Fetching football... @ https://live-streaming-eta.vercel.app/js/api.js?v=7:467
[    6159ms] [LOG] 🌐 Fetching cricket... @ https://live-streaming-eta.vercel.app/js/api.js?v=7:467
[    6159ms] [LOG] 🌐 Fetching basketball... @ https://live-streaming-eta.vercel.app/js/api.js?v=7:467
[    6160ms] [LOG] 🌐 Fetching tennis... @ https://live-streaming-eta.vercel.app/js/api.js?v=7:467
[    6160ms] [LOG] 🌐 Fetching mma... @ https://live-streaming-eta.vercel.app/js/api.js?v=7:467
[    6160ms] [LOG] 🌐 Fetching ufc... @ https://live-streaming-eta.vercel.app/js/api.js?v=7:467
[    6162ms] [ERROR] Access to fetch at 'https://api.nfldata.org/v1/games?season=2026&season_type=3' from origin 'https://live-streaming-eta.vercel.app' has been blocked by CORS policy: No 'Access-Control-Allow-Origin' header is present on the requested resource. @ https://live-streaming-eta.vercel.app/:0
[    6162ms] [ERROR] Failed to load resource: net::ERR_FAILED @ https://api.nfldata.org/v1/games?season=2026&season_type=3:0
[    6162ms] [LOG] ℹ️ NFL season type 3 failed: Failed to fetch @ https://live-streaming-eta.vercel.app/js/api.js?v=7:1411
[    6163ms] [ERROR] Access to fetch at 'https://api.nfldata.org/v1/games?season=2026&season_type=1' from origin 'https://live-streaming-eta.vercel.app' has been blocked by CORS policy: No 'Access-Control-Allow-Origin' header is present on the requested resource. @ https://live-streaming-eta.vercel.app/:0
[    6164ms] [ERROR] Failed to load resource: net::ERR_FAILED @ https://api.nfldata.org/v1/games?season=2026&season_type=1:0
[    6164ms] [LOG] ℹ️ NFL season type 1 failed: Failed to fetch @ https://live-streaming-eta.vercel.app/js/api.js?v=7:1411
[    6177ms] [LOG] ✅ ESPN Cricket: 23 matches from 9 series @ https://live-streaming-eta.vercel.app/js/api.js?v=7:1233
[    6363ms] [ERROR] Failed to load resource: the server responded with a status of 400 () @ https://sportscore.com/api/widget/matches/?sport=mma&limit=30:0
[    6364ms] [LOG] ℹ️ mma not available from SportScore API @ https://live-streaming-eta.vercel.app/js/api.js?v=7:471
[    6364ms] [ERROR] Failed to load resource: the server responded with a status of 400 () @ https://sportscore.com/api/widget/matches/?sport=ufc&limit=30:0
[    6364ms] [LOG] ℹ️ ufc not available from SportScore API @ https://live-streaming-eta.vercel.app/js/api.js?v=7:471
[    6471ms] [ERROR] Access to fetch at 'https://api.nfldata.org/v1/games?season=2026&season_type=3' from origin 'https://live-streaming-eta.vercel.app' has been blocked by CORS policy: No 'Access-Control-Allow-Origin' header is present on the requested resource. @ https://live-streaming-eta.vercel.app/:0
[    6472ms] [ERROR] Failed to load resource: net::ERR_FAILED @ https://api.nfldata.org/v1/games?season=2026&season_type=3:0
[    6472ms] [LOG] ℹ️ NFL season type 3 failed: Failed to fetch @ https://live-streaming-eta.vercel.app/js/api.js?v=7:1411
[    6478ms] [ERROR] Failed to load resource: the server responded with a status of 502 () @ https://live-streaming-eta.vercel.app/api/google-cricket:0
[    6478ms] [LOG] ⚠️ Google Cricket failed: Google Cricket HTTP 502 @ https://live-streaming-eta.vercel.app/js/api.js?v=7:1331
[    6484ms] [LOG] ✅ Live Agent: refresh complete @ https://live-streaming-eta.vercel.app/js/app.js?v=8:973
[    6500ms] [ERROR] Access to fetch at 'https://api.nfldata.org/v1/games?season=2026&season_type=1' from origin 'https://live-streaming-eta.vercel.app' has been blocked by CORS policy: No 'Access-Control-Allow-Origin' header is present on the requested resource. @ https://live-streaming-eta.vercel.app/:0
[    6500ms] [ERROR] Failed to load resource: net::ERR_FAILED @ https://api.nfldata.org/v1/games?season=2026&season_type=1:0
[    6501ms] [LOG] ℹ️ NFL season type 1 failed: Failed to fetch @ https://live-streaming-eta.vercel.app/js/api.js?v=7:1411
[    6513ms] [ERROR] Access to fetch at 'https://api.nfldata.org/v1/games?season=2026&season_type=2' from origin 'https://live-streaming-eta.vercel.app' has been blocked by CORS policy: No 'Access-Control-Allow-Origin' header is present on the requested resource. @ https://live-streaming-eta.vercel.app/:0
[    6514ms] [ERROR] Failed to load resource: net::ERR_FAILED @ https://api.nfldata.org/v1/games?season=2026&season_type=2:0
[    6514ms] [LOG] ℹ️ NFL season type 2 failed: Failed to fetch @ https://live-streaming-eta.vercel.app/js/api.js?v=7:1411
[    6841ms] [ERROR] Access to fetch at 'https://api.nfldata.org/v1/games?season=2026&season_type=1' from origin 'https://live-streaming-eta.vercel.app' has been blocked by CORS policy: No 'Access-Control-Allow-Origin' header is present on the requested resource. @ https://live-streaming-eta.vercel.app/:0
[    6841ms] [ERROR] Failed to load resource: net::ERR_FAILED @ https://api.nfldata.org/v1/games?season=2026&season_type=1:0
[    6841ms] [LOG] ℹ️ NFL season type 1 failed: Failed to fetch @ https://live-streaming-eta.vercel.app/js/api.js?v=7:1411
[    6845ms] [ERROR] Access to fetch at 'https://api.nfldata.org/v1/games?season=2026&season_type=3' from origin 'https://live-streaming-eta.vercel.app' has been blocked by CORS policy: No 'Access-Control-Allow-Origin' header is present on the requested resource. @ https://live-streaming-eta.vercel.app/:0
[    6846ms] [ERROR] Failed to load resource: net::ERR_FAILED @ https://api.nfldata.org/v1/games?season=2026&season_type=3:0
[    6846ms] [LOG] ℹ️ NFL season type 3 failed: Failed to fetch @ https://live-streaming-eta.vercel.app/js/api.js?v=7:1411
[    6852ms] [ERROR] Access to fetch at 'https://api.nfldata.org/v1/games?season=2026&season_type=2' from origin 'https://live-streaming-eta.vercel.app' has been blocked by CORS policy: No 'Access-Control-Allow-Origin' header is present on the requested resource. @ https://live-streaming-eta.vercel.app/:0
[    6853ms] [ERROR] Failed to load resource: net::ERR_FAILED @ https://api.nfldata.org/v1/games?season=2026&season_type=2:0
[    6853ms] [LOG] ℹ️ NFL season type 2 failed: Failed to fetch @ https://live-streaming-eta.vercel.app/js/api.js?v=7:1411
[    7181ms] [ERROR] Access to fetch at 'https://api.nfldata.org/v1/games?season=2026&season_type=3' from origin 'https://live-streaming-eta.vercel.app' has been blocked by CORS policy: No 'Access-Control-Allow-Origin' header is present on the requested resource. @ https://live-streaming-eta.vercel.app/:0
[    7182ms] [ERROR] Failed to load resource: net::ERR_FAILED @ https://api.nfldata.org/v1/games?season=2026&season_type=3:0
[    7182ms] [LOG] ℹ️ NFL season type 3 failed: Failed to fetch @ https://live-streaming-eta.vercel.app/js/api.js?v=7:1411
[    7187ms] [ERROR] Access to fetch at 'https://api.nfldata.org/v1/games?season=2026&season_type=2' from origin 'https://live-streaming-eta.vercel.app' has been blocked by CORS policy: No 'Access-Control-Allow-Origin' header is present on the requested resource. @ https://live-streaming-eta.vercel.app/:0
[    7187ms] [ERROR] Failed to load resource: net::ERR_FAILED @ https://api.nfldata.org/v1/games?season=2026&season_type=2:0
[    7187ms] [LOG] ℹ️ NFL season type 2 failed: Failed to fetch @ https://live-streaming-eta.vercel.app/js/api.js?v=7:1411
[    7503ms] [ERROR] Access to fetch at 'https://api.nfldata.org/v1/games?season=2026&season_type=3' from origin 'https://live-streaming-eta.vercel.app' has been blocked by CORS policy: No 'Access-Control-Allow-Origin' header is present on the requested resource. @ https://live-streaming-eta.vercel.app/:0
[    7503ms] [ERROR] Failed to load resource: net::ERR_FAILED @ https://api.nfldata.org/v1/games?season=2026&season_type=3:0
[    7504ms] [LOG] ℹ️ NFL season type 3 failed: Failed to fetch @ https://live-streaming-eta.vercel.app/js/api.js?v=7:1411
[    8317ms] [LOG] 🌐 Fetching football... @ https://live-streaming-eta.vercel.app/js/api.js?v=7:467
[    8318ms] [LOG] 🌐 Fetching cricket... @ https://live-streaming-eta.vercel.app/js/api.js?v=7:467
[    8319ms] [LOG] 🌐 Fetching basketball... @ https://live-streaming-eta.vercel.app/js/api.js?v=7:467
[    8320ms] [LOG] 🌐 Fetching tennis... @ https://live-streaming-eta.vercel.app/js/api.js?v=7:467
[    8320ms] [LOG] 🌐 Fetching mma... @ https://live-streaming-eta.vercel.app/js/api.js?v=7:467
[    8321ms] [LOG] 🌐 Fetching ufc... @ https://live-streaming-eta.vercel.app/js/api.js?v=7:467
[    8321ms] [LOG] 🌐 Fetching football... @ https://live-streaming-eta.vercel.app/js/api.js?v=7:467
[    8322ms] [LOG] 🌐 Fetching cricket... @ https://live-streaming-eta.vercel.app/js/api.js?v=7:467
[    8322ms] [LOG] 🌐 Fetching basketball... @ https://live-streaming-eta.vercel.app/js/api.js?v=7:467
[    8323ms] [LOG] 🌐 Fetching tennis... @ https://live-streaming-eta.vercel.app/js/api.js?v=7:467
[    8323ms] [LOG] 🌐 Fetching mma... @ https://live-streaming-eta.vercel.app/js/api.js?v=7:467
[    8324ms] [LOG] 🌐 Fetching ufc... @ https://live-streaming-eta.vercel.app/js/api.js?v=7:467
[    8324ms] [LOG] 🌐 Fetching football... @ https://live-streaming-eta.vercel.app/js/api.js?v=7:467
[    8325ms] [LOG] 🌐 Fetching cricket... @ https://live-streaming-eta.vercel.app/js/api.js?v=7:467
[    8325ms] [LOG] 🌐 Fetching basketball... @ https://live-streaming-eta.vercel.app/js/api.js?v=7:467
[    8326ms] [LOG] 🌐 Fetching tennis... @ https://live-streaming-eta.vercel.app/js/api.js?v=7:467
[    8326ms] [LOG] 🌐 Fetching mma... @ https://live-streaming-eta.vercel.app/js/api.js?v=7:467
[    8326ms] [LOG] 🌐 Fetching ufc... @ https://live-streaming-eta.vercel.app/js/api.js?v=7:467
[    8327ms] [LOG] 🌐 Fetching football... @ https://live-streaming-eta.vercel.app/js/api.js?v=7:467
[    8327ms] [LOG] 🌐 Fetching cricket... @ https://live-streaming-eta.vercel.app/js/api.js?v=7:467
[    8328ms] [LOG] 🌐 Fetching basketball... @ https://live-streaming-eta.vercel.app/js/api.js?v=7:467
[    8328ms] [LOG] 🌐 Fetching tennis... @ https://live-streaming-eta.vercel.app/js/api.js?v=7:467
[    8329ms] [LOG] 🌐 Fetching mma... @ https://live-streaming-eta.vercel.app/js/api.js?v=7:467
[    8329ms] [LOG] 🌐 Fetching ufc... @ https://live-streaming-eta.vercel.app/js/api.js?v=7:467
[    8330ms] [LOG] 🌐 Fetching football... @ https://live-streaming-eta.vercel.app/js/api.js?v=7:467
[    8330ms] [LOG] 🌐 Fetching cricket... @ https://live-streaming-eta.vercel.app/js/api.js?v=7:467
[    8330ms] [LOG] 🌐 Fetching basketball... @ https://live-streaming-eta.vercel.app/js/api.js?v=7:467
[    8331ms] [LOG] 🌐 Fetching tennis... @ https://live-streaming-eta.vercel.app/js/api.js?v=7:467
[    8331ms] [LOG] 🌐 Fetching mma... @ https://live-streaming-eta.vercel.app/js/api.js?v=7:467
[    8332ms] [LOG] 🌐 Fetching ufc... @ https://live-streaming-eta.vercel.app/js/api.js?v=7:467
[    8542ms] [ERROR] Failed to load resource: the server responded with a status of 400 () @ https://sportscore.com/api/widget/matches/?sport=ufc&limit=30:0
[    8542ms] [LOG] ℹ️ ufc not available from SportScore API @ https://live-streaming-eta.vercel.app/js/api.js?v=7:471
[    8542ms] [ERROR] Failed to load resource: the server responded with a status of 400 () @ https://sportscore.com/api/widget/matches/?sport=mma&limit=30:0
[    8542ms] [LOG] ℹ️ mma not available from SportScore API @ https://live-streaming-eta.vercel.app/js/api.js?v=7:471
[    8741ms] [ERROR] Failed to load resource: the server responded with a status of 400 () @ https://sportscore.com/api/widget/matches/?sport=mma&limit=30:0
[    8741ms] [LOG] ℹ️ mma not available from SportScore API @ https://live-streaming-eta.vercel.app/js/api.js?v=7:471
[    8744ms] [ERROR] Failed to load resource: the server responded with a status of 400 () @ https://sportscore.com/api/widget/matches/?sport=ufc&limit=30:0
[    8744ms] [LOG] ℹ️ ufc not available from SportScore API @ https://live-streaming-eta.vercel.app/js/api.js?v=7:471
[    8859ms] [ERROR] Access to fetch at 'https://api.nfldata.org/v1/games?season=2026&season_type=1' from origin 'https://live-streaming-eta.vercel.app' has been blocked by CORS policy: No 'Access-Control-Allow-Origin' header is present on the requested resource. @ https://live-streaming-eta.vercel.app/:0
[    8859ms] [ERROR] Failed to load resource: net::ERR_FAILED @ https://api.nfldata.org/v1/games?season=2026&season_type=1:0
[    8860ms] [LOG] ℹ️ NFL season type 1 failed: Failed to fetch @ https://live-streaming-eta.vercel.app/js/api.js?v=7:1411
[    8937ms] [ERROR] Failed to load resource: the server responded with a status of 400 () @ https://sportscore.com/api/widget/matches/?sport=mma&limit=30:0
[    8937ms] [LOG] ℹ️ mma not available from SportScore API @ https://live-streaming-eta.vercel.app/js/api.js?v=7:471
[    8941ms] [ERROR] Failed to load resource: the server responded with a status of 400 () @ https://sportscore.com/api/widget/matches/?sport=ufc&limit=30:0
[    8941ms] [LOG] ℹ️ ufc not available from SportScore API @ https://live-streaming-eta.vercel.app/js/api.js?v=7:471
[    9137ms] [ERROR] Failed to load resource: the server responded with a status of 400 () @ https://sportscore.com/api/widget/matches/?sport=mma&limit=30:0
[    9137ms] [LOG] ℹ️ mma not available from SportScore API @ https://live-streaming-eta.vercel.app/js/api.js?v=7:471
[    9141ms] [ERROR] Failed to load resource: the server responded with a status of 400 () @ https://sportscore.com/api/widget/matches/?sport=ufc&limit=30:0
[    9141ms] [LOG] ℹ️ ufc not available from SportScore API @ https://live-streaming-eta.vercel.app/js/api.js?v=7:471
[    9181ms] [ERROR] Access to fetch at 'https://api.nfldata.org/v1/games?season=2026&season_type=2' from origin 'https://live-streaming-eta.vercel.app' has been blocked by CORS policy: No 'Access-Control-Allow-Origin' header is present on the requested resource. @ https://live-streaming-eta.vercel.app/:0
[    9181ms] [ERROR] Failed to load resource: net::ERR_FAILED @ https://api.nfldata.org/v1/games?season=2026&season_type=2:0
[    9182ms] [LOG] ℹ️ NFL season type 2 failed: Failed to fetch @ https://live-streaming-eta.vercel.app/js/api.js?v=7:1411
[    9194ms] [ERROR] Access to fetch at 'https://api.nfldata.org/v1/games?season=2026&season_type=1' from origin 'https://live-streaming-eta.vercel.app' has been blocked by CORS policy: No 'Access-Control-Allow-Origin' header is present on the requested resource. @ https://live-streaming-eta.vercel.app/:0
[    9194ms] [ERROR] Failed to load resource: net::ERR_FAILED @ https://api.nfldata.org/v1/games?season=2026&season_type=1:0
[    9194ms] [LOG] ℹ️ NFL season type 1 failed: Failed to fetch @ https://live-streaming-eta.vercel.app/js/api.js?v=7:1411
[    9339ms] [ERROR] Failed to load resource: the server responded with a status of 400 () @ https://sportscore.com/api/widget/matches/?sport=ufc&limit=30:0
[    9339ms] [LOG] ℹ️ ufc not available from SportScore API @ https://live-streaming-eta.vercel.app/js/api.js?v=7:471
[    9340ms] [ERROR] Failed to load resource: the server responded with a status of 400 () @ https://sportscore.com/api/widget/matches/?sport=mma&limit=30:0
[    9340ms] [LOG] ℹ️ mma not available from SportScore API @ https://live-streaming-eta.vercel.app/js/api.js?v=7:471
[    9496ms] [ERROR] Access to fetch at 'https://api.nfldata.org/v1/games?season=2026&season_type=3' from origin 'https://live-streaming-eta.vercel.app' has been blocked by CORS policy: No 'Access-Control-Allow-Origin' header is present on the requested resource. @ https://live-streaming-eta.vercel.app/:0
[    9496ms] [ERROR] Failed to load resource: net::ERR_FAILED @ https://api.nfldata.org/v1/games?season=2026&season_type=3:0
[    9496ms] [LOG] ℹ️ NFL season type 3 failed: Failed to fetch @ https://live-streaming-eta.vercel.app/js/api.js?v=7:1411
[    9513ms] [ERROR] Access to fetch at 'https://api.nfldata.org/v1/games?season=2026&season_type=2' from origin 'https://live-streaming-eta.vercel.app' has been blocked by CORS policy: No 'Access-Control-Allow-Origin' header is present on the requested resource. @ https://live-streaming-eta.vercel.app/:0
[    9514ms] [ERROR] Failed to load resource: net::ERR_FAILED @ https://api.nfldata.org/v1/games?season=2026&season_type=2:0
[    9514ms] [LOG] ℹ️ NFL season type 2 failed: Failed to fetch @ https://live-streaming-eta.vercel.app/js/api.js?v=7:1411
[    9525ms] [ERROR] Access to fetch at 'https://api.nfldata.org/v1/games?season=2026&season_type=1' from origin 'https://live-streaming-eta.vercel.app' has been blocked by CORS policy: No 'Access-Control-Allow-Origin' header is present on the requested resource. @ https://live-streaming-eta.vercel.app/:0
[    9525ms] [ERROR] Failed to load resource: net::ERR_FAILED @ https://api.nfldata.org/v1/games?season=2026&season_type=1:0
[    9526ms] [LOG] ℹ️ NFL season type 1 failed: Failed to fetch @ https://live-streaming-eta.vercel.app/js/api.js?v=7:1411
[    9829ms] [ERROR] Access to fetch at 'https://api.nfldata.org/v1/games?season=2026&season_type=3' from origin 'https://live-streaming-eta.vercel.app' has been blocked by CORS policy: No 'Access-Control-Allow-Origin' header is present on the requested resource. @ https://live-streaming-eta.vercel.app/:0
[    9829ms] [ERROR] Failed to load resource: net::ERR_FAILED @ https://api.nfldata.org/v1/games?season=2026&season_type=3:0
[    9829ms] [LOG] ℹ️ NFL season type 3 failed: Failed to fetch @ https://live-streaming-eta.vercel.app/js/api.js?v=7:1411
[    9849ms] [ERROR] Access to fetch at 'https://api.nfldata.org/v1/games?season=2026&season_type=2' from origin 'https://live-streaming-eta.vercel.app' has been blocked by CORS policy: No 'Access-Control-Allow-Origin' header is present on the requested resource. @ https://live-streaming-eta.vercel.app/:0
[    9850ms] [ERROR] Failed to load resource: net::ERR_FAILED @ https://api.nfldata.org/v1/games?season=2026&season_type=2:0
[    9850ms] [LOG] ℹ️ NFL season type 2 failed: Failed to fetch @ https://live-streaming-eta.vercel.app/js/api.js?v=7:1411
[    9858ms] [ERROR] Access to fetch at 'https://api.nfldata.org/v1/games?season=2026&season_type=1' from origin 'https://live-streaming-eta.vercel.app' has been blocked by CORS policy: No 'Access-Control-Allow-Origin' header is present on the requested resource. @ https://live-streaming-eta.vercel.app/:0
[    9858ms] [ERROR] Failed to load resource: net::ERR_FAILED @ https://api.nfldata.org/v1/games?season=2026&season_type=1:0
[    9859ms] [LOG] ℹ️ NFL season type 1 failed: Failed to fetch @ https://live-streaming-eta.vercel.app/js/api.js?v=7:1411
[   10180ms] [ERROR] Access to fetch at 'https://api.nfldata.org/v1/games?season=2026&season_type=3' from origin 'https://live-streaming-eta.vercel.app' has been blocked by CORS policy: No 'Access-Control-Allow-Origin' header is present on the requested resource. @ https://live-streaming-eta.vercel.app/football/2026-08-19/llaneros-fc-vs-deportes-quindio:0
[   10180ms] [ERROR] Failed to load resource: net::ERR_FAILED @ https://api.nfldata.org/v1/games?season=2026&season_type=3:0
[   10180ms] [LOG] ℹ️ NFL season type 3 failed: Failed to fetch @ https://live-streaming-eta.vercel.app/js/api.js?v=7:1411
[   10184ms] [ERROR] Access to fetch at 'https://api.nfldata.org/v1/games?season=2026&season_type=2' from origin 'https://live-streaming-eta.vercel.app' has been blocked by CORS policy: No 'Access-Control-Allow-Origin' header is present on the requested resource. @ https://live-streaming-eta.vercel.app/football/2026-08-19/llaneros-fc-vs-deportes-quindio:0
[   10184ms] [ERROR] Failed to load resource: net::ERR_FAILED @ https://api.nfldata.org/v1/games?season=2026&season_type=2:0
[   10184ms] [LOG] ℹ️ NFL season type 2 failed: Failed to fetch @ https://live-streaming-eta.vercel.app/js/api.js?v=7:1411
[   10191ms] [ERROR] Access to fetch at 'https://api.nfldata.org/v1/games?season=2026&season_type=1' from origin 'https://live-streaming-eta.vercel.app' has been blocked by CORS policy: No 'Access-Control-Allow-Origin' header is present on the requested resource. @ https://live-streaming-eta.vercel.app/football/2026-08-19/llaneros-fc-vs-deportes-quindio:0
[   10191ms] [ERROR] Failed to load resource: net::ERR_FAILED @ https://api.nfldata.org/v1/games?season=2026&season_type=1:0
[   10192ms] [LOG] ℹ️ NFL season type 1 failed: Failed to fetch @ https://live-streaming-eta.vercel.app/js/api.js?v=7:1411
[   10512ms] [ERROR] Access to fetch at 'https://api.nfldata.org/v1/games?season=2026&season_type=3' from origin 'https://live-streaming-eta.vercel.app' has been blocked by CORS policy: No 'Access-Control-Allow-Origin' header is present on the requested resource. @ https://live-streaming-eta.vercel.app/football/2026-08-19/llaneros-fc-vs-deportes-quindio:0
[   10512ms] [ERROR] Failed to load resource: net::ERR_FAILED @ https://api.nfldata.org/v1/games?season=2026&season_type=3:0
[   10512ms] [LOG] ℹ️ NFL season type 3 failed: Failed to fetch @ https://live-streaming-eta.vercel.app/js/api.js?v=7:1411
[   10523ms] [ERROR] Access to fetch at 'https://api.nfldata.org/v1/games?season=2026&season_type=2' from origin 'https://live-streaming-eta.vercel.app' has been blocked by CORS policy: No 'Access-Control-Allow-Origin' header is present on the requested resource. @ https://live-streaming-eta.vercel.app/football/2026-08-19/llaneros-fc-vs-deportes-quindio:0
[   10523ms] [ERROR] Failed to load resource: net::ERR_FAILED @ https://api.nfldata.org/v1/games?season=2026&season_type=2:0
[   10523ms] [LOG] ℹ️ NFL season type 2 failed: Failed to fetch @ https://live-streaming-eta.vercel.app/js/api.js?v=7:1411
[   10838ms] [ERROR] Access to fetch at 'https://api.nfldata.org/v1/games?season=2026&season_type=3' from origin 'https://live-streaming-eta.vercel.app' has been blocked by CORS policy: No 'Access-Control-Allow-Origin' header is present on the requested resource. @ https://live-streaming-eta.vercel.app/football/2026-08-19/llaneros-fc-vs-deportes-quindio:0
[   10839ms] [ERROR] Failed to load resource: net::ERR_FAILED @ https://api.nfldata.org/v1/games?season=2026&season_type=3:0
[   10839ms] [LOG] ℹ️ NFL season type 3 failed: Failed to fetch @ https://live-streaming-eta.vercel.app/js/api.js?v=7:1411
[   11155ms] [LOG] 🔄 Live Agent: refreshing scores... @ https://live-streaming-eta.vercel.app/js/app.js?v=8:906
[   11156ms] [LOG] 🌐 Fetching football... @ https://live-streaming-eta.vercel.app/js/api.js?v=7:467
[   11157ms] [LOG] 🌐 Fetching cricket... @ https://live-streaming-eta.vercel.app/js/api.js?v=7:467
[   11159ms] [LOG] 🌐 Fetching basketball... @ https://live-streaming-eta.vercel.app/js/api.js?v=7:467
[   11160ms] [LOG] 🌐 Fetching tennis... @ https://live-streaming-eta.vercel.app/js/api.js?v=7:467
[   11161ms] [LOG] 🌐 Fetching mma... @ https://live-streaming-eta.vercel.app/js/api.js?v=7:467
[   11161ms] [LOG] 🌐 Fetching ufc... @ https://live-streaming-eta.vercel.app/js/api.js?v=7:467
[   11196ms] [LOG] ✅ ESPN Cricket: 23 matches from 9 series @ https://live-streaming-eta.vercel.app/js/api.js?v=7:1233
[   11370ms] [ERROR] Failed to load resource: the server responded with a status of 400 () @ https://sportscore.com/api/widget/matches/?sport=ufc&limit=30:0
[   11370ms] [LOG] ℹ️ ufc not available from SportScore API @ https://live-streaming-eta.vercel.app/js/api.js?v=7:471
[   11372ms] [ERROR] Failed to load resource: the server responded with a status of 400 () @ https://sportscore.com/api/widget/matches/?sport=mma&limit=30:0
[   11373ms] [LOG] ℹ️ mma not available from SportScore API @ https://live-streaming-eta.vercel.app/js/api.js?v=7:471
[   11474ms] [ERROR] Failed to load resource: the server responded with a status of 502 () @ https://live-streaming-eta.vercel.app/api/google-cricket:0
[   11475ms] [LOG] ⚠️ Google Cricket failed: Google Cricket HTTP 502 @ https://live-streaming-eta.vercel.app/js/api.js?v=7:1331
[   11482ms] [LOG] ✅ Live Agent: refresh complete @ https://live-streaming-eta.vercel.app/js/app.js?v=8:973
[   11640ms] [LOG] 🌐 Fetching football... @ https://live-streaming-eta.vercel.app/js/api.js?v=7:467
[   11641ms] [LOG] 🌐 Fetching cricket... @ https://live-streaming-eta.vercel.app/js/api.js?v=7:467
[   11642ms] [LOG] 🌐 Fetching basketball... @ https://live-streaming-eta.vercel.app/js/api.js?v=7:467
[   11643ms] [LOG] 🌐 Fetching tennis... @ https://live-streaming-eta.vercel.app/js/api.js?v=7:467
[   11644ms] [LOG] 🌐 Fetching mma... @ https://live-streaming-eta.vercel.app/js/api.js?v=7:467
[   11645ms] [LOG] 🌐 Fetching ufc... @ https://live-streaming-eta.vercel.app/js/api.js?v=7:467
[   11646ms] [LOG] 🌐 Fetching football... @ https://live-streaming-eta.vercel.app/js/api.js?v=7:467
[   11647ms] [LOG] 🌐 Fetching cricket... @ https://live-streaming-eta.vercel.app/js/api.js?v=7:467
[   11648ms] [LOG] 🌐 Fetching basketball... @ https://live-streaming-eta.vercel.app/js/api.js?v=7:467
[   11649ms] [LOG] 🌐 Fetching tennis... @ https://live-streaming-eta.vercel.app/js/api.js?v=7:467
[   11650ms] [LOG] 🌐 Fetching mma... @ https://live-streaming-eta.vercel.app/js/api.js?v=7:467
[   11651ms] [LOG] 🌐 Fetching ufc... @ https://live-streaming-eta.vercel.app/js/api.js?v=7:467
[   11652ms] [LOG] 🌐 Fetching football... @ https://live-streaming-eta.vercel.app/js/api.js?v=7:467
[   11653ms] [LOG] 🌐 Fetching cricket... @ https://live-streaming-eta.vercel.app/js/api.js?v=7:467
[   11653ms] [LOG] 🌐 Fetching basketball... @ https://live-streaming-eta.vercel.app/js/api.js?v=7:467
[   11655ms] [LOG] 🌐 Fetching tennis... @ https://live-streaming-eta.vercel.app/js/api.js?v=7:467
[   11656ms] [LOG] 🌐 Fetching mma... @ https://live-streaming-eta.vercel.app/js/api.js?v=7:467
[   11657ms] [LOG] 🌐 Fetching ufc... @ https://live-streaming-eta.vercel.app/js/api.js?v=7:467
[   11659ms] [LOG] 🌐 Fetching football... @ https://live-streaming-eta.vercel.app/js/api.js?v=7:467
[   11660ms] [LOG] 🌐 Fetching cricket... @ https://live-streaming-eta.vercel.app/js/api.js?v=7:467
[   11661ms] [LOG] 🌐 Fetching basketball... @ https://live-streaming-eta.vercel.app/js/api.js?v=7:467
[   11661ms] [LOG] 🌐 Fetching tennis... @ https://live-streaming-eta.vercel.app/js/api.js?v=7:467
[   11662ms] [LOG] 🌐 Fetching mma... @ https://live-streaming-eta.vercel.app/js/api.js?v=7:467
[   11663ms] [LOG] 🌐 Fetching ufc... @ https://live-streaming-eta.vercel.app/js/api.js?v=7:467
[   11664ms] [LOG] 🌐 Fetching football... @ https://live-streaming-eta.vercel.app/js/api.js?v=7:467
[   11665ms] [LOG] 🌐 Fetching cricket... @ https://live-streaming-eta.vercel.app/js/api.js?v=7:467
[   11666ms] [LOG] 🌐 Fetching basketball... @ https://live-streaming-eta.vercel.app/js/api.js?v=7:467
[   11667ms] [LOG] 🌐 Fetching tennis... @ https://live-streaming-eta.vercel.app/js/api.js?v=7:467
[   11667ms] [LOG] 🌐 Fetching mma... @ https://live-streaming-eta.vercel.app/js/api.js?v=7:467
[   11668ms] [LOG] 🌐 Fetching ufc... @ https://live-streaming-eta.vercel.app/js/api.js?v=7:467
[   11876ms] [ERROR] Failed to load resource: the server responded with a status of 400 () @ https://sportscore.com/api/widget/matches/?sport=mma&limit=30:0
[   11876ms] [LOG] ℹ️ mma not available from SportScore API @ https://live-streaming-eta.vercel.app/js/api.js?v=7:471
[   11877ms] [ERROR] Failed to load resource: the server responded with a status of 400 () @ https://sportscore.com/api/widget/matches/?sport=ufc&limit=30:0
[   11878ms] [LOG] ℹ️ ufc not available from SportScore API @ https://live-streaming-eta.vercel.app/js/api.js?v=7:471
[   12075ms] [ERROR] Failed to load resource: the server responded with a status of 400 () @ https://sportscore.com/api/widget/matches/?sport=mma&limit=30:0
[   12075ms] [LOG] ℹ️ mma not available from SportScore API @ https://live-streaming-eta.vercel.app/js/api.js?v=7:471
[   12078ms] [ERROR] Failed to load resource: the server responded with a status of 400 () @ https://sportscore.com/api/widget/matches/?sport=ufc&limit=30:0
[   12078ms] [LOG] ℹ️ ufc not available from SportScore API @ https://live-streaming-eta.vercel.app/js/api.js?v=7:471
[   12198ms] [ERROR] Access to fetch at 'https://api.nfldata.org/v1/games?season=2026&season_type=1' from origin 'https://live-streaming-eta.vercel.app' has been blocked by CORS policy: No 'Access-Control-Allow-Origin' header is present on the requested resource. @ https://live-streaming-eta.vercel.app/football/2026-08-19/llaneros-fc-vs-deportes-quindio:0
[   12199ms] [ERROR] Failed to load resource: net::ERR_FAILED @ https://api.nfldata.org/v1/games?season=2026&season_type=1:0
[   12199ms] [LOG] ℹ️ NFL season type 1 failed: Failed to fetch @ https://live-streaming-eta.vercel.app/js/api.js?v=7:1411
[   12267ms] [ERROR] Failed to load resource: the server responded with a status of 400 () @ https://sportscore.com/api/widget/matches/?sport=mma&limit=30:0
[   12267ms] [LOG] ℹ️ mma not available from SportScore API @ https://live-streaming-eta.vercel.app/js/api.js?v=7:471
[   12282ms] [ERROR] Failed to load resource: the server responded with a status of 400 () @ https://sportscore.com/api/widget/matches/?sport=ufc&limit=30:0
[   12282ms] [LOG] ℹ️ ufc not available from SportScore API @ https://live-streaming-eta.vercel.app/js/api.js?v=7:471
[   12465ms] [ERROR] Failed to load resource: the server responded with a status of 400 () @ https://sportscore.com/api/widget/matches/?sport=mma&limit=30:0
[   12465ms] [LOG] ℹ️ mma not available from SportScore API @ https://live-streaming-eta.vercel.app/js/api.js?v=7:471
[   12478ms] [ERROR] Failed to load resource: the server responded with a status of 400 () @ https://sportscore.com/api/widget/matches/?sport=ufc&limit=30:0
[   12479ms] [LOG] ℹ️ ufc not available from SportScore API @ https://live-streaming-eta.vercel.app/js/api.js?v=7:471
[   12518ms] [ERROR] Access to fetch at 'https://api.nfldata.org/v1/games?season=2026&season_type=1' from origin 'https://live-streaming-eta.vercel.app' has been blocked by CORS policy: No 'Access-Control-Allow-Origin' header is present on the requested resource. @ https://live-streaming-eta.vercel.app/football/2026-08-19/llaneros-fc-vs-deportes-quindio:0
[   12519ms] [ERROR] Failed to load resource: net::ERR_FAILED @ https://api.nfldata.org/v1/games?season=2026&season_type=1:0
[   12519ms] [LOG] ℹ️ NFL season type 1 failed: Failed to fetch @ https://live-streaming-eta.vercel.app/js/api.js?v=7:1411
[   12532ms] [ERROR] Access to fetch at 'https://api.nfldata.org/v1/games?season=2026&season_type=2' from origin 'https://live-streaming-eta.vercel.app' has been blocked by CORS policy: No 'Access-Control-Allow-Origin' header is present on the requested resource. @ https://live-streaming-eta.vercel.app/football/2026-08-19/llaneros-fc-vs-deportes-quindio:0
[   12532ms] [ERROR] Failed to load resource: net::ERR_FAILED @ https://api.nfldata.org/v1/games?season=2026&season_type=2:0
[   12533ms] [LOG] ℹ️ NFL season type 2 failed: Failed to fetch @ https://live-streaming-eta.vercel.app/js/api.js?v=7:1411
[   12660ms] [ERROR] Failed to load resource: the server responded with a status of 400 () @ https://sportscore.com/api/widget/matches/?sport=mma&limit=30:0
[   12660ms] [LOG] ℹ️ mma not available from SportScore API @ https://live-streaming-eta.vercel.app/js/api.js?v=7:471
[   12675ms] [ERROR] Failed to load resource: the server responded with a status of 400 () @ https://sportscore.com/api/widget/matches/?sport=ufc&limit=30:0
[   12675ms] [LOG] ℹ️ ufc not available from SportScore API @ https://live-streaming-eta.vercel.app/js/api.js?v=7:471
[   12857ms] [ERROR] Access to fetch at 'https://api.nfldata.org/v1/games?season=2026&season_type=1' from origin 'https://live-streaming-eta.vercel.app' has been blocked by CORS policy: No 'Access-Control-Allow-Origin' header is present on the requested resource. @ https://live-streaming-eta.vercel.app/football/2026-08-19/llaneros-fc-vs-deportes-quindio:0
[   12857ms] [ERROR] Failed to load resource: net::ERR_FAILED @ https://api.nfldata.org/v1/games?season=2026&season_type=1:0
[   12858ms] [LOG] ℹ️ NFL season type 1 failed: Failed to fetch @ https://live-streaming-eta.vercel.app/js/api.js?v=7:1411
[   12861ms] [ERROR] Access to fetch at 'https://api.nfldata.org/v1/games?season=2026&season_type=2' from origin 'https://live-streaming-eta.vercel.app' has been blocked by CORS policy: No 'Access-Control-Allow-Origin' header is present on the requested resource. @ https://live-streaming-eta.vercel.app/football/2026-08-19/llaneros-fc-vs-deportes-quindio:0
[   12861ms] [ERROR] Failed to load resource: net::ERR_FAILED @ https://api.nfldata.org/v1/games?season=2026&season_type=2:0
[   12862ms] [LOG] ℹ️ NFL season type 2 failed: Failed to fetch @ https://live-streaming-eta.vercel.app/js/api.js?v=7:1411
[   12868ms] [ERROR] Access to fetch at 'https://api.nfldata.org/v1/games?season=2026&season_type=3' from origin 'https://live-streaming-eta.vercel.app' has been blocked by CORS policy: No 'Access-Control-Allow-Origin' header is present on the requested resource. @ https://live-streaming-eta.vercel.app/football/2026-08-19/llaneros-fc-vs-deportes-quindio:0
[   12868ms] [ERROR] Failed to load resource: net::ERR_FAILED @ https://api.nfldata.org/v1/games?season=2026&season_type=3:0
[   12868ms] [LOG] ℹ️ NFL season type 3 failed: Failed to fetch @ https://live-streaming-eta.vercel.app/js/api.js?v=7:1411
[   13181ms] [ERROR] Access to fetch at 'https://api.nfldata.org/v1/games?season=2026&season_type=1' from origin 'https://live-streaming-eta.vercel.app' has been blocked by CORS policy: No 'Access-Control-Allow-Origin' header is present on the requested resource. @ https://live-streaming-eta.vercel.app/football/2026-08-19/llaneros-fc-vs-deportes-quindio:0
[   13181ms] [ERROR] Failed to load resource: net::ERR_FAILED @ https://api.nfldata.org/v1/games?season=2026&season_type=1:0
[   13181ms] [LOG] ℹ️ NFL season type 1 failed: Failed to fetch @ https://live-streaming-eta.vercel.app/js/api.js?v=7:1411
[   13194ms] [ERROR] Access to fetch at 'https://api.nfldata.org/v1/games?season=2026&season_type=3' from origin 'https://live-streaming-eta.vercel.app' has been blocked by CORS policy: No 'Access-Control-Allow-Origin' header is present on the requested resource. @ https://live-streaming-eta.vercel.app/football/2026-08-19/llaneros-fc-vs-deportes-quindio:0
[   13194ms] [ERROR] Failed to load resource: net::ERR_FAILED @ https://api.nfldata.org/v1/games?season=2026&season_type=3:0
[   13195ms] [LOG] ℹ️ NFL season type 3 failed: Failed to fetch @ https://live-streaming-eta.vercel.app/js/api.js?v=7:1411
[   13195ms] [ERROR] Access to fetch at 'https://api.nfldata.org/v1/games?season=2026&season_type=2' from origin 'https://live-streaming-eta.vercel.app' has been blocked by CORS policy: No 'Access-Control-Allow-Origin' header is present on the requested resource. @ https://live-streaming-eta.vercel.app/football/2026-08-19/llaneros-fc-vs-deportes-quindio:0
[   13195ms] [ERROR] Failed to load resource: net::ERR_FAILED @ https://api.nfldata.org/v1/games?season=2026&season_type=2:0
[   13195ms] [LOG] ℹ️ NFL season type 2 failed: Failed to fetch @ https://live-streaming-eta.vercel.app/js/api.js?v=7:1411
[   13519ms] [ERROR] Access to fetch at 'https://api.nfldata.org/v1/games?season=2026&season_type=3' from origin 'https://live-streaming-eta.vercel.app' has been blocked by CORS policy: No 'Access-Control-Allow-Origin' header is present on the requested resource. @ https://live-streaming-eta.vercel.app/football/2026-08-19/llaneros-fc-vs-deportes-quindio:0
[   13519ms] [ERROR] Failed to load resource: net::ERR_FAILED @ https://api.nfldata.org/v1/games?season=2026&season_type=3:0
[   13520ms] [LOG] ℹ️ NFL season type 3 failed: Failed to fetch @ https://live-streaming-eta.vercel.app/js/api.js?v=7:1411
[   13529ms] [ERROR] Access to fetch at 'https://api.nfldata.org/v1/games?season=2026&season_type=2' from origin 'https://live-streaming-eta.vercel.app' has been blocked by CORS policy: No 'Access-Control-Allow-Origin' header is present on the requested resource. @ https://live-streaming-eta.vercel.app/football/2026-08-19/llaneros-fc-vs-deportes-quindio:0
[   13529ms] [ERROR] Failed to load resource: net::ERR_FAILED @ https://api.nfldata.org/v1/games?season=2026&season_type=2:0
[   13530ms] [LOG] ℹ️ NFL season type 2 failed: Failed to fetch @ https://live-streaming-eta.vercel.app/js/api.js?v=7:1411
[   13533ms] [ERROR] Access to fetch at 'https://api.nfldata.org/v1/games?season=2026&season_type=1' from origin 'https://live-streaming-eta.vercel.app' has been blocked by CORS policy: No 'Access-Control-Allow-Origin' header is present on the requested resource. @ https://live-streaming-eta.vercel.app/football/2026-08-19/llaneros-fc-vs-deportes-quindio:0
[   13533ms] [ERROR] Failed to load resource: net::ERR_FAILED @ https://api.nfldata.org/v1/games?season=2026&season_type=1:0
[   13533ms] [LOG] ℹ️ NFL season type 1 failed: Failed to fetch @ https://live-streaming-eta.vercel.app/js/api.js?v=7:1411
[   13858ms] [ERROR] Access to fetch at 'https://api.nfldata.org/v1/games?season=2026&season_type=3' from origin 'https://live-streaming-eta.vercel.app' has been blocked by CORS policy: No 'Access-Control-Allow-Origin' header is present on the requested resource. @ https://live-streaming-eta.vercel.app/football/2026-08-19/llaneros-fc-vs-deportes-quindio:0
[   13859ms] [ERROR] Failed to load resource: net::ERR_FAILED @ https://api.nfldata.org/v1/games?season=2026&season_type=3:0
[   13859ms] [LOG] ℹ️ NFL season type 3 failed: Failed to fetch @ https://live-streaming-eta.vercel.app/js/api.js?v=7:1411
[   13862ms] [ERROR] Access to fetch at 'https://api.nfldata.org/v1/games?season=2026&season_type=2' from origin 'https://live-streaming-eta.vercel.app' has been blocked by CORS policy: No 'Access-Control-Allow-Origin' header is present on the requested resource. @ https://live-streaming-eta.vercel.app/football/2026-08-19/llaneros-fc-vs-deportes-quindio:0
[   13862ms] [ERROR] Failed to load resource: net::ERR_FAILED @ https://api.nfldata.org/v1/games?season=2026&season_type=2:0
[   13862ms] [LOG] ℹ️ NFL season type 2 failed: Failed to fetch @ https://live-streaming-eta.vercel.app/js/api.js?v=7:1411
[   14184ms] [ERROR] Access to fetch at 'https://api.nfldata.org/v1/games?season=2026&season_type=3' from origin 'https://live-streaming-eta.vercel.app' has been blocked by CORS policy: No 'Access-Control-Allow-Origin' header is present on the requested resource. @ https://live-streaming-eta.vercel.app/football/2026-08-19/llaneros-fc-vs-deportes-quindio:0
[   14184ms] [ERROR] Failed to load resource: net::ERR_FAILED @ https://api.nfldata.org/v1/games?season=2026&season_type=3:0
[   14185ms] [LOG] ℹ️ NFL season type 3 failed: Failed to fetch @ https://live-streaming-eta.vercel.app/js/api.js?v=7:1411
[   14986ms] [LOG] 🌐 Fetching football... @ https://live-streaming-eta.vercel.app/js/api.js?v=7:467
[   14987ms] [LOG] 🌐 Fetching cricket... @ https://live-streaming-eta.vercel.app/js/api.js?v=7:467
[   14988ms] [LOG] 🌐 Fetching basketball... @ https://live-streaming-eta.vercel.app/js/api.js?v=7:467
[   14989ms] [LOG] 🌐 Fetching tennis... @ https://live-streaming-eta.vercel.app/js/api.js?v=7:467
[   14990ms] [LOG] 🌐 Fetching mma... @ https://live-streaming-eta.vercel.app/js/api.js?v=7:467
[   14991ms] [LOG] 🌐 Fetching ufc... @ https://live-streaming-eta.vercel.app/js/api.js?v=7:467
[   14993ms] [LOG] 🌐 Fetching football... @ https://live-streaming-eta.vercel.app/js/api.js?v=7:467
[   14994ms] [LOG] 🌐 Fetching cricket... @ https://live-streaming-eta.vercel.app/js/api.js?v=7:467
[   14995ms] [LOG] 🌐 Fetching basketball... @ https://live-streaming-eta.vercel.app/js/api.js?v=7:467
[   14996ms] [LOG] 🌐 Fetching tennis... @ https://live-streaming-eta.vercel.app/js/api.js?v=7:467
[   14998ms] [LOG] 🌐 Fetching mma... @ https://live-streaming-eta.vercel.app/js/api.js?v=7:467
[   15000ms] [LOG] 🌐 Fetching ufc... @ https://live-streaming-eta.vercel.app/js/api.js?v=7:467
[   15001ms] [LOG] 🌐 Fetching football... @ https://live-streaming-eta.vercel.app/js/api.js?v=7:467
[   15002ms] [LOG] 🌐 Fetching cricket... @ https://live-streaming-eta.vercel.app/js/api.js?v=7:467
[   15003ms] [LOG] 🌐 Fetching basketball... @ https://live-streaming-eta.vercel.app/js/api.js?v=7:467
[   15005ms] [LOG] 🌐 Fetching tennis... @ https://live-streaming-eta.vercel.app/js/api.js?v=7:467
[   15005ms] [LOG] 🌐 Fetching mma... @ https://live-streaming-eta.vercel.app/js/api.js?v=7:467
[   15006ms] [LOG] 🌐 Fetching ufc... @ https://live-streaming-eta.vercel.app/js/api.js?v=7:467
[   15007ms] [LOG] 🌐 Fetching football... @ https://live-streaming-eta.vercel.app/js/api.js?v=7:467
[   15008ms] [LOG] 🌐 Fetching cricket... @ https://live-streaming-eta.vercel.app/js/api.js?v=7:467
[   15009ms] [LOG] 🌐 Fetching basketball... @ https://live-streaming-eta.vercel.app/js/api.js?v=7:467
[   15009ms] [LOG] 🌐 Fetching tennis... @ https://live-streaming-eta.vercel.app/js/api.js?v=7:467
[   15010ms] [LOG] 🌐 Fetching mma... @ https://live-streaming-eta.vercel.app/js/api.js?v=7:467
[   15011ms] [LOG] 🌐 Fetching ufc... @ https://live-streaming-eta.vercel.app/js/api.js?v=7:467
[   15012ms] [LOG] 🌐 Fetching football... @ https://live-streaming-eta.vercel.app/js/api.js?v=7:467
[   15012ms] [LOG] 🌐 Fetching cricket... @ https://live-streaming-eta.vercel.app/js/api.js?v=7:467
[   15013ms] [LOG] 🌐 Fetching basketball... @ https://live-streaming-eta.vercel.app/js/api.js?v=7:467
[   15014ms] [LOG] 🌐 Fetching tennis... @ https://live-streaming-eta.vercel.app/js/api.js?v=7:467
[   15015ms] [LOG] 🌐 Fetching mma... @ https://live-streaming-eta.vercel.app/js/api.js?v=7:467
[   15015ms] [LOG] 🌐 Fetching ufc... @ https://live-streaming-eta.vercel.app/js/api.js?v=7:467
[   15205ms] [ERROR] Failed to load resource: the server responded with a status of 400 () @ https://sportscore.com/api/widget/matches/?sport=ufc&limit=30:0
[   15205ms] [LOG] ℹ️ ufc not available from SportScore API @ https://live-streaming-eta.vercel.app/js/api.js?v=7:471
[   15212ms] [ERROR] Failed to load resource: the server responded with a status of 400 () @ https://sportscore.com/api/widget/matches/?sport=mma&limit=30:0
[   15212ms] [LOG] ℹ️ mma not available from SportScore API @ https://live-streaming-eta.vercel.app/js/api.js?v=7:471
[   15322ms] [LOG] 🌐 Fetching football... @ https://live-streaming-eta.vercel.app/js/api.js?v=7:467
[   15323ms] [LOG] 🌐 Fetching cricket... @ https://live-streaming-eta.vercel.app/js/api.js?v=7:467
[   15326ms] [LOG] 🌐 Fetching basketball... @ https://live-streaming-eta.vercel.app/js/api.js?v=7:467
[   15328ms] [LOG] 🌐 Fetching tennis... @ https://live-streaming-eta.vercel.app/js/api.js?v=7:467
[   15330ms] [LOG] 🌐 Fetching mma... @ https://live-streaming-eta.vercel.app/js/api.js?v=7:467
[   15331ms] [LOG] 🌐 Fetching ufc... @ https://live-streaming-eta.vercel.app/js/api.js?v=7:467
[   15402ms] [ERROR] Failed to load resource: the server responded with a status of 400 () @ https://sportscore.com/api/widget/matches/?sport=ufc&limit=30:0
[   15402ms] [LOG] ℹ️ ufc not available from SportScore API @ https://live-streaming-eta.vercel.app/js/api.js?v=7:471
[   15410ms] [ERROR] Failed to load resource: the server responded with a status of 400 () @ https://sportscore.com/api/widget/matches/?sport=mma&limit=30:0
[   15411ms] [LOG] ℹ️ mma not available from SportScore API @ https://live-streaming-eta.vercel.app/js/api.js?v=7:471
[   15539ms] [ERROR] Access to fetch at 'https://api.nfldata.org/v1/games?season=2026&season_type=1' from origin 'https://live-streaming-eta.vercel.app' has been blocked by CORS policy: No 'Access-Control-Allow-Origin' header is present on the requested resource. @ https://live-streaming-eta.vercel.app/cricket/2026-08-19:0
[   15539ms] [ERROR] Failed to load resource: net::ERR_FAILED @ https://api.nfldata.org/v1/games?season=2026&season_type=1:0
[   15539ms] [LOG] ℹ️ NFL season type 1 failed: Failed to fetch @ https://live-streaming-eta.vercel.app/js/api.js?v=7:1411
[   15605ms] [ERROR] Failed to load resource: the server responded with a status of 400 () @ https://sportscore.com/api/widget/matches/?sport=ufc&limit=30:0
[   15605ms] [LOG] ℹ️ ufc not available from SportScore API @ https://live-streaming-eta.vercel.app/js/api.js?v=7:471
[   15606ms] [ERROR] Failed to load resource: the server responded with a status of 400 () @ https://sportscore.com/api/widget/matches/?sport=mma&limit=30:0
[   15606ms] [LOG] ℹ️ mma not available from SportScore API @ https://live-streaming-eta.vercel.app/js/api.js?v=7:471
[   15648ms] [ERROR] Failed to load resource: the server responded with a status of 502 () @ https://live-streaming-eta.vercel.app/api/google-cricket:0
[   15649ms] [LOG] ⚠️ Google Cricket failed: Google Cricket HTTP 502 @ https://live-streaming-eta.vercel.app/js/api.js?v=7:1331
[   15735ms] [LOG] ✅ ESPN Cricket: 23 matches from 9 series @ https://live-streaming-eta.vercel.app/js/api.js?v=7:1233
[   15800ms] [ERROR] Failed to load resource: the server responded with a status of 400 () @ https://sportscore.com/api/widget/matches/?sport=ufc&limit=30:0
[   15800ms] [LOG] ℹ️ ufc not available from SportScore API @ https://live-streaming-eta.vercel.app/js/api.js?v=7:471
[   15805ms] [ERROR] Failed to load resource: the server responded with a status of 400 () @ https://sportscore.com/api/widget/matches/?sport=mma&limit=30:0
[   15805ms] [LOG] ℹ️ mma not available from SportScore API @ https://live-streaming-eta.vercel.app/js/api.js?v=7:471
[   15849ms] [ERROR] Access to fetch at 'https://api.nfldata.org/v1/games?season=2026&season_type=1' from origin 'https://live-streaming-eta.vercel.app' has been blocked by CORS policy: No 'Access-Control-Allow-Origin' header is present on the requested resource. @ https://live-streaming-eta.vercel.app/cricket/2026-08-19:0
[   15850ms] [ERROR] Failed to load resource: net::ERR_FAILED @ https://api.nfldata.org/v1/games?season=2026&season_type=1:0
[   15850ms] [LOG] ℹ️ NFL season type 1 failed: Failed to fetch @ https://live-streaming-eta.vercel.app/js/api.js?v=7:1411
[   15864ms] [ERROR] Access to fetch at 'https://api.nfldata.org/v1/games?season=2026&season_type=2' from origin 'https://live-streaming-eta.vercel.app' has been blocked by CORS policy: No 'Access-Control-Allow-Origin' header is present on the requested resource. @ https://live-streaming-eta.vercel.app/cricket/2026-08-19:0
[   15865ms] [ERROR] Failed to load resource: net::ERR_FAILED @ https://api.nfldata.org/v1/games?season=2026&season_type=2:0
[   15865ms] [LOG] ℹ️ NFL season type 2 failed: Failed to fetch @ https://live-streaming-eta.vercel.app/js/api.js?v=7:1411
[   16001ms] [ERROR] Failed to load resource: the server responded with a status of 400 () @ https://sportscore.com/api/widget/matches/?sport=ufc&limit=30:0
[   16001ms] [LOG] ℹ️ ufc not available from SportScore API @ https://live-streaming-eta.vercel.app/js/api.js?v=7:471
[   16006ms] [ERROR] Failed to load resource: the server responded with a status of 400 () @ https://sportscore.com/api/widget/matches/?sport=mma&limit=30:0
[   16006ms] [LOG] ℹ️ mma not available from SportScore API @ https://live-streaming-eta.vercel.app/js/api.js?v=7:471
[   16163ms] [LOG] 🔄 Live Agent: refreshing scores... @ https://live-streaming-eta.vercel.app/js/app.js?v=8:906
[   16163ms] [LOG] 🌐 Fetching football... @ https://live-streaming-eta.vercel.app/js/api.js?v=7:467
[   16165ms] [LOG] 🌐 Fetching cricket... @ https://live-streaming-eta.vercel.app/js/api.js?v=7:467
[   16166ms] [LOG] 🌐 Fetching basketball... @ https://live-streaming-eta.vercel.app/js/api.js?v=7:467
[   16167ms] [LOG] 🌐 Fetching tennis... @ https://live-streaming-eta.vercel.app/js/api.js?v=7:467
[   16167ms] [LOG] 🌐 Fetching mma... @ https://live-streaming-eta.vercel.app/js/api.js?v=7:467
[   16168ms] [LOG] 🌐 Fetching ufc... @ https://live-streaming-eta.vercel.app/js/api.js?v=7:467
[   16173ms] [ERROR] Access to fetch at 'https://api.nfldata.org/v1/games?season=2026&season_type=1' from origin 'https://live-streaming-eta.vercel.app' has been blocked by CORS policy: No 'Access-Control-Allow-Origin' header is present on the requested resource. @ https://live-streaming-eta.vercel.app/cricket/2026-08-19:0
[   16173ms] [ERROR] Failed to load resource: net::ERR_FAILED @ https://api.nfldata.org/v1/games?season=2026&season_type=1:0
[   16174ms] [LOG] ℹ️ NFL season type 1 failed: Failed to fetch @ https://live-streaming-eta.vercel.app/js/api.js?v=7:1411
[   16189ms] [ERROR] Access to fetch at 'https://api.nfldata.org/v1/games?season=2026&season_type=2' from origin 'https://live-streaming-eta.vercel.app' has been blocked by CORS policy: No 'Access-Control-Allow-Origin' header is present on the requested resource. @ https://live-streaming-eta.vercel.app/cricket/2026-08-19:0
[   16189ms] [ERROR] Failed to load resource: net::ERR_FAILED @ https://api.nfldata.org/v1/games?season=2026&season_type=2:0
[   16189ms] [LOG] ℹ️ NFL season type 2 failed: Failed to fetch @ https://live-streaming-eta.vercel.app/js/api.js?v=7:1411
[   16198ms] [ERROR] Failed to load resource: the server responded with a status of 400 () @ https://sportscore.com/api/widget/matches/?sport=ufc&limit=30:0
[   16198ms] [LOG] ℹ️ ufc not available from SportScore API @ https://live-streaming-eta.vercel.app/js/api.js?v=7:471
[   16199ms] [LOG] ✅ ESPN Cricket: 23 matches from 9 series @ https://live-streaming-eta.vercel.app/js/api.js?v=7:1233
[   16199ms] [ERROR] Access to fetch at 'https://api.nfldata.org/v1/games?season=2026&season_type=3' from origin 'https://live-streaming-eta.vercel.app' has been blocked by CORS policy: No 'Access-Control-Allow-Origin' header is present on the requested resource. @ https://live-streaming-eta.vercel.app/cricket/2026-08-19:0
[   16199ms] [ERROR] Failed to load resource: net::ERR_FAILED @ https://api.nfldata.org/v1/games?season=2026&season_type=3:0
[   16199ms] [LOG] ℹ️ NFL season type 3 failed: Failed to fetch @ https://live-streaming-eta.vercel.app/js/api.js?v=7:1411
[   16200ms] [ERROR] Failed to load resource: the server responded with a status of 400 () @ https://sportscore.com/api/widget/matches/?sport=mma&limit=30:0
[   16200ms] [LOG] ℹ️ mma not available from SportScore API @ https://live-streaming-eta.vercel.app/js/api.js?v=7:471
[   16391ms] [ERROR] Failed to load resource: the server responded with a status of 400 () @ https://sportscore.com/api/widget/matches/?sport=ufc&limit=30:0
[   16391ms] [LOG] ℹ️ ufc not available from SportScore API @ https://live-streaming-eta.vercel.app/js/api.js?v=7:471
[   16400ms] [ERROR] Failed to load resource: the server responded with a status of 400 () @ https://sportscore.com/api/widget/matches/?sport=mma&limit=30:0
[   16400ms] [LOG] ℹ️ mma not available from SportScore API @ https://live-streaming-eta.vercel.app/js/api.js?v=7:471
[   16487ms] [ERROR] Failed to load resource: the server responded with a status of 502 () @ https://live-streaming-eta.vercel.app/api/google-cricket:0
[   16487ms] [LOG] ⚠️ Google Cricket failed: Google Cricket HTTP 502 @ https://live-streaming-eta.vercel.app/js/api.js?v=7:1331
[   16494ms] [LOG] ✅ Live Agent: refresh complete @ https://live-streaming-eta.vercel.app/js/app.js?v=8:973
[   16502ms] [ERROR] Access to fetch at 'https://api.nfldata.org/v1/games?season=2026&season_type=1' from origin 'https://live-streaming-eta.vercel.app' has been blocked by CORS policy: No 'Access-Control-Allow-Origin' header is present on the requested resource. @ https://live-streaming-eta.vercel.app/cricket/2026-08-19:0
[   16503ms] [ERROR] Failed to load resource: net::ERR_FAILED @ https://api.nfldata.org/v1/games?season=2026&season_type=1:0
[   16503ms] [LOG] ℹ️ NFL season type 1 failed: Failed to fetch @ https://live-streaming-eta.vercel.app/js/api.js?v=7:1411
[   16514ms] [ERROR] Access to fetch at 'https://api.nfldata.org/v1/games?season=2026&season_type=3' from origin 'https://live-streaming-eta.vercel.app' has been blocked by CORS policy: No 'Access-Control-Allow-Origin' header is present on the requested resource. @ https://live-streaming-eta.vercel.app/cricket/2026-08-19:0
[   16515ms] [ERROR] Failed to load resource: net::ERR_FAILED @ https://api.nfldata.org/v1/games?season=2026&season_type=3:0
[   16515ms] [LOG] ℹ️ NFL season type 3 failed: Failed to fetch @ https://live-streaming-eta.vercel.app/js/api.js?v=7:1411
[   16517ms] [ERROR] Access to fetch at 'https://api.nfldata.org/v1/games?season=2026&season_type=2' from origin 'https://live-streaming-eta.vercel.app' has been blocked by CORS policy: No 'Access-Control-Allow-Origin' header is present on the requested resource. @ https://live-streaming-eta.vercel.app/cricket/2026-08-19:0
[   16517ms] [ERROR] Failed to load resource: net::ERR_FAILED @ https://api.nfldata.org/v1/games?season=2026&season_type=2:0
[   16517ms] [LOG] ℹ️ NFL season type 2 failed: Failed to fetch @ https://live-streaming-eta.vercel.app/js/api.js?v=7:1411
[   16832ms] [ERROR] Access to fetch at 'https://api.nfldata.org/v1/games?season=2026&season_type=1' from origin 'https://live-streaming-eta.vercel.app' has been blocked by CORS policy: No 'Access-Control-Allow-Origin' header is present on the requested resource. @ https://live-streaming-eta.vercel.app/cricket/2026-08-19:0
[   16833ms] [ERROR] Failed to load resource: net::ERR_FAILED @ https://api.nfldata.org/v1/games?season=2026&season_type=1:0
[   16833ms] [LOG] ℹ️ NFL season type 1 failed: Failed to fetch @ https://live-streaming-eta.vercel.app/js/api.js?v=7:1411
[   16849ms] [ERROR] Access to fetch at 'https://api.nfldata.org/v1/games?season=2026&season_type=2' from origin 'https://live-streaming-eta.vercel.app' has been blocked by CORS policy: No 'Access-Control-Allow-Origin' header is present on the requested resource. @ https://live-streaming-eta.vercel.app/cricket/2026-08-19:0
[   16850ms] [ERROR] Failed to load resource: net::ERR_FAILED @ https://api.nfldata.org/v1/games?season=2026&season_type=2:0
[   16850ms] [LOG] ℹ️ NFL season type 2 failed: Failed to fetch @ https://live-streaming-eta.vercel.app/js/api.js?v=7:1411
[   16856ms] [ERROR] Access to fetch at 'https://api.nfldata.org/v1/games?season=2026&season_type=3' from origin 'https://live-streaming-eta.vercel.app' has been blocked by CORS policy: No 'Access-Control-Allow-Origin' header is present on the requested resource. @ https://live-streaming-eta.vercel.app/cricket/2026-08-19:0
[   16856ms] [ERROR] Failed to load resource: net::ERR_FAILED @ https://api.nfldata.org/v1/games?season=2026&season_type=3:0
[   16856ms] [LOG] ℹ️ NFL season type 3 failed: Failed to fetch @ https://live-streaming-eta.vercel.app/js/api.js?v=7:1411
[   17165ms] [ERROR] Access to fetch at 'https://api.nfldata.org/v1/games?season=2026&season_type=2' from origin 'https://live-streaming-eta.vercel.app' has been blocked by CORS policy: No 'Access-Control-Allow-Origin' header is present on the requested resource. @ https://live-streaming-eta.vercel.app/cricket/2026-08-19:0
[   17165ms] [ERROR] Failed to load resource: net::ERR_FAILED @ https://api.nfldata.org/v1/games?season=2026&season_type=2:0
[   17166ms] [LOG] ℹ️ NFL season type 2 failed: Failed to fetch @ https://live-streaming-eta.vercel.app/js/api.js?v=7:1411
[   17170ms] [ERROR] Access to fetch at 'https://api.nfldata.org/v1/games?season=2026&season_type=3' from origin 'https://live-streaming-eta.vercel.app' has been blocked by CORS policy: No 'Access-Control-Allow-Origin' header is present on the requested resource. @ https://live-streaming-eta.vercel.app/cricket/2026-08-19:0
[   17170ms] [ERROR] Failed to load resource: net::ERR_FAILED @ https://api.nfldata.org/v1/games?season=2026&season_type=3:0
[   17170ms] [LOG] ℹ️ NFL season type 3 failed: Failed to fetch @ https://live-streaming-eta.vercel.app/js/api.js?v=7:1411
[   17483ms] [ERROR] Access to fetch at 'https://api.nfldata.org/v1/games?season=2026&season_type=3' from origin 'https://live-streaming-eta.vercel.app' has been blocked by CORS policy: No 'Access-Control-Allow-Origin' header is present on the requested resource. @ https://live-streaming-eta.vercel.app/cricket/2026-08-19:0
[   17484ms] [ERROR] Failed to load resource: net::ERR_FAILED @ https://api.nfldata.org/v1/games?season=2026&season_type=3:0
[   17484ms] [LOG] ℹ️ NFL season type 3 failed: Failed to fetch @ https://live-streaming-eta.vercel.app/js/api.js?v=7:1411
[   18296ms] [LOG] 🌐 Fetching football... @ https://live-streaming-eta.vercel.app/js/api.js?v=7:467
[   18298ms] [LOG] 🌐 Fetching cricket... @ https://live-streaming-eta.vercel.app/js/api.js?v=7:467
[   18299ms] [LOG] 🌐 Fetching basketball... @ https://live-streaming-eta.vercel.app/js/api.js?v=7:467
[   18300ms] [LOG] 🌐 Fetching tennis... @ https://live-streaming-eta.vercel.app/js/api.js?v=7:467
[   18301ms] [LOG] 🌐 Fetching mma... @ https://live-streaming-eta.vercel.app/js/api.js?v=7:467
[   18302ms] [LOG] 🌐 Fetching ufc... @ https://live-streaming-eta.vercel.app/js/api.js?v=7:467
[   18303ms] [LOG] 🌐 Fetching football... @ https://live-streaming-eta.vercel.app/js/api.js?v=7:467
[   18304ms] [LOG] 🌐 Fetching cricket... @ https://live-streaming-eta.vercel.app/js/api.js?v=7:467
[   18305ms] [LOG] 🌐 Fetching basketball... @ https://live-streaming-eta.vercel.app/js/api.js?v=7:467
[   18306ms] [LOG] 🌐 Fetching tennis... @ https://live-streaming-eta.vercel.app/js/api.js?v=7:467
[   18307ms] [LOG] 🌐 Fetching mma... @ https://live-streaming-eta.vercel.app/js/api.js?v=7:467
[   18308ms] [LOG] 🌐 Fetching ufc... @ https://live-streaming-eta.vercel.app/js/api.js?v=7:467
[   18309ms] [LOG] 🌐 Fetching football... @ https://live-streaming-eta.vercel.app/js/api.js?v=7:467
[   18310ms] [LOG] 🌐 Fetching cricket... @ https://live-streaming-eta.vercel.app/js/api.js?v=7:467
[   18310ms] [LOG] 🌐 Fetching basketball... @ https://live-streaming-eta.vercel.app/js/api.js?v=7:467
[   18311ms] [LOG] 🌐 Fetching tennis... @ https://live-streaming-eta.vercel.app/js/api.js?v=7:467
[   18314ms] [LOG] 🌐 Fetching mma... @ https://live-streaming-eta.vercel.app/js/api.js?v=7:467
[   18315ms] [LOG] 🌐 Fetching ufc... @ https://live-streaming-eta.vercel.app/js/api.js?v=7:467
[   18316ms] [LOG] 🌐 Fetching football... @ https://live-streaming-eta.vercel.app/js/api.js?v=7:467
[   18317ms] [LOG] 🌐 Fetching cricket... @ https://live-streaming-eta.vercel.app/js/api.js?v=7:467
[   18318ms] [LOG] 🌐 Fetching basketball... @ https://live-streaming-eta.vercel.app/js/api.js?v=7:467
[   18319ms] [LOG] 🌐 Fetching tennis... @ https://live-streaming-eta.vercel.app/js/api.js?v=7:467
[   18320ms] [LOG] 🌐 Fetching mma... @ https://live-streaming-eta.vercel.app/js/api.js?v=7:467
[   18321ms] [LOG] 🌐 Fetching ufc... @ https://live-streaming-eta.vercel.app/js/api.js?v=7:467
[   18322ms] [LOG] 🌐 Fetching football... @ https://live-streaming-eta.vercel.app/js/api.js?v=7:467
[   18322ms] [LOG] 🌐 Fetching cricket... @ https://live-streaming-eta.vercel.app/js/api.js?v=7:467
[   18323ms] [LOG] 🌐 Fetching basketball... @ https://live-streaming-eta.vercel.app/js/api.js?v=7:467
[   18324ms] [LOG] 🌐 Fetching tennis... @ https://live-streaming-eta.vercel.app/js/api.js?v=7:467
[   18326ms] [LOG] 🌐 Fetching mma... @ https://live-streaming-eta.vercel.app/js/api.js?v=7:467
[   18327ms] [LOG] 🌐 Fetching ufc... @ https://live-streaming-eta.vercel.app/js/api.js?v=7:467
[   18535ms] [ERROR] Failed to load resource: the server responded with a status of 400 () @ https://sportscore.com/api/widget/matches/?sport=mma&limit=30:0
[   18535ms] [LOG] ℹ️ mma not available from SportScore API @ https://live-streaming-eta.vercel.app/js/api.js?v=7:471
[   18541ms] [ERROR] Failed to load resource: the server responded with a status of 400 () @ https://sportscore.com/api/widget/matches/?sport=ufc&limit=30:0
[   18542ms] [LOG] ℹ️ ufc not available from SportScore API @ https://live-streaming-eta.vercel.app/js/api.js?v=7:471
[   18743ms] [ERROR] Failed to load resource: the server responded with a status of 400 () @ https://sportscore.com/api/widget/matches/?sport=ufc&limit=30:0
[   18744ms] [LOG] ℹ️ ufc not available from SportScore API @ https://live-streaming-eta.vercel.app/js/api.js?v=7:471
[   18749ms] [ERROR] Failed to load resource: the server responded with a status of 400 () @ https://sportscore.com/api/widget/matches/?sport=mma&limit=30:0
[   18749ms] [LOG] ℹ️ mma not available from SportScore API @ https://live-streaming-eta.vercel.app/js/api.js?v=7:471
[   18861ms] [ERROR] Access to fetch at 'https://api.nfldata.org/v1/games?season=2026&season_type=1' from origin 'https://live-streaming-eta.vercel.app' has been blocked by CORS policy: No 'Access-Control-Allow-Origin' header is present on the requested resource. @ https://live-streaming-eta.vercel.app/cricket/2026-08-19:0
[   18861ms] [ERROR] Failed to load resource: net::ERR_FAILED @ https://api.nfldata.org/v1/games?season=2026&season_type=1:0
[   18862ms] [LOG] ℹ️ NFL season type 1 failed: Failed to fetch @ https://live-streaming-eta.vercel.app/js/api.js?v=7:1411
[   18946ms] [ERROR] Failed to load resource: the server responded with a status of 400 () @ https://sportscore.com/api/widget/matches/?sport=ufc&limit=30:0
[   18947ms] [LOG] ℹ️ ufc not available from SportScore API @ https://live-streaming-eta.vercel.app/js/api.js?v=7:471
[   18952ms] [ERROR] Failed to load resource: the server responded with a status of 400 () @ https://sportscore.com/api/widget/matches/?sport=mma&limit=30:0
[   18953ms] [LOG] ℹ️ mma not available from SportScore API @ https://live-streaming-eta.vercel.app/js/api.js?v=7:471
[   19143ms] [ERROR] Failed to load resource: the server responded with a status of 400 () @ https://sportscore.com/api/widget/matches/?sport=ufc&limit=30:0
[   19143ms] [LOG] ℹ️ ufc not available from SportScore API @ https://live-streaming-eta.vercel.app/js/api.js?v=7:471
[   19154ms] [ERROR] Failed to load resource: the server responded with a status of 400 () @ https://sportscore.com/api/widget/matches/?sport=mma&limit=30:0
[   19155ms] [LOG] ℹ️ mma not available from SportScore API @ https://live-streaming-eta.vercel.app/js/api.js?v=7:471
[   19189ms] [ERROR] Access to fetch at 'https://api.nfldata.org/v1/games?season=2026&season_type=2' from origin 'https://live-streaming-eta.vercel.app' has been blocked by CORS policy: No 'Access-Control-Allow-Origin' header is present on the requested resource. @ https://live-streaming-eta.vercel.app/cricket/2026-08-19:0
[   19189ms] [ERROR] Failed to load resource: net::ERR_FAILED @ https://api.nfldata.org/v1/games?season=2026&season_type=2:0
[   19190ms] [LOG] ℹ️ NFL season type 2 failed: Failed to fetch @ https://live-streaming-eta.vercel.app/js/api.js?v=7:1411
[   19195ms] [ERROR] Access to fetch at 'https://api.nfldata.org/v1/games?season=2026&season_type=1' from origin 'https://live-streaming-eta.vercel.app' has been blocked by CORS policy: No 'Access-Control-Allow-Origin' header is present on the requested resource. @ https://live-streaming-eta.vercel.app/cricket/2026-08-19:0
[   19195ms] [ERROR] Failed to load resource: net::ERR_FAILED @ https://api.nfldata.org/v1/games?season=2026&season_type=1:0
[   19196ms] [LOG] ℹ️ NFL season type 1 failed: Failed to fetch @ https://live-streaming-eta.vercel.app/js/api.js?v=7:1411
[   19335ms] [ERROR] Failed to load resource: the server responded with a status of 400 () @ https://sportscore.com/api/widget/matches/?sport=ufc&limit=30:0
[   19335ms] [LOG] ℹ️ ufc not available from SportScore API @ https://live-streaming-eta.vercel.app/js/api.js?v=7:471
[   19344ms] [ERROR] Failed to load resource: the server responded with a status of 400 () @ https://sportscore.com/api/widget/matches/?sport=mma&limit=30:0
[   19344ms] [LOG] ℹ️ mma not available from SportScore API @ https://live-streaming-eta.vercel.app/js/api.js?v=7:471
[   19523ms] [ERROR] Access to fetch at 'https://api.nfldata.org/v1/games?season=2026&season_type=2' from origin 'https://live-streaming-eta.vercel.app' has been blocked by CORS policy: No 'Access-Control-Allow-Origin' header is present on the requested resource. @ https://live-streaming-eta.vercel.app/cricket/2026-08-19:0
[   19523ms] [ERROR] Failed to load resource: net::ERR_FAILED @ https://api.nfldata.org/v1/games?season=2026&season_type=2:0
[   19523ms] [LOG] ℹ️ NFL season type 2 failed: Failed to fetch @ https://live-streaming-eta.vercel.app/js/api.js?v=7:1411
[   19528ms] [ERROR] Access to fetch at 'https://api.nfldata.org/v1/games?season=2026&season_type=3' from origin 'https://live-streaming-eta.vercel.app' has been blocked by CORS policy: No 'Access-Control-Allow-Origin' header is present on the requested resource. @ https://live-streaming-eta.vercel.app/cricket/2026-08-19:0
[   19528ms] [ERROR] Failed to load resource: net::ERR_FAILED @ https://api.nfldata.org/v1/games?season=2026&season_type=3:0
[   19529ms] [LOG] ℹ️ NFL season type 3 failed: Failed to fetch @ https://live-streaming-eta.vercel.app/js/api.js?v=7:1411
[   19536ms] [ERROR] Access to fetch at 'https://api.nfldata.org/v1/games?season=2026&season_type=1' from origin 'https://live-streaming-eta.vercel.app' has been blocked by CORS policy: No 'Access-Control-Allow-Origin' header is present on the requested resource. @ https://live-streaming-eta.vercel.app/cricket/2026-08-19:0
[   19536ms] [ERROR] Failed to load resource: net::ERR_FAILED @ https://api.nfldata.org/v1/games?season=2026&season_type=1:0
[   19536ms] [LOG] ℹ️ NFL season type 1 failed: Failed to fetch @ https://live-streaming-eta.vercel.app/js/api.js?v=7:1411
[   19853ms] [ERROR] Access to fetch at 'https://api.nfldata.org/v1/games?season=2026&season_type=3' from origin 'https://live-streaming-eta.vercel.app' has been blocked by CORS policy: No 'Access-Control-Allow-Origin' header is present on the requested resource. @ https://live-streaming-eta.vercel.app/cricket/2026-08-19:0
[   19853ms] [ERROR] Failed to load resource: net::ERR_FAILED @ https://api.nfldata.org/v1/games?season=2026&season_type=3:0
[   19853ms] [LOG] ℹ️ NFL season type 3 failed: Failed to fetch @ https://live-streaming-eta.vercel.app/js/api.js?v=7:1411
[   19866ms] [ERROR] Access to fetch at 'https://api.nfldata.org/v1/games?season=2026&season_type=1' from origin 'https://live-streaming-eta.vercel.app' has been blocked by CORS policy: No 'Access-Control-Allow-Origin' header is present on the requested resource. @ https://live-streaming-eta.vercel.app/cricket/2026-08-19:0
[   19867ms] [ERROR] Failed to load resource: net::ERR_FAILED @ https://api.nfldata.org/v1/games?season=2026&season_type=1:0
[   19867ms] [LOG] ℹ️ NFL season type 1 failed: Failed to fetch @ https://live-streaming-eta.vercel.app/js/api.js?v=7:1411
[   19871ms] [ERROR] Access to fetch at 'https://api.nfldata.org/v1/games?season=2026&season_type=2' from origin 'https://live-streaming-eta.vercel.app' has been blocked by CORS policy: No 'Access-Control-Allow-Origin' header is present on the requested resource. @ https://live-streaming-eta.vercel.app/cricket/2026-08-19:0
[   19871ms] [ERROR] Failed to load resource: net::ERR_FAILED @ https://api.nfldata.org/v1/games?season=2026&season_type=2:0
[   19871ms] [LOG] ℹ️ NFL season type 2 failed: Failed to fetch @ https://live-streaming-eta.vercel.app/js/api.js?v=7:1411
[   20194ms] [ERROR] Access to fetch at 'https://api.nfldata.org/v1/games?season=2026&season_type=1' from origin 'https://live-streaming-eta.vercel.app' has been blocked by CORS policy: No 'Access-Control-Allow-Origin' header is present on the requested resource. @ https://live-streaming-eta.vercel.app/cricket/2026-08-19:0
[   20194ms] [ERROR] Failed to load resource: net::ERR_FAILED @ https://api.nfldata.org/v1/games?season=2026&season_type=1:0
[   20194ms] [LOG] ℹ️ NFL season type 1 failed: Failed to fetch @ https://live-streaming-eta.vercel.app/js/api.js?v=7:1411
[   20201ms] [ERROR] Access to fetch at 'https://api.nfldata.org/v1/games?season=2026&season_type=2' from origin 'https://live-streaming-eta.vercel.app' has been blocked by CORS policy: No 'Access-Control-Allow-Origin' header is present on the requested resource. @ https://live-streaming-eta.vercel.app/cricket/2026-08-19:0
[   20201ms] [ERROR] Failed to load resource: net::ERR_FAILED @ https://api.nfldata.org/v1/games?season=2026&season_type=2:0
[   20201ms] [LOG] ℹ️ NFL season type 2 failed: Failed to fetch @ https://live-streaming-eta.vercel.app/js/api.js?v=7:1411
[   20205ms] [ERROR] Access to fetch at 'https://api.nfldata.org/v1/games?season=2026&season_type=3' from origin 'https://live-streaming-eta.vercel.app' has been blocked by CORS policy: No 'Access-Control-Allow-Origin' header is present on the requested resource. @ https://live-streaming-eta.vercel.app/cricket/2026-08-19:0
[   20206ms] [ERROR] Failed to load resource: net::ERR_FAILED @ https://api.nfldata.org/v1/games?season=2026&season_type=3:0
[   20206ms] [LOG] ℹ️ NFL season type 3 failed: Failed to fetch @ https://live-streaming-eta.vercel.app/js/api.js?v=7:1411
[   20529ms] [ERROR] Access to fetch at 'https://api.nfldata.org/v1/games?season=2026&season_type=3' from origin 'https://live-streaming-eta.vercel.app' has been blocked by CORS policy: No 'Access-Control-Allow-Origin' header is present on the requested resource. @ https://live-streaming-eta.vercel.app/cricket/2026-08-19:0
[   20529ms] [ERROR] Failed to load resource: net::ERR_FAILED @ https://api.nfldata.org/v1/games?season=2026&season_type=3:0
[   20530ms] [LOG] ℹ️ NFL season type 3 failed: Failed to fetch @ https://live-streaming-eta.vercel.app/js/api.js?v=7:1411
[   20537ms] [ERROR] Access to fetch at 'https://api.nfldata.org/v1/games?season=2026&season_type=2' from origin 'https://live-streaming-eta.vercel.app' has been blocked by CORS policy: No 'Access-Control-Allow-Origin' header is present on the requested resource. @ https://live-streaming-eta.vercel.app/cricket/2026-08-19:0
[   20538ms] [ERROR] Failed to load resource: net::ERR_FAILED @ https://api.nfldata.org/v1/games?season=2026&season_type=2:0
[   20538ms] [LOG] ℹ️ NFL season type 2 failed: Failed to fetch @ https://live-streaming-eta.vercel.app/js/api.js?v=7:1411
[   20856ms] [ERROR] Access to fetch at 'https://api.nfldata.org/v1/games?season=2026&season_type=3' from origin 'https://live-streaming-eta.vercel.app' has been blocked by CORS policy: No 'Access-Control-Allow-Origin' header is present on the requested resource. @ https://live-streaming-eta.vercel.app/cricket/2026-08-19:0
[   20856ms] [ERROR] Failed to load resource: net::ERR_FAILED @ https://api.nfldata.org/v1/games?season=2026&season_type=3:0
[   20856ms] [LOG] ℹ️ NFL season type 3 failed: Failed to fetch @ https://live-streaming-eta.vercel.app/js/api.js?v=7:1411
[   21165ms] [LOG] 🔄 Live Agent: refreshing scores... @ https://live-streaming-eta.vercel.app/js/app.js?v=8:906
[   21166ms] [LOG] 🌐 Fetching football... @ https://live-streaming-eta.vercel.app/js/api.js?v=7:467
[   21168ms] [LOG] 🌐 Fetching cricket... @ https://live-streaming-eta.vercel.app/js/api.js?v=7:467
[   21169ms] [LOG] 🌐 Fetching basketball... @ https://live-streaming-eta.vercel.app/js/api.js?v=7:467
[   21170ms] [LOG] 🌐 Fetching tennis... @ https://live-streaming-eta.vercel.app/js/api.js?v=7:467
[   21171ms] [LOG] 🌐 Fetching mma... @ https://live-streaming-eta.vercel.app/js/api.js?v=7:467
[   21172ms] [LOG] 🌐 Fetching ufc... @ https://live-streaming-eta.vercel.app/js/api.js?v=7:467
[   21202ms] [LOG] ✅ ESPN Cricket: 23 matches from 9 series @ https://live-streaming-eta.vercel.app/js/api.js?v=7:1233
[   21498ms] [ERROR] Failed to load resource: the server responded with a status of 502 () @ https://live-streaming-eta.vercel.app/api/google-cricket:0
[   21500ms] [LOG] ⚠️ Google Cricket failed: Google Cricket HTTP 502 @ https://live-streaming-eta.vercel.app/js/api.js?v=7:1331
[   21664ms] [LOG] 🌐 Fetching football... @ https://live-streaming-eta.vercel.app/js/api.js?v=7:467
[   21666ms] [LOG] 🌐 Fetching cricket... @ https://live-streaming-eta.vercel.app/js/api.js?v=7:467
[   21668ms] [LOG] 🌐 Fetching basketball... @ https://live-streaming-eta.vercel.app/js/api.js?v=7:467
[   21670ms] [LOG] 🌐 Fetching tennis... @ https://live-streaming-eta.vercel.app/js/api.js?v=7:467
[   21671ms] [LOG] 🌐 Fetching mma... @ https://live-streaming-eta.vercel.app/js/api.js?v=7:467
[   21672ms] [LOG] 🌐 Fetching ufc... @ https://live-streaming-eta.vercel.app/js/api.js?v=7:467
[   21673ms] [LOG] 🌐 Fetching football... @ https://live-streaming-eta.vercel.app/js/api.js?v=7:467
[   21673ms] [LOG] 🌐 Fetching cricket... @ https://live-streaming-eta.vercel.app/js/api.js?v=7:467
[   21674ms] [LOG] 🌐 Fetching basketball... @ https://live-streaming-eta.vercel.app/js/api.js?v=7:467
[   21675ms] [LOG] 🌐 Fetching tennis... @ https://live-streaming-eta.vercel.app/js/api.js?v=7:467
[   21676ms] [LOG] 🌐 Fetching mma... @ https://live-streaming-eta.vercel.app/js/api.js?v=7:467
[   21677ms] [LOG] 🌐 Fetching ufc... @ https://live-streaming-eta.vercel.app/js/api.js?v=7:467
[   21678ms] [LOG] 🌐 Fetching football... @ https://live-streaming-eta.vercel.app/js/api.js?v=7:467
[   21679ms] [LOG] 🌐 Fetching cricket... @ https://live-streaming-eta.vercel.app/js/api.js?v=7:467
[   21680ms] [LOG] 🌐 Fetching basketball... @ https://live-streaming-eta.vercel.app/js/api.js?v=7:467
[   21681ms] [LOG] 🌐 Fetching tennis... @ https://live-streaming-eta.vercel.app/js/api.js?v=7:467
[   21682ms] [LOG] 🌐 Fetching mma... @ https://live-streaming-eta.vercel.app/js/api.js?v=7:467
[   21684ms] [LOG] 🌐 Fetching ufc... @ https://live-streaming-eta.vercel.app/js/api.js?v=7:467
[   21686ms] [LOG] 🌐 Fetching football... @ https://live-streaming-eta.vercel.app/js/api.js?v=7:467
[   21687ms] [LOG] 🌐 Fetching cricket... @ https://live-streaming-eta.vercel.app/js/api.js?v=7:467
[   21688ms] [LOG] 🌐 Fetching basketball... @ https://live-streaming-eta.vercel.app/js/api.js?v=7:467
[   21689ms] [LOG] 🌐 Fetching tennis... @ https://live-streaming-eta.vercel.app/js/api.js?v=7:467
[   21689ms] [LOG] 🌐 Fetching mma... @ https://live-streaming-eta.vercel.app/js/api.js?v=7:467
[   21690ms] [LOG] 🌐 Fetching ufc... @ https://live-streaming-eta.vercel.app/js/api.js?v=7:467
[   21691ms] [LOG] 🌐 Fetching football... @ https://live-streaming-eta.vercel.app/js/api.js?v=7:467
[   21692ms] [LOG] 🌐 Fetching cricket... @ https://live-streaming-eta.vercel.app/js/api.js?v=7:467
[   21693ms] [LOG] 🌐 Fetching basketball... @ https://live-streaming-eta.vercel.app/js/api.js?v=7:467
[   21693ms] [LOG] 🌐 Fetching tennis... @ https://live-streaming-eta.vercel.app/js/api.js?v=7:467
[   21694ms] [LOG] 🌐 Fetching mma... @ https://live-streaming-eta.vercel.app/js/api.js?v=7:467
[   21695ms] [LOG] 🌐 Fetching ufc... @ https://live-streaming-eta.vercel.app/js/api.js?v=7:467
[   21802ms] [ERROR] Failed to load resource: the server responded with a status of 400 () @ https://sportscore.com/api/widget/matches/?sport=mma&limit=30:0
[   21803ms] [LOG] ℹ️ mma not available from SportScore API @ https://live-streaming-eta.vercel.app/js/api.js?v=7:471
[   21806ms] [ERROR] Failed to load resource: the server responded with a status of 400 () @ https://sportscore.com/api/widget/matches/?sport=ufc&limit=30:0
[   21807ms] [LOG] ℹ️ ufc not available from SportScore API @ https://live-streaming-eta.vercel.app/js/api.js?v=7:471
[   21814ms] [LOG] ✅ Live Agent: refresh complete @ https://live-streaming-eta.vercel.app/js/app.js?v=8:973
[   22266ms] [ERROR] Failed to load resource: the server responded with a status of 400 () @ https://sportscore.com/api/widget/matches/?sport=mma&limit=30:0
[   22267ms] [LOG] ℹ️ mma not available from SportScore API @ https://live-streaming-eta.vercel.app/js/api.js?v=7:471
[   22273ms] [ERROR] Failed to load resource: the server responded with a status of 400 () @ https://sportscore.com/api/widget/matches/?sport=ufc&limit=30:0
[   22273ms] [LOG] ℹ️ ufc not available from SportScore API @ https://live-streaming-eta.vercel.app/js/api.js?v=7:471
[   22589ms] [ERROR] Access to fetch at 'https://api.nfldata.org/v1/games?season=2026&season_type=1' from origin 'https://live-streaming-eta.vercel.app' has been blocked by CORS policy: No 'Access-Control-Allow-Origin' header is present on the requested resource. @ https://live-streaming-eta.vercel.app/cricket/2026-08-19:0
[   22589ms] [ERROR] Failed to load resource: net::ERR_FAILED @ https://api.nfldata.org/v1/games?season=2026&season_type=1:0
[   22589ms] [LOG] ℹ️ NFL season type 1 failed: Failed to fetch @ https://live-streaming-eta.vercel.app/js/api.js?v=7:1411
[   22875ms] [ERROR] Failed to load resource: the server responded with a status of 400 () @ https://sportscore.com/api/widget/matches/?sport=mma&limit=30:0
[   22875ms] [LOG] ℹ️ mma not available from SportScore API @ https://live-streaming-eta.vercel.app/js/api.js?v=7:471
[   22880ms] [ERROR] Failed to load resource: the server responded with a status of 400 () @ https://sportscore.com/api/widget/matches/?sport=ufc&limit=30:0
[   22880ms] [LOG] ℹ️ ufc not available from SportScore API @ https://live-streaming-eta.vercel.app/js/api.js?v=7:471
[   22905ms] [ERROR] Access to fetch at 'https://api.nfldata.org/v1/games?season=2026&season_type=2' from origin 'https://live-streaming-eta.vercel.app' has been blocked by CORS policy: No 'Access-Control-Allow-Origin' header is present on the requested resource. @ https://live-streaming-eta.vercel.app/cricket/2026-08-19:0
[   22906ms] [ERROR] Failed to load resource: net::ERR_FAILED @ https://api.nfldata.org/v1/games?season=2026&season_type=2:0
[   22906ms] [LOG] ℹ️ NFL season type 2 failed: Failed to fetch @ https://live-streaming-eta.vercel.app/js/api.js?v=7:1411
[   23106ms] [ERROR] Failed to load resource: the server responded with a status of 400 () @ https://sportscore.com/api/widget/matches/?sport=mma&limit=30:0
[   23106ms] [LOG] ℹ️ mma not available from SportScore API @ https://live-streaming-eta.vercel.app/js/api.js?v=7:471
[   23110ms] [ERROR] Failed to load resource: the server responded with a status of 400 () @ https://sportscore.com/api/widget/matches/?sport=ufc&limit=30:0
[   23111ms] [LOG] ℹ️ ufc not available from SportScore API @ https://live-streaming-eta.vercel.app/js/api.js?v=7:471
[   23196ms] [ERROR] Access to fetch at 'https://api.nfldata.org/v1/games?season=2026&season_type=1' from origin 'https://live-streaming-eta.vercel.app' has been blocked by CORS policy: No 'Access-Control-Allow-Origin' header is present on the requested resource. @ https://live-streaming-eta.vercel.app/cricket/2026-08-19:0
[   23196ms] [ERROR] Failed to load resource: net::ERR_FAILED @ https://api.nfldata.org/v1/games?season=2026&season_type=1:0
[   23196ms] [LOG] ℹ️ NFL season type 1 failed: Failed to fetch @ https://live-streaming-eta.vercel.app/js/api.js?v=7:1411
[   23220ms] [ERROR] Access to fetch at 'https://api.nfldata.org/v1/games?season=2026&season_type=3' from origin 'https://live-streaming-eta.vercel.app' has been blocked by CORS policy: No 'Access-Control-Allow-Origin' header is present on the requested resource. @ https://live-streaming-eta.vercel.app/cricket/2026-08-19:0
[   23220ms] [ERROR] Failed to load resource: net::ERR_FAILED @ https://api.nfldata.org/v1/games?season=2026&season_type=3:0
[   23221ms] [LOG] ℹ️ NFL season type 3 failed: Failed to fetch @ https://live-streaming-eta.vercel.app/js/api.js?v=7:1411
[   23488ms] [ERROR] Failed to load resource: the server responded with a status of 400 () @ https://sportscore.com/api/widget/matches/?sport=mma&limit=30:0
[   23488ms] [LOG] ℹ️ mma not available from SportScore API @ https://live-streaming-eta.vercel.app/js/api.js?v=7:471
[   23490ms] [ERROR] Failed to load resource: the server responded with a status of 400 () @ https://sportscore.com/api/widget/matches/?sport=ufc&limit=30:0
[   23491ms] [LOG] ℹ️ ufc not available from SportScore API @ https://live-streaming-eta.vercel.app/js/api.js?v=7:471
[   23564ms] [ERROR] Access to fetch at 'https://api.nfldata.org/v1/games?season=2026&season_type=2' from origin 'https://live-streaming-eta.vercel.app' has been blocked by CORS policy: No 'Access-Control-Allow-Origin' header is present on the requested resource. @ https://live-streaming-eta.vercel.app/cricket/2026-08-19:0
[   23564ms] [ERROR] Failed to load resource: net::ERR_FAILED @ https://api.nfldata.org/v1/games?season=2026&season_type=2:0
[   23564ms] [LOG] ℹ️ NFL season type 2 failed: Failed to fetch @ https://live-streaming-eta.vercel.app/js/api.js?v=7:1411
[   23567ms] [ERROR] Access to fetch at 'https://api.nfldata.org/v1/games?season=2026&season_type=1' from origin 'https://live-streaming-eta.vercel.app' has been blocked by CORS policy: No 'Access-Control-Allow-Origin' header is present on the requested resource. @ https://live-streaming-eta.vercel.app/cricket/2026-08-19:0
[   23567ms] [ERROR] Failed to load resource: net::ERR_FAILED @ https://api.nfldata.org/v1/games?season=2026&season_type=1:0
[   23567ms] [LOG] ℹ️ NFL season type 1 failed: Failed to fetch @ https://live-streaming-eta.vercel.app/js/api.js?v=7:1411
[   23895ms] [ERROR] Failed to load resource: the server responded with a status of 400 () @ https://sportscore.com/api/widget/matches/?sport=mma&limit=30:0
[   23895ms] [LOG] ℹ️ mma not available from SportScore API @ https://live-streaming-eta.vercel.app/js/api.js?v=7:471
[   23898ms] [ERROR] Access to fetch at 'https://api.nfldata.org/v1/games?season=2026&season_type=1' from origin 'https://live-streaming-eta.vercel.app' has been blocked by CORS policy: No 'Access-Control-Allow-Origin' header is present on the requested resource. @ https://live-streaming-eta.vercel.app/cricket/2026-08-19:0
[   23898ms] [ERROR] Failed to load resource: net::ERR_FAILED @ https://api.nfldata.org/v1/games?season=2026&season_type=1:0
[   23898ms] [LOG] ℹ️ NFL season type 1 failed: Failed to fetch @ https://live-streaming-eta.vercel.app/js/api.js?v=7:1411
[   23902ms] [ERROR] Failed to load resource: the server responded with a status of 400 () @ https://sportscore.com/api/widget/matches/?sport=ufc&limit=30:0
[   23902ms] [LOG] ℹ️ ufc not available from SportScore API @ https://live-streaming-eta.vercel.app/js/api.js?v=7:471
[   23907ms] [ERROR] Access to fetch at 'https://api.nfldata.org/v1/games?season=2026&season_type=3' from origin 'https://live-streaming-eta.vercel.app' has been blocked by CORS policy: No 'Access-Control-Allow-Origin' header is present on the requested resource. @ https://live-streaming-eta.vercel.app/cricket/2026-08-19:0
[   23907ms] [ERROR] Failed to load resource: net::ERR_FAILED @ https://api.nfldata.org/v1/games?season=2026&season_type=3:0
[   23907ms] [LOG] ℹ️ NFL season type 3 failed: Failed to fetch @ https://live-streaming-eta.vercel.app/js/api.js?v=7:1411
[   23908ms] [ERROR] Access to fetch at 'https://api.nfldata.org/v1/games?season=2026&season_type=2' from origin 'https://live-streaming-eta.vercel.app' has been blocked by CORS policy: No 'Access-Control-Allow-Origin' header is present on the requested resource. @ https://live-streaming-eta.vercel.app/cricket/2026-08-19:0
[   23909ms] [ERROR] Failed to load resource: net::ERR_FAILED @ https://api.nfldata.org/v1/games?season=2026&season_type=2:0
[   23909ms] [LOG] ℹ️ NFL season type 2 failed: Failed to fetch @ https://live-streaming-eta.vercel.app/js/api.js?v=7:1411
[   24234ms] [ERROR] Access to fetch at 'https://api.nfldata.org/v1/games?season=2026&season_type=1' from origin 'https://live-streaming-eta.vercel.app' has been blocked by CORS policy: No 'Access-Control-Allow-Origin' header is present on the requested resource. @ https://live-streaming-eta.vercel.app/cricket/2026-08-19:0
[   24234ms] [ERROR] Failed to load resource: net::ERR_FAILED @ https://api.nfldata.org/v1/games?season=2026&season_type=1:0
[   24234ms] [LOG] ℹ️ NFL season type 1 failed: Failed to fetch @ https://live-streaming-eta.vercel.app/js/api.js?v=7:1411
[   24240ms] [ERROR] Access to fetch at 'https://api.nfldata.org/v1/games?season=2026&season_type=3' from origin 'https://live-streaming-eta.vercel.app' has been blocked by CORS policy: No 'Access-Control-Allow-Origin' header is present on the requested resource. @ https://live-streaming-eta.vercel.app/cricket/2026-08-19:0
[   24240ms] [ERROR] Failed to load resource: net::ERR_FAILED @ https://api.nfldata.org/v1/games?season=2026&season_type=3:0
[   24241ms] [LOG] ℹ️ NFL season type 3 failed: Failed to fetch @ https://live-streaming-eta.vercel.app/js/api.js?v=7:1411
[   24242ms] [ERROR] Access to fetch at 'https://api.nfldata.org/v1/games?season=2026&season_type=2' from origin 'https://live-streaming-eta.vercel.app' has been blocked by CORS policy: No 'Access-Control-Allow-Origin' header is present on the requested resource. @ https://live-streaming-eta.vercel.app/cricket/2026-08-19:0
[   24243ms] [ERROR] Failed to load resource: net::ERR_FAILED @ https://api.nfldata.org/v1/games?season=2026&season_type=2:0
[   24243ms] [LOG] ℹ️ NFL season type 2 failed: Failed to fetch @ https://live-streaming-eta.vercel.app/js/api.js?v=7:1411
[   24559ms] [ERROR] Access to fetch at 'https://api.nfldata.org/v1/games?season=2026&season_type=2' from origin 'https://live-streaming-eta.vercel.app' has been blocked by CORS policy: No 'Access-Control-Allow-Origin' header is present on the requested resource. @ https://live-streaming-eta.vercel.app/cricket/2026-08-19:0
[   24560ms] [ERROR] Failed to load resource: net::ERR_FAILED @ https://api.nfldata.org/v1/games?season=2026&season_type=2:0
[   24560ms] [LOG] ℹ️ NFL season type 2 failed: Failed to fetch @ https://live-streaming-eta.vercel.app/js/api.js?v=7:1411
[   24564ms] [ERROR] Access to fetch at 'https://api.nfldata.org/v1/games?season=2026&season_type=3' from origin 'https://live-streaming-eta.vercel.app' has been blocked by CORS policy: No 'Access-Control-Allow-Origin' header is present on the requested resource. @ https://live-streaming-eta.vercel.app/cricket/2026-08-19:0
[   24565ms] [ERROR] Failed to load resource: net::ERR_FAILED @ https://api.nfldata.org/v1/games?season=2026&season_type=3:0
[   24565ms] [LOG] ℹ️ NFL season type 3 failed: Failed to fetch @ https://live-streaming-eta.vercel.app/js/api.js?v=7:1411
[   24876ms] [ERROR] Access to fetch at 'https://api.nfldata.org/v1/games?season=2026&season_type=3' from origin 'https://live-streaming-eta.vercel.app' has been blocked by CORS policy: No 'Access-Control-Allow-Origin' header is present on the requested resource. @ https://live-streaming-eta.vercel.app/cricket/2026-08-19:0
[   24876ms] [ERROR] Failed to load resource: net::ERR_FAILED @ https://api.nfldata.org/v1/games?season=2026&season_type=3:0
[   24876ms] [LOG] ℹ️ NFL season type 3 failed: Failed to fetch @ https://live-streaming-eta.vercel.app/js/api.js?v=7:1411
[   25686ms] [LOG] 🌐 Fetching football... @ https://live-streaming-eta.vercel.app/js/api.js?v=7:467
[   25688ms] [LOG] 🌐 Fetching cricket... @ https://live-streaming-eta.vercel.app/js/api.js?v=7:467
[   25688ms] [LOG] 🌐 Fetching basketball... @ https://live-streaming-eta.vercel.app/js/api.js?v=7:467
[   25689ms] [LOG] 🌐 Fetching tennis... @ https://live-streaming-eta.vercel.app/js/api.js?v=7:467
[   25689ms] [LOG] 🌐 Fetching mma... @ https://live-streaming-eta.vercel.app/js/api.js?v=7:467
[   25690ms] [LOG] 🌐 Fetching ufc... @ https://live-streaming-eta.vercel.app/js/api.js?v=7:467
[   25690ms] [LOG] 🌐 Fetching football... @ https://live-streaming-eta.vercel.app/js/api.js?v=7:467
[   25691ms] [LOG] 🌐 Fetching cricket... @ https://live-streaming-eta.vercel.app/js/api.js?v=7:467
[   25691ms] [LOG] 🌐 Fetching basketball... @ https://live-streaming-eta.vercel.app/js/api.js?v=7:467
[   25692ms] [LOG] 🌐 Fetching tennis... @ https://live-streaming-eta.vercel.app/js/api.js?v=7:467
[   25692ms] [LOG] 🌐 Fetching mma... @ https://live-streaming-eta.vercel.app/js/api.js?v=7:467
[   25692ms] [LOG] 🌐 Fetching ufc... @ https://live-streaming-eta.vercel.app/js/api.js?v=7:467
[   25693ms] [LOG] 🌐 Fetching football... @ https://live-streaming-eta.vercel.app/js/api.js?v=7:467
[   25693ms] [LOG] 🌐 Fetching cricket... @ https://live-streaming-eta.vercel.app/js/api.js?v=7:467
[   25694ms] [LOG] 🌐 Fetching basketball... @ https://live-streaming-eta.vercel.app/js/api.js?v=7:467
[   25694ms] [LOG] 🌐 Fetching tennis... @ https://live-streaming-eta.vercel.app/js/api.js?v=7:467
[   25695ms] [LOG] 🌐 Fetching mma... @ https://live-streaming-eta.vercel.app/js/api.js?v=7:467
[   25695ms] [LOG] 🌐 Fetching ufc... @ https://live-streaming-eta.vercel.app/js/api.js?v=7:467
[   25696ms] [LOG] 🌐 Fetching football... @ https://live-streaming-eta.vercel.app/js/api.js?v=7:467
[   25696ms] [LOG] 🌐 Fetching cricket... @ https://live-streaming-eta.vercel.app/js/api.js?v=7:467
[   25696ms] [LOG] 🌐 Fetching basketball... @ https://live-streaming-eta.vercel.app/js/api.js?v=7:467
[   25697ms] [LOG] 🌐 Fetching tennis... @ https://live-streaming-eta.vercel.app/js/api.js?v=7:467
[   25697ms] [LOG] 🌐 Fetching mma... @ https://live-streaming-eta.vercel.app/js/api.js?v=7:467
[   25697ms] [LOG] 🌐 Fetching ufc... @ https://live-streaming-eta.vercel.app/js/api.js?v=7:467
[   25698ms] [LOG] 🌐 Fetching football... @ https://live-streaming-eta.vercel.app/js/api.js?v=7:467
[   25698ms] [LOG] 🌐 Fetching cricket... @ https://live-streaming-eta.vercel.app/js/api.js?v=7:467
[   25699ms] [LOG] 🌐 Fetching basketball... @ https://live-streaming-eta.vercel.app/js/api.js?v=7:467
[   25699ms] [LOG] 🌐 Fetching tennis... @ https://live-streaming-eta.vercel.app/js/api.js?v=7:467
[   25699ms] [LOG] 🌐 Fetching mma... @ https://live-streaming-eta.vercel.app/js/api.js?v=7:467
[   25700ms] [LOG] 🌐 Fetching ufc... @ https://live-streaming-eta.vercel.app/js/api.js?v=7:467
[   25978ms] [ERROR] Failed to load resource: the server responded with a status of 400 () @ https://sportscore.com/api/widget/matches/?sport=mma&limit=30:0
[   25978ms] [LOG] ℹ️ mma not available from SportScore API @ https://live-streaming-eta.vercel.app/js/api.js?v=7:471
[   25978ms] [ERROR] Failed to load resource: the server responded with a status of 400 () @ https://sportscore.com/api/widget/matches/?sport=ufc&limit=30:0
[   25978ms] [LOG] ℹ️ ufc not available from SportScore API @ https://live-streaming-eta.vercel.app/js/api.js?v=7:471
[   26160ms] [LOG] 🔄 Live Agent: refreshing scores... @ https://live-streaming-eta.vercel.app/js/app.js?v=8:906
[   26160ms] [LOG] 🌐 Fetching football... @ https://live-streaming-eta.vercel.app/js/api.js?v=7:467
[   26161ms] [LOG] 🌐 Fetching cricket... @ https://live-streaming-eta.vercel.app/js/api.js?v=7:467
[   26161ms] [LOG] 🌐 Fetching basketball... @ https://live-streaming-eta.vercel.app/js/api.js?v=7:467
[   26162ms] [LOG] 🌐 Fetching tennis... @ https://live-streaming-eta.vercel.app/js/api.js?v=7:467
[   26162ms] [LOG] 🌐 Fetching mma... @ https://live-streaming-eta.vercel.app/js/api.js?v=7:467
[   26163ms] [LOG] 🌐 Fetching ufc... @ https://live-streaming-eta.vercel.app/js/api.js?v=7:467
[   26215ms] [ERROR] Failed to load resource: the server responded with a status of 400 () @ https://sportscore.com/api/widget/matches/?sport=ufc&limit=30:0
[   26216ms] [LOG] ℹ️ ufc not available from SportScore API @ https://live-streaming-eta.vercel.app/js/api.js?v=7:471
[   26218ms] [ERROR] Failed to load resource: the server responded with a status of 400 () @ https://sportscore.com/api/widget/matches/?sport=mma&limit=30:0
[   26218ms] [LOG] ℹ️ mma not available from SportScore API @ https://live-streaming-eta.vercel.app/js/api.js?v=7:471
[   26291ms] [ERROR] Access to fetch at 'https://api.nfldata.org/v1/games?season=2026&season_type=1' from origin 'https://live-streaming-eta.vercel.app' has been blocked by CORS policy: No 'Access-Control-Allow-Origin' header is present on the requested resource. @ https://live-streaming-eta.vercel.app/cricket/2026-08-19:0
[   26291ms] [ERROR] Failed to load resource: net::ERR_FAILED @ https://api.nfldata.org/v1/games?season=2026&season_type=1:0
[   26291ms] [LOG] ℹ️ NFL season type 1 failed: Failed to fetch @ https://live-streaming-eta.vercel.app/js/api.js?v=7:1411
[   26419ms] [ERROR] Failed to load resource: the server responded with a status of 400 () @ https://sportscore.com/api/widget/matches/?sport=ufc&limit=30:0
[   26419ms] [LOG] ℹ️ ufc not available from SportScore API @ https://live-streaming-eta.vercel.app/js/api.js?v=7:471
[   26420ms] [ERROR] Failed to load resource: the server responded with a status of 400 () @ https://sportscore.com/api/widget/matches/?sport=mma&limit=30:0
[   26420ms] [LOG] ℹ️ mma not available from SportScore API @ https://live-streaming-eta.vercel.app/js/api.js?v=7:471
[   26475ms] [ERROR] Failed to load resource: the server responded with a status of 502 () @ https://live-streaming-eta.vercel.app/api/google-cricket:0
[   26475ms] [LOG] ⚠️ Google Cricket failed: Google Cricket HTTP 502 @ https://live-streaming-eta.vercel.app/js/api.js?v=7:1331
[   26565ms] [LOG] ✅ ESPN Cricket: 23 matches from 9 series @ https://live-streaming-eta.vercel.app/js/api.js?v=7:1233
[   26609ms] [ERROR] Failed to load resource: the server responded with a status of 400 () @ https://sportscore.com/api/widget/matches/?sport=ufc&limit=30:0
[   26610ms] [LOG] ℹ️ ufc not available from SportScore API @ https://live-streaming-eta.vercel.app/js/api.js?v=7:471
[   26612ms] [ERROR] Failed to load resource: the server responded with a status of 400 () @ https://sportscore.com/api/widget/matches/?sport=mma&limit=30:0
[   26612ms] [LOG] ℹ️ mma not available from SportScore API @ https://live-streaming-eta.vercel.app/js/api.js?v=7:471
[   26614ms] [ERROR] Access to fetch at 'https://api.nfldata.org/v1/games?season=2026&season_type=2' from origin 'https://live-streaming-eta.vercel.app' has been blocked by CORS policy: No 'Access-Control-Allow-Origin' header is present on the requested resource. @ https://live-streaming-eta.vercel.app/cricket/2026-08-19:0
[   26615ms] [ERROR] Failed to load resource: net::ERR_FAILED @ https://api.nfldata.org/v1/games?season=2026&season_type=2:0
[   26615ms] [LOG] ℹ️ NFL season type 2 failed: Failed to fetch @ https://live-streaming-eta.vercel.app/js/api.js?v=7:1411
[   26618ms] [ERROR] Access to fetch at 'https://api.nfldata.org/v1/games?season=2026&season_type=1' from origin 'https://live-streaming-eta.vercel.app' has been blocked by CORS policy: No 'Access-Control-Allow-Origin' header is present on the requested resource. @ https://live-streaming-eta.vercel.app/cricket/2026-08-19:0
[   26618ms] [ERROR] Failed to load resource: net::ERR_FAILED @ https://api.nfldata.org/v1/games?season=2026&season_type=1:0
[   26618ms] [LOG] ℹ️ NFL season type 1 failed: Failed to fetch @ https://live-streaming-eta.vercel.app/js/api.js?v=7:1411
[   26803ms] [ERROR] Failed to load resource: the server responded with a status of 400 () @ https://sportscore.com/api/widget/matches/?sport=ufc&limit=30:0
[   26803ms] [LOG] ℹ️ ufc not available from SportScore API @ https://live-streaming-eta.vercel.app/js/api.js?v=7:471
[   26810ms] [ERROR] Failed to load resource: the server responded with a status of 400 () @ https://sportscore.com/api/widget/matches/?sport=mma&limit=30:0
[   26810ms] [LOG] ℹ️ mma not available from SportScore API @ https://live-streaming-eta.vercel.app/js/api.js?v=7:471
[   26932ms] [ERROR] Access to fetch at 'https://api.nfldata.org/v1/games?season=2026&season_type=3' from origin 'https://live-streaming-eta.vercel.app' has been blocked by CORS policy: No 'Access-Control-Allow-Origin' header is present on the requested resource. @ https://live-streaming-eta.vercel.app/cricket/2026-08-19:0
[   26932ms] [ERROR] Failed to load resource: net::ERR_FAILED @ https://api.nfldata.org/v1/games?season=2026&season_type=3:0
[   26932ms] [LOG] ℹ️ NFL season type 3 failed: Failed to fetch @ https://live-streaming-eta.vercel.app/js/api.js?v=7:1411
[   26945ms] [ERROR] Access to fetch at 'https://api.nfldata.org/v1/games?season=2026&season_type=2' from origin 'https://live-streaming-eta.vercel.app' has been blocked by CORS policy: No 'Access-Control-Allow-Origin' header is present on the requested resource. @ https://live-streaming-eta.vercel.app/cricket/2026-08-19:0
[   26945ms] [ERROR] Failed to load resource: net::ERR_FAILED @ https://api.nfldata.org/v1/games?season=2026&season_type=2:0
[   26945ms] [LOG] ℹ️ NFL season type 2 failed: Failed to fetch @ https://live-streaming-eta.vercel.app/js/api.js?v=7:1411
[   26952ms] [ERROR] Access to fetch at 'https://api.nfldata.org/v1/games?season=2026&season_type=1' from origin 'https://live-streaming-eta.vercel.app' has been blocked by CORS policy: No 'Access-Control-Allow-Origin' header is present on the requested resource. @ https://live-streaming-eta.vercel.app/cricket/2026-08-19:0
[   26952ms] [ERROR] Failed to load resource: net::ERR_FAILED @ https://api.nfldata.org/v1/games?season=2026&season_type=1:0
[   26952ms] [LOG] ℹ️ NFL season type 1 failed: Failed to fetch @ https://live-streaming-eta.vercel.app/js/api.js?v=7:1411
[   27002ms] [ERROR] Failed to load resource: the server responded with a status of 400 () @ https://sportscore.com/api/widget/matches/?sport=ufc&limit=30:0
[   27003ms] [LOG] ℹ️ ufc not available from SportScore API @ https://live-streaming-eta.vercel.app/js/api.js?v=7:471
[   27006ms] [ERROR] Failed to load resource: the server responded with a status of 400 () @ https://sportscore.com/api/widget/matches/?sport=mma&limit=30:0
[   27006ms] [LOG] ℹ️ mma not available from SportScore API @ https://live-streaming-eta.vercel.app/js/api.js?v=7:471
[   27011ms] [LOG] ✅ Live Agent: refresh complete @ https://live-streaming-eta.vercel.app/js/app.js?v=8:973
[   27268ms] [ERROR] Access to fetch at 'https://api.nfldata.org/v1/games?season=2026&season_type=2' from origin 'https://live-streaming-eta.vercel.app' has been blocked by CORS policy: No 'Access-Control-Allow-Origin' header is present on the requested resource. @ https://live-streaming-eta.vercel.app/cricket/2026-08-19/essex-women-vs-somerset-women:0
[   27268ms] [ERROR] Failed to load resource: net::ERR_FAILED @ https://api.nfldata.org/v1/games?season=2026&season_type=2:0
[   27268ms] [LOG] ℹ️ NFL season type 2 failed: Failed to fetch @ https://live-streaming-eta.vercel.app/js/api.js?v=7:1411
[   27276ms] [ERROR] Access to fetch at 'https://api.nfldata.org/v1/games?season=2026&season_type=3' from origin 'https://live-streaming-eta.vercel.app' has been blocked by CORS policy: No 'Access-Control-Allow-Origin' header is present on the requested resource. @ https://live-streaming-eta.vercel.app/cricket/2026-08-19/essex-women-vs-somerset-women:0
[   27277ms] [ERROR] Failed to load resource: net::ERR_FAILED @ https://api.nfldata.org/v1/games?season=2026&season_type=3:0
[   27277ms] [LOG] ℹ️ NFL season type 3 failed: Failed to fetch @ https://live-streaming-eta.vercel.app/js/api.js?v=7:1411
[   27278ms] [ERROR] Access to fetch at 'https://api.nfldata.org/v1/games?season=2026&season_type=1' from origin 'https://live-streaming-eta.vercel.app' has been blocked by CORS policy: No 'Access-Control-Allow-Origin' header is present on the requested resource. @ https://live-streaming-eta.vercel.app/cricket/2026-08-19/essex-women-vs-somerset-women:0
[   27278ms] [ERROR] Failed to load resource: net::ERR_FAILED @ https://api.nfldata.org/v1/games?season=2026&season_type=1:0
[   27278ms] [LOG] ℹ️ NFL season type 1 failed: Failed to fetch @ https://live-streaming-eta.vercel.app/js/api.js?v=7:1411
[   27603ms] [ERROR] Access to fetch at 'https://api.nfldata.org/v1/games?season=2026&season_type=3' from origin 'https://live-streaming-eta.vercel.app' has been blocked by CORS policy: No 'Access-Control-Allow-Origin' header is present on the requested resource. @ https://live-streaming-eta.vercel.app/cricket/2026-08-19/essex-women-vs-somerset-women:0
[   27603ms] [ERROR] Failed to load resource: net::ERR_FAILED @ https://api.nfldata.org/v1/games?season=2026&season_type=3:0
[   27603ms] [LOG] ℹ️ NFL season type 3 failed: Failed to fetch @ https://live-streaming-eta.vercel.app/js/api.js?v=7:1411
[   27608ms] [ERROR] Access to fetch at 'https://api.nfldata.org/v1/games?season=2026&season_type=2' from origin 'https://live-streaming-eta.vercel.app' has been blocked by CORS policy: No 'Access-Control-Allow-Origin' header is present on the requested resource. @ https://live-streaming-eta.vercel.app/cricket/2026-08-19/essex-women-vs-somerset-women:0
[   27608ms] [ERROR] Failed to load resource: net::ERR_FAILED @ https://api.nfldata.org/v1/games?season=2026&season_type=2:0
[   27608ms] [LOG] ℹ️ NFL season type 2 failed: Failed to fetch @ https://live-streaming-eta.vercel.app/js/api.js?v=7:1411
[   27611ms] [ERROR] Access to fetch at 'https://api.nfldata.org/v1/games?season=2026&season_type=1' from origin 'https://live-streaming-eta.vercel.app' has been blocked by CORS policy: No 'Access-Control-Allow-Origin' header is present on the requested resource. @ https://live-streaming-eta.vercel.app/cricket/2026-08-19/essex-women-vs-somerset-women:0
[   27611ms] [ERROR] Failed to load resource: net::ERR_FAILED @ https://api.nfldata.org/v1/games?season=2026&season_type=1:0
[   27611ms] [LOG] ℹ️ NFL season type 1 failed: Failed to fetch @ https://live-streaming-eta.vercel.app/js/api.js?v=7:1411
[   27934ms] [ERROR] Access to fetch at 'https://api.nfldata.org/v1/games?season=2026&season_type=3' from origin 'https://live-streaming-eta.vercel.app' has been blocked by CORS policy: No 'Access-Control-Allow-Origin' header is present on the requested resource. @ https://live-streaming-eta.vercel.app/cricket/2026-08-19/essex-women-vs-somerset-women:0
[   27934ms] [ERROR] Failed to load resource: net::ERR_FAILED @ https://api.nfldata.org/v1/games?season=2026&season_type=3:0
[   27934ms] [LOG] ℹ️ NFL season type 3 failed: Failed to fetch @ https://live-streaming-eta.vercel.app/js/api.js?v=7:1411
[   27940ms] [ERROR] Access to fetch at 'https://api.nfldata.org/v1/games?season=2026&season_type=2' from origin 'https://live-streaming-eta.vercel.app' has been blocked by CORS policy: No 'Access-Control-Allow-Origin' header is present on the requested resource. @ https://live-streaming-eta.vercel.app/cricket/2026-08-19/essex-women-vs-somerset-women:0
[   27940ms] [ERROR] Failed to load resource: net::ERR_FAILED @ https://api.nfldata.org/v1/games?season=2026&season_type=2:0
[   27941ms] [LOG] ℹ️ NFL season type 2 failed: Failed to fetch @ https://live-streaming-eta.vercel.app/js/api.js?v=7:1411
[   28251ms] [ERROR] Access to fetch at 'https://api.nfldata.org/v1/games?season=2026&season_type=3' from origin 'https://live-streaming-eta.vercel.app' has been blocked by CORS policy: No 'Access-Control-Allow-Origin' header is present on the requested resource. @ https://live-streaming-eta.vercel.app/cricket/2026-08-19/essex-women-vs-somerset-women:0
[   28252ms] [ERROR] Failed to load resource: net::ERR_FAILED @ https://api.nfldata.org/v1/games?season=2026&season_type=3:0
[   28252ms] [LOG] ℹ️ NFL season type 3 failed: Failed to fetch @ https://live-streaming-eta.vercel.app/js/api.js?v=7:1411
[   29056ms] [LOG] 🌐 Fetching football... @ https://live-streaming-eta.vercel.app/js/api.js?v=7:467
[   29057ms] [LOG] 🌐 Fetching cricket... @ https://live-streaming-eta.vercel.app/js/api.js?v=7:467
[   29058ms] [LOG] 🌐 Fetching basketball... @ https://live-streaming-eta.vercel.app/js/api.js?v=7:467
[   29059ms] [LOG] 🌐 Fetching tennis... @ https://live-streaming-eta.vercel.app/js/api.js?v=7:467
[   29059ms] [LOG] 🌐 Fetching mma... @ https://live-streaming-eta.vercel.app/js/api.js?v=7:467
[   29060ms] [LOG] 🌐 Fetching ufc... @ https://live-streaming-eta.vercel.app/js/api.js?v=7:467
[   29060ms] [LOG] 🌐 Fetching football... @ https://live-streaming-eta.vercel.app/js/api.js?v=7:467
[   29061ms] [LOG] 🌐 Fetching cricket... @ https://live-streaming-eta.vercel.app/js/api.js?v=7:467
[   29061ms] [LOG] 🌐 Fetching basketball... @ https://live-streaming-eta.vercel.app/js/api.js?v=7:467
[   29061ms] [LOG] 🌐 Fetching tennis... @ https://live-streaming-eta.vercel.app/js/api.js?v=7:467
[   29062ms] [LOG] 🌐 Fetching mma... @ https://live-streaming-eta.vercel.app/js/api.js?v=7:467
[   29062ms] [LOG] 🌐 Fetching ufc... @ https://live-streaming-eta.vercel.app/js/api.js?v=7:467
[   29063ms] [LOG] 🌐 Fetching football... @ https://live-streaming-eta.vercel.app/js/api.js?v=7:467
[   29063ms] [LOG] 🌐 Fetching cricket... @ https://live-streaming-eta.vercel.app/js/api.js?v=7:467
[   29063ms] [LOG] 🌐 Fetching basketball... @ https://live-streaming-eta.vercel.app/js/api.js?v=7:467
[   29064ms] [LOG] 🌐 Fetching tennis... @ https://live-streaming-eta.vercel.app/js/api.js?v=7:467
[   29064ms] [LOG] 🌐 Fetching mma... @ https://live-streaming-eta.vercel.app/js/api.js?v=7:467
[   29065ms] [LOG] 🌐 Fetching ufc... @ https://live-streaming-eta.vercel.app/js/api.js?v=7:467
[   29065ms] [LOG] 🌐 Fetching football... @ https://live-streaming-eta.vercel.app/js/api.js?v=7:467
[   29065ms] [LOG] 🌐 Fetching cricket... @ https://live-streaming-eta.vercel.app/js/api.js?v=7:467
[   29066ms] [LOG] 🌐 Fetching basketball... @ https://live-streaming-eta.vercel.app/js/api.js?v=7:467
[   29066ms] [LOG] 🌐 Fetching tennis... @ https://live-streaming-eta.vercel.app/js/api.js?v=7:467
[   29067ms] [LOG] 🌐 Fetching mma... @ https://live-streaming-eta.vercel.app/js/api.js?v=7:467
[   29067ms] [LOG] 🌐 Fetching ufc... @ https://live-streaming-eta.vercel.app/js/api.js?v=7:467
[   29067ms] [LOG] 🌐 Fetching football... @ https://live-streaming-eta.vercel.app/js/api.js?v=7:467
[   29068ms] [LOG] 🌐 Fetching cricket... @ https://live-streaming-eta.vercel.app/js/api.js?v=7:467
[   29068ms] [LOG] 🌐 Fetching basketball... @ https://live-streaming-eta.vercel.app/js/api.js?v=7:467
[   29068ms] [LOG] 🌐 Fetching tennis... @ https://live-streaming-eta.vercel.app/js/api.js?v=7:467
[   29069ms] [LOG] 🌐 Fetching mma... @ https://live-streaming-eta.vercel.app/js/api.js?v=7:467
[   29069ms] [LOG] 🌐 Fetching ufc... @ https://live-streaming-eta.vercel.app/js/api.js?v=7:467
[   29279ms] [ERROR] Failed to load resource: the server responded with a status of 400 () @ https://sportscore.com/api/widget/matches/?sport=mma&limit=30:0
[   29280ms] [LOG] ℹ️ mma not available from SportScore API @ https://live-streaming-eta.vercel.app/js/api.js?v=7:471
[   29280ms] [ERROR] Failed to load resource: the server responded with a status of 400 () @ https://sportscore.com/api/widget/matches/?sport=ufc&limit=30:0
[   29281ms] [LOG] ℹ️ ufc not available from SportScore API @ https://live-streaming-eta.vercel.app/js/api.js?v=7:471
[   29483ms] [ERROR] Failed to load resource: the server responded with a status of 400 () @ https://sportscore.com/api/widget/matches/?sport=ufc&limit=30:0
[   29484ms] [LOG] ℹ️ ufc not available from SportScore API @ https://live-streaming-eta.vercel.app/js/api.js?v=7:471
[   29487ms] [ERROR] Failed to load resource: the server responded with a status of 400 () @ https://sportscore.com/api/widget/matches/?sport=mma&limit=30:0
[   29488ms] [LOG] ℹ️ mma not available from SportScore API @ https://live-streaming-eta.vercel.app/js/api.js?v=7:471
[   29602ms] [ERROR] Access to fetch at 'https://api.nfldata.org/v1/games?season=2026&season_type=1' from origin 'https://live-streaming-eta.vercel.app' has been blocked by CORS policy: No 'Access-Control-Allow-Origin' header is present on the requested resource. @ https://live-streaming-eta.vercel.app/cricket/2026-08-19/essex-women-vs-somerset-women:0
[   29602ms] [ERROR] Failed to load resource: net::ERR_FAILED @ https://api.nfldata.org/v1/games?season=2026&season_type=1:0
[   29603ms] [LOG] ℹ️ NFL season type 1 failed: Failed to fetch @ https://live-streaming-eta.vercel.app/js/api.js?v=7:1411
[   29681ms] [ERROR] Failed to load resource: the server responded with a status of 400 () @ https://sportscore.com/api/widget/matches/?sport=ufc&limit=30:0
[   29681ms] [LOG] ℹ️ ufc not available from SportScore API @ https://live-streaming-eta.vercel.app/js/api.js?v=7:471
[   29685ms] [ERROR] Failed to load resource: the server responded with a status of 400 () @ https://sportscore.com/api/widget/matches/?sport=mma&limit=30:0
[   29685ms] [LOG] ℹ️ mma not available from SportScore API @ https://live-streaming-eta.vercel.app/js/api.js?v=7:471
[   29886ms] [ERROR] Failed to load resource: the server responded with a status of 400 () @ https://sportscore.com/api/widget/matches/?sport=ufc&limit=30:0
[   29886ms] [LOG] ℹ️ ufc not available from SportScore API @ https://live-streaming-eta.vercel.app/js/api.js?v=7:471
[   29896ms] [ERROR] Failed to load resource: the server responded with a status of 400 () @ https://sportscore.com/api/widget/matches/?sport=mma&limit=30:0
[   29896ms] [LOG] ℹ️ mma not available from SportScore API @ https://live-streaming-eta.vercel.app/js/api.js?v=7:471
[   29927ms] [ERROR] Access to fetch at 'https://api.nfldata.org/v1/games?season=2026&season_type=1' from origin 'https://live-streaming-eta.vercel.app' has been blocked by CORS policy: No 'Access-Control-Allow-Origin' header is present on the requested resource. @ https://live-streaming-eta.vercel.app/cricket/2026-08-19/essex-women-vs-somerset-women:0
[   29927ms] [ERROR] Failed to load resource: net::ERR_FAILED @ https://api.nfldata.org/v1/games?season=2026&season_type=1:0
[   29927ms] [LOG] ℹ️ NFL season type 1 failed: Failed to fetch @ https://live-streaming-eta.vercel.app/js/api.js?v=7:1411
[   29931ms] [ERROR] Access to fetch at 'https://api.nfldata.org/v1/games?season=2026&season_type=2' from origin 'https://live-streaming-eta.vercel.app' has been blocked by CORS policy: No 'Access-Control-Allow-Origin' header is present on the requested resource. @ https://live-streaming-eta.vercel.app/cricket/2026-08-19/essex-women-vs-somerset-women:0
[   29931ms] [ERROR] Failed to load resource: net::ERR_FAILED @ https://api.nfldata.org/v1/games?season=2026&season_type=2:0
[   29931ms] [LOG] ℹ️ NFL season type 2 failed: Failed to fetch @ https://live-streaming-eta.vercel.app/js/api.js?v=7:1411
[   30084ms] [ERROR] Failed to load resource: the server responded with a status of 400 () @ https://sportscore.com/api/widget/matches/?sport=ufc&limit=30:0
[   30085ms] [LOG] ℹ️ ufc not available from SportScore API @ https://live-streaming-eta.vercel.app/js/api.js?v=7:471
[   30094ms] [ERROR] Failed to load resource: the server responded with a status of 400 () @ https://sportscore.com/api/widget/matches/?sport=mma&limit=30:0
[   30094ms] [LOG] ℹ️ mma not available from SportScore API @ https://live-streaming-eta.vercel.app/js/api.js?v=7:471
[   30251ms] [ERROR] Access to fetch at 'https://api.nfldata.org/v1/games?season=2026&season_type=1' from origin 'https://live-streaming-eta.vercel.app' has been blocked by CORS policy: No 'Access-Control-Allow-Origin' header is present on the requested resource. @ https://live-streaming-eta.vercel.app/cricket/2026-08-19/essex-women-vs-somerset-women:0
[   30251ms] [ERROR] Failed to load resource: net::ERR_FAILED @ https://api.nfldata.org/v1/games?season=2026&season_type=1:0
[   30251ms] [LOG] ℹ️ NFL season type 1 failed: Failed to fetch @ https://live-streaming-eta.vercel.app/js/api.js?v=7:1411
[   30256ms] [ERROR] Access to fetch at 'https://api.nfldata.org/v1/games?season=2026&season_type=2' from origin 'https://live-streaming-eta.vercel.app' has been blocked by CORS policy: No 'Access-Control-Allow-Origin' header is present on the requested resource. @ https://live-streaming-eta.vercel.app/cricket/2026-08-19/essex-women-vs-somerset-women:0
[   30256ms] [ERROR] Failed to load resource: net::ERR_FAILED @ https://api.nfldata.org/v1/games?season=2026&season_type=2:0
[   30256ms] [LOG] ℹ️ NFL season type 2 failed: Failed to fetch @ https://live-streaming-eta.vercel.app/js/api.js?v=7:1411
[   30257ms] [ERROR] Access to fetch at 'https://api.nfldata.org/v1/games?season=2026&season_type=3' from origin 'https://live-streaming-eta.vercel.app' has been blocked by CORS policy: No 'Access-Control-Allow-Origin' header is present on the requested resource. @ https://live-streaming-eta.vercel.app/cricket/2026-08-19/essex-women-vs-somerset-women:0
[   30257ms] [ERROR] Failed to load resource: net::ERR_FAILED @ https://api.nfldata.org/v1/games?season=2026&season_type=3:0
[   30257ms] [LOG] ℹ️ NFL season type 3 failed: Failed to fetch @ https://live-streaming-eta.vercel.app/js/api.js?v=7:1411
[   30584ms] [ERROR] Access to fetch at 'https://api.nfldata.org/v1/games?season=2026&season_type=3' from origin 'https://live-streaming-eta.vercel.app' has been blocked by CORS policy: No 'Access-Control-Allow-Origin' header is present on the requested resource. @ https://live-streaming-eta.vercel.app/cricket/2026-08-19/essex-women-vs-somerset-women:0
[   30584ms] [ERROR] Failed to load resource: net::ERR_FAILED @ https://api.nfldata.org/v1/games?season=2026&season_type=3:0
[   30584ms] [LOG] ℹ️ NFL season type 3 failed: Failed to fetch @ https://live-streaming-eta.vercel.app/js/api.js?v=7:1411
[   30591ms] [ERROR] Access to fetch at 'https://api.nfldata.org/v1/games?season=2026&season_type=1' from origin 'https://live-streaming-eta.vercel.app' has been blocked by CORS policy: No 'Access-Control-Allow-Origin' header is present on the requested resource. @ https://live-streaming-eta.vercel.app/cricket/2026-08-19/essex-women-vs-somerset-women:0
[   30591ms] [ERROR] Failed to load resource: net::ERR_FAILED @ https://api.nfldata.org/v1/games?season=2026&season_type=1:0
[   30591ms] [LOG] ℹ️ NFL season type 1 failed: Failed to fetch @ https://live-streaming-eta.vercel.app/js/api.js?v=7:1411
[   30599ms] [ERROR] Access to fetch at 'https://api.nfldata.org/v1/games?season=2026&season_type=2' from origin 'https://live-streaming-eta.vercel.app' has been blocked by CORS policy: No 'Access-Control-Allow-Origin' header is present on the requested resource. @ https://live-streaming-eta.vercel.app/cricket/2026-08-19/essex-women-vs-somerset-women:0
[   30599ms] [ERROR] Failed to load resource: net::ERR_FAILED @ https://api.nfldata.org/v1/games?season=2026&season_type=2:0
[   30599ms] [LOG] ℹ️ NFL season type 2 failed: Failed to fetch @ https://live-streaming-eta.vercel.app/js/api.js?v=7:1411
[   30919ms] [ERROR] Access to fetch at 'https://api.nfldata.org/v1/games?season=2026&season_type=1' from origin 'https://live-streaming-eta.vercel.app' has been blocked by CORS policy: No 'Access-Control-Allow-Origin' header is present on the requested resource. @ https://live-streaming-eta.vercel.app/cricket/2026-08-19/essex-women-vs-somerset-women:0
[   30920ms] [ERROR] Failed to load resource: net::ERR_FAILED @ https://api.nfldata.org/v1/games?season=2026&season_type=1:0
[   30920ms] [LOG] ℹ️ NFL season type 1 failed: Failed to fetch @ https://live-streaming-eta.vercel.app/js/api.js?v=7:1411
[   30925ms] [ERROR] Access to fetch at 'https://api.nfldata.org/v1/games?season=2026&season_type=2' from origin 'https://live-streaming-eta.vercel.app' has been blocked by CORS policy: No 'Access-Control-Allow-Origin' header is present on the requested resource. @ https://live-streaming-eta.vercel.app/cricket/2026-08-19/essex-women-vs-somerset-women:0
[   30926ms] [ERROR] Failed to load resource: net::ERR_FAILED @ https://api.nfldata.org/v1/games?season=2026&season_type=2:0
[   30926ms] [LOG] ℹ️ NFL season type 2 failed: Failed to fetch @ https://live-streaming-eta.vercel.app/js/api.js?v=7:1411
[   30932ms] [ERROR] Access to fetch at 'https://api.nfldata.org/v1/games?season=2026&season_type=3' from origin 'https://live-streaming-eta.vercel.app' has been blocked by CORS policy: No 'Access-Control-Allow-Origin' header is present on the requested resource. @ https://live-streaming-eta.vercel.app/cricket/2026-08-19/essex-women-vs-somerset-women:0
[   30933ms] [ERROR] Failed to load resource: net::ERR_FAILED @ https://api.nfldata.org/v1/games?season=2026&season_type=3:0
[   30933ms] [LOG] ℹ️ NFL season type 3 failed: Failed to fetch @ https://live-streaming-eta.vercel.app/js/api.js?v=7:1411
[   31160ms] [LOG] 🔄 Live Agent: refreshing scores... @ https://live-streaming-eta.vercel.app/js/app.js?v=8:906
[   31161ms] [LOG] 🌐 Fetching football... @ https://live-streaming-eta.vercel.app/js/api.js?v=7:467
[   31162ms] [LOG] 🌐 Fetching cricket... @ https://live-streaming-eta.vercel.app/js/api.js?v=7:467
[   31163ms] [LOG] 🌐 Fetching basketball... @ https://live-streaming-eta.vercel.app/js/api.js?v=7:467
[   31164ms] [LOG] 🌐 Fetching tennis... @ https://live-streaming-eta.vercel.app/js/api.js?v=7:467
[   31165ms] [LOG] 🌐 Fetching mma... @ https://live-streaming-eta.vercel.app/js/api.js?v=7:467
[   31166ms] [LOG] 🌐 Fetching ufc... @ https://live-streaming-eta.vercel.app/js/api.js?v=7:467
[   31196ms] [LOG] ✅ ESPN Cricket: 23 matches from 9 series @ https://live-streaming-eta.vercel.app/js/api.js?v=7:1233
[   31250ms] [ERROR] Access to fetch at 'https://api.nfldata.org/v1/games?season=2026&season_type=3' from origin 'https://live-streaming-eta.vercel.app' has been blocked by CORS policy: No 'Access-Control-Allow-Origin' header is present on the requested resource. @ https://live-streaming-eta.vercel.app/cricket/2026-08-19/essex-women-vs-somerset-women:0
[   31251ms] [ERROR] Failed to load resource: net::ERR_FAILED @ https://api.nfldata.org/v1/games?season=2026&season_type=3:0
[   31251ms] [LOG] ℹ️ NFL season type 3 failed: Failed to fetch @ https://live-streaming-eta.vercel.app/js/api.js?v=7:1411
[   31254ms] [ERROR] Access to fetch at 'https://api.nfldata.org/v1/games?season=2026&season_type=2' from origin 'https://live-streaming-eta.vercel.app' has been blocked by CORS policy: No 'Access-Control-Allow-Origin' header is present on the requested resource. @ https://live-streaming-eta.vercel.app/cricket/2026-08-19/essex-women-vs-somerset-women:0
[   31255ms] [ERROR] Failed to load resource: net::ERR_FAILED @ https://api.nfldata.org/v1/games?season=2026&season_type=2:0
[   31255ms] [LOG] ℹ️ NFL season type 2 failed: Failed to fetch @ https://live-streaming-eta.vercel.app/js/api.js?v=7:1411
[   31390ms] [ERROR] Failed to load resource: the server responded with a status of 400 () @ https://sportscore.com/api/widget/matches/?sport=mma&limit=30:0
[   31390ms] [LOG] ℹ️ mma not available from SportScore API @ https://live-streaming-eta.vercel.app/js/api.js?v=7:471
[   31394ms] [ERROR] Failed to load resource: the server responded with a status of 400 () @ https://sportscore.com/api/widget/matches/?sport=ufc&limit=30:0
[   31394ms] [LOG] ℹ️ ufc not available from SportScore API @ https://live-streaming-eta.vercel.app/js/api.js?v=7:471
[   31495ms] [ERROR] Failed to load resource: the server responded with a status of 502 () @ https://live-streaming-eta.vercel.app/api/google-cricket:0
[   31496ms] [LOG] ⚠️ Google Cricket failed: Google Cricket HTTP 502 @ https://live-streaming-eta.vercel.app/js/api.js?v=7:1331
[   31505ms] [LOG] ✅ Live Agent: refresh complete @ https://live-streaming-eta.vercel.app/js/app.js?v=8:973
[   31574ms] [ERROR] Access to fetch at 'https://api.nfldata.org/v1/games?season=2026&season_type=3' from origin 'https://live-streaming-eta.vercel.app' has been blocked by CORS policy: No 'Access-Control-Allow-Origin' header is present on the requested resource. @ https://live-streaming-eta.vercel.app/cricket/2026-08-19/essex-women-vs-somerset-women:0
[   31574ms] [ERROR] Failed to load resource: net::ERR_FAILED @ https://api.nfldata.org/v1/games?season=2026&season_type=3:0
[   31574ms] [LOG] ℹ️ NFL season type 3 failed: Failed to fetch @ https://live-streaming-eta.vercel.app/js/api.js?v=7:1411
[   32378ms] [LOG] 🌐 Fetching football... @ https://live-streaming-eta.vercel.app/js/api.js?v=7:467
[   32379ms] [LOG] 🌐 Fetching cricket... @ https://live-streaming-eta.vercel.app/js/api.js?v=7:467
[   32381ms] [LOG] 🌐 Fetching basketball... @ https://live-streaming-eta.vercel.app/js/api.js?v=7:467
[   32383ms] [LOG] 🌐 Fetching tennis... @ https://live-streaming-eta.vercel.app/js/api.js?v=7:467
[   32384ms] [LOG] 🌐 Fetching mma... @ https://live-streaming-eta.vercel.app/js/api.js?v=7:467
[   32385ms] [LOG] 🌐 Fetching ufc... @ https://live-streaming-eta.vercel.app/js/api.js?v=7:467
[   32387ms] [LOG] 🌐 Fetching football... @ https://live-streaming-eta.vercel.app/js/api.js?v=7:467
[   32388ms] [LOG] 🌐 Fetching cricket... @ https://live-streaming-eta.vercel.app/js/api.js?v=7:467
[   32389ms] [LOG] 🌐 Fetching basketball... @ https://live-streaming-eta.vercel.app/js/api.js?v=7:467
[   32390ms] [LOG] 🌐 Fetching tennis... @ https://live-streaming-eta.vercel.app/js/api.js?v=7:467
[   32390ms] [LOG] 🌐 Fetching mma... @ https://live-streaming-eta.vercel.app/js/api.js?v=7:467
[   32391ms] [LOG] 🌐 Fetching ufc... @ https://live-streaming-eta.vercel.app/js/api.js?v=7:467
[   32392ms] [LOG] 🌐 Fetching football... @ https://live-streaming-eta.vercel.app/js/api.js?v=7:467
[   32393ms] [LOG] 🌐 Fetching cricket... @ https://live-streaming-eta.vercel.app/js/api.js?v=7:467
[   32394ms] [LOG] 🌐 Fetching basketball... @ https://live-streaming-eta.vercel.app/js/api.js?v=7:467
[   32396ms] [LOG] 🌐 Fetching tennis... @ https://live-streaming-eta.vercel.app/js/api.js?v=7:467
[   32397ms] [LOG] 🌐 Fetching mma... @ https://live-streaming-eta.vercel.app/js/api.js?v=7:467
[   32398ms] [LOG] 🌐 Fetching ufc... @ https://live-streaming-eta.vercel.app/js/api.js?v=7:467
[   32400ms] [LOG] 🌐 Fetching football... @ https://live-streaming-eta.vercel.app/js/api.js?v=7:467
[   32401ms] [LOG] 🌐 Fetching cricket... @ https://live-streaming-eta.vercel.app/js/api.js?v=7:467
[   32401ms] [LOG] 🌐 Fetching basketball... @ https://live-streaming-eta.vercel.app/js/api.js?v=7:467
[   32402ms] [LOG] 🌐 Fetching tennis... @ https://live-streaming-eta.vercel.app/js/api.js?v=7:467
[   32403ms] [LOG] 🌐 Fetching mma... @ https://live-streaming-eta.vercel.app/js/api.js?v=7:467
[   32404ms] [LOG] 🌐 Fetching ufc... @ https://live-streaming-eta.vercel.app/js/api.js?v=7:467
[   32405ms] [LOG] 🌐 Fetching football... @ https://live-streaming-eta.vercel.app/js/api.js?v=7:467
[   32407ms] [LOG] 🌐 Fetching cricket... @ https://live-streaming-eta.vercel.app/js/api.js?v=7:467
[   32409ms] [LOG] 🌐 Fetching basketball... @ https://live-streaming-eta.vercel.app/js/api.js?v=7:467
[   32410ms] [LOG] 🌐 Fetching tennis... @ https://live-streaming-eta.vercel.app/js/api.js?v=7:467
[   32412ms] [LOG] 🌐 Fetching mma... @ https://live-streaming-eta.vercel.app/js/api.js?v=7:467
[   32415ms] [LOG] 🌐 Fetching ufc... @ https://live-streaming-eta.vercel.app/js/api.js?v=7:467
[   33053ms] [ERROR] Failed to load resource: the server responded with a status of 400 () @ https://sportscore.com/api/widget/matches/?sport=ufc&limit=30:0
[   33053ms] [LOG] ℹ️ ufc not available from SportScore API @ https://live-streaming-eta.vercel.app/js/api.js?v=7:471
[   33057ms] [ERROR] Failed to load resource: the server responded with a status of 400 () @ https://sportscore.com/api/widget/matches/?sport=mma&limit=30:0
[   33057ms] [LOG] ℹ️ mma not available from SportScore API @ https://live-streaming-eta.vercel.app/js/api.js?v=7:471
[   33359ms] [ERROR] Failed to load resource: the server responded with a status of 400 () @ https://sportscore.com/api/widget/matches/?sport=ufc&limit=30:0
[   33360ms] [LOG] ℹ️ ufc not available from SportScore API @ https://live-streaming-eta.vercel.app/js/api.js?v=7:471
[   33366ms] [ERROR] Failed to load resource: the server responded with a status of 400 () @ https://sportscore.com/api/widget/matches/?sport=mma&limit=30:0
[   33366ms] [LOG] ℹ️ mma not available from SportScore API @ https://live-streaming-eta.vercel.app/js/api.js?v=7:471
[   33373ms] [ERROR] Access to fetch at 'https://api.nfldata.org/v1/games?season=2026&season_type=1' from origin 'https://live-streaming-eta.vercel.app' has been blocked by CORS policy: No 'Access-Control-Allow-Origin' header is present on the requested resource. @ https://live-streaming-eta.vercel.app/cricket/2026-08-19/essex-women-vs-somerset-women:0
[   33373ms] [ERROR] Failed to load resource: net::ERR_FAILED @ https://api.nfldata.org/v1/games?season=2026&season_type=1:0
[   33374ms] [LOG] ℹ️ NFL season type 1 failed: Failed to fetch @ https://live-streaming-eta.vercel.app/js/api.js?v=7:1411
[   33553ms] [ERROR] Failed to load resource: the server responded with a status of 400 () @ https://sportscore.com/api/widget/matches/?sport=ufc&limit=30:0
[   33553ms] [LOG] ℹ️ ufc not available from SportScore API @ https://live-streaming-eta.vercel.app/js/api.js?v=7:471
[   33557ms] [ERROR] Failed to load resource: the server responded with a status of 400 () @ https://sportscore.com/api/widget/matches/?sport=mma&limit=30:0
[   33557ms] [LOG] ℹ️ mma not available from SportScore API @ https://live-streaming-eta.vercel.app/js/api.js?v=7:471
[   33691ms] [ERROR] Access to fetch at 'https://api.nfldata.org/v1/games?season=2026&season_type=2' from origin 'https://live-streaming-eta.vercel.app' has been blocked by CORS policy: No 'Access-Control-Allow-Origin' header is present on the requested resource. @ https://live-streaming-eta.vercel.app/cricket/2026-08-19/essex-women-vs-somerset-women:0
[   33691ms] [ERROR] Failed to load resource: net::ERR_FAILED @ https://api.nfldata.org/v1/games?season=2026&season_type=2:0
[   33691ms] [LOG] ℹ️ NFL season type 2 failed: Failed to fetch @ https://live-streaming-eta.vercel.app/js/api.js?v=7:1411
[   33703ms] [ERROR] Access to fetch at 'https://api.nfldata.org/v1/games?season=2026&season_type=1' from origin 'https://live-streaming-eta.vercel.app' has been blocked by CORS policy: No 'Access-Control-Allow-Origin' header is present on the requested resource. @ https://live-streaming-eta.vercel.app/cricket/2026-08-19/essex-women-vs-somerset-women:0
[   33703ms] [ERROR] Failed to load resource: net::ERR_FAILED @ https://api.nfldata.org/v1/games?season=2026&season_type=1:0
[   33704ms] [LOG] ℹ️ NFL season type 1 failed: Failed to fetch @ https://live-streaming-eta.vercel.app/js/api.js?v=7:1411
[   33753ms] [ERROR] Failed to load resource: the server responded with a status of 400 () @ https://sportscore.com/api/widget/matches/?sport=ufc&limit=30:0
[   33754ms] [LOG] ℹ️ ufc not available from SportScore API @ https://live-streaming-eta.vercel.app/js/api.js?v=7:471
[   33754ms] [ERROR] Failed to load resource: the server responded with a status of 400 () @ https://sportscore.com/api/widget/matches/?sport=mma&limit=30:0
[   33755ms] [LOG] ℹ️ mma not available from SportScore API @ https://live-streaming-eta.vercel.app/js/api.js?v=7:471
[   33954ms] [ERROR] Failed to load resource: the server responded with a status of 400 () @ https://sportscore.com/api/widget/matches/?sport=ufc&limit=30:0
[   33955ms] [LOG] ℹ️ ufc not available from SportScore API @ https://live-streaming-eta.vercel.app/js/api.js?v=7:471
[   33955ms] [ERROR] Failed to load resource: the server responded with a status of 400 () @ https://sportscore.com/api/widget/matches/?sport=mma&limit=30:0
[   33956ms] [LOG] ℹ️ mma not available from SportScore API @ https://live-streaming-eta.vercel.app/js/api.js?v=7:471
[   34031ms] [ERROR] Access to fetch at 'https://api.nfldata.org/v1/games?season=2026&season_type=1' from origin 'https://live-streaming-eta.vercel.app' has been blocked by CORS policy: No 'Access-Control-Allow-Origin' header is present on the requested resource. @ https://live-streaming-eta.vercel.app/cricket/2026-08-19/essex-women-vs-somerset-women:0
[   34032ms] [ERROR] Failed to load resource: net::ERR_FAILED @ https://api.nfldata.org/v1/games?season=2026&season_type=1:0
[   34032ms] [LOG] ℹ️ NFL season type 1 failed: Failed to fetch @ https://live-streaming-eta.vercel.app/js/api.js?v=7:1411
[   34037ms] [ERROR] Access to fetch at 'https://api.nfldata.org/v1/games?season=2026&season_type=2' from origin 'https://live-streaming-eta.vercel.app' has been blocked by CORS policy: No 'Access-Control-Allow-Origin' header is present on the requested resource. @ https://live-streaming-eta.vercel.app/cricket/2026-08-19/essex-women-vs-somerset-women:0
[   34038ms] [ERROR] Failed to load resource: net::ERR_FAILED @ https://api.nfldata.org/v1/games?season=2026&season_type=2:0
[   34038ms] [LOG] ℹ️ NFL season type 2 failed: Failed to fetch @ https://live-streaming-eta.vercel.app/js/api.js?v=7:1411
[   34100ms] [ERROR] Access to fetch at 'https://api.nfldata.org/v1/games?season=2026&season_type=3' from origin 'https://live-streaming-eta.vercel.app' has been blocked by CORS policy: No 'Access-Control-Allow-Origin' header is present on the requested resource. @ https://live-streaming-eta.vercel.app/cricket/2026-08-19/essex-women-vs-somerset-women:0
[   34101ms] [ERROR] Failed to load resource: net::ERR_FAILED @ https://api.nfldata.org/v1/games?season=2026&season_type=3:0
[   34101ms] [LOG] ℹ️ NFL season type 3 failed: Failed to fetch @ https://live-streaming-eta.vercel.app/js/api.js?v=7:1411
[   34360ms] [ERROR] Access to fetch at 'https://api.nfldata.org/v1/games?season=2026&season_type=1' from origin 'https://live-streaming-eta.vercel.app' has been blocked by CORS policy: No 'Access-Control-Allow-Origin' header is present on the requested resource. @ https://live-streaming-eta.vercel.app/cricket/2026-08-19/essex-women-vs-somerset-women:0
[   34360ms] [ERROR] Failed to load resource: net::ERR_FAILED @ https://api.nfldata.org/v1/games?season=2026&season_type=1:0
[   34360ms] [LOG] ℹ️ NFL season type 1 failed: Failed to fetch @ https://live-streaming-eta.vercel.app/js/api.js?v=7:1411
[   34367ms] [ERROR] Access to fetch at 'https://api.nfldata.org/v1/games?season=2026&season_type=2' from origin 'https://live-streaming-eta.vercel.app' has been blocked by CORS policy: No 'Access-Control-Allow-Origin' header is present on the requested resource. @ https://live-streaming-eta.vercel.app/cricket/2026-08-19/essex-women-vs-somerset-women:0
[   34368ms] [ERROR] Failed to load resource: net::ERR_FAILED @ https://api.nfldata.org/v1/games?season=2026&season_type=2:0
[   34368ms] [LOG] ℹ️ NFL season type 2 failed: Failed to fetch @ https://live-streaming-eta.vercel.app/js/api.js?v=7:1411
[   34418ms] [ERROR] Access to fetch at 'https://api.nfldata.org/v1/games?season=2026&season_type=3' from origin 'https://live-streaming-eta.vercel.app' has been blocked by CORS policy: No 'Access-Control-Allow-Origin' header is present on the requested resource. @ https://live-streaming-eta.vercel.app/cricket/2026-08-19/essex-women-vs-somerset-women:0
[   34419ms] [ERROR] Failed to load resource: net::ERR_FAILED @ https://api.nfldata.org/v1/games?season=2026&season_type=3:0
[   34419ms] [LOG] ℹ️ NFL season type 3 failed: Failed to fetch @ https://live-streaming-eta.vercel.app/js/api.js?v=7:1411
[   34685ms] [ERROR] Access to fetch at 'https://api.nfldata.org/v1/games?season=2026&season_type=1' from origin 'https://live-streaming-eta.vercel.app' has been blocked by CORS policy: No 'Access-Control-Allow-Origin' header is present on the requested resource. @ https://live-streaming-eta.vercel.app/cricket/2026-08-19/essex-women-vs-somerset-women:0
[   34685ms] [ERROR] Failed to load resource: net::ERR_FAILED @ https://api.nfldata.org/v1/games?season=2026&season_type=1:0
[   34686ms] [LOG] ℹ️ NFL season type 1 failed: Failed to fetch @ https://live-streaming-eta.vercel.app/js/api.js?v=7:1411
[   34736ms] [ERROR] Access to fetch at 'https://api.nfldata.org/v1/games?season=2026&season_type=2' from origin 'https://live-streaming-eta.vercel.app' has been blocked by CORS policy: No 'Access-Control-Allow-Origin' header is present on the requested resource. @ https://live-streaming-eta.vercel.app/cricket/2026-08-19/essex-women-vs-somerset-women:0
[   34737ms] [ERROR] Failed to load resource: net::ERR_FAILED @ https://api.nfldata.org/v1/games?season=2026&season_type=2:0
[   34737ms] [LOG] ℹ️ NFL season type 2 failed: Failed to fetch @ https://live-streaming-eta.vercel.app/js/api.js?v=7:1411
[   34738ms] [ERROR] Access to fetch at 'https://api.nfldata.org/v1/games?season=2026&season_type=3' from origin 'https://live-streaming-eta.vercel.app' has been blocked by CORS policy: No 'Access-Control-Allow-Origin' header is present on the requested resource. @ https://live-streaming-eta.vercel.app/cricket/2026-08-19/essex-women-vs-somerset-women:0
[   34738ms] [ERROR] Failed to load resource: net::ERR_FAILED @ https://api.nfldata.org/v1/games?season=2026&season_type=3:0
[   34738ms] [LOG] ℹ️ NFL season type 3 failed: Failed to fetch @ https://live-streaming-eta.vercel.app/js/api.js?v=7:1411
[   35041ms] [ERROR] Access to fetch at 'https://api.nfldata.org/v1/games?season=2026&season_type=2' from origin 'https://live-streaming-eta.vercel.app' has been blocked by CORS policy: No 'Access-Control-Allow-Origin' header is present on the requested resource. @ https://live-streaming-eta.vercel.app/cricket/2026-08-19/essex-women-vs-somerset-women:0
[   35041ms] [ERROR] Failed to load resource: net::ERR_FAILED @ https://api.nfldata.org/v1/games?season=2026&season_type=2:0
[   35041ms] [LOG] ℹ️ NFL season type 2 failed: Failed to fetch @ https://live-streaming-eta.vercel.app/js/api.js?v=7:1411
[   35050ms] [ERROR] Access to fetch at 'https://api.nfldata.org/v1/games?season=2026&season_type=3' from origin 'https://live-streaming-eta.vercel.app' has been blocked by CORS policy: No 'Access-Control-Allow-Origin' header is present on the requested resource. @ https://live-streaming-eta.vercel.app/cricket/2026-08-19/essex-women-vs-somerset-women:0
[   35051ms] [ERROR] Failed to load resource: net::ERR_FAILED @ https://api.nfldata.org/v1/games?season=2026&season_type=3:0
[   35051ms] [LOG] ℹ️ NFL season type 3 failed: Failed to fetch @ https://live-streaming-eta.vercel.app/js/api.js?v=7:1411
[   35368ms] [ERROR] Access to fetch at 'https://api.nfldata.org/v1/games?season=2026&season_type=3' from origin 'https://live-streaming-eta.vercel.app' has been blocked by CORS policy: No 'Access-Control-Allow-Origin' header is present on the requested resource. @ https://live-streaming-eta.vercel.app/cricket/2026-08-19/essex-women-vs-somerset-women:0
[   35368ms] [ERROR] Failed to load resource: net::ERR_FAILED @ https://api.nfldata.org/v1/games?season=2026&season_type=3:0
[   35368ms] [LOG] ℹ️ NFL season type 3 failed: Failed to fetch @ https://live-streaming-eta.vercel.app/js/api.js?v=7:1411
[   36166ms] [LOG] 🔄 Live Agent: refreshing scores... @ https://live-streaming-eta.vercel.app/js/app.js?v=8:906
[   36166ms] [LOG] 🌐 Fetching football... @ https://live-streaming-eta.vercel.app/js/api.js?v=7:467
[   36167ms] [LOG] 🌐 Fetching cricket... @ https://live-streaming-eta.vercel.app/js/api.js?v=7:467
[   36169ms] [LOG] 🌐 Fetching basketball... @ https://live-streaming-eta.vercel.app/js/api.js?v=7:467
[   36170ms] [LOG] 🌐 Fetching tennis... @ https://live-streaming-eta.vercel.app/js/api.js?v=7:467
[   36171ms] [LOG] 🌐 Fetching mma... @ https://live-streaming-eta.vercel.app/js/api.js?v=7:467
[   36172ms] [LOG] 🌐 Fetching ufc... @ https://live-streaming-eta.vercel.app/js/api.js?v=7:467
[   36175ms] [LOG] 🌐 Fetching football... @ https://live-streaming-eta.vercel.app/js/api.js?v=7:467
[   36176ms] [LOG] 🌐 Fetching cricket... @ https://live-streaming-eta.vercel.app/js/api.js?v=7:467
[   36177ms] [LOG] 🌐 Fetching basketball... @ https://live-streaming-eta.vercel.app/js/api.js?v=7:467
[   36178ms] [LOG] 🌐 Fetching tennis... @ https://live-streaming-eta.vercel.app/js/api.js?v=7:467
[   36179ms] [LOG] 🌐 Fetching mma... @ https://live-streaming-eta.vercel.app/js/api.js?v=7:467
[   36179ms] [LOG] 🌐 Fetching ufc... @ https://live-streaming-eta.vercel.app/js/api.js?v=7:467
[   36180ms] [LOG] 🌐 Fetching football... @ https://live-streaming-eta.vercel.app/js/api.js?v=7:467
[   36181ms] [LOG] 🌐 Fetching cricket... @ https://live-streaming-eta.vercel.app/js/api.js?v=7:467
[   36183ms] [LOG] 🌐 Fetching basketball... @ https://live-streaming-eta.vercel.app/js/api.js?v=7:467
[   36184ms] [LOG] 🌐 Fetching tennis... @ https://live-streaming-eta.vercel.app/js/api.js?v=7:467
[   36185ms] [LOG] 🌐 Fetching mma... @ https://live-streaming-eta.vercel.app/js/api.js?v=7:467
[   36186ms] [LOG] 🌐 Fetching ufc... @ https://live-streaming-eta.vercel.app/js/api.js?v=7:467
[   36187ms] [LOG] 🌐 Fetching football... @ https://live-streaming-eta.vercel.app/js/api.js?v=7:467
[   36188ms] [LOG] 🌐 Fetching cricket... @ https://live-streaming-eta.vercel.app/js/api.js?v=7:467
[   36189ms] [LOG] 🌐 Fetching basketball... @ https://live-streaming-eta.vercel.app/js/api.js?v=7:467
[   36190ms] [LOG] 🌐 Fetching tennis... @ https://live-streaming-eta.vercel.app/js/api.js?v=7:467
[   36191ms] [LOG] 🌐 Fetching mma... @ https://live-streaming-eta.vercel.app/js/api.js?v=7:467
[   36191ms] [LOG] 🌐 Fetching ufc... @ https://live-streaming-eta.vercel.app/js/api.js?v=7:467
[   36192ms] [LOG] 🌐 Fetching football... @ https://live-streaming-eta.vercel.app/js/api.js?v=7:467
[   36193ms] [LOG] 🌐 Fetching cricket... @ https://live-streaming-eta.vercel.app/js/api.js?v=7:467
[   36194ms] [LOG] 🌐 Fetching basketball... @ https://live-streaming-eta.vercel.app/js/api.js?v=7:467
[   36195ms] [LOG] 🌐 Fetching tennis... @ https://live-streaming-eta.vercel.app/js/api.js?v=7:467
[   36196ms] [LOG] 🌐 Fetching mma... @ https://live-streaming-eta.vercel.app/js/api.js?v=7:467
[   36196ms] [LOG] 🌐 Fetching ufc... @ https://live-streaming-eta.vercel.app/js/api.js?v=7:467
[   36197ms] [LOG] 🌐 Fetching football... @ https://live-streaming-eta.vercel.app/js/api.js?v=7:467
[   36197ms] [LOG] 🌐 Fetching cricket... @ https://live-streaming-eta.vercel.app/js/api.js?v=7:467
[   36198ms] [LOG] 🌐 Fetching basketball... @ https://live-streaming-eta.vercel.app/js/api.js?v=7:467
[   36198ms] [LOG] 🌐 Fetching tennis... @ https://live-streaming-eta.vercel.app/js/api.js?v=7:467
[   36199ms] [LOG] 🌐 Fetching mma... @ https://live-streaming-eta.vercel.app/js/api.js?v=7:467
[   36200ms] [LOG] 🌐 Fetching ufc... @ https://live-streaming-eta.vercel.app/js/api.js?v=7:467
[   36408ms] [ERROR] Failed to load resource: the server responded with a status of 400 () @ https://sportscore.com/api/widget/matches/?sport=mma&limit=30:0
[   36408ms] [LOG] ℹ️ mma not available from SportScore API @ https://live-streaming-eta.vercel.app/js/api.js?v=7:471
[   36409ms] [ERROR] Failed to load resource: the server responded with a status of 400 () @ https://sportscore.com/api/widget/matches/?sport=ufc&limit=30:0
[   36410ms] [LOG] ℹ️ ufc not available from SportScore API @ https://live-streaming-eta.vercel.app/js/api.js?v=7:471
[   36505ms] [ERROR] Failed to load resource: the server responded with a status of 502 () @ https://live-streaming-eta.vercel.app/api/google-cricket:0
[   36505ms] [LOG] ⚠️ Google Cricket failed: Google Cricket HTTP 502 @ https://live-streaming-eta.vercel.app/js/api.js?v=7:1331
[   36597ms] [LOG] ✅ ESPN Cricket: 23 matches from 9 series @ https://live-streaming-eta.vercel.app/js/api.js?v=7:1233
[   36605ms] [LOG] ✅ Live Agent: refresh complete @ https://live-streaming-eta.vercel.app/js/app.js?v=8:973
[   36610ms] [ERROR] Failed to load resource: the server responded with a status of 400 () @ https://sportscore.com/api/widget/matches/?sport=ufc&limit=30:0
[   36610ms] [LOG] ℹ️ ufc not available from SportScore API @ https://live-streaming-eta.vercel.app/js/api.js?v=7:471
[   36614ms] [ERROR] Failed to load resource: the server responded with a status of 400 () @ https://sportscore.com/api/widget/matches/?sport=mma&limit=30:0
[   36614ms] [LOG] ℹ️ mma not available from SportScore API @ https://live-streaming-eta.vercel.app/js/api.js?v=7:471
[   36805ms] [ERROR] Failed to load resource: the server responded with a status of 400 () @ https://sportscore.com/api/widget/matches/?sport=ufc&limit=30:0
[   36805ms] [LOG] ℹ️ ufc not available from SportScore API @ https://live-streaming-eta.vercel.app/js/api.js?v=7:471
[   36815ms] [ERROR] Failed to load resource: the server responded with a status of 400 () @ https://sportscore.com/api/widget/matches/?sport=mma&limit=30:0
[   36815ms] [LOG] ℹ️ mma not available from SportScore API @ https://live-streaming-eta.vercel.app/js/api.js?v=7:471
[   36939ms] [ERROR] Access to fetch at 'https://api.nfldata.org/v1/games?season=2026&season_type=1' from origin 'https://live-streaming-eta.vercel.app' has been blocked by CORS policy: No 'Access-Control-Allow-Origin' header is present on the requested resource. @ https://live-streaming-eta.vercel.app/cricket/2026-08-19/essex-women-vs-somerset-women:0
[   36940ms] [ERROR] Failed to load resource: net::ERR_FAILED @ https://api.nfldata.org/v1/games?season=2026&season_type=1:0
[   36940ms] [LOG] ℹ️ NFL season type 1 failed: Failed to fetch @ https://live-streaming-eta.vercel.app/js/api.js?v=7:1411
[   37002ms] [ERROR] Failed to load resource: the server responded with a status of 400 () @ https://sportscore.com/api/widget/matches/?sport=ufc&limit=30:0
[   37002ms] [LOG] ℹ️ ufc not available from SportScore API @ https://live-streaming-eta.vercel.app/js/api.js?v=7:471
[   37009ms] [ERROR] Failed to load resource: the server responded with a status of 400 () @ https://sportscore.com/api/widget/matches/?sport=mma&limit=30:0
[   37009ms] [LOG] ℹ️ mma not available from SportScore API @ https://live-streaming-eta.vercel.app/js/api.js?v=7:471
[   37197ms] [ERROR] Failed to load resource: the server responded with a status of 400 () @ https://sportscore.com/api/widget/matches/?sport=ufc&limit=30:0
[   37198ms] [LOG] ℹ️ ufc not available from SportScore API @ https://live-streaming-eta.vercel.app/js/api.js?v=7:471
[   37208ms] [ERROR] Failed to load resource: the server responded with a status of 400 () @ https://sportscore.com/api/widget/matches/?sport=mma&limit=30:0
[   37208ms] [LOG] ℹ️ mma not available from SportScore API @ https://live-streaming-eta.vercel.app/js/api.js?v=7:471
[   37265ms] [ERROR] Access to fetch at 'https://api.nfldata.org/v1/games?season=2026&season_type=2' from origin 'https://live-streaming-eta.vercel.app' has been blocked by CORS policy: No 'Access-Control-Allow-Origin' header is present on the requested resource. @ https://live-streaming-eta.vercel.app/cricket/2026-08-19/essex-women-vs-somerset-women:0
[   37266ms] [ERROR] Failed to load resource: net::ERR_FAILED @ https://api.nfldata.org/v1/games?season=2026&season_type=2:0
[   37266ms] [LOG] ℹ️ NFL season type 2 failed: Failed to fetch @ https://live-streaming-eta.vercel.app/js/api.js?v=7:1411
[   37272ms] [ERROR] Access to fetch at 'https://api.nfldata.org/v1/games?season=2026&season_type=1' from origin 'https://live-streaming-eta.vercel.app' has been blocked by CORS policy: No 'Access-Control-Allow-Origin' header is present on the requested resource. @ https://live-streaming-eta.vercel.app/cricket/2026-08-19/essex-women-vs-somerset-women:0
[   37273ms] [ERROR] Failed to load resource: net::ERR_FAILED @ https://api.nfldata.org/v1/games?season=2026&season_type=1:0
[   37273ms] [LOG] ℹ️ NFL season type 1 failed: Failed to fetch @ https://live-streaming-eta.vercel.app/js/api.js?v=7:1411
[   37395ms] [ERROR] Failed to load resource: the server responded with a status of 400 () @ https://sportscore.com/api/widget/matches/?sport=ufc&limit=30:0
[   37396ms] [LOG] ℹ️ ufc not available from SportScore API @ https://live-streaming-eta.vercel.app/js/api.js?v=7:471
[   37403ms] [ERROR] Failed to load resource: the server responded with a status of 400 () @ https://sportscore.com/api/widget/matches/?sport=mma&limit=30:0
[   37404ms] [LOG] ℹ️ mma not available from SportScore API @ https://live-streaming-eta.vercel.app/js/api.js?v=7:471
[   37607ms] [ERROR] Access to fetch at 'https://api.nfldata.org/v1/games?season=2026&season_type=3' from origin 'https://live-streaming-eta.vercel.app' has been blocked by CORS policy: No 'Access-Control-Allow-Origin' header is present on the requested resource. @ https://live-streaming-eta.vercel.app/cricket/2026-08-19/essex-women-vs-somerset-women:0
[   37607ms] [ERROR] Failed to load resource: net::ERR_FAILED @ https://api.nfldata.org/v1/games?season=2026&season_type=3:0
[   37607ms] [LOG] ℹ️ NFL season type 3 failed: Failed to fetch @ https://live-streaming-eta.vercel.app/js/api.js?v=7:1411
[   37609ms] [ERROR] Access to fetch at 'https://api.nfldata.org/v1/games?season=2026&season_type=1' from origin 'https://live-streaming-eta.vercel.app' has been blocked by CORS policy: No 'Access-Control-Allow-Origin' header is present on the requested resource. @ https://live-streaming-eta.vercel.app/cricket/2026-08-19/essex-women-vs-somerset-women:0
[   37609ms] [ERROR] Failed to load resource: net::ERR_FAILED @ https://api.nfldata.org/v1/games?season=2026&season_type=1:0
[   37609ms] [LOG] ℹ️ NFL season type 1 failed: Failed to fetch @ https://live-streaming-eta.vercel.app/js/api.js?v=7:1411
[   37612ms] [ERROR] Access to fetch at 'https://api.nfldata.org/v1/games?season=2026&season_type=2' from origin 'https://live-streaming-eta.vercel.app' has been blocked by CORS policy: No 'Access-Control-Allow-Origin' header is present on the requested resource. @ https://live-streaming-eta.vercel.app/cricket/2026-08-19/essex-women-vs-somerset-women:0
[   37612ms] [ERROR] Failed to load resource: net::ERR_FAILED @ https://api.nfldata.org/v1/games?season=2026&season_type=2:0
[   37612ms] [LOG] ℹ️ NFL season type 2 failed: Failed to fetch @ https://live-streaming-eta.vercel.app/js/api.js?v=7:1411
[   37936ms] [ERROR] Access to fetch at 'https://api.nfldata.org/v1/games?season=2026&season_type=1' from origin 'https://live-streaming-eta.vercel.app' has been blocked by CORS policy: No 'Access-Control-Allow-Origin' header is present on the requested resource. @ https://live-streaming-eta.vercel.app/cricket/2026-08-19/essex-women-vs-somerset-women:0
[   37937ms] [ERROR] Failed to load resource: net::ERR_FAILED @ https://api.nfldata.org/v1/games?season=2026&season_type=1:0
[   37937ms] [LOG] ℹ️ NFL season type 1 failed: Failed to fetch @ https://live-streaming-eta.vercel.app/js/api.js?v=7:1411
[   37943ms] [ERROR] Access to fetch at 'https://api.nfldata.org/v1/games?season=2026&season_type=3' from origin 'https://live-streaming-eta.vercel.app' has been blocked by CORS policy: No 'Access-Control-Allow-Origin' header is present on the requested resource. @ https://live-streaming-eta.vercel.app/cricket/2026-08-19/essex-women-vs-somerset-women:0
[   37943ms] [ERROR] Failed to load resource: net::ERR_FAILED @ https://api.nfldata.org/v1/games?season=2026&season_type=3:0
[   37944ms] [LOG] ℹ️ NFL season type 3 failed: Failed to fetch @ https://live-streaming-eta.vercel.app/js/api.js?v=7:1411
[   37945ms] [ERROR] Access to fetch at 'https://api.nfldata.org/v1/games?season=2026&season_type=2' from origin 'https://live-streaming-eta.vercel.app' has been blocked by CORS policy: No 'Access-Control-Allow-Origin' header is present on the requested resource. @ https://live-streaming-eta.vercel.app/cricket/2026-08-19/essex-women-vs-somerset-women:0
[   37945ms] [ERROR] Failed to load resource: net::ERR_FAILED @ https://api.nfldata.org/v1/games?season=2026&season_type=2:0
[   37946ms] [LOG] ℹ️ NFL season type 2 failed: Failed to fetch @ https://live-streaming-eta.vercel.app/js/api.js?v=7:1411
[   38277ms] [ERROR] Access to fetch at 'https://api.nfldata.org/v1/games?season=2026&season_type=1' from origin 'https://live-streaming-eta.vercel.app' has been blocked by CORS policy: No 'Access-Control-Allow-Origin' header is present on the requested resource. @ https://live-streaming-eta.vercel.app/cricket/2026-08-19/essex-women-vs-somerset-women:0
[   38278ms] [ERROR] Failed to load resource: net::ERR_FAILED @ https://api.nfldata.org/v1/games?season=2026&season_type=1:0
[   38278ms] [LOG] ℹ️ NFL season type 1 failed: Failed to fetch @ https://live-streaming-eta.vercel.app/js/api.js?v=7:1411
[   38288ms] [ERROR] Access to fetch at 'https://api.nfldata.org/v1/games?season=2026&season_type=2' from origin 'https://live-streaming-eta.vercel.app' has been blocked by CORS policy: No 'Access-Control-Allow-Origin' header is present on the requested resource. @ https://live-streaming-eta.vercel.app/cricket/2026-08-19/essex-women-vs-somerset-women:0
[   38288ms] [ERROR] Failed to load resource: net::ERR_FAILED @ https://api.nfldata.org/v1/games?season=2026&season_type=2:0
[   38288ms] [LOG] ℹ️ NFL season type 2 failed: Failed to fetch @ https://live-streaming-eta.vercel.app/js/api.js?v=7:1411
[   38291ms] [ERROR] Access to fetch at 'https://api.nfldata.org/v1/games?season=2026&season_type=3' from origin 'https://live-streaming-eta.vercel.app' has been blocked by CORS policy: No 'Access-Control-Allow-Origin' header is present on the requested resource. @ https://live-streaming-eta.vercel.app/cricket/2026-08-19/essex-women-vs-somerset-women:0
[   38292ms] [ERROR] Failed to load resource: net::ERR_FAILED @ https://api.nfldata.org/v1/games?season=2026&season_type=3:0
[   38292ms] [LOG] ℹ️ NFL season type 3 failed: Failed to fetch @ https://live-streaming-eta.vercel.app/js/api.js?v=7:1411
[   38619ms] [ERROR] Access to fetch at 'https://api.nfldata.org/v1/games?season=2026&season_type=2' from origin 'https://live-streaming-eta.vercel.app' has been blocked by CORS policy: No 'Access-Control-Allow-Origin' header is present on the requested resource. @ https://live-streaming-eta.vercel.app/cricket/2026-08-19/essex-women-vs-somerset-women:0
[   38619ms] [ERROR] Failed to load resource: net::ERR_FAILED @ https://api.nfldata.org/v1/games?season=2026&season_type=2:0
[   38620ms] [LOG] ℹ️ NFL season type 2 failed: Failed to fetch @ https://live-streaming-eta.vercel.app/js/api.js?v=7:1411
[   38628ms] [ERROR] Access to fetch at 'https://api.nfldata.org/v1/games?season=2026&season_type=3' from origin 'https://live-streaming-eta.vercel.app' has been blocked by CORS policy: No 'Access-Control-Allow-Origin' header is present on the requested resource. @ https://live-streaming-eta.vercel.app/cricket/2026-08-19/essex-women-vs-somerset-women:0
[   38628ms] [ERROR] Failed to load resource: net::ERR_FAILED @ https://api.nfldata.org/v1/games?season=2026&season_type=3:0
[   38628ms] [LOG] ℹ️ NFL season type 3 failed: Failed to fetch @ https://live-streaming-eta.vercel.app/js/api.js?v=7:1411
[   38947ms] [ERROR] Access to fetch at 'https://api.nfldata.org/v1/games?season=2026&season_type=3' from origin 'https://live-streaming-eta.vercel.app' has been blocked by CORS policy: No 'Access-Control-Allow-Origin' header is present on the requested resource. @ https://live-streaming-eta.vercel.app/cricket/2026-08-19/essex-women-vs-somerset-women:0
[   38947ms] [ERROR] Failed to load resource: net::ERR_FAILED @ https://api.nfldata.org/v1/games?season=2026&season_type=3:0
[   38948ms] [LOG] ℹ️ NFL season type 3 failed: Failed to fetch @ https://live-streaming-eta.vercel.app/js/api.js?v=7:1411
[   39754ms] [LOG] 🌐 Fetching football... @ https://live-streaming-eta.vercel.app/js/api.js?v=7:467
[   39755ms] [LOG] 🌐 Fetching cricket... @ https://live-streaming-eta.vercel.app/js/api.js?v=7:467
[   39760ms] [LOG] 🌐 Fetching basketball... @ https://live-streaming-eta.vercel.app/js/api.js?v=7:467
[   39762ms] [LOG] 🌐 Fetching tennis... @ https://live-streaming-eta.vercel.app/js/api.js?v=7:467
[   39766ms] [LOG] 🌐 Fetching mma... @ https://live-streaming-eta.vercel.app/js/api.js?v=7:467
[   39768ms] [LOG] 🌐 Fetching ufc... @ https://live-streaming-eta.vercel.app/js/api.js?v=7:467
[   39769ms] [LOG] 🌐 Fetching football... @ https://live-streaming-eta.vercel.app/js/api.js?v=7:467
[   39771ms] [LOG] 🌐 Fetching cricket... @ https://live-streaming-eta.vercel.app/js/api.js?v=7:467
[   39775ms] [LOG] 🌐 Fetching basketball... @ https://live-streaming-eta.vercel.app/js/api.js?v=7:467
[   39777ms] [LOG] 🌐 Fetching tennis... @ https://live-streaming-eta.vercel.app/js/api.js?v=7:467
[   39778ms] [LOG] 🌐 Fetching mma... @ https://live-streaming-eta.vercel.app/js/api.js?v=7:467
[   39779ms] [LOG] 🌐 Fetching ufc... @ https://live-streaming-eta.vercel.app/js/api.js?v=7:467
[   39780ms] [LOG] 🌐 Fetching football... @ https://live-streaming-eta.vercel.app/js/api.js?v=7:467
[   39784ms] [LOG] 🌐 Fetching cricket... @ https://live-streaming-eta.vercel.app/js/api.js?v=7:467
[   39788ms] [LOG] 🌐 Fetching basketball... @ https://live-streaming-eta.vercel.app/js/api.js?v=7:467
[   39790ms] [LOG] 🌐 Fetching tennis... @ https://live-streaming-eta.vercel.app/js/api.js?v=7:467
[   39791ms] [LOG] 🌐 Fetching mma... @ https://live-streaming-eta.vercel.app/js/api.js?v=7:467
[   39792ms] [LOG] 🌐 Fetching ufc... @ https://live-streaming-eta.vercel.app/js/api.js?v=7:467
[   39794ms] [LOG] 🌐 Fetching football... @ https://live-streaming-eta.vercel.app/js/api.js?v=7:467
[   39801ms] [LOG] 🌐 Fetching cricket... @ https://live-streaming-eta.vercel.app/js/api.js?v=7:467
[   39805ms] [LOG] 🌐 Fetching basketball... @ https://live-streaming-eta.vercel.app/js/api.js?v=7:467
[   39806ms] [LOG] 🌐 Fetching tennis... @ https://live-streaming-eta.vercel.app/js/api.js?v=7:467
[   39806ms] [LOG] 🌐 Fetching mma... @ https://live-streaming-eta.vercel.app/js/api.js?v=7:467
[   39807ms] [LOG] 🌐 Fetching ufc... @ https://live-streaming-eta.vercel.app/js/api.js?v=7:467
[   39810ms] [LOG] 🌐 Fetching football... @ https://live-streaming-eta.vercel.app/js/api.js?v=7:467
[   39811ms] [LOG] 🌐 Fetching cricket... @ https://live-streaming-eta.vercel.app/js/api.js?v=7:467
[   39814ms] [LOG] 🌐 Fetching basketball... @ https://live-streaming-eta.vercel.app/js/api.js?v=7:467
[   39815ms] [LOG] 🌐 Fetching tennis... @ https://live-streaming-eta.vercel.app/js/api.js?v=7:467
[   39816ms] [LOG] 🌐 Fetching mma... @ https://live-streaming-eta.vercel.app/js/api.js?v=7:467
[   39817ms] [LOG] 🌐 Fetching ufc... @ https://live-streaming-eta.vercel.app/js/api.js?v=7:467
[   40015ms] [ERROR] Failed to load resource: the server responded with a status of 400 () @ https://sportscore.com/api/widget/matches/?sport=mma&limit=30:0
[   40024ms] [LOG] ℹ️ mma not available from SportScore API @ https://live-streaming-eta.vercel.app/js/api.js?v=7:471
[   40036ms] [ERROR] Failed to load resource: the server responded with a status of 400 () @ https://sportscore.com/api/widget/matches/?sport=ufc&limit=30:0
[   40038ms] [LOG] ℹ️ ufc not available from SportScore API @ https://live-streaming-eta.vercel.app/js/api.js?v=7:471
[   40212ms] [ERROR] Failed to load resource: the server responded with a status of 400 () @ https://sportscore.com/api/widget/matches/?sport=mma&limit=30:0
[   40213ms] [LOG] ℹ️ mma not available from SportScore API @ https://live-streaming-eta.vercel.app/js/api.js?v=7:471
[   40217ms] [ERROR] Failed to load resource: the server responded with a status of 400 () @ https://sportscore.com/api/widget/matches/?sport=ufc&limit=30:0
[   40217ms] [LOG] ℹ️ ufc not available from SportScore API @ https://live-streaming-eta.vercel.app/js/api.js?v=7:471
[   40372ms] [ERROR] Access to fetch at 'https://api.nfldata.org/v1/games?season=2026&season_type=1' from origin 'https://live-streaming-eta.vercel.app' has been blocked by CORS policy: No 'Access-Control-Allow-Origin' header is present on the requested resource. @ https://live-streaming-eta.vercel.app/cricket/2026-08-19/essex-women-vs-somerset-women:0
[   40373ms] [ERROR] Failed to load resource: net::ERR_FAILED @ https://api.nfldata.org/v1/games?season=2026&season_type=1:0
[   40373ms] [LOG] ℹ️ NFL season type 1 failed: Failed to fetch @ https://live-streaming-eta.vercel.app/js/api.js?v=7:1411
[   40398ms] [ERROR] Failed to load resource: the server responded with a status of 400 () @ https://sportscore.com/api/widget/matches/?sport=mma&limit=30:0
[   40398ms] [LOG] ℹ️ mma not available from SportScore API @ https://live-streaming-eta.vercel.app/js/api.js?v=7:471
[   40403ms] [ERROR] Failed to load resource: the server responded with a status of 400 () @ https://sportscore.com/api/widget/matches/?sport=ufc&limit=30:0
[   40404ms] [LOG] ℹ️ ufc not available from SportScore API @ https://live-streaming-eta.vercel.app/js/api.js?v=7:471
[   40592ms] [ERROR] Failed to load resource: the server responded with a status of 400 () @ https://sportscore.com/api/widget/matches/?sport=mma&limit=30:0
[   40593ms] [LOG] ℹ️ mma not available from SportScore API @ https://live-streaming-eta.vercel.app/js/api.js?v=7:471
[   40601ms] [ERROR] Failed to load resource: the server responded with a status of 400 () @ https://sportscore.com/api/widget/matches/?sport=ufc&limit=30:0
[   40601ms] [LOG] ℹ️ ufc not available from SportScore API @ https://live-streaming-eta.vercel.app/js/api.js?v=7:471
[   40715ms] [ERROR] Access to fetch at 'https://api.nfldata.org/v1/games?season=2026&season_type=1' from origin 'https://live-streaming-eta.vercel.app' has been blocked by CORS policy: No 'Access-Control-Allow-Origin' header is present on the requested resource. @ https://live-streaming-eta.vercel.app/cricket/2026-08-19/essex-women-vs-somerset-women:0
[   40715ms] [ERROR] Failed to load resource: net::ERR_FAILED @ https://api.nfldata.org/v1/games?season=2026&season_type=1:0
[   40715ms] [LOG] ℹ️ NFL season type 1 failed: Failed to fetch @ https://live-streaming-eta.vercel.app/js/api.js?v=7:1411
[   40744ms] [ERROR] Access to fetch at 'https://api.nfldata.org/v1/games?season=2026&season_type=2' from origin 'https://live-streaming-eta.vercel.app' has been blocked by CORS policy: No 'Access-Control-Allow-Origin' header is present on the requested resource. @ https://live-streaming-eta.vercel.app/cricket/2026-08-19/essex-women-vs-somerset-women:0
[   40745ms] [ERROR] Failed to load resource: net::ERR_FAILED @ https://api.nfldata.org/v1/games?season=2026&season_type=2:0
[   40745ms] [LOG] ℹ️ NFL season type 2 failed: Failed to fetch @ https://live-streaming-eta.vercel.app/js/api.js?v=7:1411
[   40790ms] [ERROR] Failed to load resource: the server responded with a status of 400 () @ https://sportscore.com/api/widget/matches/?sport=mma&limit=30:0
[   40790ms] [LOG] ℹ️ mma not available from SportScore API @ https://live-streaming-eta.vercel.app/js/api.js?v=7:471
[   40796ms] [ERROR] Failed to load resource: the server responded with a status of 400 () @ https://sportscore.com/api/widget/matches/?sport=ufc&limit=30:0
[   40796ms] [LOG] ℹ️ ufc not available from SportScore API @ https://live-streaming-eta.vercel.app/js/api.js?v=7:471
[   41030ms] [ERROR] Access to fetch at 'https://api.nfldata.org/v1/games?season=2026&season_type=1' from origin 'https://live-streaming-eta.vercel.app' has been blocked by CORS policy: No 'Access-Control-Allow-Origin' header is present on the requested resource. @ https://live-streaming-eta.vercel.app/cricket/2026-08-19/essex-women-vs-somerset-women:0
[   41031ms] [ERROR] Failed to load resource: net::ERR_FAILED @ https://api.nfldata.org/v1/games?season=2026&season_type=1:0
[   41032ms] [LOG] ℹ️ NFL season type 1 failed: Failed to fetch @ https://live-streaming-eta.vercel.app/js/api.js?v=7:1411
[   41042ms] [ERROR] Access to fetch at 'https://api.nfldata.org/v1/games?season=2026&season_type=2' from origin 'https://live-streaming-eta.vercel.app' has been blocked by CORS policy: No 'Access-Control-Allow-Origin' header is present on the requested resource. @ https://live-streaming-eta.vercel.app/cricket/2026-08-19/essex-women-vs-somerset-women:0
[   41042ms] [ERROR] Failed to load resource: net::ERR_FAILED @ https://api.nfldata.org/v1/games?season=2026&season_type=2:0
[   41043ms] [LOG] ℹ️ NFL season type 2 failed: Failed to fetch @ https://live-streaming-eta.vercel.app/js/api.js?v=7:1411
[   41091ms] [ERROR] Access to fetch at 'https://api.nfldata.org/v1/games?season=2026&season_type=3' from origin 'https://live-streaming-eta.vercel.app' has been blocked by CORS policy: No 'Access-Control-Allow-Origin' header is present on the requested resource. @ https://live-streaming-eta.vercel.app/cricket/2026-08-19/essex-women-vs-somerset-women:0
[   41092ms] [ERROR] Failed to load resource: net::ERR_FAILED @ https://api.nfldata.org/v1/games?season=2026&season_type=3:0
[   41092ms] [LOG] ℹ️ NFL season type 3 failed: Failed to fetch @ https://live-streaming-eta.vercel.app/js/api.js?v=7:1411
[   41241ms] [LOG] 🔄 Live Agent: refreshing scores... @ https://live-streaming-eta.vercel.app/js/app.js?v=8:906
[   41242ms] [LOG] 🌐 Fetching football... @ https://live-streaming-eta.vercel.app/js/api.js?v=7:467
[   41324ms] [LOG] 🌐 Fetching cricket... @ https://live-streaming-eta.vercel.app/js/api.js?v=7:467
[   41328ms] [LOG] 🌐 Fetching basketball... @ https://live-streaming-eta.vercel.app/js/api.js?v=7:467
[   41329ms] [LOG] 🌐 Fetching tennis... @ https://live-streaming-eta.vercel.app/js/api.js?v=7:467
[   41331ms] [LOG] 🌐 Fetching mma... @ https://live-streaming-eta.vercel.app/js/api.js?v=7:467
[   41334ms] [LOG] 🌐 Fetching ufc... @ https://live-streaming-eta.vercel.app/js/api.js?v=7:467
[   41388ms] [ERROR] Access to fetch at 'https://api.nfldata.org/v1/games?season=2026&season_type=1' from origin 'https://live-streaming-eta.vercel.app' has been blocked by CORS policy: No 'Access-Control-Allow-Origin' header is present on the requested resource. @ https://live-streaming-eta.vercel.app/cricket/2026-08-19/essex-women-vs-somerset-women:0
[   41388ms] [ERROR] Failed to load resource: net::ERR_FAILED @ https://api.nfldata.org/v1/games?season=2026&season_type=1:0
[   41388ms] [LOG] ℹ️ NFL season type 1 failed: Failed to fetch @ https://live-streaming-eta.vercel.app/js/api.js?v=7:1411
[   41780ms] [ERROR] Access to fetch at 'https://api.nfldata.org/v1/games?season=2026&season_type=2' from origin 'https://live-streaming-eta.vercel.app' has been blocked by CORS policy: No 'Access-Control-Allow-Origin' header is present on the requested resource. @ https://live-streaming-eta.vercel.app/cricket/2026-08-19/essex-women-vs-somerset-women:0
[   41781ms] [ERROR] Failed to load resource: net::ERR_FAILED @ https://api.nfldata.org/v1/games?season=2026&season_type=2:0
[   41783ms] [LOG] ℹ️ NFL season type 2 failed: Failed to fetch @ https://live-streaming-eta.vercel.app/js/api.js?v=7:1411
[   41803ms] [ERROR] Access to fetch at 'https://api.nfldata.org/v1/games?season=2026&season_type=3' from origin 'https://live-streaming-eta.vercel.app' has been blocked by CORS policy: No 'Access-Control-Allow-Origin' header is present on the requested resource. @ https://live-streaming-eta.vercel.app/cricket/2026-08-19/essex-women-vs-somerset-women:0
[   41803ms] [ERROR] Failed to load resource: net::ERR_FAILED @ https://api.nfldata.org/v1/games?season=2026&season_type=3:0
[   41807ms] [LOG] ℹ️ NFL season type 3 failed: Failed to fetch @ https://live-streaming-eta.vercel.app/js/api.js?v=7:1411
[   41809ms] [ERROR] Failed to load resource: the server responded with a status of 400 () @ https://sportscore.com/api/widget/matches/?sport=mma&limit=30:0
[   41809ms] [LOG] ℹ️ mma not available from SportScore API @ https://live-streaming-eta.vercel.app/js/api.js?v=7:471
[   41812ms] [ERROR] Failed to load resource: the server responded with a status of 400 () @ https://sportscore.com/api/widget/matches/?sport=ufc&limit=30:0
[   41813ms] [LOG] ℹ️ ufc not available from SportScore API @ https://live-streaming-eta.vercel.app/js/api.js?v=7:471
[   41829ms] [LOG] ✅ ESPN Cricket: 23 matches from 9 series @ https://live-streaming-eta.vercel.app/js/api.js?v=7:1233
[   41918ms] [ERROR] Access to fetch at 'https://api.nfldata.org/v1/games?season=2026&season_type=1' from origin 'https://live-streaming-eta.vercel.app' has been blocked by CORS policy: No 'Access-Control-Allow-Origin' header is present on the requested resource. @ https://live-streaming-eta.vercel.app/cricket/2026-08-19/essex-women-vs-somerset-women:0
[   41918ms] [ERROR] Failed to load resource: net::ERR_FAILED @ https://api.nfldata.org/v1/games?season=2026&season_type=1:0
[   41919ms] [LOG] ℹ️ NFL season type 1 failed: Failed to fetch @ https://live-streaming-eta.vercel.app/js/api.js?v=7:1411
[   41935ms] [ERROR] Failed to load resource: the server responded with a status of 502 () @ https://live-streaming-eta.vercel.app/api/google-cricket:0
[   41936ms] [LOG] ⚠️ Google Cricket failed: Google Cricket HTTP 502 @ https://live-streaming-eta.vercel.app/js/api.js?v=7:1331
[   41980ms] [LOG] ✅ Live Agent: refresh complete @ https://live-streaming-eta.vercel.app/js/app.js?v=8:973
[   43529ms] [ERROR] Access to fetch at 'https://api.nfldata.org/v1/games?season=2026&season_type=2' from origin 'https://live-streaming-eta.vercel.app' has been blocked by CORS policy: No 'Access-Control-Allow-Origin' header is present on the requested resource. @ https://live-streaming-eta.vercel.app/cricket/2026-08-19/essex-women-vs-somerset-women:0
[   43530ms] [ERROR] Failed to load resource: net::ERR_FAILED @ https://api.nfldata.org/v1/games?season=2026&season_type=2:0
[   43534ms] [LOG] ℹ️ NFL season type 2 failed: Failed to fetch @ https://live-streaming-eta.vercel.app/js/api.js?v=7:1411
[   43537ms] [ERROR] Access to fetch at 'https://api.nfldata.org/v1/games?season=2026&season_type=3' from origin 'https://live-streaming-eta.vercel.app' has been blocked by CORS policy: No 'Access-Control-Allow-Origin' header is present on the requested resource. @ https://live-streaming-eta.vercel.app/cricket/2026-08-19/essex-women-vs-somerset-women:0
[   43538ms] [ERROR] Failed to load resource: net::ERR_FAILED @ https://api.nfldata.org/v1/games?season=2026&season_type=3:0
[   43539ms] [LOG] ℹ️ NFL season type 3 failed: Failed to fetch @ https://live-streaming-eta.vercel.app/js/api.js?v=7:1411
[   43938ms] [ERROR] Access to fetch at 'https://api.nfldata.org/v1/games?season=2026&season_type=2' from origin 'https://live-streaming-eta.vercel.app' has been blocked by CORS policy: No 'Access-Control-Allow-Origin' header is present on the requested resource. @ https://live-streaming-eta.vercel.app/cricket/2026-08-19/essex-women-vs-somerset-women:0
[   43941ms] [ERROR] Failed to load resource: net::ERR_FAILED @ https://api.nfldata.org/v1/games?season=2026&season_type=2:0
[   43944ms] [LOG] ℹ️ NFL season type 2 failed: Failed to fetch @ https://live-streaming-eta.vercel.app/js/api.js?v=7:1411
[   43948ms] [ERROR] Access to fetch at 'https://api.nfldata.org/v1/games?season=2026&season_type=3' from origin 'https://live-streaming-eta.vercel.app' has been blocked by CORS policy: No 'Access-Control-Allow-Origin' header is present on the requested resource. @ https://live-streaming-eta.vercel.app/cricket/2026-08-19/essex-women-vs-somerset-women:0
[   43950ms] [ERROR] Failed to load resource: net::ERR_FAILED @ https://api.nfldata.org/v1/games?season=2026&season_type=3:0
[   43953ms] [LOG] ℹ️ NFL season type 3 failed: Failed to fetch @ https://live-streaming-eta.vercel.app/js/api.js?v=7:1411
[   44313ms] [ERROR] Access to fetch at 'https://api.nfldata.org/v1/games?season=2026&season_type=3' from origin 'https://live-streaming-eta.vercel.app' has been blocked by CORS policy: No 'Access-Control-Allow-Origin' header is present on the requested resource. @ https://live-streaming-eta.vercel.app/cricket/2026-08-19/essex-women-vs-somerset-women:0
[   44314ms] [ERROR] Failed to load resource: net::ERR_FAILED @ https://api.nfldata.org/v1/games?season=2026&season_type=3:0
[   44315ms] [LOG] ℹ️ NFL season type 3 failed: Failed to fetch @ https://live-streaming-eta.vercel.app/js/api.js?v=7:1411
[   45129ms] [LOG] 🌐 Fetching football... @ https://live-streaming-eta.vercel.app/js/api.js?v=7:467
[   45129ms] [LOG] 🌐 Fetching cricket... @ https://live-streaming-eta.vercel.app/js/api.js?v=7:467
[   45130ms] [LOG] 🌐 Fetching basketball... @ https://live-streaming-eta.vercel.app/js/api.js?v=7:467
[   45130ms] [LOG] 🌐 Fetching tennis... @ https://live-streaming-eta.vercel.app/js/api.js?v=7:467
[   45136ms] [LOG] 🌐 Fetching mma... @ https://live-streaming-eta.vercel.app/js/api.js?v=7:467
[   45136ms] [LOG] 🌐 Fetching ufc... @ https://live-streaming-eta.vercel.app/js/api.js?v=7:467
[   45140ms] [LOG] 🌐 Fetching football... @ https://live-streaming-eta.vercel.app/js/api.js?v=7:467
[   45146ms] [LOG] 🌐 Fetching cricket... @ https://live-streaming-eta.vercel.app/js/api.js?v=7:467
[   45147ms] [LOG] 🌐 Fetching basketball... @ https://live-streaming-eta.vercel.app/js/api.js?v=7:467
[   45147ms] [LOG] 🌐 Fetching tennis... @ https://live-streaming-eta.vercel.app/js/api.js?v=7:467
[   45153ms] [LOG] 🌐 Fetching mma... @ https://live-streaming-eta.vercel.app/js/api.js?v=7:467
[   45154ms] [LOG] 🌐 Fetching ufc... @ https://live-streaming-eta.vercel.app/js/api.js?v=7:467
[   45155ms] [LOG] 🌐 Fetching football... @ https://live-streaming-eta.vercel.app/js/api.js?v=7:467
[   45157ms] [LOG] 🌐 Fetching cricket... @ https://live-streaming-eta.vercel.app/js/api.js?v=7:467
[   45158ms] [LOG] 🌐 Fetching basketball... @ https://live-streaming-eta.vercel.app/js/api.js?v=7:467
[   45173ms] [LOG] 🌐 Fetching tennis... @ https://live-streaming-eta.vercel.app/js/api.js?v=7:467
[   45174ms] [LOG] 🌐 Fetching mma... @ https://live-streaming-eta.vercel.app/js/api.js?v=7:467
[   45178ms] [LOG] 🌐 Fetching ufc... @ https://live-streaming-eta.vercel.app/js/api.js?v=7:467
[   45178ms] [LOG] 🌐 Fetching football... @ https://live-streaming-eta.vercel.app/js/api.js?v=7:467
[   45181ms] [LOG] 🌐 Fetching cricket... @ https://live-streaming-eta.vercel.app/js/api.js?v=7:467
[   45190ms] [LOG] 🌐 Fetching basketball... @ https://live-streaming-eta.vercel.app/js/api.js?v=7:467
[   45197ms] [LOG] 🌐 Fetching tennis... @ https://live-streaming-eta.vercel.app/js/api.js?v=7:467
[   45207ms] [LOG] 🌐 Fetching mma... @ https://live-streaming-eta.vercel.app/js/api.js?v=7:467
[   45211ms] [LOG] 🌐 Fetching ufc... @ https://live-streaming-eta.vercel.app/js/api.js?v=7:467
[   45213ms] [LOG] 🌐 Fetching football... @ https://live-streaming-eta.vercel.app/js/api.js?v=7:467
[   45218ms] [LOG] 🌐 Fetching cricket... @ https://live-streaming-eta.vercel.app/js/api.js?v=7:467
[   45222ms] [LOG] 🌐 Fetching basketball... @ https://live-streaming-eta.vercel.app/js/api.js?v=7:467
[   45226ms] [LOG] 🌐 Fetching tennis... @ https://live-streaming-eta.vercel.app/js/api.js?v=7:467
[   45227ms] [LOG] 🌐 Fetching mma... @ https://live-streaming-eta.vercel.app/js/api.js?v=7:467
[   45230ms] [LOG] 🌐 Fetching ufc... @ https://live-streaming-eta.vercel.app/js/api.js?v=7:467
[   45369ms] [ERROR] Failed to load resource: the server responded with a status of 400 () @ https://sportscore.com/api/widget/matches/?sport=mma&limit=30:0
[   45370ms] [LOG] ℹ️ mma not available from SportScore API @ https://live-streaming-eta.vercel.app/js/api.js?v=7:471
[   45376ms] [ERROR] Failed to load resource: the server responded with a status of 400 () @ https://sportscore.com/api/widget/matches/?sport=ufc&limit=30:0
[   45383ms] [LOG] ℹ️ ufc not available from SportScore API @ https://live-streaming-eta.vercel.app/js/api.js?v=7:471
[   45593ms] [ERROR] Failed to load resource: the server responded with a status of 400 () @ https://sportscore.com/api/widget/matches/?sport=mma&limit=30:0
[   45594ms] [LOG] ℹ️ mma not available from SportScore API @ https://live-streaming-eta.vercel.app/js/api.js?v=7:471
[   45600ms] [ERROR] Failed to load resource: the server responded with a status of 400 () @ https://sportscore.com/api/widget/matches/?sport=ufc&limit=30:0
[   45600ms] [LOG] ℹ️ ufc not available from SportScore API @ https://live-streaming-eta.vercel.app/js/api.js?v=7:471
[   45866ms] [ERROR] Failed to load resource: the server responded with a status of 400 () @ https://sportscore.com/api/widget/matches/?sport=mma&limit=30:0
[   45867ms] [LOG] ℹ️ mma not available from SportScore API @ https://live-streaming-eta.vercel.app/js/api.js?v=7:471
[   45867ms] [ERROR] Failed to load resource: the server responded with a status of 400 () @ https://sportscore.com/api/widget/matches/?sport=ufc&limit=30:0
[   45867ms] [LOG] ℹ️ ufc not available from SportScore API @ https://live-streaming-eta.vercel.app/js/api.js?v=7:471
[   45955ms] [ERROR] Access to fetch at 'https://api.nfldata.org/v1/games?season=2026&season_type=1' from origin 'https://live-streaming-eta.vercel.app' has been blocked by CORS policy: No 'Access-Control-Allow-Origin' header is present on the requested resource. @ https://live-streaming-eta.vercel.app/cricket/2026-08-19/essex-women-vs-somerset-women:0
[   45955ms] [ERROR] Failed to load resource: net::ERR_FAILED @ https://api.nfldata.org/v1/games?season=2026&season_type=1:0
[   45960ms] [LOG] ℹ️ NFL season type 1 failed: Failed to fetch @ https://live-streaming-eta.vercel.app/js/api.js?v=7:1411
[   45965ms] [ERROR] Failed to load resource: the server responded with a status of 400 () @ https://sportscore.com/api/widget/matches/?sport=mma&limit=30:0
[   45969ms] [LOG] ℹ️ mma not available from SportScore API @ https://live-streaming-eta.vercel.app/js/api.js?v=7:471
[   45973ms] [ERROR] Failed to load resource: the server responded with a status of 400 () @ https://sportscore.com/api/widget/matches/?sport=ufc&limit=30:0
[   45974ms] [LOG] ℹ️ ufc not available from SportScore API @ https://live-streaming-eta.vercel.app/js/api.js?v=7:471
[   46157ms] [LOG] 🔄 Live Agent: refreshing scores... @ https://live-streaming-eta.vercel.app/js/app.js?v=8:906
[   46157ms] [LOG] 🌐 Fetching football... @ https://live-streaming-eta.vercel.app/js/api.js?v=7:467
[   46158ms] [LOG] 🌐 Fetching cricket... @ https://live-streaming-eta.vercel.app/js/api.js?v=7:467
[   46159ms] [LOG] 🌐 Fetching basketball... @ https://live-streaming-eta.vercel.app/js/api.js?v=7:467
[   46160ms] [LOG] 🌐 Fetching tennis... @ https://live-streaming-eta.vercel.app/js/api.js?v=7:467
[   46161ms] [LOG] 🌐 Fetching mma... @ https://live-streaming-eta.vercel.app/js/api.js?v=7:467
[   46162ms] [LOG] 🌐 Fetching ufc... @ https://live-streaming-eta.vercel.app/js/api.js?v=7:467
[   46216ms] [ERROR] Failed to load resource: the server responded with a status of 400 () @ https://sportscore.com/api/widget/matches/?sport=mma&limit=30:0
[   46216ms] [LOG] ℹ️ mma not available from SportScore API @ https://live-streaming-eta.vercel.app/js/api.js?v=7:471
[   46219ms] [ERROR] Failed to load resource: the server responded with a status of 400 () @ https://sportscore.com/api/widget/matches/?sport=ufc&limit=30:0
[   46238ms] [LOG] ℹ️ ufc not available from SportScore API @ https://live-streaming-eta.vercel.app/js/api.js?v=7:471
[   46259ms] [ERROR] Access to fetch at 'https://api.nfldata.org/v1/games?season=2026&season_type=1' from origin 'https://live-streaming-eta.vercel.app' has been blocked by CORS policy: No 'Access-Control-Allow-Origin' header is present on the requested resource. @ https://live-streaming-eta.vercel.app/cricket/2026-08-19/essex-women-vs-somerset-women:0
[   46263ms] [ERROR] Failed to load resource: net::ERR_FAILED @ https://api.nfldata.org/v1/games?season=2026&season_type=1:0
[   46263ms] [LOG] ℹ️ NFL season type 1 failed: Failed to fetch @ https://live-streaming-eta.vercel.app/js/api.js?v=7:1411
[   46287ms] [ERROR] Access to fetch at 'https://api.nfldata.org/v1/games?season=2026&season_type=2' from origin 'https://live-streaming-eta.vercel.app' has been blocked by CORS policy: No 'Access-Control-Allow-Origin' header is present on the requested resource. @ https://live-streaming-eta.vercel.app/cricket/2026-08-19/essex-women-vs-somerset-women:0
[   46288ms] [ERROR] Failed to load resource: net::ERR_FAILED @ https://api.nfldata.org/v1/games?season=2026&season_type=2:0
[   46289ms] [LOG] ℹ️ NFL season type 2 failed: Failed to fetch @ https://live-streaming-eta.vercel.app/js/api.js?v=7:1411
[   46416ms] [ERROR] Failed to load resource: the server responded with a status of 400 () @ https://sportscore.com/api/widget/matches/?sport=ufc&limit=30:0
[   46416ms] [LOG] ℹ️ ufc not available from SportScore API @ https://live-streaming-eta.vercel.app/js/api.js?v=7:471
[   46417ms] [ERROR] Failed to load resource: the server responded with a status of 400 () @ https://sportscore.com/api/widget/matches/?sport=mma&limit=30:0
[   46417ms] [LOG] ℹ️ mma not available from SportScore API @ https://live-streaming-eta.vercel.app/js/api.js?v=7:471
[   46546ms] [ERROR] Failed to load resource: the server responded with a status of 502 () @ https://live-streaming-eta.vercel.app/api/google-cricket:0
[   46550ms] [LOG] ⚠️ Google Cricket failed: Google Cricket HTTP 502 @ https://live-streaming-eta.vercel.app/js/api.js?v=7:1331
[   46586ms] [ERROR] Access to fetch at 'https://api.nfldata.org/v1/games?season=2026&season_type=1' from origin 'https://live-streaming-eta.vercel.app' has been blocked by CORS policy: No 'Access-Control-Allow-Origin' header is present on the requested resource. @ https://live-streaming-eta.vercel.app/cricket/2026-08-19/essex-women-vs-somerset-women:0
[   46592ms] [ERROR] Failed to load resource: net::ERR_FAILED @ https://api.nfldata.org/v1/games?season=2026&season_type=1:0
[   46592ms] [LOG] ℹ️ NFL season type 1 failed: Failed to fetch @ https://live-streaming-eta.vercel.app/js/api.js?v=7:1411
[   46604ms] [ERROR] Access to fetch at 'https://api.nfldata.org/v1/games?season=2026&season_type=2' from origin 'https://live-streaming-eta.vercel.app' has been blocked by CORS policy: No 'Access-Control-Allow-Origin' header is present on the requested resource. @ https://live-streaming-eta.vercel.app/cricket/2026-08-19/essex-women-vs-somerset-women:0
[   46606ms] [ERROR] Failed to load resource: net::ERR_FAILED @ https://api.nfldata.org/v1/games?season=2026&season_type=2:0
[   46607ms] [LOG] ℹ️ NFL season type 2 failed: Failed to fetch @ https://live-streaming-eta.vercel.app/js/api.js?v=7:1411
[   46615ms] [LOG] ✅ ESPN Cricket: 23 matches from 9 series @ https://live-streaming-eta.vercel.app/js/api.js?v=7:1233
[   46625ms] [LOG] ✅ Live Agent: refresh complete @ https://live-streaming-eta.vercel.app/js/app.js?v=8:973
[   46657ms] [ERROR] Access to fetch at 'https://api.nfldata.org/v1/games?season=2026&season_type=3' from origin 'https://live-streaming-eta.vercel.app' has been blocked by CORS policy: No 'Access-Control-Allow-Origin' header is present on the requested resource. @ https://live-streaming-eta.vercel.app/cricket/2026-08-19/essex-women-vs-somerset-women:0
[   46658ms] [ERROR] Failed to load resource: net::ERR_FAILED @ https://api.nfldata.org/v1/games?season=2026&season_type=3:0
[   46659ms] [LOG] ℹ️ NFL season type 3 failed: Failed to fetch @ https://live-streaming-eta.vercel.app/js/api.js?v=7:1411
[   46893ms] [ERROR] Access to fetch at 'https://api.nfldata.org/v1/games?season=2026&season_type=1' from origin 'https://live-streaming-eta.vercel.app' has been blocked by CORS policy: No 'Access-Control-Allow-Origin' header is present on the requested resource. @ https://live-streaming-eta.vercel.app/cricket/2026-08-19/essex-women-vs-somerset-women:0
[   46896ms] [ERROR] Failed to load resource: net::ERR_FAILED @ https://api.nfldata.org/v1/games?season=2026&season_type=1:0
[   46897ms] [LOG] ℹ️ NFL season type 1 failed: Failed to fetch @ https://live-streaming-eta.vercel.app/js/api.js?v=7:1411
[   46983ms] [ERROR] Access to fetch at 'https://api.nfldata.org/v1/games?season=2026&season_type=2' from origin 'https://live-streaming-eta.vercel.app' has been blocked by CORS policy: No 'Access-Control-Allow-Origin' header is present on the requested resource. @ https://live-streaming-eta.vercel.app/cricket/2026-08-19/essex-women-vs-somerset-women:0
[   46984ms] [ERROR] Failed to load resource: net::ERR_FAILED @ https://api.nfldata.org/v1/games?season=2026&season_type=2:0
[   46985ms] [LOG] ℹ️ NFL season type 2 failed: Failed to fetch @ https://live-streaming-eta.vercel.app/js/api.js?v=7:1411
[   46990ms] [ERROR] Access to fetch at 'https://api.nfldata.org/v1/games?season=2026&season_type=3' from origin 'https://live-streaming-eta.vercel.app' has been blocked by CORS policy: No 'Access-Control-Allow-Origin' header is present on the requested resource. @ https://live-streaming-eta.vercel.app/cricket/2026-08-19/essex-women-vs-somerset-women:0
[   46990ms] [ERROR] Failed to load resource: net::ERR_FAILED @ https://api.nfldata.org/v1/games?season=2026&season_type=3:0
[   46991ms] [LOG] ℹ️ NFL season type 3 failed: Failed to fetch @ https://live-streaming-eta.vercel.app/js/api.js?v=7:1411
[   47206ms] [ERROR] Access to fetch at 'https://api.nfldata.org/v1/games?season=2026&season_type=1' from origin 'https://live-streaming-eta.vercel.app' has been blocked by CORS policy: No 'Access-Control-Allow-Origin' header is present on the requested resource. @ https://live-streaming-eta.vercel.app/cricket/2026-08-19/essex-women-vs-somerset-women:0
[   47206ms] [ERROR] Failed to load resource: net::ERR_FAILED @ https://api.nfldata.org/v1/games?season=2026&season_type=1:0
[   47206ms] [LOG] ℹ️ NFL season type 1 failed: Failed to fetch @ https://live-streaming-eta.vercel.app/js/api.js?v=7:1411
[   47287ms] [ERROR] Access to fetch at 'https://api.nfldata.org/v1/games?season=2026&season_type=2' from origin 'https://live-streaming-eta.vercel.app' has been blocked by CORS policy: No 'Access-Control-Allow-Origin' header is present on the requested resource. @ https://live-streaming-eta.vercel.app/cricket/2026-08-19/essex-women-vs-somerset-women:0
[   47288ms] [ERROR] Failed to load resource: net::ERR_FAILED @ https://api.nfldata.org/v1/games?season=2026&season_type=2:0
[   47288ms] [LOG] ℹ️ NFL season type 2 failed: Failed to fetch @ https://live-streaming-eta.vercel.app/js/api.js?v=7:1411
[   47304ms] [ERROR] Access to fetch at 'https://api.nfldata.org/v1/games?season=2026&season_type=3' from origin 'https://live-streaming-eta.vercel.app' has been blocked by CORS policy: No 'Access-Control-Allow-Origin' header is present on the requested resource. @ https://live-streaming-eta.vercel.app/cricket/2026-08-19/essex-women-vs-somerset-women:0
[   47304ms] [ERROR] Failed to load resource: net::ERR_FAILED @ https://api.nfldata.org/v1/games?season=2026&season_type=3:0
[   47305ms] [LOG] ℹ️ NFL season type 3 failed: Failed to fetch @ https://live-streaming-eta.vercel.app/js/api.js?v=7:1411
[   47621ms] [ERROR] Access to fetch at 'https://api.nfldata.org/v1/games?season=2026&season_type=3' from origin 'https://live-streaming-eta.vercel.app' has been blocked by CORS policy: No 'Access-Control-Allow-Origin' header is present on the requested resource. @ https://live-streaming-eta.vercel.app/cricket/2026-08-19/essex-women-vs-somerset-women:0
[   47621ms] [ERROR] Failed to load resource: net::ERR_FAILED @ https://api.nfldata.org/v1/games?season=2026&season_type=3:0
[   47622ms] [LOG] ℹ️ NFL season type 3 failed: Failed to fetch @ https://live-streaming-eta.vercel.app/js/api.js?v=7:1411
[   47642ms] [ERROR] Access to fetch at 'https://api.nfldata.org/v1/games?season=2026&season_type=2' from origin 'https://live-streaming-eta.vercel.app' has been blocked by CORS policy: No 'Access-Control-Allow-Origin' header is present on the requested resource. @ https://live-streaming-eta.vercel.app/cricket/2026-08-19/essex-women-vs-somerset-women:0
[   47642ms] [ERROR] Failed to load resource: net::ERR_FAILED @ https://api.nfldata.org/v1/games?season=2026&season_type=2:0
[   47642ms] [LOG] ℹ️ NFL season type 2 failed: Failed to fetch @ https://live-streaming-eta.vercel.app/js/api.js?v=7:1411
[   47957ms] [ERROR] Access to fetch at 'https://api.nfldata.org/v1/games?season=2026&season_type=3' from origin 'https://live-streaming-eta.vercel.app' has been blocked by CORS policy: No 'Access-Control-Allow-Origin' header is present on the requested resource. @ https://live-streaming-eta.vercel.app/cricket/2026-08-19/essex-women-vs-somerset-women:0
[   47957ms] [ERROR] Failed to load resource: net::ERR_FAILED @ https://api.nfldata.org/v1/games?season=2026&season_type=3:0
[   47957ms] [LOG] ℹ️ NFL season type 3 failed: Failed to fetch @ https://live-streaming-eta.vercel.app/js/api.js?v=7:1411
[   47957ms] [LOG] ✅ Schedule agent: fetched next 60 days @ https://live-streaming-eta.vercel.app/js/api.js?v=7:377
[   51166ms] [LOG] 🔄 Live Agent: refreshing scores... @ https://live-streaming-eta.vercel.app/js/app.js?v=8:906
[   51166ms] [LOG] 🌐 Fetching football... @ https://live-streaming-eta.vercel.app/js/api.js?v=7:467
[   51168ms] [LOG] 🌐 Fetching cricket... @ https://live-streaming-eta.vercel.app/js/api.js?v=7:467
[   51170ms] [LOG] 🌐 Fetching basketball... @ https://live-streaming-eta.vercel.app/js/api.js?v=7:467
[   51171ms] [LOG] 🌐 Fetching tennis... @ https://live-streaming-eta.vercel.app/js/api.js?v=7:467
[   51172ms] [LOG] 🌐 Fetching mma... @ https://live-streaming-eta.vercel.app/js/api.js?v=7:467
[   51173ms] [LOG] 🌐 Fetching ufc... @ https://live-streaming-eta.vercel.app/js/api.js?v=7:467
[   51203ms] [LOG] ✅ ESPN Cricket: 23 matches from 9 series @ https://live-streaming-eta.vercel.app/js/api.js?v=7:1233
[   51388ms] [ERROR] Failed to load resource: the server responded with a status of 400 () @ https://sportscore.com/api/widget/matches/?sport=mma&limit=30:0
[   51388ms] [LOG] ℹ️ mma not available from SportScore API @ https://live-streaming-eta.vercel.app/js/api.js?v=7:471
[   51390ms] [ERROR] Failed to load resource: the server responded with a status of 400 () @ https://sportscore.com/api/widget/matches/?sport=ufc&limit=30:0
[   51390ms] [LOG] ℹ️ ufc not available from SportScore API @ https://live-streaming-eta.vercel.app/js/api.js?v=7:471
[   51510ms] [ERROR] Failed to load resource: the server responded with a status of 502 () @ https://live-streaming-eta.vercel.app/api/google-cricket:0
[   51510ms] [LOG] ⚠️ Google Cricket failed: Google Cricket HTTP 502 @ https://live-streaming-eta.vercel.app/js/api.js?v=7:1331
[   51526ms] [LOG] ✅ Live Agent: refresh complete @ https://live-streaming-eta.vercel.app/js/app.js?v=8:973
[   56156ms] [LOG] 🔄 Live Agent: refreshing scores... @ https://live-streaming-eta.vercel.app/js/app.js?v=8:906
[   56157ms] [LOG] 🌐 Fetching football... @ https://live-streaming-eta.vercel.app/js/api.js?v=7:467
[   56159ms] [LOG] 🌐 Fetching cricket... @ https://live-streaming-eta.vercel.app/js/api.js?v=7:467
[   56160ms] [LOG] 🌐 Fetching basketball... @ https://live-streaming-eta.vercel.app/js/api.js?v=7:467
[   56161ms] [LOG] 🌐 Fetching tennis... @ https://live-streaming-eta.vercel.app/js/api.js?v=7:467
[   56162ms] [LOG] 🌐 Fetching mma... @ https://live-streaming-eta.vercel.app/js/api.js?v=7:467
[   56163ms] [LOG] 🌐 Fetching ufc... @ https://live-streaming-eta.vercel.app/js/api.js?v=7:467
[   56192ms] [LOG] ✅ ESPN Cricket: 23 matches from 9 series @ https://live-streaming-eta.vercel.app/js/api.js?v=7:1233
[   56380ms] [ERROR] Failed to load resource: the server responded with a status of 400 () @ https://sportscore.com/api/widget/matches/?sport=ufc&limit=30:0
[   56380ms] [LOG] ℹ️ ufc not available from SportScore API @ https://live-streaming-eta.vercel.app/js/api.js?v=7:471
[   56381ms] [ERROR] Failed to load resource: the server responded with a status of 400 () @ https://sportscore.com/api/widget/matches/?sport=mma&limit=30:0
[   56381ms] [LOG] ℹ️ mma not available from SportScore API @ https://live-streaming-eta.vercel.app/js/api.js?v=7:471
[   56497ms] [ERROR] Failed to load resource: the server responded with a status of 502 () @ https://live-streaming-eta.vercel.app/api/google-cricket:0
[   56497ms] [LOG] ⚠️ Google Cricket failed: Google Cricket HTTP 502 @ https://live-streaming-eta.vercel.app/js/api.js?v=7:1331
[   56502ms] [LOG] ✅ Live Agent: refresh complete @ https://live-streaming-eta.vercel.app/js/app.js?v=8:973
[   61159ms] [LOG] 🔄 Live Agent: refreshing scores... @ https://live-streaming-eta.vercel.app/js/app.js?v=8:906
[   61159ms] [LOG] 🌐 Fetching football... @ https://live-streaming-eta.vercel.app/js/api.js?v=7:467
[   61162ms] [LOG] 🌐 Fetching cricket... @ https://live-streaming-eta.vercel.app/js/api.js?v=7:467
[   61170ms] [LOG] 🌐 Fetching basketball... @ https://live-streaming-eta.vercel.app/js/api.js?v=7:467
[   61171ms] [LOG] 🌐 Fetching tennis... @ https://live-streaming-eta.vercel.app/js/api.js?v=7:467
[   61173ms] [LOG] 🌐 Fetching mma... @ https://live-streaming-eta.vercel.app/js/api.js?v=7:467
[   61175ms] [LOG] 🌐 Fetching ufc... @ https://live-streaming-eta.vercel.app/js/api.js?v=7:467
[   61383ms] [ERROR] Failed to load resource: the server responded with a status of 400 () @ https://sportscore.com/api/widget/matches/?sport=mma&limit=30:0
[   61383ms] [LOG] ℹ️ mma not available from SportScore API @ https://live-streaming-eta.vercel.app/js/api.js?v=7:471
[   61384ms] [ERROR] Failed to load resource: the server responded with a status of 400 () @ https://sportscore.com/api/widget/matches/?sport=ufc&limit=30:0
[   61384ms] [LOG] ℹ️ ufc not available from SportScore API @ https://live-streaming-eta.vercel.app/js/api.js?v=7:471
[   61519ms] [ERROR] Failed to load resource: the server responded with a status of 502 () @ https://live-streaming-eta.vercel.app/api/google-cricket:0
[   61520ms] [LOG] ⚠️ Google Cricket failed: Google Cricket HTTP 502 @ https://live-streaming-eta.vercel.app/js/api.js?v=7:1331
[   61583ms] [LOG] ✅ ESPN Cricket: 23 matches from 9 series @ https://live-streaming-eta.vercel.app/js/api.js?v=7:1233
[   61592ms] [LOG] ✅ Live Agent: refresh complete @ https://live-streaming-eta.vercel.app/js/app.js?v=8:973
[   66158ms] [LOG] 🔄 Live Agent: refreshing scores... @ https://live-streaming-eta.vercel.app/js/app.js?v=8:906
[   66159ms] [LOG] 🌐 Fetching football... @ https://live-streaming-eta.vercel.app/js/api.js?v=7:467
[   66160ms] [LOG] 🌐 Fetching cricket... @ https://live-streaming-eta.vercel.app/js/api.js?v=7:467
[   66161ms] [LOG] 🌐 Fetching basketball... @ https://live-streaming-eta.vercel.app/js/api.js?v=7:467
[   66166ms] [LOG] 🌐 Fetching tennis... @ https://live-streaming-eta.vercel.app/js/api.js?v=7:467
[   66168ms] [LOG] 🌐 Fetching mma... @ https://live-streaming-eta.vercel.app/js/api.js?v=7:467
[   66169ms] [LOG] 🌐 Fetching ufc... @ https://live-streaming-eta.vercel.app/js/api.js?v=7:467
[   66182ms] [LOG] ✅ ESPN Cricket: 23 matches from 9 series @ https://live-streaming-eta.vercel.app/js/api.js?v=7:1233
[   66377ms] [ERROR] Failed to load resource: the server responded with a status of 400 () @ https://sportscore.com/api/widget/matches/?sport=mma&limit=30:0
[   66378ms] [LOG] ℹ️ mma not available from SportScore API @ https://live-streaming-eta.vercel.app/js/api.js?v=7:471
[   66379ms] [ERROR] Failed to load resource: the server responded with a status of 400 () @ https://sportscore.com/api/widget/matches/?sport=ufc&limit=30:0
[   66379ms] [LOG] ℹ️ ufc not available from SportScore API @ https://live-streaming-eta.vercel.app/js/api.js?v=7:471
[   66493ms] [ERROR] Failed to load resource: the server responded with a status of 502 () @ https://live-streaming-eta.vercel.app/api/google-cricket:0
[   66493ms] [LOG] ⚠️ Google Cricket failed: Google Cricket HTTP 502 @ https://live-streaming-eta.vercel.app/js/api.js?v=7:1331
[   66500ms] [LOG] ✅ Live Agent: refresh complete @ https://live-streaming-eta.vercel.app/js/app.js?v=8:973
[   71156ms] [LOG] 🔄 Live Agent: refreshing scores... @ https://live-streaming-eta.vercel.app/js/app.js?v=8:906
[   71157ms] [LOG] 🌐 Fetching football... @ https://live-streaming-eta.vercel.app/js/api.js?v=7:467
[   71158ms] [LOG] 🌐 Fetching cricket... @ https://live-streaming-eta.vercel.app/js/api.js?v=7:467
[   71160ms] [LOG] 🌐 Fetching basketball... @ https://live-streaming-eta.vercel.app/js/api.js?v=7:467
[   71163ms] [LOG] 🌐 Fetching tennis... @ https://live-streaming-eta.vercel.app/js/api.js?v=7:467
[   71165ms] [LOG] 🌐 Fetching mma... @ https://live-streaming-eta.vercel.app/js/api.js?v=7:467
[   71167ms] [LOG] 🌐 Fetching ufc... @ https://live-streaming-eta.vercel.app/js/api.js?v=7:467
[   71183ms] [LOG] ✅ ESPN Cricket: 23 matches from 9 series @ https://live-streaming-eta.vercel.app/js/api.js?v=7:1233
[   71365ms] [ERROR] Access to fetch at 'https://sportscore.com/api/widget/matches/?sport=mma&limit=30' from origin 'https://live-streaming-eta.vercel.app' has been blocked by CORS policy: No 'Access-Control-Allow-Origin' header is present on the requested resource. @ https://live-streaming-eta.vercel.app/cricket/2026-08-19/essex-women-vs-somerset-women:0
[   71366ms] [ERROR] Failed to load resource: net::ERR_FAILED @ https://sportscore.com/api/widget/matches/?sport=mma&limit=30:0
[   71373ms] [LOG] ℹ️ mma: Failed to fetch @ https://live-streaming-eta.vercel.app/js/api.js?v=7:478
[   71375ms] [ERROR] Access to fetch at 'https://sportscore.com/api/widget/matches/?sport=ufc&limit=30' from origin 'https://live-streaming-eta.vercel.app' has been blocked by CORS policy: No 'Access-Control-Allow-Origin' header is present on the requested resource. @ https://live-streaming-eta.vercel.app/cricket/2026-08-19/essex-women-vs-somerset-women:0
[   71379ms] [ERROR] Failed to load resource: net::ERR_FAILED @ https://sportscore.com/api/widget/matches/?sport=ufc&limit=30:0
[   71379ms] [LOG] ℹ️ ufc: Failed to fetch @ https://live-streaming-eta.vercel.app/js/api.js?v=7:478
[   71493ms] [ERROR] Failed to load resource: the server responded with a status of 502 () @ https://live-streaming-eta.vercel.app/api/google-cricket:0
[   71494ms] [LOG] ⚠️ Google Cricket failed: Google Cricket HTTP 502 @ https://live-streaming-eta.vercel.app/js/api.js?v=7:1331
[   71507ms] [LOG] ✅ Live Agent: refresh complete @ https://live-streaming-eta.vercel.app/js/app.js?v=8:973
[   76168ms] [LOG] 🔄 Live Agent: refreshing scores... @ https://live-streaming-eta.vercel.app/js/app.js?v=8:906
[   76169ms] [LOG] 🌐 Fetching football... @ https://live-streaming-eta.vercel.app/js/api.js?v=7:467
[   76169ms] [LOG] 🌐 Fetching cricket... @ https://live-streaming-eta.vercel.app/js/api.js?v=7:467
[   76170ms] [LOG] 🌐 Fetching basketball... @ https://live-streaming-eta.vercel.app/js/api.js?v=7:467
[   76171ms] [LOG] 🌐 Fetching tennis... @ https://live-streaming-eta.vercel.app/js/api.js?v=7:467
[   76172ms] [LOG] 🌐 Fetching mma... @ https://live-streaming-eta.vercel.app/js/api.js?v=7:467
[   76172ms] [LOG] 🌐 Fetching ufc... @ https://live-streaming-eta.vercel.app/js/api.js?v=7:467
[   76377ms] [ERROR] Failed to load resource: the server responded with a status of 400 () @ https://sportscore.com/api/widget/matches/?sport=mma&limit=30:0
[   76377ms] [LOG] ℹ️ mma not available from SportScore API @ https://live-streaming-eta.vercel.app/js/api.js?v=7:471
[   76389ms] [ERROR] Failed to load resource: the server responded with a status of 400 () @ https://sportscore.com/api/widget/matches/?sport=ufc&limit=30:0
[   76389ms] [LOG] ℹ️ ufc not available from SportScore API @ https://live-streaming-eta.vercel.app/js/api.js?v=7:471
[   76480ms] [ERROR] Failed to load resource: the server responded with a status of 502 () @ https://live-streaming-eta.vercel.app/api/google-cricket:0
[   76480ms] [LOG] ⚠️ Google Cricket failed: Google Cricket HTTP 502 @ https://live-streaming-eta.vercel.app/js/api.js?v=7:1331
[   76571ms] [LOG] ✅ ESPN Cricket: 23 matches from 9 series @ https://live-streaming-eta.vercel.app/js/api.js?v=7:1233
[   76574ms] [LOG] ✅ Live Agent: refresh complete @ https://live-streaming-eta.vercel.app/js/app.js?v=8:973
[   81165ms] [LOG] 🔄 Live Agent: refreshing scores... @ https://live-streaming-eta.vercel.app/js/app.js?v=8:906
[   81166ms] [LOG] 🌐 Fetching football... @ https://live-streaming-eta.vercel.app/js/api.js?v=7:467
[   81167ms] [LOG] 🌐 Fetching cricket... @ https://live-streaming-eta.vercel.app/js/api.js?v=7:467
[   81169ms] [LOG] 🌐 Fetching basketball... @ https://live-streaming-eta.vercel.app/js/api.js?v=7:467
[   81170ms] [LOG] 🌐 Fetching tennis... @ https://live-streaming-eta.vercel.app/js/api.js?v=7:467
[   81171ms] [LOG] 🌐 Fetching mma... @ https://live-streaming-eta.vercel.app/js/api.js?v=7:467
[   81172ms] [LOG] 🌐 Fetching ufc... @ https://live-streaming-eta.vercel.app/js/api.js?v=7:467
[   81203ms] [LOG] ✅ ESPN Cricket: 23 matches from 9 series @ https://live-streaming-eta.vercel.app/js/api.js?v=7:1233
[   81493ms] [ERROR] Failed to load resource: the server responded with a status of 502 () @ https://live-streaming-eta.vercel.app/api/google-cricket:0
[   81494ms] [LOG] ⚠️ Google Cricket failed: Google Cricket HTTP 502 @ https://live-streaming-eta.vercel.app/js/api.js?v=7:1331
[   82126ms] [ERROR] Failed to load resource: the server responded with a status of 400 () @ https://sportscore.com/api/widget/matches/?sport=mma&limit=30:0
[   82127ms] [LOG] ℹ️ mma not available from SportScore API @ https://live-streaming-eta.vercel.app/js/api.js?v=7:471
[   82130ms] [ERROR] Failed to load resource: the server responded with a status of 400 () @ https://sportscore.com/api/widget/matches/?sport=ufc&limit=30:0
[   82130ms] [LOG] ℹ️ ufc not available from SportScore API @ https://live-streaming-eta.vercel.app/js/api.js?v=7:471
[   82143ms] [LOG] ✅ Live Agent: refresh complete @ https://live-streaming-eta.vercel.app/js/app.js?v=8:973
[   86160ms] [LOG] 🔄 Live Agent: refreshing scores... @ https://live-streaming-eta.vercel.app/js/app.js?v=8:906
[   86160ms] [LOG] 🌐 Fetching football... @ https://live-streaming-eta.vercel.app/js/api.js?v=7:467
[   86161ms] [LOG] 🌐 Fetching cricket... @ https://live-streaming-eta.vercel.app/js/api.js?v=7:467
[   86166ms] [LOG] 🌐 Fetching basketball... @ https://live-streaming-eta.vercel.app/js/api.js?v=7:467
[   86169ms] [LOG] 🌐 Fetching tennis... @ https://live-streaming-eta.vercel.app/js/api.js?v=7:467
[   86172ms] [LOG] 🌐 Fetching mma... @ https://live-streaming-eta.vercel.app/js/api.js?v=7:467
[   86175ms] [LOG] 🌐 Fetching ufc... @ https://live-streaming-eta.vercel.app/js/api.js?v=7:467
[   86378ms] [ERROR] Failed to load resource: the server responded with a status of 400 () @ https://sportscore.com/api/widget/matches/?sport=ufc&limit=30:0
[   86378ms] [LOG] ℹ️ ufc not available from SportScore API @ https://live-streaming-eta.vercel.app/js/api.js?v=7:471
[   86381ms] [ERROR] Failed to load resource: the server responded with a status of 400 () @ https://sportscore.com/api/widget/matches/?sport=mma&limit=30:0
[   86381ms] [LOG] ℹ️ mma not available from SportScore API @ https://live-streaming-eta.vercel.app/js/api.js?v=7:471
[   86493ms] [ERROR] Failed to load resource: the server responded with a status of 502 () @ https://live-streaming-eta.vercel.app/api/google-cricket:0
[   86493ms] [LOG] ⚠️ Google Cricket failed: Google Cricket HTTP 502 @ https://live-streaming-eta.vercel.app/js/api.js?v=7:1331
[   86575ms] [LOG] ✅ ESPN Cricket: 23 matches from 9 series @ https://live-streaming-eta.vercel.app/js/api.js?v=7:1233
[   86586ms] [LOG] ✅ Live Agent: refresh complete @ https://live-streaming-eta.vercel.app/js/app.js?v=8:973
[   91166ms] [LOG] 🔄 Live Agent: refreshing scores... @ https://live-streaming-eta.vercel.app/js/app.js?v=8:906
[   91166ms] [LOG] 🌐 Fetching football... @ https://live-streaming-eta.vercel.app/js/api.js?v=7:467
[   91167ms] [LOG] 🌐 Fetching cricket... @ https://live-streaming-eta.vercel.app/js/api.js?v=7:467
[   91168ms] [LOG] 🌐 Fetching basketball... @ https://live-streaming-eta.vercel.app/js/api.js?v=7:467
[   91172ms] [LOG] 🌐 Fetching tennis... @ https://live-streaming-eta.vercel.app/js/api.js?v=7:467
[   91175ms] [LOG] 🌐 Fetching mma... @ https://live-streaming-eta.vercel.app/js/api.js?v=7:467
[   91177ms] [LOG] 🌐 Fetching ufc... @ https://live-streaming-eta.vercel.app/js/api.js?v=7:467
[   91190ms] [LOG] ✅ ESPN Cricket: 23 matches from 9 series @ https://live-streaming-eta.vercel.app/js/api.js?v=7:1233
[   91393ms] [ERROR] Failed to load resource: the server responded with a status of 400 () @ https://sportscore.com/api/widget/matches/?sport=ufc&limit=30:0
[   91393ms] [LOG] ℹ️ ufc not available from SportScore API @ https://live-streaming-eta.vercel.app/js/api.js?v=7:471
[   91396ms] [ERROR] Failed to load resource: the server responded with a status of 400 () @ https://sportscore.com/api/widget/matches/?sport=mma&limit=30:0
[   91397ms] [LOG] ℹ️ mma not available from SportScore API @ https://live-streaming-eta.vercel.app/js/api.js?v=7:471
[   91506ms] [ERROR] Failed to load resource: the server responded with a status of 502 () @ https://live-streaming-eta.vercel.app/api/google-cricket:0
[   91507ms] [LOG] ⚠️ Google Cricket failed: Google Cricket HTTP 502 @ https://live-streaming-eta.vercel.app/js/api.js?v=7:1331
[   91522ms] [LOG] ✅ Live Agent: refresh complete @ https://live-streaming-eta.vercel.app/js/app.js?v=8:973
[   96155ms] [LOG] 🔄 Live Agent: refreshing scores... @ https://live-streaming-eta.vercel.app/js/app.js?v=8:906
[   96156ms] [LOG] 🌐 Fetching football... @ https://live-streaming-eta.vercel.app/js/api.js?v=7:467
[   96157ms] [LOG] 🌐 Fetching cricket... @ https://live-streaming-eta.vercel.app/js/api.js?v=7:467
[   96161ms] [LOG] 🌐 Fetching basketball... @ https://live-streaming-eta.vercel.app/js/api.js?v=7:467
[   96166ms] [LOG] 🌐 Fetching tennis... @ https://live-streaming-eta.vercel.app/js/api.js?v=7:467
[   96168ms] [LOG] 🌐 Fetching mma... @ https://live-streaming-eta.vercel.app/js/api.js?v=7:467
[   96170ms] [LOG] 🌐 Fetching ufc... @ https://live-streaming-eta.vercel.app/js/api.js?v=7:467
[   96382ms] [ERROR] Failed to load resource: the server responded with a status of 400 () @ https://sportscore.com/api/widget/matches/?sport=mma&limit=30:0
[   96382ms] [LOG] ℹ️ mma not available from SportScore API @ https://live-streaming-eta.vercel.app/js/api.js?v=7:471
[   96387ms] [ERROR] Failed to load resource: the server responded with a status of 400 () @ https://sportscore.com/api/widget/matches/?sport=ufc&limit=30:0
[   96387ms] [LOG] ℹ️ ufc not available from SportScore API @ https://live-streaming-eta.vercel.app/js/api.js?v=7:471
[   96536ms] [ERROR] Failed to load resource: the server responded with a status of 502 () @ https://live-streaming-eta.vercel.app/api/google-cricket:0
[   96536ms] [LOG] ⚠️ Google Cricket failed: Google Cricket HTTP 502 @ https://live-streaming-eta.vercel.app/js/api.js?v=7:1331
[   96580ms] [LOG] ✅ ESPN Cricket: 23 matches from 9 series @ https://live-streaming-eta.vercel.app/js/api.js?v=7:1233
[   96590ms] [LOG] ✅ Live Agent: refresh complete @ https://live-streaming-eta.vercel.app/js/app.js?v=8:973
[  101171ms] [LOG] 🔄 Live Agent: refreshing scores... @ https://live-streaming-eta.vercel.app/js/app.js?v=8:906
[  101171ms] [LOG] 🌐 Fetching football... @ https://live-streaming-eta.vercel.app/js/api.js?v=7:467
[  101172ms] [LOG] 🌐 Fetching cricket... @ https://live-streaming-eta.vercel.app/js/api.js?v=7:467
[  101175ms] [LOG] 🌐 Fetching basketball... @ https://live-streaming-eta.vercel.app/js/api.js?v=7:467
[  101178ms] [LOG] 🌐 Fetching tennis... @ https://live-streaming-eta.vercel.app/js/api.js?v=7:467
[  101188ms] [LOG] 🌐 Fetching mma... @ https://live-streaming-eta.vercel.app/js/api.js?v=7:467
[  101190ms] [LOG] 🌐 Fetching ufc... @ https://live-streaming-eta.vercel.app/js/api.js?v=7:467
[  101234ms] [LOG] ✅ ESPN Cricket: 23 matches from 9 series @ https://live-streaming-eta.vercel.app/js/api.js?v=7:1233
[  101417ms] [ERROR] Failed to load resource: the server responded with a status of 400 () @ https://sportscore.com/api/widget/matches/?sport=mma&limit=30:0
[  101418ms] [LOG] ℹ️ mma not available from SportScore API @ https://live-streaming-eta.vercel.app/js/api.js?v=7:471
[  101428ms] [ERROR] Failed to load resource: the server responded with a status of 400 () @ https://sportscore.com/api/widget/matches/?sport=ufc&limit=30:0
[  101428ms] [LOG] ℹ️ ufc not available from SportScore API @ https://live-streaming-eta.vercel.app/js/api.js?v=7:471
[  101556ms] [ERROR] Failed to load resource: the server responded with a status of 502 () @ https://live-streaming-eta.vercel.app/api/google-cricket:0
[  101557ms] [LOG] ⚠️ Google Cricket failed: Google Cricket HTTP 502 @ https://live-streaming-eta.vercel.app/js/api.js?v=7:1331
[  101569ms] [LOG] ✅ Live Agent: refresh complete @ https://live-streaming-eta.vercel.app/js/app.js?v=8:973
[  106158ms] [LOG] 🔄 Live Agent: refreshing scores... @ https://live-streaming-eta.vercel.app/js/app.js?v=8:906
[  106160ms] [LOG] 🌐 Fetching football... @ https://live-streaming-eta.vercel.app/js/api.js?v=7:467
[  106162ms] [LOG] 🌐 Fetching cricket... @ https://live-streaming-eta.vercel.app/js/api.js?v=7:467
[  106167ms] [LOG] 🌐 Fetching basketball... @ https://live-streaming-eta.vercel.app/js/api.js?v=7:467
[  106169ms] [LOG] 🌐 Fetching tennis... @ https://live-streaming-eta.vercel.app/js/api.js?v=7:467
[  106170ms] [LOG] 🌐 Fetching mma... @ https://live-streaming-eta.vercel.app/js/api.js?v=7:467
[  106173ms] [LOG] 🌐 Fetching ufc... @ https://live-streaming-eta.vercel.app/js/api.js?v=7:467
[  106185ms] [LOG] ✅ ESPN Cricket: 23 matches from 9 series @ https://live-streaming-eta.vercel.app/js/api.js?v=7:1233
[  106375ms] [ERROR] Failed to load resource: the server responded with a status of 400 () @ https://sportscore.com/api/widget/matches/?sport=ufc&limit=30:0
[  106376ms] [LOG] ℹ️ ufc not available from SportScore API @ https://live-streaming-eta.vercel.app/js/api.js?v=7:471
[  106377ms] [ERROR] Failed to load resource: the server responded with a status of 400 () @ https://sportscore.com/api/widget/matches/?sport=mma&limit=30:0
[  106377ms] [LOG] ℹ️ mma not available from SportScore API @ https://live-streaming-eta.vercel.app/js/api.js?v=7:471
[  106489ms] [ERROR] Failed to load resource: the server responded with a status of 502 () @ https://live-streaming-eta.vercel.app/api/google-cricket:0
[  106490ms] [LOG] ⚠️ Google Cricket failed: Google Cricket HTTP 502 @ https://live-streaming-eta.vercel.app/js/api.js?v=7:1331
[  106571ms] [LOG] ✅ Live Agent: refresh complete @ https://live-streaming-eta.vercel.app/js/app.js?v=8:973
[  111163ms] [LOG] 🔄 Live Agent: refreshing scores... @ https://live-streaming-eta.vercel.app/js/app.js?v=8:906
[  111163ms] [LOG] 🌐 Fetching football... @ https://live-streaming-eta.vercel.app/js/api.js?v=7:467
[  111165ms] [LOG] 🌐 Fetching cricket... @ https://live-streaming-eta.vercel.app/js/api.js?v=7:467
[  111166ms] [LOG] 🌐 Fetching basketball... @ https://live-streaming-eta.vercel.app/js/api.js?v=7:467
[  111167ms] [LOG] 🌐 Fetching tennis... @ https://live-streaming-eta.vercel.app/js/api.js?v=7:467
[  111169ms] [LOG] 🌐 Fetching mma... @ https://live-streaming-eta.vercel.app/js/api.js?v=7:467
[  111169ms] [LOG] 🌐 Fetching ufc... @ https://live-streaming-eta.vercel.app/js/api.js?v=7:467
[  111370ms] [ERROR] Failed to load resource: the server responded with a status of 400 () @ https://sportscore.com/api/widget/matches/?sport=mma&limit=30:0
[  111370ms] [LOG] ℹ️ mma not available from SportScore API @ https://live-streaming-eta.vercel.app/js/api.js?v=7:471
[  111371ms] [ERROR] Failed to load resource: the server responded with a status of 400 () @ https://sportscore.com/api/widget/matches/?sport=ufc&limit=30:0
[  111371ms] [LOG] ℹ️ ufc not available from SportScore API @ https://live-streaming-eta.vercel.app/js/api.js?v=7:471
[  111496ms] [ERROR] Failed to load resource: the server responded with a status of 502 () @ https://live-streaming-eta.vercel.app/api/google-cricket:0
[  111496ms] [LOG] ⚠️ Google Cricket failed: Google Cricket HTTP 502 @ https://live-streaming-eta.vercel.app/js/api.js?v=7:1331
[  111562ms] [LOG] ✅ ESPN Cricket: 23 matches from 9 series @ https://live-streaming-eta.vercel.app/js/api.js?v=7:1233
[  111568ms] [LOG] ✅ Live Agent: refresh complete @ https://live-streaming-eta.vercel.app/js/app.js?v=8:973
[  116157ms] [LOG] 🔄 Live Agent: refreshing scores... @ https://live-streaming-eta.vercel.app/js/app.js?v=8:906
[  116157ms] [LOG] 🌐 Fetching football... @ https://live-streaming-eta.vercel.app/js/api.js?v=7:467
[  116158ms] [LOG] 🌐 Fetching cricket... @ https://live-streaming-eta.vercel.app/js/api.js?v=7:467
[  116160ms] [LOG] 🌐 Fetching basketball... @ https://live-streaming-eta.vercel.app/js/api.js?v=7:467
[  116161ms] [LOG] 🌐 Fetching tennis... @ https://live-streaming-eta.vercel.app/js/api.js?v=7:467
[  116162ms] [LOG] 🌐 Fetching mma... @ https://live-streaming-eta.vercel.app/js/api.js?v=7:467
[  116163ms] [LOG] 🌐 Fetching ufc... @ https://live-streaming-eta.vercel.app/js/api.js?v=7:467
[  116189ms] [LOG] ✅ ESPN Cricket: 23 matches from 9 series @ https://live-streaming-eta.vercel.app/js/api.js?v=7:1233
[  116428ms] [ERROR] Failed to load resource: the server responded with a status of 400 () @ https://sportscore.com/api/widget/matches/?sport=mma&limit=30:0
[  116429ms] [LOG] ℹ️ mma not available from SportScore API @ https://live-streaming-eta.vercel.app/js/api.js?v=7:471
[  116430ms] [ERROR] Failed to load resource: the server responded with a status of 400 () @ https://sportscore.com/api/widget/matches/?sport=ufc&limit=30:0
[  116430ms] [LOG] ℹ️ ufc not available from SportScore API @ https://live-streaming-eta.vercel.app/js/api.js?v=7:471
[  116654ms] [ERROR] Failed to load resource: the server responded with a status of 502 () @ https://live-streaming-eta.vercel.app/api/google-cricket:0
[  116655ms] [LOG] ⚠️ Google Cricket failed: Google Cricket HTTP 502 @ https://live-streaming-eta.vercel.app/js/api.js?v=7:1331
[  116670ms] [LOG] ✅ Live Agent: refresh complete @ https://live-streaming-eta.vercel.app/js/app.js?v=8:973
