[     285ms] [LOG] 🌐 Fetching football... @ https://live-streaming-eta.vercel.app/js/api.js?v=7:467
[     286ms] [LOG] 🌐 Fetching cricket... @ https://live-streaming-eta.vercel.app/js/api.js?v=7:467
[     287ms] [LOG] 🌐 Fetching basketball... @ https://live-streaming-eta.vercel.app/js/api.js?v=7:467
[     287ms] [LOG] 🌐 Fetching tennis... @ https://live-streaming-eta.vercel.app/js/api.js?v=7:467
[     288ms] [LOG] 🌐 Fetching mma... @ https://live-streaming-eta.vercel.app/js/api.js?v=7:467
[     288ms] [LOG] 🌐 Fetching ufc... @ https://live-streaming-eta.vercel.app/js/api.js?v=7:467
[     293ms] [LOG] 🌐 Fetching football... @ https://live-streaming-eta.vercel.app/js/api.js?v=7:467
[     294ms] [LOG] 🌐 Fetching cricket... @ https://live-streaming-eta.vercel.app/js/api.js?v=7:467
[     295ms] [LOG] 🌐 Fetching basketball... @ https://live-streaming-eta.vercel.app/js/api.js?v=7:467
[     295ms] [LOG] 🌐 Fetching tennis... @ https://live-streaming-eta.vercel.app/js/api.js?v=7:467
[     296ms] [LOG] 🌐 Fetching mma... @ https://live-streaming-eta.vercel.app/js/api.js?v=7:467
[     296ms] [LOG] 🌐 Fetching ufc... @ https://live-streaming-eta.vercel.app/js/api.js?v=7:467
[     573ms] [LOG] ✅ ESPN Cricket: 23 matches from 9 series @ https://live-streaming-eta.vercel.app/js/api.js?v=7:1233
[     577ms] [LOG] ✅ ESPN Cricket: 23 matches from 9 series @ https://live-streaming-eta.vercel.app/js/api.js?v=7:1233
[     580ms] [ERROR] Failed to load resource: the server responded with a status of 400 () @ https://sportscore.com/api/widget/matches/?sport=mma&limit=30:0
[     581ms] [LOG] ℹ️ mma not available from SportScore API @ https://live-streaming-eta.vercel.app/js/api.js?v=7:471
[     581ms] [ERROR] Failed to load resource: the server responded with a status of 400 () @ https://sportscore.com/api/widget/matches/?sport=ufc&limit=30:0
[     581ms] [LOG] ℹ️ ufc not available from SportScore API @ https://live-streaming-eta.vercel.app/js/api.js?v=7:471
[     582ms] [WARNING] <meta name="apple-mobile-web-app-capable" content="yes"> is deprecated. Please include <meta name="mobile-web-app-capable" content="yes"> @ https://live-streaming-eta.vercel.app/cricket/2026-08-19:0
[     714ms] [ERROR] Failed to load resource: the server responded with a status of 502 () @ https://live-streaming-eta.vercel.app/api/google-cricket:0
[     715ms] [LOG] ⚠️ Google Cricket failed: Google Cricket HTTP 502 @ https://live-streaming-eta.vercel.app/js/api.js?v=7:1331
[     875ms] [ERROR] Failed to load resource: the server responded with a status of 400 () @ https://sportscore.com/api/widget/matches/?sport=mma&limit=30:0
[     875ms] [LOG] ℹ️ mma not available from SportScore API @ https://live-streaming-eta.vercel.app/js/api.js?v=7:471
[     889ms] [ERROR] Failed to load resource: the server responded with a status of 400 () @ https://sportscore.com/api/widget/matches/?sport=ufc&limit=30:0
[     889ms] [LOG] ℹ️ ufc not available from SportScore API @ https://live-streaming-eta.vercel.app/js/api.js?v=7:471
[     979ms] [ERROR] Failed to load resource: the server responded with a status of 502 () @ https://live-streaming-eta.vercel.app/api/google-cricket:0
[     980ms] [LOG] ⚠️ Google Cricket failed: Google Cricket HTTP 502 @ https://live-streaming-eta.vercel.app/js/api.js?v=7:1331
[    1018ms] [ERROR] Failed to load resource: the server responded with a status of 500 () @ https://live-streaming-eta.vercel.app/api/thesportsdb?path=searchteams.php&t=Saint%20Kitts%20%26%20Nevis%20Patriots:0
[    1055ms] [ERROR] Failed to load resource: the server responded with a status of 500 () @ https://live-streaming-eta.vercel.app/api/thesportsdb?path=searchteams.php&t=International%20Cc%20Brussels:0
[    1170ms] [ERROR] Failed to load resource: the server responded with a status of 500 () @ https://live-streaming-eta.vercel.app/api/thesportsdb?path=searchteams.php&t=Leo%20Cc:0
[    1172ms] [ERROR] Failed to load resource: the server responded with a status of 500 () @ https://live-streaming-eta.vercel.app/api/thesportsdb?path=searchteams.php&t=Jamaica%20Kingsmen:0
[    1173ms] [ERROR] Failed to load resource: the server responded with a status of 500 () @ https://live-streaming-eta.vercel.app/api/thesportsdb?path=searchteams.php&t=Kandy%20Customs%20Cc:0
[    1175ms] [ERROR] Failed to load resource: the server responded with a status of 500 () @ https://live-streaming-eta.vercel.app/api/thesportsdb?path=searchteams.php&t=The%20Blaze%20Women:0
[    1235ms] [ERROR] Failed to load resource: the server responded with a status of 500 () @ https://live-streaming-eta.vercel.app/api/thesportsdb?path=searchteams.php&t=Guwahati%20Royals:0
[    1290ms] [ERROR] Failed to load resource: the server responded with a status of 500 () @ https://live-streaming-eta.vercel.app/api/thesportsdb?path=searchteams.php&t=Ostend%20Cc:0
[    1324ms] [ERROR] Failed to load resource: the server responded with a status of 500 () @ https://live-streaming-eta.vercel.app/api/thesportsdb?path=searchteams.php&t=Mechelen%20Eagles%20Cc:0
[    1334ms] [ERROR] Failed to load resource: the server responded with a status of 500 () @ https://live-streaming-eta.vercel.app/api/thesportsdb?path=searchteams.php&t=Yorkshire%20Women:0
[    1354ms] [ERROR] Failed to load resource: the server responded with a status of 500 () @ https://live-streaming-eta.vercel.app/api/thesportsdb?path=searchteams.php&t=Kurunegala%20SC:0
[    1357ms] [ERROR] Failed to load resource: the server responded with a status of 500 () @ https://live-streaming-eta.vercel.app/api/thesportsdb?path=searchteams.php&t=South%20Delhi%20Superstarz:0
[    1358ms] [ERROR] Failed to load resource: the server responded with a status of 500 () @ https://live-streaming-eta.vercel.app/api/thesportsdb?path=searchteams.php&t=Hampshire%20Women:0
[    1368ms] [ERROR] Failed to load resource: the server responded with a status of 500 () @ https://live-streaming-eta.vercel.app/api/thesportsdb?path=searchteams.php&t=New%20Delhi%20Tigers:0
[    1370ms] [ERROR] Failed to load resource: the server responded with a status of 500 () @ https://live-streaming-eta.vercel.app/api/thesportsdb?path=searchteams.php&t=North%20Delhi%20Strikers:0
[    1376ms] [ERROR] Failed to load resource: the server responded with a status of 500 () @ https://live-streaming-eta.vercel.app/api/thesportsdb?path=searchteams.php&t=Meerut%20Mavericks:0
[    1381ms] [ERROR] Failed to load resource: the server responded with a status of 500 () @ https://live-streaming-eta.vercel.app/api/thesportsdb?path=searchteams.php&t=Somerset%20Women:0
[    1383ms] [ERROR] Failed to load resource: the server responded with a status of 500 () @ https://live-streaming-eta.vercel.app/api/thesportsdb?path=searchteams.php&t=Jorhat%20Stallions:0
[    1393ms] [ERROR] Failed to load resource: the server responded with a status of 500 () @ https://live-streaming-eta.vercel.app/api/thesportsdb?path=searchteams.php&t=Warwickshire%20Women:0
[    1396ms] [ERROR] Failed to load resource: the server responded with a status of 500 () @ https://live-streaming-eta.vercel.app/api/thesportsdb?path=searchteams.php&t=Rhinos%20Women:0
[    1402ms] [ERROR] Failed to load resource: the server responded with a status of 500 () @ https://live-streaming-eta.vercel.app/api/thesportsdb?path=searchteams.php&t=Barpeta%20Braves:0
[    1406ms] [ERROR] Failed to load resource: the server responded with a status of 500 () @ https://live-streaming-eta.vercel.app/api/thesportsdb?path=searchteams.php&t=Ragama%20CC:0
[    1418ms] [ERROR] Failed to load resource: the server responded with a status of 500 () @ https://live-streaming-eta.vercel.app/api/thesportsdb?path=searchteams.php&t=Essex%20Women:0
[    1419ms] [ERROR] Failed to load resource: the server responded with a status of 500 () @ https://live-streaming-eta.vercel.app/api/thesportsdb?path=searchteams.php&t=Kabul%20Zalmi:0
[    1423ms] [ERROR] Failed to load resource: the server responded with a status of 500 () @ https://live-streaming-eta.vercel.app/api/thesportsdb?path=searchteams.php&t=CA%20Banfield:0
[    1431ms] [ERROR] Failed to load resource: the server responded with a status of 500 () @ https://live-streaming-eta.vercel.app/api/thesportsdb?path=searchteams.php&t=West%20Delhi%20Lions:0
[    1441ms] [ERROR] Failed to load resource: the server responded with a status of 500 () @ https://live-streaming-eta.vercel.app/api/thesportsdb?path=searchteams.php&t=The%20Strongest:0
[    1442ms] [ERROR] Failed to load resource: the server responded with a status of 500 () @ https://live-streaming-eta.vercel.app/api/thesportsdb?path=searchteams.php&t=Estudiantes%20La%20Plata:0
[    1442ms] [ERROR] Failed to load resource: the server responded with a status of 500 () @ https://live-streaming-eta.vercel.app/api/thesportsdb?path=searchteams.php&t=Gent:0
[    1442ms] [ERROR] Failed to load resource: the server responded with a status of 500 () @ https://live-streaming-eta.vercel.app/api/thesportsdb?path=searchteams.php&t=Green%20Shield%20FC:0
[    1450ms] [ERROR] Failed to load resource: the server responded with a status of 500 () @ https://live-streaming-eta.vercel.app/api/thesportsdb?path=searchteams.php&t=Abasin%20Defenders:0
[    1451ms] [ERROR] Failed to load resource: the server responded with a status of 500 () @ https://live-streaming-eta.vercel.app/api/thesportsdb?path=searchteams.php&t=S%C3%A3o%20Paulo%20-%20SP:0
[    1454ms] [ERROR] Failed to load resource: the server responded with a status of 500 () @ https://live-streaming-eta.vercel.app/api/thesportsdb?path=searchteams.php&t=Surrey%20Women:0
[    1456ms] [ERROR] Failed to load resource: the server responded with a status of 500 () @ https://live-streaming-eta.vercel.app/api/thesportsdb?path=searchteams.php&t=Ceara:0
[    1460ms] [ERROR] Failed to load resource: the server responded with a status of 500 () @ https://live-streaming-eta.vercel.app/api/thesportsdb?path=searchteams.php&t=Speenghar%20Warriors:0
[    1461ms] [ERROR] Failed to load resource: the server responded with a status of 500 () @ https://live-streaming-eta.vercel.app/api/thesportsdb?path=searchteams.php&t=Univ%20Catolica:0
[    1466ms] [ERROR] Failed to load resource: the server responded with a status of 500 () @ https://live-streaming-eta.vercel.app/api/thesportsdb?path=searchteams.php&t=Charaideo%20Sunrisers:0
[    1469ms] [ERROR] Failed to load resource: the server responded with a status of 500 () @ https://live-streaming-eta.vercel.app/api/thesportsdb?path=searchteams.php&t=Lucknow%20Falcons:0
[    1476ms] [ERROR] Failed to load resource: the server responded with a status of 500 () @ https://live-streaming-eta.vercel.app/api/thesportsdb?path=searchteams.php&t=Nautico%20(PE):0
[    1476ms] [ERROR] Failed to load resource: the server responded with a status of 500 () @ https://live-streaming-eta.vercel.app/api/thesportsdb?path=searchteams.php&t=Independiente%20del%20Valle:0
[    1476ms] [ERROR] Failed to load resource: the server responded with a status of 500 () @ https://live-streaming-eta.vercel.app/api/thesportsdb?path=searchteams.php&t=Durham%20Women:0
[    1482ms] [ERROR] Failed to load resource: the server responded with a status of 500 () @ https://live-streaming-eta.vercel.app/api/thesportsdb?path=searchteams.php&t=Dindigul%20Dragons:0
[    1483ms] [ERROR] Failed to load resource: the server responded with a status of 500 () @ https://live-streaming-eta.vercel.app/api/thesportsdb?path=searchteams.php&t=Xelaju%20MC:0
[    1483ms] [ERROR] Failed to load resource: the server responded with a status of 500 () @ https://live-streaming-eta.vercel.app/api/thesportsdb?path=searchteams.php&t=Trichy%20Grand%20Cholas:0
[    1483ms] [ERROR] Failed to load resource: the server responded with a status of 500 () @ https://live-streaming-eta.vercel.app/api/thesportsdb?path=searchteams.php&t=CS%20Herediano:0
[    1490ms] [ERROR] Failed to load resource: the server responded with a status of 500 () @ https://live-streaming-eta.vercel.app/api/thesportsdb?path=searchteams.php&t=Deportes%20Tolima:0
[    1490ms] [ERROR] Failed to load resource: the server responded with a status of 500 () @ https://live-streaming-eta.vercel.app/api/thesportsdb?path=searchteams.php&t=Real%20Esteli:0
[    1491ms] [ERROR] Failed to load resource: the server responded with a status of 500 () @ https://live-streaming-eta.vercel.app/api/thesportsdb?path=searchteams.php&t=Boys%20Club:0
[    1494ms] [ERROR] Failed to load resource: the server responded with a status of 500 () @ https://live-streaming-eta.vercel.app/api/thesportsdb?path=searchteams.php&t=Brotherhood%20FC:0
[    1498ms] [ERROR] Failed to load resource: the server responded with a status of 500 () @ https://live-streaming-eta.vercel.app/api/thesportsdb?path=searchteams.php&t=Central%20Coast%20Football%20Club:0
[    1518ms] [ERROR] Failed to load resource: the server responded with a status of 500 () @ https://live-streaming-eta.vercel.app/api/thesportsdb?path=searchteams.php&t=Rewa%20FC:0
[    1524ms] [ERROR] Failed to load resource: the server responded with a status of 500 () @ https://live-streaming-eta.vercel.app/api/thesportsdb?path=searchteams.php&t=Oriente%20Petrolero:0
[    1530ms] [ERROR] Failed to load resource: the server responded with a status of 500 () @ https://live-streaming-eta.vercel.app/api/thesportsdb?path=searchteams.php&t=Zimbabwe%20Women%20Under-19s:0
[    1536ms] [ERROR] Failed to load resource: the server responded with a status of 500 () @ https://live-streaming-eta.vercel.app/api/thesportsdb?path=searchteams.php&t=Fencibles%20United:0
[    1550ms] [ERROR] Failed to load resource: the server responded with a status of 500 () @ https://live-streaming-eta.vercel.app/api/thesportsdb?path=searchteams.php&t=Sohryngkham:0
[    1553ms] [ERROR] Failed to load resource: the server responded with a status of 500 () @ https://live-streaming-eta.vercel.app/api/thesportsdb?path=searchteams.php&t=Llaneros%20FC:0
[    1553ms] [ERROR] Failed to load resource: the server responded with a status of 500 () @ https://live-streaming-eta.vercel.app/api/thesportsdb?path=searchteams.php&t=Deportes%20Quindio:0
[    1558ms] [ERROR] Failed to load resource: the server responded with a status of 500 () @ https://live-streaming-eta.vercel.app/api/thesportsdb?path=searchteams.php&t=Bolivar:0
[    1559ms] [ERROR] Failed to load resource: the server responded with a status of 500 () @ https://live-streaming-eta.vercel.app/api/thesportsdb?path=searchteams.php&t=Diriangen:0
[    1561ms] [ERROR] Failed to load resource: the server responded with a status of 500 () @ https://live-streaming-eta.vercel.app/api/thesportsdb?path=searchteams.php&t=Hankook%20Verdes:0
[    1563ms] [ERROR] Failed to load resource: the server responded with a status of 500 () @ https://live-streaming-eta.vercel.app/api/thesportsdb?path=searchteams.php&t=Mountaineers%20Women:0
[    1566ms] [ERROR] Failed to load resource: the server responded with a status of 500 () @ https://live-streaming-eta.vercel.app/api/thesportsdb?path=searchteams.php&t=Umlyngka:0
[    1567ms] [ERROR] Failed to load resource: the server responded with a status of 500 () @ https://live-streaming-eta.vercel.app/api/thesportsdb?path=searchteams.php&t=Honiara%20City%20FC:0
[    1567ms] [ERROR] Failed to load resource: the server responded with a status of 500 () @ https://live-streaming-eta.vercel.app/api/thesportsdb?path=searchteams.php&t=CS%20Cartagines:0
[    1568ms] [ERROR] Failed to load resource: the server responded with a status of 500 () @ https://live-streaming-eta.vercel.app/api/thesportsdb?path=searchteams.php&t=Auckland%20United%20Women:0
[    1570ms] [ERROR] Failed to load resource: the server responded with a status of 500 () @ https://live-streaming-eta.vercel.app/api/thesportsdb?path=searchteams.php&t=Team%20x7lm7php1nxm2wd:0
[    1574ms] [ERROR] Failed to load resource: the server responded with a status of 500 () @ https://live-streaming-eta.vercel.app/api/thesportsdb?path=searchteams.php&t=Eastern%20Suburbs%20Women:0
[    1577ms] [ERROR] Failed to load resource: the server responded with a status of 500 () @ https://live-streaming-eta.vercel.app/api/thesportsdb?path=searchteams.php&t=Arterivo%20Wakayama:0
[    1578ms] [ERROR] Failed to load resource: the server responded with a status of 500 () @ https://live-streaming-eta.vercel.app/api/thesportsdb?path=searchteams.php&t=Elche%20CF%20Ilicitano:0
[    1582ms] [ERROR] Failed to load resource: the server responded with a status of 500 () @ https://live-streaming-eta.vercel.app/api/thesportsdb?path=searchteams.php&t=Dong%20Thap:0
[    1582ms] [ERROR] Failed to load resource: the server responded with a status of 500 () @ https://live-streaming-eta.vercel.app/api/thesportsdb?path=searchteams.php&t=UD%20Ibiza:0
[    1587ms] [ERROR] Failed to load resource: the server responded with a status of 500 () @ https://live-streaming-eta.vercel.app/api/thesportsdb?path=searchteams.php&t=Lawsohtun%20SC:0
[    1588ms] [ERROR] Failed to load resource: the server responded with a status of 500 () @ https://live-streaming-eta.vercel.app/api/thesportsdb?path=searchteams.php&t=Shanghai%20U17%20Women:0
[    1592ms] [ERROR] Failed to load resource: the server responded with a status of 500 () @ https://live-streaming-eta.vercel.app/api/thesportsdb?path=searchteams.php&t=CD%20Toledo:0
[    1596ms] [ERROR] Failed to load resource: the server responded with a status of 500 () @ https://live-streaming-eta.vercel.app/api/thesportsdb?path=searchteams.php&t=CE%20Europa:0
[    1597ms] [ERROR] Failed to load resource: the server responded with a status of 500 () @ https://live-streaming-eta.vercel.app/api/thesportsdb?path=searchteams.php&t=Leganes%20B:0
[    1600ms] [ERROR] Failed to load resource: the server responded with a status of 500 () @ https://live-streaming-eta.vercel.app/api/thesportsdb?path=searchteams.php&t=Goias%20Esporte%20Clube:0
[    1603ms] [ERROR] Failed to load resource: the server responded with a status of 500 () @ https://live-streaming-eta.vercel.app/api/thesportsdb?path=searchteams.php&t=Arsenal%20U17%20Women:0
[    1604ms] [ERROR] Failed to load resource: the server responded with a status of 500 () @ https://live-streaming-eta.vercel.app/api/thesportsdb?path=searchteams.php&t=Auckland%20United:0
[    1608ms] [ERROR] Failed to load resource: the server responded with a status of 500 () @ https://live-streaming-eta.vercel.app/api/thesportsdb?path=searchteams.php&t=Villarreal%20C:0
[    1611ms] [ERROR] Failed to load resource: the server responded with a status of 500 () @ https://live-streaming-eta.vercel.app/api/thesportsdb?path=searchteams.php&t=ABM%20Galaxy:0
[    1613ms] [ERROR] Failed to load resource: the server responded with a status of 500 () @ https://live-streaming-eta.vercel.app/api/thesportsdb?path=searchteams.php&t=Paris%20FC%20U17%20Women:0
[    1620ms] [ERROR] Failed to load resource: the server responded with a status of 500 () @ https://live-streaming-eta.vercel.app/api/thesportsdb?path=searchteams.php&t=Ferrocarril%20Midland:0
[    1621ms] [ERROR] Failed to load resource: the server responded with a status of 500 () @ https://live-streaming-eta.vercel.app/api/thesportsdb?path=searchteams.php&t=Atletico%20Marbella:0
[    1624ms] [ERROR] Failed to load resource: the server responded with a status of 500 () @ https://live-streaming-eta.vercel.app/api/thesportsdb?path=searchteams.php&t=Ho%20Chi%20Minh%20City:0
[    1625ms] [ERROR] Failed to load resource: the server responded with a status of 500 () @ https://live-streaming-eta.vercel.app/api/thesportsdb?path=searchteams.php&t=Tuskers%20Women:0
[    1636ms] [ERROR] Failed to load resource: the server responded with a status of 500 () @ https://live-streaming-eta.vercel.app/api/thesportsdb?path=searchteams.php&t=Real%20Sociedad%20U17%20Women:0
[    1652ms] [ERROR] Failed to load resource: the server responded with a status of 500 () @ https://live-streaming-eta.vercel.app/api/thesportsdb?path=searchteams.php&t=CD%20Roda:0
[    1657ms] [ERROR] Failed to load resource: the server responded with a status of 500 () @ https://live-streaming-eta.vercel.app/api/thesportsdb?path=searchteams.php&t=Linense(BRA):0
[    1658ms] [ERROR] Failed to load resource: the server responded with a status of 500 () @ https://live-streaming-eta.vercel.app/api/thesportsdb?path=searchteams.php&t=Adamstown%20Rosebud%20Women:0
[    1670ms] [ERROR] Failed to load resource: the server responded with a status of 500 () @ https://live-streaming-eta.vercel.app/api/thesportsdb?path=searchteams.php&t=Bulldogs:0
[    1671ms] [ERROR] Failed to load resource: the server responded with a status of 500 () @ https://live-streaming-eta.vercel.app/api/thesportsdb?path=searchteams.php&t=Municipal%20Puente%20Alto%20U21:0
[    1673ms] [ERROR] Failed to load resource: the server responded with a status of 500 () @ https://live-streaming-eta.vercel.app/api/thesportsdb?path=searchteams.php&t=Shamshad%20Eagles:0
[    1698ms] [ERROR] Failed to load resource: the server responded with a status of 500 () @ https://live-streaming-eta.vercel.app/api/thesportsdb?path=searchteams.php&t=New%20Lambton%20FC%20Women:0
[    1700ms] [ERROR] Failed to load resource: the server responded with a status of 500 () @ https://live-streaming-eta.vercel.app/api/thesportsdb?path=searchteams.php&t=Sabah%20U21%20Women:0
[    1702ms] [ERROR] Failed to load resource: the server responded with a status of 500 () @ https://live-streaming-eta.vercel.app/api/thesportsdb?path=searchteams.php&t=San%20Salvador%20U21:0
[    1704ms] [ERROR] Failed to load resource: the server responded with a status of 500 () @ https://live-streaming-eta.vercel.app/api/thesportsdb?path=searchteams.php&t=CD%20Dragon%20U21:0
[    1707ms] [ERROR] Failed to load resource: the server responded with a status of 500 () @ https://live-streaming-eta.vercel.app/api/thesportsdb?path=searchteams.php&t=Seven%20Academy:0
[    1709ms] [ERROR] Failed to load resource: the server responded with a status of 500 () @ https://live-streaming-eta.vercel.app/api/thesportsdb?path=searchteams.php&t=Johor%20U21%20Women:0
[    1713ms] [ERROR] Failed to load resource: the server responded with a status of 500 () @ https://live-streaming-eta.vercel.app/api/thesportsdb?path=searchteams.php&t=Thunder%20El%20Salvador:0
[    1714ms] [ERROR] Failed to load resource: the server responded with a status of 500 () @ https://live-streaming-eta.vercel.app/api/thesportsdb?path=searchteams.php&t=Nejapa%20U21:0
[    1718ms] [ERROR] Failed to load resource: the server responded with a status of 500 () @ https://live-streaming-eta.vercel.app/api/thesportsdb?path=searchteams.php&t=Eagles%20Women:0
[    1724ms] [ERROR] Failed to load resource: the server responded with a status of 500 () @ https://live-streaming-eta.vercel.app/api/thesportsdb?path=searchteams.php&t=BC%20Costa%20Rica:0
[    1725ms] [ERROR] Failed to load resource: the server responded with a status of 500 () @ https://live-streaming-eta.vercel.app/api/thesportsdb?path=searchteams.php&t=Cougars%20U21:0
[    1729ms] [ERROR] Failed to load resource: the server responded with a status of 500 () @ https://live-streaming-eta.vercel.app/api/thesportsdb?path=searchteams.php&t=Brujos%20Izalco%20U21:0
[    1732ms] [ERROR] Failed to load resource: the server responded with a status of 500 () @ https://live-streaming-eta.vercel.app/api/thesportsdb?path=searchteams.php&t=Shenzhen%20Leopards%20Reserves:0
[    1735ms] [ERROR] Failed to load resource: the server responded with a status of 500 () @ https://live-streaming-eta.vercel.app/api/thesportsdb?path=searchteams.php&t=Sarawak%20U21:0
[    1738ms] [ERROR] Failed to load resource: the server responded with a status of 500 () @ https://live-streaming-eta.vercel.app/api/thesportsdb?path=searchteams.php&t=Arenas%20Club%20de%20Getxo:0
[    1739ms] [ERROR] Failed to load resource: the server responded with a status of 500 () @ https://live-streaming-eta.vercel.app/api/thesportsdb?path=searchteams.php&t=Perak%20U21:0
[    1742ms] [ERROR] Failed to load resource: the server responded with a status of 500 () @ https://live-streaming-eta.vercel.app/api/thesportsdb?path=searchteams.php&t=St.%20Mary%27s%20College%20(CA):0
[    1746ms] [ERROR] Failed to load resource: the server responded with a status of 500 () @ https://live-streaming-eta.vercel.app/api/thesportsdb?path=searchteams.php&t=Azul%20Claro%20Numazu:0
[    1753ms] [ERROR] Failed to load resource: the server responded with a status of 500 () @ https://live-streaming-eta.vercel.app/api/thesportsdb?path=searchteams.php&t=Perak%20U21%20(W):0
[    1755ms] [ERROR] Failed to load resource: the server responded with a status of 500 () @ https://live-streaming-eta.vercel.app/api/thesportsdb?path=searchteams.php&t=Pulau%20Pinang%20U21:0
[    1756ms] [ERROR] Failed to load resource: the server responded with a status of 500 () @ https://live-streaming-eta.vercel.app/api/thesportsdb?path=searchteams.php&t=Jordan:0
[    1757ms] [ERROR] Failed to load resource: the server responded with a status of 500 () @ https://live-streaming-eta.vercel.app/api/thesportsdb?path=searchteams.php&t=Macau%20Black%20Knights:0
[    1765ms] [ERROR] Failed to load resource: the server responded with a status of 500 () @ https://live-streaming-eta.vercel.app/api/thesportsdb?path=searchteams.php&t=Chinese%20Taipei%20White:0
[    1767ms] [ERROR] Failed to load resource: the server responded with a status of 500 () @ https://live-streaming-eta.vercel.app/api/thesportsdb?path=searchteams.php&t=Italy%20U16%20Women:0
[    1773ms] [ERROR] Failed to load resource: the server responded with a status of 500 () @ https://live-streaming-eta.vercel.app/api/thesportsdb?path=searchteams.php&t=Sichuan%20Blue%20Whales%20Reserves:0
[    1930ms] [ERROR] Failed to load resource: the server responded with a status of 500 () @ https://live-streaming-eta.vercel.app/api/thesportsdb?path=searchteams.php&t=Nihon%20Tengu:0
[    2055ms] [ERROR] Failed to load resource: the server responded with a status of 500 () @ https://live-streaming-eta.vercel.app/api/thesportsdb?path=searchteams.php&t=Pahang%20U21%20(W):0
[    2061ms] [ERROR] Failed to load resource: the server responded with a status of 500 () @ https://live-streaming-eta.vercel.app/api/thesportsdb?path=searchteams.php&t=Strong%20Group%20Athletics:0
[    2076ms] [ERROR] Failed to load resource: the server responded with a status of 500 () @ https://live-streaming-eta.vercel.app/api/thesportsdb?path=searchteams.php&t=Austria%20U16%20Women:0
[    2092ms] [ERROR] Failed to load resource: the server responded with a status of 500 () @ https://live-streaming-eta.vercel.app/api/thesportsdb?path=searchteams.php&t=FinlandU16%20Women:0
[    2100ms] [ERROR] Failed to load resource: the server responded with a status of 500 () @ https://live-streaming-eta.vercel.app/api/thesportsdb?path=searchteams.php&t=France%20U16%20Women:0
[    2104ms] [ERROR] Failed to load resource: the server responded with a status of 500 () @ https://live-streaming-eta.vercel.app/api/thesportsdb?path=searchteams.php&t=Chinese%20Taipei%20Blue:0
[    2107ms] [ERROR] Failed to load resource: the server responded with a status of 500 () @ https://live-streaming-eta.vercel.app/api/thesportsdb?path=searchteams.php&t=Statham%20Academy:0
[    2113ms] [ERROR] Failed to load resource: the server responded with a status of 500 () @ https://live-streaming-eta.vercel.app/api/thesportsdb?path=searchteams.php&t=Naic%20Aces:0
[    2125ms] [ERROR] Failed to load resource: the server responded with a status of 500 () @ https://live-streaming-eta.vercel.app/api/thesportsdb?path=searchteams.php&t=Turkey%20U16%20Women:0
[    2132ms] [ERROR] Failed to load resource: the server responded with a status of 500 () @ https://live-streaming-eta.vercel.app/api/thesportsdb?path=searchteams.php&t=Sarawak%20U21%20Women:0
[    2134ms] [ERROR] Failed to load resource: the server responded with a status of 500 () @ https://live-streaming-eta.vercel.app/api/thesportsdb?path=searchteams.php&t=Japan%20Jones%20Team:0
[    2146ms] [ERROR] Failed to load resource: the server responded with a status of 500 () @ https://live-streaming-eta.vercel.app/api/thesportsdb?path=searchteams.php&t=Frances%20Tiafoe:0
[    2153ms] [ERROR] Failed to load resource: the server responded with a status of 500 () @ https://live-streaming-eta.vercel.app/api/thesportsdb?path=searchteams.php&t=Germany%20U16%20Women:0
[    2156ms] [ERROR] Failed to load resource: the server responded with a status of 500 () @ https://live-streaming-eta.vercel.app/api/thesportsdb?path=searchteams.php&t=Croatia%20U16%20Women:0
[    2156ms] [ERROR] Failed to load resource: the server responded with a status of 500 () @ https://live-streaming-eta.vercel.app/api/thesportsdb?path=searchteams.php&t=Poland%20U16%20Women:0
[    2160ms] [ERROR] Failed to load resource: the server responded with a status of 500 () @ https://live-streaming-eta.vercel.app/api/thesportsdb?path=searchteams.php&t=Slovenia%20U16%20Women:0
[    2164ms] [ERROR] Failed to load resource: the server responded with a status of 500 () @ https://live-streaming-eta.vercel.app/api/thesportsdb?path=searchteams.php&t=Bulgaria%20U16%20Women:0
[    2166ms] [ERROR] Failed to load resource: the server responded with a status of 500 () @ https://live-streaming-eta.vercel.app/api/thesportsdb?path=searchteams.php&t=Pahang%20U21:0
[    2171ms] [ERROR] Failed to load resource: the server responded with a status of 500 () @ https://live-streaming-eta.vercel.app/api/thesportsdb?path=searchteams.php&t=Edward%20Winter:0
[    2178ms] [ERROR] Failed to load resource: the server responded with a status of 500 () @ https://live-streaming-eta.vercel.app/api/thesportsdb?path=searchteams.php&t=Tigres%20El%20Salvador%20U21:0
[    2189ms] [ERROR] Failed to load resource: the server responded with a status of 500 () @ https://live-streaming-eta.vercel.app/api/thesportsdb?path=searchteams.php&t=Learner%20Tien:0
[    2190ms] [ERROR] Failed to load resource: the server responded with a status of 500 () @ https://live-streaming-eta.vercel.app/api/thesportsdb?path=searchteams.php&t=Alejandro%20Moro%20Canas:0
[    2190ms] [ERROR] Failed to load resource: the server responded with a status of 500 () @ https://live-streaming-eta.vercel.app/api/thesportsdb?path=searchteams.php&t=Taiwan%20Beer:0
[    2190ms] [ERROR] Failed to load resource: the server responded with a status of 500 () @ https://live-streaming-eta.vercel.app/api/thesportsdb?path=searchteams.php&t=Pablo%20Llamas%20Ruiz:0
[    2191ms] [ERROR] Failed to load resource: the server responded with a status of 500 () @ https://live-streaming-eta.vercel.app/api/thesportsdb?path=searchteams.php&t=Lloyd%20Harris:0
[    2191ms] [ERROR] Failed to load resource: the server responded with a status of 500 () @ https://live-streaming-eta.vercel.app/api/thesportsdb?path=searchteams.php&t=Benjamin%20Bonzi:0
[    2208ms] [ERROR] Failed to load resource: the server responded with a status of 500 () @ https://live-streaming-eta.vercel.app/api/thesportsdb?path=searchteams.php&t=Johor%20U21:0
[    2233ms] [ERROR] Failed to load resource: the server responded with a status of 500 () @ https://live-streaming-eta.vercel.app/api/thesportsdb?path=searchteams.php&t=Laslo%20Djere:0
[    2238ms] [ERROR] Failed to load resource: the server responded with a status of 500 () @ https://live-streaming-eta.vercel.app/api/thesportsdb?path=searchteams.php&t=Alec%20Braund:0
[    2241ms] [ERROR] Failed to load resource: the server responded with a status of 500 () @ https://live-streaming-eta.vercel.app/api/thesportsdb?path=searchteams.php&t=Auckland%20City:0
[    2250ms] [ERROR] Failed to load resource: the server responded with a status of 500 () @ https://live-streaming-eta.vercel.app/api/thesportsdb?path=searchteams.php&t=Gauthier%20Onclin:0
[    2257ms] [ERROR] Failed to load resource: the server responded with a status of 500 () @ https://live-streaming-eta.vercel.app/api/thesportsdb?path=searchteams.php&t=Wilayah%20Persekutuan%20U21:0
[    2268ms] [ERROR] Failed to load resource: the server responded with a status of 500 () @ https://live-streaming-eta.vercel.app/api/thesportsdb?path=searchteams.php&t=John%20Chin:0
[    2268ms] [ERROR] Failed to load resource: the server responded with a status of 500 () @ https://live-streaming-eta.vercel.app/api/thesportsdb?path=searchteams.php&t=Marie%20Bouzkova:0
[    2271ms] [ERROR] Failed to load resource: the server responded with a status of 500 () @ https://live-streaming-eta.vercel.app/api/thesportsdb?path=searchteams.php&t=Eric%20Tripathi:0
[    2274ms] [ERROR] Failed to load resource: the server responded with a status of 500 () @ https://live-streaming-eta.vercel.app/api/thesportsdb?path=searchteams.php&t=Esporte%20Clube%20Juventude:0
[    2275ms] [ERROR] Failed to load resource: the server responded with a status of 500 () @ https://live-streaming-eta.vercel.app/api/thesportsdb?path=searchteams.php&t=Francisco%20Comesana:0
[    2279ms] [ERROR] Failed to load resource: the server responded with a status of 500 () @ https://live-streaming-eta.vercel.app/api/thesportsdb?path=searchteams.php&t=Iva%20Jovic:0
[    2285ms] [ERROR] Failed to load resource: the server responded with a status of 500 () @ https://live-streaming-eta.vercel.app/api/thesportsdb?path=searchteams.php&t=Alan%20Magadan:0
[    2286ms] [ERROR] Failed to load resource: the server responded with a status of 500 () @ https://live-streaming-eta.vercel.app/api/thesportsdb?path=searchteams.php&t=Henrique%20Rocha:0
[    2290ms] [ERROR] Failed to load resource: the server responded with a status of 500 () @ https://live-streaming-eta.vercel.app/api/thesportsdb?path=searchteams.php&t=Justin%20Boulais:0
[    2292ms] [ERROR] Failed to load resource: the server responded with a status of 500 () @ https://live-streaming-eta.vercel.app/api/thesportsdb?path=searchteams.php&t=R16P15:0
[    2300ms] [ERROR] Failed to load resource: the server responded with a status of 500 () @ https://live-streaming-eta.vercel.app/api/thesportsdb?path=searchteams.php&t=R16P7:0
[    2307ms] [ERROR] Failed to load resource: the server responded with a status of 500 () @ https://live-streaming-eta.vercel.app/api/thesportsdb?path=searchteams.php&t=R16P9:0
[    2308ms] [ERROR] Failed to load resource: the server responded with a status of 500 () @ https://live-streaming-eta.vercel.app/api/thesportsdb?path=searchteams.php&t=R16P16:0
[    2319ms] [ERROR] Failed to load resource: the server responded with a status of 500 () @ https://live-streaming-eta.vercel.app/api/thesportsdb?path=searchteams.php&t=Rio%20Noguchi:0
[    2328ms] [ERROR] Failed to load resource: the server responded with a status of 500 () @ https://live-streaming-eta.vercel.app/api/thesportsdb?path=searchteams.php&t=R16P1:0
[    2343ms] [ERROR] Failed to load resource: the server responded with a status of 500 () @ https://live-streaming-eta.vercel.app/api/thesportsdb?path=searchteams.php&t=Ruby%20Trichy%20Warriors:0
[    2352ms] [ERROR] Failed to load resource: the server responded with a status of 500 () @ https://live-streaming-eta.vercel.app/api/thesportsdb?path=searchteams.php&t=R16P8:0
[    2354ms] [ERROR] Failed to load resource: the server responded with a status of 500 () @ https://live-streaming-eta.vercel.app/api/thesportsdb?path=searchteams.php&t=Qf4:0
[    2368ms] [ERROR] Failed to load resource: the server responded with a status of 500 () @ https://live-streaming-eta.vercel.app/api/thesportsdb?path=searchteams.php&t=Qf1:0
[    2371ms] [ERROR] Failed to load resource: the server responded with a status of 500 () @ https://live-streaming-eta.vercel.app/api/thesportsdb?path=searchteams.php&t=R16P2:0
[    2420ms] [ERROR] Failed to load resource: the server responded with a status of 500 () @ https://live-streaming-eta.vercel.app/api/thesportsdb?path=searchteams.php&t=R16P5:0
[    2429ms] [ERROR] Failed to load resource: the server responded with a status of 500 () @ https://live-streaming-eta.vercel.app/api/thesportsdb?path=searchteams.php&t=R16P11:0
[    2444ms] [ERROR] Failed to load resource: the server responded with a status of 500 () @ https://live-streaming-eta.vercel.app/api/thesportsdb?path=searchteams.php&t=Hong%20Seong-chan:0
[    2450ms] [ERROR] Failed to load resource: the server responded with a status of 500 () @ https://live-streaming-eta.vercel.app/api/thesportsdb?path=searchteams.php&t=Luca%20Staeheli:0
[    2454ms] [ERROR] Failed to load resource: the server responded with a status of 500 () @ https://live-streaming-eta.vercel.app/api/thesportsdb?path=searchteams.php&t=Qf7:0
[    2456ms] [ERROR] Failed to load resource: the server responded with a status of 500 () @ https://live-streaming-eta.vercel.app/api/thesportsdb?path=searchteams.php&t=Juan%20Manuel%20La%20Serna:0
[    2458ms] [ERROR] Failed to load resource: the server responded with a status of 500 () @ https://live-streaming-eta.vercel.app/api/thesportsdb?path=searchteams.php&t=R16P3:0
[    2459ms] [ERROR] Failed to load resource: the server responded with a status of 500 () @ https://live-streaming-eta.vercel.app/api/thesportsdb?path=searchteams.php&t=R16P12:0
[    2469ms] [ERROR] Failed to load resource: the server responded with a status of 500 () @ https://live-streaming-eta.vercel.app/api/thesportsdb?path=searchteams.php&t=Ryan%20Nijboer:0
[    2473ms] [ERROR] Failed to load resource: the server responded with a status of 500 () @ https://live-streaming-eta.vercel.app/api/thesportsdb?path=searchteams.php&t=Tommaso%20Compagnucci:0
[    2474ms] [ERROR] Failed to load resource: the server responded with a status of 500 () @ https://live-streaming-eta.vercel.app/api/thesportsdb?path=searchteams.php&t=R16P4:0
[    2485ms] [ERROR] Failed to load resource: the server responded with a status of 500 () @ https://live-streaming-eta.vercel.app/api/thesportsdb?path=searchteams.php&t=Club%20Providencia%20U21:0
[    2488ms] [ERROR] Failed to load resource: the server responded with a status of 500 () @ https://live-streaming-eta.vercel.app/api/thesportsdb?path=searchteams.php&t=Qf6:0
[    2489ms] [ERROR] Failed to load resource: the server responded with a status of 500 () @ https://live-streaming-eta.vercel.app/api/thesportsdb?path=searchteams.php&t=R16P6:0
[    2491ms] [ERROR] Failed to load resource: the server responded with a status of 500 () @ https://live-streaming-eta.vercel.app/api/thesportsdb?path=searchteams.php&t=Qf3:0
[    2494ms] [ERROR] Failed to load resource: the server responded with a status of 500 () @ https://live-streaming-eta.vercel.app/api/thesportsdb?path=searchteams.php&t=Qf8:0
[    2502ms] [ERROR] Failed to load resource: the server responded with a status of 500 () @ https://live-streaming-eta.vercel.app/api/thesportsdb?path=searchteams.php&t=R16P10:0
[    2505ms] [ERROR] Failed to load resource: the server responded with a status of 500 () @ https://live-streaming-eta.vercel.app/api/thesportsdb?path=searchteams.php&t=Qf5:0
[    2507ms] [ERROR] Failed to load resource: the server responded with a status of 500 () @ https://live-streaming-eta.vercel.app/api/thesportsdb?path=searchteams.php&t=Pulau%20Pinang%20U21%20Women:0
[    2531ms] [ERROR] Failed to load resource: the server responded with a status of 500 () @ https://live-streaming-eta.vercel.app/api/thesportsdb?path=searchteams.php&t=Qf2:0
[    2769ms] [LOG] 🚀 Live Streaming initialized @ https://live-streaming-eta.vercel.app/js/app.js?v=8:212
[    4934ms] [LOG] 📅 Schedule agent: fetching next 60 days... @ https://live-streaming-eta.vercel.app/js/api.js?v=7:342
[    4937ms] [LOG] 🌐 Fetching football... @ https://live-streaming-eta.vercel.app/js/api.js?v=7:467
[    4958ms] [LOG] 🌐 Fetching cricket... @ https://live-streaming-eta.vercel.app/js/api.js?v=7:467
[    5029ms] [LOG] 🌐 Fetching basketball... @ https://live-streaming-eta.vercel.app/js/api.js?v=7:467
[    5120ms] [LOG] 🌐 Fetching tennis... @ https://live-streaming-eta.vercel.app/js/api.js?v=7:467
[    5124ms] [LOG] 🌐 Fetching mma... @ https://live-streaming-eta.vercel.app/js/api.js?v=7:467
[    5168ms] [LOG] 🌐 Fetching ufc... @ https://live-streaming-eta.vercel.app/js/api.js?v=7:467
[    5168ms] [LOG] 🌐 Fetching football... @ https://live-streaming-eta.vercel.app/js/api.js?v=7:467
[    5169ms] [LOG] 🌐 Fetching cricket... @ https://live-streaming-eta.vercel.app/js/api.js?v=7:467
[    5243ms] [LOG] 🌐 Fetching basketball... @ https://live-streaming-eta.vercel.app/js/api.js?v=7:467
[    5243ms] [LOG] 🌐 Fetching tennis... @ https://live-streaming-eta.vercel.app/js/api.js?v=7:467
[    5244ms] [LOG] 🌐 Fetching mma... @ https://live-streaming-eta.vercel.app/js/api.js?v=7:467
[    5304ms] [LOG] 🌐 Fetching ufc... @ https://live-streaming-eta.vercel.app/js/api.js?v=7:467
[    5310ms] [LOG] 🌐 Fetching football... @ https://live-streaming-eta.vercel.app/js/api.js?v=7:467
[    5314ms] [LOG] 🌐 Fetching cricket... @ https://live-streaming-eta.vercel.app/js/api.js?v=7:467
[    5345ms] [LOG] 🌐 Fetching basketball... @ https://live-streaming-eta.vercel.app/js/api.js?v=7:467
[    5350ms] [LOG] 🌐 Fetching tennis... @ https://live-streaming-eta.vercel.app/js/api.js?v=7:467
[    5358ms] [LOG] 🌐 Fetching mma... @ https://live-streaming-eta.vercel.app/js/api.js?v=7:467
[    5362ms] [LOG] 🌐 Fetching ufc... @ https://live-streaming-eta.vercel.app/js/api.js?v=7:467
[    5409ms] [LOG] 🌐 Fetching football... @ https://live-streaming-eta.vercel.app/js/api.js?v=7:467
[    5441ms] [LOG] 🌐 Fetching cricket... @ https://live-streaming-eta.vercel.app/js/api.js?v=7:467
[    5492ms] [LOG] 🌐 Fetching basketball... @ https://live-streaming-eta.vercel.app/js/api.js?v=7:467
[    5495ms] [LOG] 🌐 Fetching tennis... @ https://live-streaming-eta.vercel.app/js/api.js?v=7:467
[    5510ms] [LOG] 🌐 Fetching mma... @ https://live-streaming-eta.vercel.app/js/api.js?v=7:467
[    5513ms] [LOG] 🌐 Fetching ufc... @ https://live-streaming-eta.vercel.app/js/api.js?v=7:467
[    5531ms] [LOG] 🌐 Fetching football... @ https://live-streaming-eta.vercel.app/js/api.js?v=7:467
[    5797ms] [LOG] 🌐 Fetching cricket... @ https://live-streaming-eta.vercel.app/js/api.js?v=7:467
[    5834ms] [LOG] 🌐 Fetching basketball... @ https://live-streaming-eta.vercel.app/js/api.js?v=7:467
[    5843ms] [LOG] 🌐 Fetching tennis... @ https://live-streaming-eta.vercel.app/js/api.js?v=7:467
[    5865ms] [LOG] 🌐 Fetching mma... @ https://live-streaming-eta.vercel.app/js/api.js?v=7:467
[    5880ms] [LOG] 🌐 Fetching ufc... @ https://live-streaming-eta.vercel.app/js/api.js?v=7:467
[    5912ms] [LOG] 🔄 Live Agent: refreshing scores... @ https://live-streaming-eta.vercel.app/js/app.js?v=8:906
[    5913ms] [LOG] 🌐 Fetching football... @ https://live-streaming-eta.vercel.app/js/api.js?v=7:467
[    5914ms] [LOG] 🌐 Fetching cricket... @ https://live-streaming-eta.vercel.app/js/api.js?v=7:467
[    5918ms] [LOG] 🌐 Fetching basketball... @ https://live-streaming-eta.vercel.app/js/api.js?v=7:467
[    5919ms] [LOG] 🌐 Fetching tennis... @ https://live-streaming-eta.vercel.app/js/api.js?v=7:467
[    5922ms] [LOG] 🌐 Fetching mma... @ https://live-streaming-eta.vercel.app/js/api.js?v=7:467
[    5924ms] [LOG] 🌐 Fetching ufc... @ https://live-streaming-eta.vercel.app/js/api.js?v=7:467
[    6479ms] [LOG] ✅ ESPN Cricket: 23 matches from 9 series @ https://live-streaming-eta.vercel.app/js/api.js?v=7:1233
[    7569ms] [ERROR] Failed to load resource: the server responded with a status of 400 () @ https://sportscore.com/api/widget/matches/?sport=mma&limit=30:0
[    7569ms] [LOG] ℹ️ mma not available from SportScore API @ https://live-streaming-eta.vercel.app/js/api.js?v=7:471
[    7760ms] [ERROR] Failed to load resource: the server responded with a status of 400 () @ https://sportscore.com/api/widget/matches/?sport=ufc&limit=30:0
[    7760ms] [LOG] ℹ️ ufc not available from SportScore API @ https://live-streaming-eta.vercel.app/js/api.js?v=7:471
[    7763ms] [ERROR] Failed to load resource: the server responded with a status of 400 () @ https://sportscore.com/api/widget/matches/?sport=mma&limit=30:0
[    7764ms] [LOG] ℹ️ mma not available from SportScore API @ https://live-streaming-eta.vercel.app/js/api.js?v=7:471
[    7887ms] [ERROR] Failed to load resource: the server responded with a status of 502 () @ https://live-streaming-eta.vercel.app/api/google-cricket:0
[    7887ms] [LOG] ⚠️ Google Cricket failed: Google Cricket HTTP 502 @ https://live-streaming-eta.vercel.app/js/api.js?v=7:1331
[    7964ms] [ERROR] Failed to load resource: the server responded with a status of 400 () @ https://sportscore.com/api/widget/matches/?sport=ufc&limit=30:0
[    7965ms] [LOG] ℹ️ ufc not available from SportScore API @ https://live-streaming-eta.vercel.app/js/api.js?v=7:471
[    7972ms] [ERROR] Failed to load resource: the server responded with a status of 400 () @ https://sportscore.com/api/widget/matches/?sport=mma&limit=30:0
[    7972ms] [LOG] ℹ️ mma not available from SportScore API @ https://live-streaming-eta.vercel.app/js/api.js?v=7:471
[    8079ms] [ERROR] Access to fetch at 'https://api.nfldata.org/v1/games?season=2026&season_type=1' from origin 'https://live-streaming-eta.vercel.app' has been blocked by CORS policy: No 'Access-Control-Allow-Origin' header is present on the requested resource. @ https://live-streaming-eta.vercel.app/cricket/2026-08-19:0
[    8080ms] [ERROR] Failed to load resource: net::ERR_FAILED @ https://api.nfldata.org/v1/games?season=2026&season_type=1:0
[    8081ms] [LOG] ℹ️ NFL season type 1 failed: Failed to fetch @ https://live-streaming-eta.vercel.app/js/api.js?v=7:1411
[    8162ms] [ERROR] Failed to load resource: the server responded with a status of 400 () @ https://sportscore.com/api/widget/matches/?sport=ufc&limit=30:0
[    8171ms] [LOG] ℹ️ ufc not available from SportScore API @ https://live-streaming-eta.vercel.app/js/api.js?v=7:471
[    8175ms] [ERROR] Failed to load resource: the server responded with a status of 400 () @ https://sportscore.com/api/widget/matches/?sport=mma&limit=30:0
[    8176ms] [LOG] ℹ️ mma not available from SportScore API @ https://live-streaming-eta.vercel.app/js/api.js?v=7:471
[    8362ms] [ERROR] Failed to load resource: the server responded with a status of 400 () @ https://sportscore.com/api/widget/matches/?sport=ufc&limit=30:0
[    8363ms] [LOG] ℹ️ ufc not available from SportScore API @ https://live-streaming-eta.vercel.app/js/api.js?v=7:471
[    8374ms] [ERROR] Failed to load resource: the server responded with a status of 400 () @ https://sportscore.com/api/widget/matches/?sport=mma&limit=30:0
[    8374ms] [LOG] ℹ️ mma not available from SportScore API @ https://live-streaming-eta.vercel.app/js/api.js?v=7:471
[    8403ms] [ERROR] Access to fetch at 'https://api.nfldata.org/v1/games?season=2026&season_type=1' from origin 'https://live-streaming-eta.vercel.app' has been blocked by CORS policy: No 'Access-Control-Allow-Origin' header is present on the requested resource. @ https://live-streaming-eta.vercel.app/cricket/2026-08-19:0
[    8404ms] [ERROR] Failed to load resource: net::ERR_FAILED @ https://api.nfldata.org/v1/games?season=2026&season_type=1:0
[    8405ms] [LOG] ℹ️ NFL season type 1 failed: Failed to fetch @ https://live-streaming-eta.vercel.app/js/api.js?v=7:1411
[    8410ms] [ERROR] Access to fetch at 'https://api.nfldata.org/v1/games?season=2026&season_type=2' from origin 'https://live-streaming-eta.vercel.app' has been blocked by CORS policy: No 'Access-Control-Allow-Origin' header is present on the requested resource. @ https://live-streaming-eta.vercel.app/cricket/2026-08-19:0
[    8411ms] [ERROR] Failed to load resource: net::ERR_FAILED @ https://api.nfldata.org/v1/games?season=2026&season_type=2:0
[    8411ms] [LOG] ℹ️ NFL season type 2 failed: Failed to fetch @ https://live-streaming-eta.vercel.app/js/api.js?v=7:1411
[    8557ms] [ERROR] Failed to load resource: the server responded with a status of 400 () @ https://sportscore.com/api/widget/matches/?sport=ufc&limit=30:0
[    8558ms] [LOG] ℹ️ ufc not available from SportScore API @ https://live-streaming-eta.vercel.app/js/api.js?v=7:471
[    8565ms] [ERROR] Failed to load resource: the server responded with a status of 400 () @ https://sportscore.com/api/widget/matches/?sport=mma&limit=30:0
[    8565ms] [LOG] ℹ️ mma not available from SportScore API @ https://live-streaming-eta.vercel.app/js/api.js?v=7:471
[    8745ms] [ERROR] Access to fetch at 'https://api.nfldata.org/v1/games?season=2026&season_type=3' from origin 'https://live-streaming-eta.vercel.app' has been blocked by CORS policy: No 'Access-Control-Allow-Origin' header is present on the requested resource. @ https://live-streaming-eta.vercel.app/cricket/2026-08-19:0
[    8747ms] [ERROR] Failed to load resource: net::ERR_FAILED @ https://api.nfldata.org/v1/games?season=2026&season_type=3:0
[    8748ms] [LOG] ℹ️ NFL season type 3 failed: Failed to fetch @ https://live-streaming-eta.vercel.app/js/api.js?v=7:1411
[    8749ms] [ERROR] Access to fetch at 'https://api.nfldata.org/v1/games?season=2026&season_type=1' from origin 'https://live-streaming-eta.vercel.app' has been blocked by CORS policy: No 'Access-Control-Allow-Origin' header is present on the requested resource. @ https://live-streaming-eta.vercel.app/cricket/2026-08-19:0
[    8750ms] [ERROR] Failed to load resource: net::ERR_FAILED @ https://api.nfldata.org/v1/games?season=2026&season_type=1:0
[    8750ms] [LOG] ℹ️ NFL season type 1 failed: Failed to fetch @ https://live-streaming-eta.vercel.app/js/api.js?v=7:1411
[    8761ms] [ERROR] Access to fetch at 'https://api.nfldata.org/v1/games?season=2026&season_type=2' from origin 'https://live-streaming-eta.vercel.app' has been blocked by CORS policy: No 'Access-Control-Allow-Origin' header is present on the requested resource. @ https://live-streaming-eta.vercel.app/cricket/2026-08-19:0
[    8761ms] [ERROR] Failed to load resource: net::ERR_FAILED @ https://api.nfldata.org/v1/games?season=2026&season_type=2:0
[    8762ms] [LOG] ℹ️ NFL season type 2 failed: Failed to fetch @ https://live-streaming-eta.vercel.app/js/api.js?v=7:1411
[    8764ms] [ERROR] Failed to load resource: the server responded with a status of 400 () @ https://sportscore.com/api/widget/matches/?sport=ufc&limit=30:0
[    8766ms] [LOG] ℹ️ ufc not available from SportScore API @ https://live-streaming-eta.vercel.app/js/api.js?v=7:471
[    8783ms] [LOG] ✅ Live Agent: refresh complete @ https://live-streaming-eta.vercel.app/js/app.js?v=8:973
[    9055ms] [ERROR] Access to fetch at 'https://api.nfldata.org/v1/games?season=2026&season_type=1' from origin 'https://live-streaming-eta.vercel.app' has been blocked by CORS policy: No 'Access-Control-Allow-Origin' header is present on the requested resource. @ https://live-streaming-eta.vercel.app/cricket/2026-08-19:0
[    9056ms] [ERROR] Failed to load resource: net::ERR_FAILED @ https://api.nfldata.org/v1/games?season=2026&season_type=1:0
[    9057ms] [LOG] ℹ️ NFL season type 1 failed: Failed to fetch @ https://live-streaming-eta.vercel.app/js/api.js?v=7:1411
[    9072ms] [ERROR] Access to fetch at 'https://api.nfldata.org/v1/games?season=2026&season_type=2' from origin 'https://live-streaming-eta.vercel.app' has been blocked by CORS policy: No 'Access-Control-Allow-Origin' header is present on the requested resource. @ https://live-streaming-eta.vercel.app/cricket/2026-08-19:0
[    9072ms] [ERROR] Failed to load resource: net::ERR_FAILED @ https://api.nfldata.org/v1/games?season=2026&season_type=2:0
[    9072ms] [LOG] ℹ️ NFL season type 2 failed: Failed to fetch @ https://live-streaming-eta.vercel.app/js/api.js?v=7:1411
[    9246ms] [ERROR] Access to fetch at 'https://api.nfldata.org/v1/games?season=2026&season_type=3' from origin 'https://live-streaming-eta.vercel.app' has been blocked by CORS policy: No 'Access-Control-Allow-Origin' header is present on the requested resource. @ https://live-streaming-eta.vercel.app/cricket/2026-08-19:0
[    9246ms] [ERROR] Failed to load resource: net::ERR_FAILED @ https://api.nfldata.org/v1/games?season=2026&season_type=3:0
[    9247ms] [LOG] ℹ️ NFL season type 3 failed: Failed to fetch @ https://live-streaming-eta.vercel.app/js/api.js?v=7:1411
[    9368ms] [ERROR] Access to fetch at 'https://api.nfldata.org/v1/games?season=2026&season_type=1' from origin 'https://live-streaming-eta.vercel.app' has been blocked by CORS policy: No 'Access-Control-Allow-Origin' header is present on the requested resource. @ https://live-streaming-eta.vercel.app/cricket/2026-08-19:0
[    9370ms] [ERROR] Failed to load resource: net::ERR_FAILED @ https://api.nfldata.org/v1/games?season=2026&season_type=1:0
[    9371ms] [LOG] ℹ️ NFL season type 1 failed: Failed to fetch @ https://live-streaming-eta.vercel.app/js/api.js?v=7:1411
[    9383ms] [ERROR] Access to fetch at 'https://api.nfldata.org/v1/games?season=2026&season_type=2' from origin 'https://live-streaming-eta.vercel.app' has been blocked by CORS policy: No 'Access-Control-Allow-Origin' header is present on the requested resource. @ https://live-streaming-eta.vercel.app/cricket/2026-08-19:0
[    9385ms] [ERROR] Failed to load resource: net::ERR_FAILED @ https://api.nfldata.org/v1/games?season=2026&season_type=2:0
[    9385ms] [LOG] ℹ️ NFL season type 2 failed: Failed to fetch @ https://live-streaming-eta.vercel.app/js/api.js?v=7:1411
[    9517ms] [ERROR] Access to fetch at 'https://api.nfldata.org/v1/games?season=2026&season_type=3' from origin 'https://live-streaming-eta.vercel.app' has been blocked by CORS policy: No 'Access-Control-Allow-Origin' header is present on the requested resource. @ https://live-streaming-eta.vercel.app/cricket/2026-08-19:0
[    9518ms] [ERROR] Failed to load resource: net::ERR_FAILED @ https://api.nfldata.org/v1/games?season=2026&season_type=3:0
[    9519ms] [LOG] ℹ️ NFL season type 3 failed: Failed to fetch @ https://live-streaming-eta.vercel.app/js/api.js?v=7:1411
[    9691ms] [ERROR] Access to fetch at 'https://api.nfldata.org/v1/games?season=2026&season_type=2' from origin 'https://live-streaming-eta.vercel.app' has been blocked by CORS policy: No 'Access-Control-Allow-Origin' header is present on the requested resource. @ https://live-streaming-eta.vercel.app/cricket/2026-08-19:0
[    9692ms] [ERROR] Failed to load resource: net::ERR_FAILED @ https://api.nfldata.org/v1/games?season=2026&season_type=2:0
[    9692ms] [LOG] ℹ️ NFL season type 2 failed: Failed to fetch @ https://live-streaming-eta.vercel.app/js/api.js?v=7:1411
[    9831ms] [ERROR] Access to fetch at 'https://api.nfldata.org/v1/games?season=2026&season_type=3' from origin 'https://live-streaming-eta.vercel.app' has been blocked by CORS policy: No 'Access-Control-Allow-Origin' header is present on the requested resource. @ https://live-streaming-eta.vercel.app/cricket/2026-08-19:0
[    9834ms] [ERROR] Failed to load resource: net::ERR_FAILED @ https://api.nfldata.org/v1/games?season=2026&season_type=3:0
[    9835ms] [LOG] ℹ️ NFL season type 3 failed: Failed to fetch @ https://live-streaming-eta.vercel.app/js/api.js?v=7:1411
[   10147ms] [ERROR] Access to fetch at 'https://api.nfldata.org/v1/games?season=2026&season_type=3' from origin 'https://live-streaming-eta.vercel.app' has been blocked by CORS policy: No 'Access-Control-Allow-Origin' header is present on the requested resource. @ https://live-streaming-eta.vercel.app/cricket/2026-08-19:0
[   10147ms] [ERROR] Failed to load resource: net::ERR_FAILED @ https://api.nfldata.org/v1/games?season=2026&season_type=3:0
[   10148ms] [LOG] ℹ️ NFL season type 3 failed: Failed to fetch @ https://live-streaming-eta.vercel.app/js/api.js?v=7:1411
[   10307ms] [LOG] 🔄 Live Agent: refreshing scores... @ https://live-streaming-eta.vercel.app/js/app.js?v=8:906
[   10307ms] [LOG] 🌐 Fetching football... @ https://live-streaming-eta.vercel.app/js/api.js?v=7:467
[   10311ms] [LOG] 🌐 Fetching cricket... @ https://live-streaming-eta.vercel.app/js/api.js?v=7:467
[   10313ms] [LOG] 🌐 Fetching basketball... @ https://live-streaming-eta.vercel.app/js/api.js?v=7:467
[   10314ms] [LOG] 🌐 Fetching tennis... @ https://live-streaming-eta.vercel.app/js/api.js?v=7:467
[   10319ms] [LOG] 🌐 Fetching mma... @ https://live-streaming-eta.vercel.app/js/api.js?v=7:467
[   10323ms] [LOG] 🌐 Fetching ufc... @ https://live-streaming-eta.vercel.app/js/api.js?v=7:467
[   10353ms] [LOG] ✅ ESPN Cricket: 23 matches from 9 series @ https://live-streaming-eta.vercel.app/js/api.js?v=7:1233
[   10541ms] [ERROR] Failed to load resource: the server responded with a status of 400 () @ https://sportscore.com/api/widget/matches/?sport=ufc&limit=30:0
[   10542ms] [LOG] ℹ️ ufc not available from SportScore API @ https://live-streaming-eta.vercel.app/js/api.js?v=7:471
[   10543ms] [ERROR] Failed to load resource: the server responded with a status of 400 () @ https://sportscore.com/api/widget/matches/?sport=mma&limit=30:0
[   10546ms] [LOG] ℹ️ mma not available from SportScore API @ https://live-streaming-eta.vercel.app/js/api.js?v=7:471
[   10645ms] [ERROR] Failed to load resource: the server responded with a status of 502 () @ https://live-streaming-eta.vercel.app/api/google-cricket:0
[   10646ms] [LOG] ⚠️ Google Cricket failed: Google Cricket HTTP 502 @ https://live-streaming-eta.vercel.app/js/api.js?v=7:1331
[   10653ms] [LOG] ✅ Live Agent: refresh complete @ https://live-streaming-eta.vercel.app/js/app.js?v=8:973
[   10951ms] [LOG] 🌐 Fetching football... @ https://live-streaming-eta.vercel.app/js/api.js?v=7:467
[   10952ms] [LOG] 🌐 Fetching cricket... @ https://live-streaming-eta.vercel.app/js/api.js?v=7:467
[   10955ms] [LOG] 🌐 Fetching basketball... @ https://live-streaming-eta.vercel.app/js/api.js?v=7:467
[   10959ms] [LOG] 🌐 Fetching tennis... @ https://live-streaming-eta.vercel.app/js/api.js?v=7:467
[   10961ms] [LOG] 🌐 Fetching mma... @ https://live-streaming-eta.vercel.app/js/api.js?v=7:467
[   10963ms] [LOG] 🌐 Fetching ufc... @ https://live-streaming-eta.vercel.app/js/api.js?v=7:467
[   10966ms] [LOG] 🌐 Fetching football... @ https://live-streaming-eta.vercel.app/js/api.js?v=7:467
[   10969ms] [LOG] 🌐 Fetching cricket... @ https://live-streaming-eta.vercel.app/js/api.js?v=7:467
[   10972ms] [LOG] 🌐 Fetching basketball... @ https://live-streaming-eta.vercel.app/js/api.js?v=7:467
[   10974ms] [LOG] 🌐 Fetching tennis... @ https://live-streaming-eta.vercel.app/js/api.js?v=7:467
[   10977ms] [LOG] 🌐 Fetching mma... @ https://live-streaming-eta.vercel.app/js/api.js?v=7:467
[   10980ms] [LOG] 🌐 Fetching ufc... @ https://live-streaming-eta.vercel.app/js/api.js?v=7:467
[   10987ms] [LOG] 🌐 Fetching football... @ https://live-streaming-eta.vercel.app/js/api.js?v=7:467
[   10988ms] [LOG] 🌐 Fetching cricket... @ https://live-streaming-eta.vercel.app/js/api.js?v=7:467
[   10990ms] [LOG] 🌐 Fetching basketball... @ https://live-streaming-eta.vercel.app/js/api.js?v=7:467
[   10993ms] [LOG] 🌐 Fetching tennis... @ https://live-streaming-eta.vercel.app/js/api.js?v=7:467
[   10994ms] [LOG] 🌐 Fetching mma... @ https://live-streaming-eta.vercel.app/js/api.js?v=7:467
[   10996ms] [LOG] 🌐 Fetching ufc... @ https://live-streaming-eta.vercel.app/js/api.js?v=7:467
[   10998ms] [LOG] 🌐 Fetching football... @ https://live-streaming-eta.vercel.app/js/api.js?v=7:467
[   10999ms] [LOG] 🌐 Fetching cricket... @ https://live-streaming-eta.vercel.app/js/api.js?v=7:467
[   11000ms] [LOG] 🌐 Fetching basketball... @ https://live-streaming-eta.vercel.app/js/api.js?v=7:467
[   11001ms] [LOG] 🌐 Fetching tennis... @ https://live-streaming-eta.vercel.app/js/api.js?v=7:467
[   11001ms] [LOG] 🌐 Fetching mma... @ https://live-streaming-eta.vercel.app/js/api.js?v=7:467
[   11003ms] [LOG] 🌐 Fetching ufc... @ https://live-streaming-eta.vercel.app/js/api.js?v=7:467
[   11005ms] [LOG] 🌐 Fetching football... @ https://live-streaming-eta.vercel.app/js/api.js?v=7:467
[   11007ms] [LOG] 🌐 Fetching cricket... @ https://live-streaming-eta.vercel.app/js/api.js?v=7:467
[   11008ms] [LOG] 🌐 Fetching basketball... @ https://live-streaming-eta.vercel.app/js/api.js?v=7:467
[   11009ms] [LOG] 🌐 Fetching tennis... @ https://live-streaming-eta.vercel.app/js/api.js?v=7:467
[   11010ms] [LOG] 🌐 Fetching mma... @ https://live-streaming-eta.vercel.app/js/api.js?v=7:467
[   11012ms] [LOG] 🌐 Fetching ufc... @ https://live-streaming-eta.vercel.app/js/api.js?v=7:467
[   11178ms] [ERROR] Failed to load resource: the server responded with a status of 400 () @ https://sportscore.com/api/widget/matches/?sport=mma&limit=30:0
[   11179ms] [LOG] ℹ️ mma not available from SportScore API @ https://live-streaming-eta.vercel.app/js/api.js?v=7:471
[   11180ms] [ERROR] Failed to load resource: the server responded with a status of 400 () @ https://sportscore.com/api/widget/matches/?sport=ufc&limit=30:0
[   11180ms] [LOG] ℹ️ ufc not available from SportScore API @ https://live-streaming-eta.vercel.app/js/api.js?v=7:471
[   11378ms] [ERROR] Failed to load resource: the server responded with a status of 400 () @ https://sportscore.com/api/widget/matches/?sport=mma&limit=30:0
[   11378ms] [LOG] ℹ️ mma not available from SportScore API @ https://live-streaming-eta.vercel.app/js/api.js?v=7:471
[   11381ms] [ERROR] Failed to load resource: the server responded with a status of 400 () @ https://sportscore.com/api/widget/matches/?sport=ufc&limit=30:0
[   11382ms] [LOG] ℹ️ ufc not available from SportScore API @ https://live-streaming-eta.vercel.app/js/api.js?v=7:471
[   11495ms] [ERROR] Access to fetch at 'https://api.nfldata.org/v1/games?season=2026&season_type=1' from origin 'https://live-streaming-eta.vercel.app' has been blocked by CORS policy: No 'Access-Control-Allow-Origin' header is present on the requested resource. @ https://live-streaming-eta.vercel.app/cricket/2026-08-19:0
[   11496ms] [ERROR] Failed to load resource: net::ERR_FAILED @ https://api.nfldata.org/v1/games?season=2026&season_type=1:0
[   11497ms] [LOG] ℹ️ NFL season type 1 failed: Failed to fetch @ https://live-streaming-eta.vercel.app/js/api.js?v=7:1411
[   11573ms] [ERROR] Failed to load resource: the server responded with a status of 400 () @ https://sportscore.com/api/widget/matches/?sport=mma&limit=30:0
[   11573ms] [LOG] ℹ️ mma not available from SportScore API @ https://live-streaming-eta.vercel.app/js/api.js?v=7:471
[   11581ms] [ERROR] Failed to load resource: the server responded with a status of 400 () @ https://sportscore.com/api/widget/matches/?sport=ufc&limit=30:0
[   11581ms] [LOG] ℹ️ ufc not available from SportScore API @ https://live-streaming-eta.vercel.app/js/api.js?v=7:471
[   11767ms] [ERROR] Failed to load resource: the server responded with a status of 400 () @ https://sportscore.com/api/widget/matches/?sport=mma&limit=30:0
[   11767ms] [LOG] ℹ️ mma not available from SportScore API @ https://live-streaming-eta.vercel.app/js/api.js?v=7:471
[   11774ms] [ERROR] Failed to load resource: the server responded with a status of 400 () @ https://sportscore.com/api/widget/matches/?sport=ufc&limit=30:0
[   11775ms] [LOG] ℹ️ ufc not available from SportScore API @ https://live-streaming-eta.vercel.app/js/api.js?v=7:471
[   11814ms] [ERROR] Access to fetch at 'https://api.nfldata.org/v1/games?season=2026&season_type=2' from origin 'https://live-streaming-eta.vercel.app' has been blocked by CORS policy: No 'Access-Control-Allow-Origin' header is present on the requested resource. @ https://live-streaming-eta.vercel.app/cricket/2026-08-19:0
[   11815ms] [ERROR] Failed to load resource: net::ERR_FAILED @ https://api.nfldata.org/v1/games?season=2026&season_type=2:0
[   11817ms] [LOG] ℹ️ NFL season type 2 failed: Failed to fetch @ https://live-streaming-eta.vercel.app/js/api.js?v=7:1411
[   11820ms] [ERROR] Access to fetch at 'https://api.nfldata.org/v1/games?season=2026&season_type=1' from origin 'https://live-streaming-eta.vercel.app' has been blocked by CORS policy: No 'Access-Control-Allow-Origin' header is present on the requested resource. @ https://live-streaming-eta.vercel.app/cricket/2026-08-19:0
[   11821ms] [ERROR] Failed to load resource: net::ERR_FAILED @ https://api.nfldata.org/v1/games?season=2026&season_type=1:0
[   11822ms] [LOG] ℹ️ NFL season type 1 failed: Failed to fetch @ https://live-streaming-eta.vercel.app/js/api.js?v=7:1411
[   12142ms] [ERROR] Access to fetch at 'https://api.nfldata.org/v1/games?season=2026&season_type=2' from origin 'https://live-streaming-eta.vercel.app' has been blocked by CORS policy: No 'Access-Control-Allow-Origin' header is present on the requested resource. @ https://live-streaming-eta.vercel.app/cricket/2026-08-19:0
[   12142ms] [ERROR] Failed to load resource: net::ERR_FAILED @ https://api.nfldata.org/v1/games?season=2026&season_type=2:0
[   12144ms] [LOG] ℹ️ NFL season type 2 failed: Failed to fetch @ https://live-streaming-eta.vercel.app/js/api.js?v=7:1411
[   12148ms] [ERROR] Access to fetch at 'https://api.nfldata.org/v1/games?season=2026&season_type=1' from origin 'https://live-streaming-eta.vercel.app' has been blocked by CORS policy: No 'Access-Control-Allow-Origin' header is present on the requested resource. @ https://live-streaming-eta.vercel.app/cricket/2026-08-19:0
[   12149ms] [ERROR] Failed to load resource: net::ERR_FAILED @ https://api.nfldata.org/v1/games?season=2026&season_type=1:0
[   12150ms] [LOG] ℹ️ NFL season type 1 failed: Failed to fetch @ https://live-streaming-eta.vercel.app/js/api.js?v=7:1411
[   12156ms] [ERROR] Access to fetch at 'https://api.nfldata.org/v1/games?season=2026&season_type=3' from origin 'https://live-streaming-eta.vercel.app' has been blocked by CORS policy: No 'Access-Control-Allow-Origin' header is present on the requested resource. @ https://live-streaming-eta.vercel.app/cricket/2026-08-19:0
[   12157ms] [ERROR] Failed to load resource: net::ERR_FAILED @ https://api.nfldata.org/v1/games?season=2026&season_type=3:0
[   12157ms] [LOG] ℹ️ NFL season type 3 failed: Failed to fetch @ https://live-streaming-eta.vercel.app/js/api.js?v=7:1411
[   12331ms] [ERROR] Failed to load resource: the server responded with a status of 400 () @ https://sportscore.com/api/widget/matches/?sport=mma&limit=30:0
[   12334ms] [LOG] ℹ️ mma not available from SportScore API @ https://live-streaming-eta.vercel.app/js/api.js?v=7:471
[   12336ms] [ERROR] Failed to load resource: the server responded with a status of 400 () @ https://sportscore.com/api/widget/matches/?sport=ufc&limit=30:0
[   12336ms] [LOG] ℹ️ ufc not available from SportScore API @ https://live-streaming-eta.vercel.app/js/api.js?v=7:471
[   12467ms] [ERROR] Access to fetch at 'https://api.nfldata.org/v1/games?season=2026&season_type=2' from origin 'https://live-streaming-eta.vercel.app' has been blocked by CORS policy: No 'Access-Control-Allow-Origin' header is present on the requested resource. @ https://live-streaming-eta.vercel.app/cricket/2026-08-19:0
[   12468ms] [ERROR] Failed to load resource: net::ERR_FAILED @ https://api.nfldata.org/v1/games?season=2026&season_type=2:0
[   12469ms] [LOG] ℹ️ NFL season type 2 failed: Failed to fetch @ https://live-streaming-eta.vercel.app/js/api.js?v=7:1411
[   12471ms] [ERROR] Access to fetch at 'https://api.nfldata.org/v1/games?season=2026&season_type=3' from origin 'https://live-streaming-eta.vercel.app' has been blocked by CORS policy: No 'Access-Control-Allow-Origin' header is present on the requested resource. @ https://live-streaming-eta.vercel.app/cricket/2026-08-19:0
[   12471ms] [ERROR] Failed to load resource: net::ERR_FAILED @ https://api.nfldata.org/v1/games?season=2026&season_type=3:0
[   12475ms] [LOG] ℹ️ NFL season type 3 failed: Failed to fetch @ https://live-streaming-eta.vercel.app/js/api.js?v=7:1411
[   12494ms] [ERROR] Access to fetch at 'https://api.nfldata.org/v1/games?season=2026&season_type=1' from origin 'https://live-streaming-eta.vercel.app' has been blocked by CORS policy: No 'Access-Control-Allow-Origin' header is present on the requested resource. @ https://live-streaming-eta.vercel.app/cricket/2026-08-19:0
[   12495ms] [ERROR] Failed to load resource: net::ERR_FAILED @ https://api.nfldata.org/v1/games?season=2026&season_type=1:0
[   12495ms] [LOG] ℹ️ NFL season type 1 failed: Failed to fetch @ https://live-streaming-eta.vercel.app/js/api.js?v=7:1411
[   12784ms] [ERROR] Access to fetch at 'https://api.nfldata.org/v1/games?season=2026&season_type=3' from origin 'https://live-streaming-eta.vercel.app' has been blocked by CORS policy: No 'Access-Control-Allow-Origin' header is present on the requested resource. @ https://live-streaming-eta.vercel.app/cricket/2026-08-19:0
[   12785ms] [ERROR] Failed to load resource: net::ERR_FAILED @ https://api.nfldata.org/v1/games?season=2026&season_type=3:0
[   12786ms] [LOG] ℹ️ NFL season type 3 failed: Failed to fetch @ https://live-streaming-eta.vercel.app/js/api.js?v=7:1411
[   12812ms] [ERROR] Access to fetch at 'https://api.nfldata.org/v1/games?season=2026&season_type=1' from origin 'https://live-streaming-eta.vercel.app' has been blocked by CORS policy: No 'Access-Control-Allow-Origin' header is present on the requested resource. @ https://live-streaming-eta.vercel.app/cricket/2026-08-19:0
[   12813ms] [ERROR] Failed to load resource: net::ERR_FAILED @ https://api.nfldata.org/v1/games?season=2026&season_type=1:0
[   12813ms] [LOG] ℹ️ NFL season type 1 failed: Failed to fetch @ https://live-streaming-eta.vercel.app/js/api.js?v=7:1411
[   12818ms] [ERROR] Access to fetch at 'https://api.nfldata.org/v1/games?season=2026&season_type=2' from origin 'https://live-streaming-eta.vercel.app' has been blocked by CORS policy: No 'Access-Control-Allow-Origin' header is present on the requested resource. @ https://live-streaming-eta.vercel.app/cricket/2026-08-19:0
[   12819ms] [ERROR] Failed to load resource: net::ERR_FAILED @ https://api.nfldata.org/v1/games?season=2026&season_type=2:0
[   12820ms] [LOG] ℹ️ NFL season type 2 failed: Failed to fetch @ https://live-streaming-eta.vercel.app/js/api.js?v=7:1411
[   13139ms] [ERROR] Access to fetch at 'https://api.nfldata.org/v1/games?season=2026&season_type=3' from origin 'https://live-streaming-eta.vercel.app' has been blocked by CORS policy: No 'Access-Control-Allow-Origin' header is present on the requested resource. @ https://live-streaming-eta.vercel.app/cricket/2026-08-19:0
[   13143ms] [ERROR] Failed to load resource: net::ERR_FAILED @ https://api.nfldata.org/v1/games?season=2026&season_type=3:0
[   13147ms] [LOG] ℹ️ NFL season type 3 failed: Failed to fetch @ https://live-streaming-eta.vercel.app/js/api.js?v=7:1411
[   13150ms] [ERROR] Access to fetch at 'https://api.nfldata.org/v1/games?season=2026&season_type=2' from origin 'https://live-streaming-eta.vercel.app' has been blocked by CORS policy: No 'Access-Control-Allow-Origin' header is present on the requested resource. @ https://live-streaming-eta.vercel.app/cricket/2026-08-19:0
[   13151ms] [ERROR] Failed to load resource: net::ERR_FAILED @ https://api.nfldata.org/v1/games?season=2026&season_type=2:0
[   13152ms] [LOG] ℹ️ NFL season type 2 failed: Failed to fetch @ https://live-streaming-eta.vercel.app/js/api.js?v=7:1411
[   13470ms] [ERROR] Access to fetch at 'https://api.nfldata.org/v1/games?season=2026&season_type=3' from origin 'https://live-streaming-eta.vercel.app' has been blocked by CORS policy: No 'Access-Control-Allow-Origin' header is present on the requested resource. @ https://live-streaming-eta.vercel.app/cricket/2026-08-19:0
[   13472ms] [ERROR] Failed to load resource: net::ERR_FAILED @ https://api.nfldata.org/v1/games?season=2026&season_type=3:0
[   13472ms] [LOG] ℹ️ NFL season type 3 failed: Failed to fetch @ https://live-streaming-eta.vercel.app/js/api.js?v=7:1411
[   14274ms] [LOG] 🌐 Fetching football... @ https://live-streaming-eta.vercel.app/js/api.js?v=7:467
[   14278ms] [LOG] 🌐 Fetching cricket... @ https://live-streaming-eta.vercel.app/js/api.js?v=7:467
[   14279ms] [LOG] 🌐 Fetching basketball... @ https://live-streaming-eta.vercel.app/js/api.js?v=7:467
[   14281ms] [LOG] 🌐 Fetching tennis... @ https://live-streaming-eta.vercel.app/js/api.js?v=7:467
[   14282ms] [LOG] 🌐 Fetching mma... @ https://live-streaming-eta.vercel.app/js/api.js?v=7:467
[   14283ms] [LOG] 🌐 Fetching ufc... @ https://live-streaming-eta.vercel.app/js/api.js?v=7:467
[   14284ms] [LOG] 🌐 Fetching football... @ https://live-streaming-eta.vercel.app/js/api.js?v=7:467
[   14285ms] [LOG] 🌐 Fetching cricket... @ https://live-streaming-eta.vercel.app/js/api.js?v=7:467
[   14287ms] [LOG] 🌐 Fetching basketball... @ https://live-streaming-eta.vercel.app/js/api.js?v=7:467
[   14287ms] [LOG] 🌐 Fetching tennis... @ https://live-streaming-eta.vercel.app/js/api.js?v=7:467
[   14288ms] [LOG] 🌐 Fetching mma... @ https://live-streaming-eta.vercel.app/js/api.js?v=7:467
[   14289ms] [LOG] 🌐 Fetching ufc... @ https://live-streaming-eta.vercel.app/js/api.js?v=7:467
[   14290ms] [LOG] 🌐 Fetching football... @ https://live-streaming-eta.vercel.app/js/api.js?v=7:467
[   14291ms] [LOG] 🌐 Fetching cricket... @ https://live-streaming-eta.vercel.app/js/api.js?v=7:467
[   14293ms] [LOG] 🌐 Fetching basketball... @ https://live-streaming-eta.vercel.app/js/api.js?v=7:467
[   14293ms] [LOG] 🌐 Fetching tennis... @ https://live-streaming-eta.vercel.app/js/api.js?v=7:467
[   14294ms] [LOG] 🌐 Fetching mma... @ https://live-streaming-eta.vercel.app/js/api.js?v=7:467
[   14295ms] [LOG] 🌐 Fetching ufc... @ https://live-streaming-eta.vercel.app/js/api.js?v=7:467
[   14296ms] [LOG] 🌐 Fetching football... @ https://live-streaming-eta.vercel.app/js/api.js?v=7:467
[   14297ms] [LOG] 🌐 Fetching cricket... @ https://live-streaming-eta.vercel.app/js/api.js?v=7:467
[   14298ms] [LOG] 🌐 Fetching basketball... @ https://live-streaming-eta.vercel.app/js/api.js?v=7:467
[   14299ms] [LOG] 🌐 Fetching tennis... @ https://live-streaming-eta.vercel.app/js/api.js?v=7:467
[   14300ms] [LOG] 🌐 Fetching mma... @ https://live-streaming-eta.vercel.app/js/api.js?v=7:467
[   14301ms] [LOG] 🌐 Fetching ufc... @ https://live-streaming-eta.vercel.app/js/api.js?v=7:467
[   14301ms] [LOG] 🌐 Fetching football... @ https://live-streaming-eta.vercel.app/js/api.js?v=7:467
[   14302ms] [LOG] 🌐 Fetching cricket... @ https://live-streaming-eta.vercel.app/js/api.js?v=7:467
[   14303ms] [LOG] 🌐 Fetching basketball... @ https://live-streaming-eta.vercel.app/js/api.js?v=7:467
[   14304ms] [LOG] 🌐 Fetching tennis... @ https://live-streaming-eta.vercel.app/js/api.js?v=7:467
[   14304ms] [LOG] 🌐 Fetching mma... @ https://live-streaming-eta.vercel.app/js/api.js?v=7:467
[   14304ms] [LOG] 🌐 Fetching ufc... @ https://live-streaming-eta.vercel.app/js/api.js?v=7:467
[   14491ms] [ERROR] Failed to load resource: the server responded with a status of 400 () @ https://sportscore.com/api/widget/matches/?sport=ufc&limit=30:0
[   14491ms] [LOG] ℹ️ ufc not available from SportScore API @ https://live-streaming-eta.vercel.app/js/api.js?v=7:471
[   14492ms] [ERROR] Failed to load resource: the server responded with a status of 400 () @ https://sportscore.com/api/widget/matches/?sport=mma&limit=30:0
[   14493ms] [LOG] ℹ️ mma not available from SportScore API @ https://live-streaming-eta.vercel.app/js/api.js?v=7:471
[   14692ms] [ERROR] Failed to load resource: the server responded with a status of 400 () @ https://sportscore.com/api/widget/matches/?sport=mma&limit=30:0
[   14693ms] [LOG] ℹ️ mma not available from SportScore API @ https://live-streaming-eta.vercel.app/js/api.js?v=7:471
[   14696ms] [ERROR] Failed to load resource: the server responded with a status of 400 () @ https://sportscore.com/api/widget/matches/?sport=ufc&limit=30:0
[   14697ms] [LOG] ℹ️ ufc not available from SportScore API @ https://live-streaming-eta.vercel.app/js/api.js?v=7:471
[   14810ms] [ERROR] Access to fetch at 'https://api.nfldata.org/v1/games?season=2026&season_type=1' from origin 'https://live-streaming-eta.vercel.app' has been blocked by CORS policy: No 'Access-Control-Allow-Origin' header is present on the requested resource. @ https://live-streaming-eta.vercel.app/cricket/2026-08-19:0
[   14810ms] [ERROR] Failed to load resource: net::ERR_FAILED @ https://api.nfldata.org/v1/games?season=2026&season_type=1:0
[   14811ms] [LOG] ℹ️ NFL season type 1 failed: Failed to fetch @ https://live-streaming-eta.vercel.app/js/api.js?v=7:1411
[   14883ms] [ERROR] Failed to load resource: the server responded with a status of 400 () @ https://sportscore.com/api/widget/matches/?sport=mma&limit=30:0
[   14883ms] [LOG] ℹ️ mma not available from SportScore API @ https://live-streaming-eta.vercel.app/js/api.js?v=7:471
[   14885ms] [ERROR] Failed to load resource: the server responded with a status of 400 () @ https://sportscore.com/api/widget/matches/?sport=ufc&limit=30:0
[   14885ms] [LOG] ℹ️ ufc not available from SportScore API @ https://live-streaming-eta.vercel.app/js/api.js?v=7:471
[   15079ms] [ERROR] Failed to load resource: the server responded with a status of 400 () @ https://sportscore.com/api/widget/matches/?sport=mma&limit=30:0
[   15080ms] [LOG] ℹ️ mma not available from SportScore API @ https://live-streaming-eta.vercel.app/js/api.js?v=7:471
[   15084ms] [ERROR] Failed to load resource: the server responded with a status of 400 () @ https://sportscore.com/api/widget/matches/?sport=ufc&limit=30:0
[   15084ms] [LOG] ℹ️ ufc not available from SportScore API @ https://live-streaming-eta.vercel.app/js/api.js?v=7:471
[   15136ms] [ERROR] Access to fetch at 'https://api.nfldata.org/v1/games?season=2026&season_type=2' from origin 'https://live-streaming-eta.vercel.app' has been blocked by CORS policy: No 'Access-Control-Allow-Origin' header is present on the requested resource. @ https://live-streaming-eta.vercel.app/cricket/2026-08-19:0
[   15136ms] [ERROR] Failed to load resource: net::ERR_FAILED @ https://api.nfldata.org/v1/games?season=2026&season_type=2:0
[   15137ms] [LOG] ℹ️ NFL season type 2 failed: Failed to fetch @ https://live-streaming-eta.vercel.app/js/api.js?v=7:1411
[   15142ms] [ERROR] Access to fetch at 'https://api.nfldata.org/v1/games?season=2026&season_type=1' from origin 'https://live-streaming-eta.vercel.app' has been blocked by CORS policy: No 'Access-Control-Allow-Origin' header is present on the requested resource. @ https://live-streaming-eta.vercel.app/cricket/2026-08-19:0
[   15142ms] [ERROR] Failed to load resource: net::ERR_FAILED @ https://api.nfldata.org/v1/games?season=2026&season_type=1:0
[   15142ms] [LOG] ℹ️ NFL season type 1 failed: Failed to fetch @ https://live-streaming-eta.vercel.app/js/api.js?v=7:1411
[   15297ms] [ERROR] Failed to load resource: the server responded with a status of 400 () @ https://sportscore.com/api/widget/matches/?sport=ufc&limit=30:0
[   15298ms] [LOG] ℹ️ ufc not available from SportScore API @ https://live-streaming-eta.vercel.app/js/api.js?v=7:471
[   15299ms] [ERROR] Failed to load resource: the server responded with a status of 400 () @ https://sportscore.com/api/widget/matches/?sport=mma&limit=30:0
[   15299ms] [LOG] ℹ️ mma not available from SportScore API @ https://live-streaming-eta.vercel.app/js/api.js?v=7:471
[   15313ms] [LOG] 🔄 Live Agent: refreshing scores... @ https://live-streaming-eta.vercel.app/js/app.js?v=8:906
[   15313ms] [LOG] 🌐 Fetching football... @ https://live-streaming-eta.vercel.app/js/api.js?v=7:467
[   15314ms] [LOG] 🌐 Fetching cricket... @ https://live-streaming-eta.vercel.app/js/api.js?v=7:467
[   15315ms] [LOG] 🌐 Fetching basketball... @ https://live-streaming-eta.vercel.app/js/api.js?v=7:467
[   15316ms] [LOG] 🌐 Fetching tennis... @ https://live-streaming-eta.vercel.app/js/api.js?v=7:467
[   15316ms] [LOG] 🌐 Fetching mma... @ https://live-streaming-eta.vercel.app/js/api.js?v=7:467
[   15317ms] [LOG] 🌐 Fetching ufc... @ https://live-streaming-eta.vercel.app/js/api.js?v=7:467
[   15337ms] [LOG] ✅ ESPN Cricket: 23 matches from 9 series @ https://live-streaming-eta.vercel.app/js/api.js?v=7:1233
[   15454ms] [ERROR] Access to fetch at 'https://api.nfldata.org/v1/games?season=2026&season_type=3' from origin 'https://live-streaming-eta.vercel.app' has been blocked by CORS policy: No 'Access-Control-Allow-Origin' header is present on the requested resource. @ https://live-streaming-eta.vercel.app/cricket/2026-08-19:0
[   15454ms] [ERROR] Failed to load resource: net::ERR_FAILED @ https://api.nfldata.org/v1/games?season=2026&season_type=3:0
[   15454ms] [LOG] ℹ️ NFL season type 3 failed: Failed to fetch @ https://live-streaming-eta.vercel.app/js/api.js?v=7:1411
[   15473ms] [ERROR] Access to fetch at 'https://api.nfldata.org/v1/games?season=2026&season_type=1' from origin 'https://live-streaming-eta.vercel.app' has been blocked by CORS policy: No 'Access-Control-Allow-Origin' header is present on the requested resource. @ https://live-streaming-eta.vercel.app/cricket/2026-08-19:0
[   15473ms] [ERROR] Failed to load resource: net::ERR_FAILED @ https://api.nfldata.org/v1/games?season=2026&season_type=1:0
[   15474ms] [LOG] ℹ️ NFL season type 1 failed: Failed to fetch @ https://live-streaming-eta.vercel.app/js/api.js?v=7:1411
[   15482ms] [ERROR] Access to fetch at 'https://api.nfldata.org/v1/games?season=2026&season_type=2' from origin 'https://live-streaming-eta.vercel.app' has been blocked by CORS policy: No 'Access-Control-Allow-Origin' header is present on the requested resource. @ https://live-streaming-eta.vercel.app/cricket/2026-08-19:0
[   15482ms] [ERROR] Failed to load resource: net::ERR_FAILED @ https://api.nfldata.org/v1/games?season=2026&season_type=2:0
[   15482ms] [LOG] ℹ️ NFL season type 2 failed: Failed to fetch @ https://live-streaming-eta.vercel.app/js/api.js?v=7:1411
[   15525ms] [ERROR] Failed to load resource: the server responded with a status of 400 () @ https://sportscore.com/api/widget/matches/?sport=ufc&limit=30:0
[   15526ms] [LOG] ℹ️ ufc not available from SportScore API @ https://live-streaming-eta.vercel.app/js/api.js?v=7:471
[   15531ms] [ERROR] Failed to load resource: the server responded with a status of 400 () @ https://sportscore.com/api/widget/matches/?sport=mma&limit=30:0
[   15531ms] [LOG] ℹ️ mma not available from SportScore API @ https://live-streaming-eta.vercel.app/js/api.js?v=7:471
[   15640ms] [ERROR] Failed to load resource: the server responded with a status of 502 () @ https://live-streaming-eta.vercel.app/api/google-cricket:0
[   15641ms] [LOG] ⚠️ Google Cricket failed: Google Cricket HTTP 502 @ https://live-streaming-eta.vercel.app/js/api.js?v=7:1331
[   15650ms] [LOG] ✅ Live Agent: refresh complete @ https://live-streaming-eta.vercel.app/js/app.js?v=8:973
[   15791ms] [ERROR] Access to fetch at 'https://api.nfldata.org/v1/games?season=2026&season_type=1' from origin 'https://live-streaming-eta.vercel.app' has been blocked by CORS policy: No 'Access-Control-Allow-Origin' header is present on the requested resource. @ https://live-streaming-eta.vercel.app/cricket/2026-08-19:0
[   15791ms] [ERROR] Failed to load resource: net::ERR_FAILED @ https://api.nfldata.org/v1/games?season=2026&season_type=1:0
[   15792ms] [LOG] ℹ️ NFL season type 1 failed: Failed to fetch @ https://live-streaming-eta.vercel.app/js/api.js?v=7:1411
[   15801ms] [ERROR] Access to fetch at 'https://api.nfldata.org/v1/games?season=2026&season_type=2' from origin 'https://live-streaming-eta.vercel.app' has been blocked by CORS policy: No 'Access-Control-Allow-Origin' header is present on the requested resource. @ https://live-streaming-eta.vercel.app/cricket/2026-08-19:0
[   15801ms] [ERROR] Failed to load resource: net::ERR_FAILED @ https://api.nfldata.org/v1/games?season=2026&season_type=2:0
[   15801ms] [LOG] ℹ️ NFL season type 2 failed: Failed to fetch @ https://live-streaming-eta.vercel.app/js/api.js?v=7:1411
[   15804ms] [ERROR] Access to fetch at 'https://api.nfldata.org/v1/games?season=2026&season_type=3' from origin 'https://live-streaming-eta.vercel.app' has been blocked by CORS policy: No 'Access-Control-Allow-Origin' header is present on the requested resource. @ https://live-streaming-eta.vercel.app/cricket/2026-08-19:0
[   15804ms] [ERROR] Failed to load resource: net::ERR_FAILED @ https://api.nfldata.org/v1/games?season=2026&season_type=3:0
[   15804ms] [LOG] ℹ️ NFL season type 3 failed: Failed to fetch @ https://live-streaming-eta.vercel.app/js/api.js?v=7:1411
[   16124ms] [ERROR] Access to fetch at 'https://api.nfldata.org/v1/games?season=2026&season_type=2' from origin 'https://live-streaming-eta.vercel.app' has been blocked by CORS policy: No 'Access-Control-Allow-Origin' header is present on the requested resource. @ https://live-streaming-eta.vercel.app/cricket/2026-08-19:0
[   16124ms] [ERROR] Failed to load resource: net::ERR_FAILED @ https://api.nfldata.org/v1/games?season=2026&season_type=2:0
[   16124ms] [LOG] ℹ️ NFL season type 2 failed: Failed to fetch @ https://live-streaming-eta.vercel.app/js/api.js?v=7:1411
[   16131ms] [ERROR] Access to fetch at 'https://api.nfldata.org/v1/games?season=2026&season_type=1' from origin 'https://live-streaming-eta.vercel.app' has been blocked by CORS policy: No 'Access-Control-Allow-Origin' header is present on the requested resource. @ https://live-streaming-eta.vercel.app/cricket/2026-08-19:0
[   16131ms] [ERROR] Failed to load resource: net::ERR_FAILED @ https://api.nfldata.org/v1/games?season=2026&season_type=1:0
[   16132ms] [LOG] ℹ️ NFL season type 1 failed: Failed to fetch @ https://live-streaming-eta.vercel.app/js/api.js?v=7:1411
[   16137ms] [ERROR] Access to fetch at 'https://api.nfldata.org/v1/games?season=2026&season_type=3' from origin 'https://live-streaming-eta.vercel.app' has been blocked by CORS policy: No 'Access-Control-Allow-Origin' header is present on the requested resource. @ https://live-streaming-eta.vercel.app/cricket/2026-08-19:0
[   16137ms] [ERROR] Failed to load resource: net::ERR_FAILED @ https://api.nfldata.org/v1/games?season=2026&season_type=3:0
[   16138ms] [LOG] ℹ️ NFL season type 3 failed: Failed to fetch @ https://live-streaming-eta.vercel.app/js/api.js?v=7:1411
[   16461ms] [ERROR] Access to fetch at 'https://api.nfldata.org/v1/games?season=2026&season_type=2' from origin 'https://live-streaming-eta.vercel.app' has been blocked by CORS policy: No 'Access-Control-Allow-Origin' header is present on the requested resource. @ https://live-streaming-eta.vercel.app/cricket/2026-08-19:0
[   16462ms] [ERROR] Failed to load resource: net::ERR_FAILED @ https://api.nfldata.org/v1/games?season=2026&season_type=2:0
[   16463ms] [LOG] ℹ️ NFL season type 2 failed: Failed to fetch @ https://live-streaming-eta.vercel.app/js/api.js?v=7:1411
[   16467ms] [ERROR] Access to fetch at 'https://api.nfldata.org/v1/games?season=2026&season_type=3' from origin 'https://live-streaming-eta.vercel.app' has been blocked by CORS policy: No 'Access-Control-Allow-Origin' header is present on the requested resource. @ https://live-streaming-eta.vercel.app/cricket/2026-08-19:0
[   16468ms] [ERROR] Failed to load resource: net::ERR_FAILED @ https://api.nfldata.org/v1/games?season=2026&season_type=3:0
[   16468ms] [LOG] ℹ️ NFL season type 3 failed: Failed to fetch @ https://live-streaming-eta.vercel.app/js/api.js?v=7:1411
[   16780ms] [ERROR] Access to fetch at 'https://api.nfldata.org/v1/games?season=2026&season_type=3' from origin 'https://live-streaming-eta.vercel.app' has been blocked by CORS policy: No 'Access-Control-Allow-Origin' header is present on the requested resource. @ https://live-streaming-eta.vercel.app/cricket/2026-08-19:0
[   16780ms] [ERROR] Failed to load resource: net::ERR_FAILED @ https://api.nfldata.org/v1/games?season=2026&season_type=3:0
[   16780ms] [LOG] ℹ️ NFL season type 3 failed: Failed to fetch @ https://live-streaming-eta.vercel.app/js/api.js?v=7:1411
[   17596ms] [LOG] 🌐 Fetching football... @ https://live-streaming-eta.vercel.app/js/api.js?v=7:467
[   17597ms] [LOG] 🌐 Fetching cricket... @ https://live-streaming-eta.vercel.app/js/api.js?v=7:467
[   17599ms] [LOG] 🌐 Fetching basketball... @ https://live-streaming-eta.vercel.app/js/api.js?v=7:467
[   17600ms] [LOG] 🌐 Fetching tennis... @ https://live-streaming-eta.vercel.app/js/api.js?v=7:467
[   17601ms] [LOG] 🌐 Fetching mma... @ https://live-streaming-eta.vercel.app/js/api.js?v=7:467
[   17602ms] [LOG] 🌐 Fetching ufc... @ https://live-streaming-eta.vercel.app/js/api.js?v=7:467
[   17603ms] [LOG] 🌐 Fetching football... @ https://live-streaming-eta.vercel.app/js/api.js?v=7:467
[   17604ms] [LOG] 🌐 Fetching cricket... @ https://live-streaming-eta.vercel.app/js/api.js?v=7:467
[   17605ms] [LOG] 🌐 Fetching basketball... @ https://live-streaming-eta.vercel.app/js/api.js?v=7:467
[   17606ms] [LOG] 🌐 Fetching tennis... @ https://live-streaming-eta.vercel.app/js/api.js?v=7:467
[   17606ms] [LOG] 🌐 Fetching mma... @ https://live-streaming-eta.vercel.app/js/api.js?v=7:467
[   17607ms] [LOG] 🌐 Fetching ufc... @ https://live-streaming-eta.vercel.app/js/api.js?v=7:467
[   17608ms] [LOG] 🌐 Fetching football... @ https://live-streaming-eta.vercel.app/js/api.js?v=7:467
[   17609ms] [LOG] 🌐 Fetching cricket... @ https://live-streaming-eta.vercel.app/js/api.js?v=7:467
[   17610ms] [LOG] 🌐 Fetching basketball... @ https://live-streaming-eta.vercel.app/js/api.js?v=7:467
[   17611ms] [LOG] 🌐 Fetching tennis... @ https://live-streaming-eta.vercel.app/js/api.js?v=7:467
[   17613ms] [LOG] 🌐 Fetching mma... @ https://live-streaming-eta.vercel.app/js/api.js?v=7:467
[   17615ms] [LOG] 🌐 Fetching ufc... @ https://live-streaming-eta.vercel.app/js/api.js?v=7:467
[   17616ms] [LOG] 🌐 Fetching football... @ https://live-streaming-eta.vercel.app/js/api.js?v=7:467
[   17618ms] [LOG] 🌐 Fetching cricket... @ https://live-streaming-eta.vercel.app/js/api.js?v=7:467
[   17619ms] [LOG] 🌐 Fetching basketball... @ https://live-streaming-eta.vercel.app/js/api.js?v=7:467
[   17620ms] [LOG] 🌐 Fetching tennis... @ https://live-streaming-eta.vercel.app/js/api.js?v=7:467
[   17621ms] [LOG] 🌐 Fetching mma... @ https://live-streaming-eta.vercel.app/js/api.js?v=7:467
[   17622ms] [LOG] 🌐 Fetching ufc... @ https://live-streaming-eta.vercel.app/js/api.js?v=7:467
[   17623ms] [LOG] 🌐 Fetching football... @ https://live-streaming-eta.vercel.app/js/api.js?v=7:467
[   17624ms] [LOG] 🌐 Fetching cricket... @ https://live-streaming-eta.vercel.app/js/api.js?v=7:467
[   17625ms] [LOG] 🌐 Fetching basketball... @ https://live-streaming-eta.vercel.app/js/api.js?v=7:467
[   17625ms] [LOG] 🌐 Fetching tennis... @ https://live-streaming-eta.vercel.app/js/api.js?v=7:467
[   17626ms] [LOG] 🌐 Fetching mma... @ https://live-streaming-eta.vercel.app/js/api.js?v=7:467
[   17627ms] [LOG] 🌐 Fetching ufc... @ https://live-streaming-eta.vercel.app/js/api.js?v=7:467
[   17828ms] [ERROR] Failed to load resource: the server responded with a status of 400 () @ https://sportscore.com/api/widget/matches/?sport=mma&limit=30:0
[   17828ms] [LOG] ℹ️ mma not available from SportScore API @ https://live-streaming-eta.vercel.app/js/api.js?v=7:471
[   17839ms] [ERROR] Failed to load resource: the server responded with a status of 400 () @ https://sportscore.com/api/widget/matches/?sport=ufc&limit=30:0
[   17839ms] [LOG] ℹ️ ufc not available from SportScore API @ https://live-streaming-eta.vercel.app/js/api.js?v=7:471
[   18033ms] [ERROR] Failed to load resource: the server responded with a status of 400 () @ https://sportscore.com/api/widget/matches/?sport=mma&limit=30:0
[   18034ms] [LOG] ℹ️ mma not available from SportScore API @ https://live-streaming-eta.vercel.app/js/api.js?v=7:471
[   18038ms] [ERROR] Failed to load resource: the server responded with a status of 400 () @ https://sportscore.com/api/widget/matches/?sport=ufc&limit=30:0
[   18039ms] [LOG] ℹ️ ufc not available from SportScore API @ https://live-streaming-eta.vercel.app/js/api.js?v=7:471
[   18153ms] [ERROR] Access to fetch at 'https://api.nfldata.org/v1/games?season=2026&season_type=1' from origin 'https://live-streaming-eta.vercel.app' has been blocked by CORS policy: No 'Access-Control-Allow-Origin' header is present on the requested resource. @ https://live-streaming-eta.vercel.app/cricket/2026-08-19:0
[   18153ms] [ERROR] Failed to load resource: net::ERR_FAILED @ https://api.nfldata.org/v1/games?season=2026&season_type=1:0
[   18154ms] [LOG] ℹ️ NFL season type 1 failed: Failed to fetch @ https://live-streaming-eta.vercel.app/js/api.js?v=7:1411
[   18234ms] [ERROR] Failed to load resource: the server responded with a status of 400 () @ https://sportscore.com/api/widget/matches/?sport=mma&limit=30:0
[   18234ms] [LOG] ℹ️ mma not available from SportScore API @ https://live-streaming-eta.vercel.app/js/api.js?v=7:471
[   18238ms] [ERROR] Failed to load resource: the server responded with a status of 400 () @ https://sportscore.com/api/widget/matches/?sport=ufc&limit=30:0
[   18239ms] [LOG] ℹ️ ufc not available from SportScore API @ https://live-streaming-eta.vercel.app/js/api.js?v=7:471
[   18442ms] [ERROR] Failed to load resource: the server responded with a status of 400 () @ https://sportscore.com/api/widget/matches/?sport=mma&limit=30:0
[   18442ms] [LOG] ℹ️ mma not available from SportScore API @ https://live-streaming-eta.vercel.app/js/api.js?v=7:471
[   18443ms] [ERROR] Failed to load resource: the server responded with a status of 400 () @ https://sportscore.com/api/widget/matches/?sport=ufc&limit=30:0
[   18443ms] [LOG] ℹ️ ufc not available from SportScore API @ https://live-streaming-eta.vercel.app/js/api.js?v=7:471
[   18486ms] [ERROR] Access to fetch at 'https://api.nfldata.org/v1/games?season=2026&season_type=2' from origin 'https://live-streaming-eta.vercel.app' has been blocked by CORS policy: No 'Access-Control-Allow-Origin' header is present on the requested resource. @ https://live-streaming-eta.vercel.app/cricket/2026-08-19:0
[   18486ms] [ERROR] Failed to load resource: net::ERR_FAILED @ https://api.nfldata.org/v1/games?season=2026&season_type=2:0
[   18486ms] [LOG] ℹ️ NFL season type 2 failed: Failed to fetch @ https://live-streaming-eta.vercel.app/js/api.js?v=7:1411
[   18491ms] [ERROR] Access to fetch at 'https://api.nfldata.org/v1/games?season=2026&season_type=1' from origin 'https://live-streaming-eta.vercel.app' has been blocked by CORS policy: No 'Access-Control-Allow-Origin' header is present on the requested resource. @ https://live-streaming-eta.vercel.app/cricket/2026-08-19:0
[   18491ms] [ERROR] Failed to load resource: net::ERR_FAILED @ https://api.nfldata.org/v1/games?season=2026&season_type=1:0
[   18491ms] [LOG] ℹ️ NFL season type 1 failed: Failed to fetch @ https://live-streaming-eta.vercel.app/js/api.js?v=7:1411
[   18642ms] [ERROR] Failed to load resource: the server responded with a status of 400 () @ https://sportscore.com/api/widget/matches/?sport=ufc&limit=30:0
[   18643ms] [LOG] ℹ️ ufc not available from SportScore API @ https://live-streaming-eta.vercel.app/js/api.js?v=7:471
[   18643ms] [ERROR] Failed to load resource: the server responded with a status of 400 () @ https://sportscore.com/api/widget/matches/?sport=mma&limit=30:0
[   18644ms] [LOG] ℹ️ mma not available from SportScore API @ https://live-streaming-eta.vercel.app/js/api.js?v=7:471
[   18821ms] [ERROR] Access to fetch at 'https://api.nfldata.org/v1/games?season=2026&season_type=1' from origin 'https://live-streaming-eta.vercel.app' has been blocked by CORS policy: No 'Access-Control-Allow-Origin' header is present on the requested resource. @ https://live-streaming-eta.vercel.app/cricket/2026-08-19:0
[   18821ms] [ERROR] Failed to load resource: net::ERR_FAILED @ https://api.nfldata.org/v1/games?season=2026&season_type=1:0
[   18821ms] [LOG] ℹ️ NFL season type 1 failed: Failed to fetch @ https://live-streaming-eta.vercel.app/js/api.js?v=7:1411
[   18825ms] [ERROR] Access to fetch at 'https://api.nfldata.org/v1/games?season=2026&season_type=3' from origin 'https://live-streaming-eta.vercel.app' has been blocked by CORS policy: No 'Access-Control-Allow-Origin' header is present on the requested resource. @ https://live-streaming-eta.vercel.app/cricket/2026-08-19:0
[   18825ms] [ERROR] Failed to load resource: net::ERR_FAILED @ https://api.nfldata.org/v1/games?season=2026&season_type=3:0
[   18825ms] [LOG] ℹ️ NFL season type 3 failed: Failed to fetch @ https://live-streaming-eta.vercel.app/js/api.js?v=7:1411
[   18829ms] [ERROR] Access to fetch at 'https://api.nfldata.org/v1/games?season=2026&season_type=2' from origin 'https://live-streaming-eta.vercel.app' has been blocked by CORS policy: No 'Access-Control-Allow-Origin' header is present on the requested resource. @ https://live-streaming-eta.vercel.app/cricket/2026-08-19:0
[   18829ms] [ERROR] Failed to load resource: net::ERR_FAILED @ https://api.nfldata.org/v1/games?season=2026&season_type=2:0
[   18829ms] [LOG] ℹ️ NFL season type 2 failed: Failed to fetch @ https://live-streaming-eta.vercel.app/js/api.js?v=7:1411
[   19134ms] [ERROR] Access to fetch at 'https://api.nfldata.org/v1/games?season=2026&season_type=1' from origin 'https://live-streaming-eta.vercel.app' has been blocked by CORS policy: No 'Access-Control-Allow-Origin' header is present on the requested resource. @ https://live-streaming-eta.vercel.app/cricket/2026-08-19:0
[   19135ms] [ERROR] Failed to load resource: net::ERR_FAILED @ https://api.nfldata.org/v1/games?season=2026&season_type=1:0
[   19135ms] [LOG] ℹ️ NFL season type 1 failed: Failed to fetch @ https://live-streaming-eta.vercel.app/js/api.js?v=7:1411
[   19154ms] [ERROR] Access to fetch at 'https://api.nfldata.org/v1/games?season=2026&season_type=2' from origin 'https://live-streaming-eta.vercel.app' has been blocked by CORS policy: No 'Access-Control-Allow-Origin' header is present on the requested resource. @ https://live-streaming-eta.vercel.app/cricket/2026-08-19:0
[   19154ms] [ERROR] Failed to load resource: net::ERR_FAILED @ https://api.nfldata.org/v1/games?season=2026&season_type=2:0
[   19155ms] [LOG] ℹ️ NFL season type 2 failed: Failed to fetch @ https://live-streaming-eta.vercel.app/js/api.js?v=7:1411
[   19159ms] [ERROR] Access to fetch at 'https://api.nfldata.org/v1/games?season=2026&season_type=3' from origin 'https://live-streaming-eta.vercel.app' has been blocked by CORS policy: No 'Access-Control-Allow-Origin' header is present on the requested resource. @ https://live-streaming-eta.vercel.app/cricket/2026-08-19:0
[   19159ms] [ERROR] Failed to load resource: net::ERR_FAILED @ https://api.nfldata.org/v1/games?season=2026&season_type=3:0
[   19159ms] [LOG] ℹ️ NFL season type 3 failed: Failed to fetch @ https://live-streaming-eta.vercel.app/js/api.js?v=7:1411
[   19447ms] [ERROR] Access to fetch at 'https://api.nfldata.org/v1/games?season=2026&season_type=1' from origin 'https://live-streaming-eta.vercel.app' has been blocked by CORS policy: No 'Access-Control-Allow-Origin' header is present on the requested resource. @ https://live-streaming-eta.vercel.app/cricket/2026-08-19:0
[   19450ms] [ERROR] Failed to load resource: net::ERR_FAILED @ https://api.nfldata.org/v1/games?season=2026&season_type=1:0
[   19450ms] [LOG] ℹ️ NFL season type 1 failed: Failed to fetch @ https://live-streaming-eta.vercel.app/js/api.js?v=7:1411
[   19473ms] [ERROR] Access to fetch at 'https://api.nfldata.org/v1/games?season=2026&season_type=2' from origin 'https://live-streaming-eta.vercel.app' has been blocked by CORS policy: No 'Access-Control-Allow-Origin' header is present on the requested resource. @ https://live-streaming-eta.vercel.app/cricket/2026-08-19:0
[   19473ms] [ERROR] Failed to load resource: net::ERR_FAILED @ https://api.nfldata.org/v1/games?season=2026&season_type=2:0
[   19473ms] [LOG] ℹ️ NFL season type 2 failed: Failed to fetch @ https://live-streaming-eta.vercel.app/js/api.js?v=7:1411
[   19486ms] [ERROR] Access to fetch at 'https://api.nfldata.org/v1/games?season=2026&season_type=3' from origin 'https://live-streaming-eta.vercel.app' has been blocked by CORS policy: No 'Access-Control-Allow-Origin' header is present on the requested resource. @ https://live-streaming-eta.vercel.app/cricket/2026-08-19:0
[   19486ms] [ERROR] Failed to load resource: net::ERR_FAILED @ https://api.nfldata.org/v1/games?season=2026&season_type=3:0
[   19486ms] [LOG] ℹ️ NFL season type 3 failed: Failed to fetch @ https://live-streaming-eta.vercel.app/js/api.js?v=7:1411
[   19787ms] [ERROR] Access to fetch at 'https://api.nfldata.org/v1/games?season=2026&season_type=2' from origin 'https://live-streaming-eta.vercel.app' has been blocked by CORS policy: No 'Access-Control-Allow-Origin' header is present on the requested resource. @ https://live-streaming-eta.vercel.app/cricket/2026-08-19:0
[   19787ms] [ERROR] Failed to load resource: net::ERR_FAILED @ https://api.nfldata.org/v1/games?season=2026&season_type=2:0
[   19788ms] [LOG] ℹ️ NFL season type 2 failed: Failed to fetch @ https://live-streaming-eta.vercel.app/js/api.js?v=7:1411
[   19796ms] [ERROR] Access to fetch at 'https://api.nfldata.org/v1/games?season=2026&season_type=3' from origin 'https://live-streaming-eta.vercel.app' has been blocked by CORS policy: No 'Access-Control-Allow-Origin' header is present on the requested resource. @ https://live-streaming-eta.vercel.app/cricket/2026-08-19:0
[   19796ms] [ERROR] Failed to load resource: net::ERR_FAILED @ https://api.nfldata.org/v1/games?season=2026&season_type=3:0
[   19797ms] [LOG] ℹ️ NFL season type 3 failed: Failed to fetch @ https://live-streaming-eta.vercel.app/js/api.js?v=7:1411
[   20113ms] [ERROR] Access to fetch at 'https://api.nfldata.org/v1/games?season=2026&season_type=3' from origin 'https://live-streaming-eta.vercel.app' has been blocked by CORS policy: No 'Access-Control-Allow-Origin' header is present on the requested resource. @ https://live-streaming-eta.vercel.app/cricket/2026-08-19:0
[   20113ms] [ERROR] Failed to load resource: net::ERR_FAILED @ https://api.nfldata.org/v1/games?season=2026&season_type=3:0
[   20114ms] [LOG] ℹ️ NFL season type 3 failed: Failed to fetch @ https://live-streaming-eta.vercel.app/js/api.js?v=7:1411
[   20301ms] [LOG] 🔄 Live Agent: refreshing scores... @ https://live-streaming-eta.vercel.app/js/app.js?v=8:906
[   20302ms] [LOG] 🌐 Fetching football... @ https://live-streaming-eta.vercel.app/js/api.js?v=7:467
[   20304ms] [LOG] 🌐 Fetching cricket... @ https://live-streaming-eta.vercel.app/js/api.js?v=7:467
[   20305ms] [LOG] 🌐 Fetching basketball... @ https://live-streaming-eta.vercel.app/js/api.js?v=7:467
[   20306ms] [LOG] 🌐 Fetching tennis... @ https://live-streaming-eta.vercel.app/js/api.js?v=7:467
[   20306ms] [LOG] 🌐 Fetching mma... @ https://live-streaming-eta.vercel.app/js/api.js?v=7:467
[   20307ms] [LOG] 🌐 Fetching ufc... @ https://live-streaming-eta.vercel.app/js/api.js?v=7:467
[   20524ms] [ERROR] Failed to load resource: the server responded with a status of 400 () @ https://sportscore.com/api/widget/matches/?sport=ufc&limit=30:0
[   20524ms] [LOG] ℹ️ ufc not available from SportScore API @ https://live-streaming-eta.vercel.app/js/api.js?v=7:471
[   20529ms] [ERROR] Failed to load resource: the server responded with a status of 400 () @ https://sportscore.com/api/widget/matches/?sport=mma&limit=30:0
[   20529ms] [LOG] ℹ️ mma not available from SportScore API @ https://live-streaming-eta.vercel.app/js/api.js?v=7:471
[   20641ms] [ERROR] Failed to load resource: the server responded with a status of 502 () @ https://live-streaming-eta.vercel.app/api/google-cricket:0
[   20642ms] [LOG] ⚠️ Google Cricket failed: Google Cricket HTTP 502 @ https://live-streaming-eta.vercel.app/js/api.js?v=7:1331
[   20726ms] [LOG] ✅ ESPN Cricket: 23 matches from 9 series @ https://live-streaming-eta.vercel.app/js/api.js?v=7:1233
[   20729ms] [LOG] ✅ Live Agent: refresh complete @ https://live-streaming-eta.vercel.app/js/app.js?v=8:973
[   20919ms] [LOG] 🌐 Fetching football... @ https://live-streaming-eta.vercel.app/js/api.js?v=7:467
[   20920ms] [LOG] 🌐 Fetching cricket... @ https://live-streaming-eta.vercel.app/js/api.js?v=7:467
[   20921ms] [LOG] 🌐 Fetching basketball... @ https://live-streaming-eta.vercel.app/js/api.js?v=7:467
[   20921ms] [LOG] 🌐 Fetching tennis... @ https://live-streaming-eta.vercel.app/js/api.js?v=7:467
[   20922ms] [LOG] 🌐 Fetching mma... @ https://live-streaming-eta.vercel.app/js/api.js?v=7:467
[   20922ms] [LOG] 🌐 Fetching ufc... @ https://live-streaming-eta.vercel.app/js/api.js?v=7:467
[   20923ms] [LOG] 🌐 Fetching football... @ https://live-streaming-eta.vercel.app/js/api.js?v=7:467
[   20923ms] [LOG] 🌐 Fetching cricket... @ https://live-streaming-eta.vercel.app/js/api.js?v=7:467
[   20924ms] [LOG] 🌐 Fetching basketball... @ https://live-streaming-eta.vercel.app/js/api.js?v=7:467
[   20924ms] [LOG] 🌐 Fetching tennis... @ https://live-streaming-eta.vercel.app/js/api.js?v=7:467
[   20925ms] [LOG] 🌐 Fetching mma... @ https://live-streaming-eta.vercel.app/js/api.js?v=7:467
[   20925ms] [LOG] 🌐 Fetching ufc... @ https://live-streaming-eta.vercel.app/js/api.js?v=7:467
[   20925ms] [LOG] 🌐 Fetching football... @ https://live-streaming-eta.vercel.app/js/api.js?v=7:467
[   20926ms] [LOG] 🌐 Fetching cricket... @ https://live-streaming-eta.vercel.app/js/api.js?v=7:467
[   20926ms] [LOG] 🌐 Fetching basketball... @ https://live-streaming-eta.vercel.app/js/api.js?v=7:467
[   20926ms] [LOG] 🌐 Fetching tennis... @ https://live-streaming-eta.vercel.app/js/api.js?v=7:467
[   20927ms] [LOG] 🌐 Fetching mma... @ https://live-streaming-eta.vercel.app/js/api.js?v=7:467
[   20927ms] [LOG] 🌐 Fetching ufc... @ https://live-streaming-eta.vercel.app/js/api.js?v=7:467
[   20927ms] [LOG] 🌐 Fetching football... @ https://live-streaming-eta.vercel.app/js/api.js?v=7:467
[   20927ms] [LOG] 🌐 Fetching cricket... @ https://live-streaming-eta.vercel.app/js/api.js?v=7:467
[   20928ms] [LOG] 🌐 Fetching basketball... @ https://live-streaming-eta.vercel.app/js/api.js?v=7:467
[   20928ms] [LOG] 🌐 Fetching tennis... @ https://live-streaming-eta.vercel.app/js/api.js?v=7:467
[   20928ms] [LOG] 🌐 Fetching mma... @ https://live-streaming-eta.vercel.app/js/api.js?v=7:467
[   20929ms] [LOG] 🌐 Fetching ufc... @ https://live-streaming-eta.vercel.app/js/api.js?v=7:467
[   20929ms] [LOG] 🌐 Fetching football... @ https://live-streaming-eta.vercel.app/js/api.js?v=7:467
[   20929ms] [LOG] 🌐 Fetching cricket... @ https://live-streaming-eta.vercel.app/js/api.js?v=7:467
[   20930ms] [LOG] 🌐 Fetching basketball... @ https://live-streaming-eta.vercel.app/js/api.js?v=7:467
[   20930ms] [LOG] 🌐 Fetching tennis... @ https://live-streaming-eta.vercel.app/js/api.js?v=7:467
[   20930ms] [LOG] 🌐 Fetching mma... @ https://live-streaming-eta.vercel.app/js/api.js?v=7:467
[   20930ms] [LOG] 🌐 Fetching ufc... @ https://live-streaming-eta.vercel.app/js/api.js?v=7:467
[   21133ms] [ERROR] Failed to load resource: the server responded with a status of 400 () @ https://sportscore.com/api/widget/matches/?sport=mma&limit=30:0
[   21135ms] [LOG] ℹ️ mma not available from SportScore API @ https://live-streaming-eta.vercel.app/js/api.js?v=7:471
[   21141ms] [ERROR] Failed to load resource: the server responded with a status of 400 () @ https://sportscore.com/api/widget/matches/?sport=ufc&limit=30:0
[   21141ms] [LOG] ℹ️ ufc not available from SportScore API @ https://live-streaming-eta.vercel.app/js/api.js?v=7:471
[   21329ms] [ERROR] Failed to load resource: the server responded with a status of 400 () @ https://sportscore.com/api/widget/matches/?sport=mma&limit=30:0
[   21329ms] [LOG] ℹ️ mma not available from SportScore API @ https://live-streaming-eta.vercel.app/js/api.js?v=7:471
[   21340ms] [ERROR] Failed to load resource: the server responded with a status of 400 () @ https://sportscore.com/api/widget/matches/?sport=ufc&limit=30:0
[   21340ms] [LOG] ℹ️ ufc not available from SportScore API @ https://live-streaming-eta.vercel.app/js/api.js?v=7:471
[   21455ms] [ERROR] Access to fetch at 'https://api.nfldata.org/v1/games?season=2026&season_type=1' from origin 'https://live-streaming-eta.vercel.app' has been blocked by CORS policy: No 'Access-Control-Allow-Origin' header is present on the requested resource. @ https://live-streaming-eta.vercel.app/cricket/2026-08-19:0
[   21455ms] [ERROR] Failed to load resource: net::ERR_FAILED @ https://api.nfldata.org/v1/games?season=2026&season_type=1:0
[   21455ms] [LOG] ℹ️ NFL season type 1 failed: Failed to fetch @ https://live-streaming-eta.vercel.app/js/api.js?v=7:1411
[   21528ms] [ERROR] Failed to load resource: the server responded with a status of 400 () @ https://sportscore.com/api/widget/matches/?sport=mma&limit=30:0
[   21529ms] [LOG] ℹ️ mma not available from SportScore API @ https://live-streaming-eta.vercel.app/js/api.js?v=7:471
[   21542ms] [ERROR] Failed to load resource: the server responded with a status of 400 () @ https://sportscore.com/api/widget/matches/?sport=ufc&limit=30:0
[   21542ms] [LOG] ℹ️ ufc not available from SportScore API @ https://live-streaming-eta.vercel.app/js/api.js?v=7:471
[   21761ms] [ERROR] Failed to load resource: the server responded with a status of 400 () @ https://sportscore.com/api/widget/matches/?sport=mma&limit=30:0
[   21762ms] [LOG] ℹ️ mma not available from SportScore API @ https://live-streaming-eta.vercel.app/js/api.js?v=7:471
[   21762ms] [ERROR] Failed to load resource: the server responded with a status of 400 () @ https://sportscore.com/api/widget/matches/?sport=ufc&limit=30:0
[   21762ms] [LOG] ℹ️ ufc not available from SportScore API @ https://live-streaming-eta.vercel.app/js/api.js?v=7:471
[   21782ms] [ERROR] Access to fetch at 'https://api.nfldata.org/v1/games?season=2026&season_type=1' from origin 'https://live-streaming-eta.vercel.app' has been blocked by CORS policy: No 'Access-Control-Allow-Origin' header is present on the requested resource. @ https://live-streaming-eta.vercel.app/cricket/2026-08-19:0
[   21782ms] [ERROR] Failed to load resource: net::ERR_FAILED @ https://api.nfldata.org/v1/games?season=2026&season_type=1:0
[   21782ms] [LOG] ℹ️ NFL season type 1 failed: Failed to fetch @ https://live-streaming-eta.vercel.app/js/api.js?v=7:1411
[   21788ms] [ERROR] Access to fetch at 'https://api.nfldata.org/v1/games?season=2026&season_type=2' from origin 'https://live-streaming-eta.vercel.app' has been blocked by CORS policy: No 'Access-Control-Allow-Origin' header is present on the requested resource. @ https://live-streaming-eta.vercel.app/cricket/2026-08-19:0
[   21788ms] [ERROR] Failed to load resource: net::ERR_FAILED @ https://api.nfldata.org/v1/games?season=2026&season_type=2:0
[   21788ms] [LOG] ℹ️ NFL season type 2 failed: Failed to fetch @ https://live-streaming-eta.vercel.app/js/api.js?v=7:1411
[   21974ms] [ERROR] Failed to load resource: the server responded with a status of 400 () @ https://sportscore.com/api/widget/matches/?sport=ufc&limit=30:0
[   21975ms] [LOG] ℹ️ ufc not available from SportScore API @ https://live-streaming-eta.vercel.app/js/api.js?v=7:471
[   21975ms] [ERROR] Failed to load resource: the server responded with a status of 400 () @ https://sportscore.com/api/widget/matches/?sport=mma&limit=30:0
[   21975ms] [LOG] ℹ️ mma not available from SportScore API @ https://live-streaming-eta.vercel.app/js/api.js?v=7:471
[   22115ms] [ERROR] Access to fetch at 'https://api.nfldata.org/v1/games?season=2026&season_type=2' from origin 'https://live-streaming-eta.vercel.app' has been blocked by CORS policy: No 'Access-Control-Allow-Origin' header is present on the requested resource. @ https://live-streaming-eta.vercel.app/cricket/2026-08-19:0
[   22116ms] [ERROR] Failed to load resource: net::ERR_FAILED @ https://api.nfldata.org/v1/games?season=2026&season_type=2:0
[   22116ms] [LOG] ℹ️ NFL season type 2 failed: Failed to fetch @ https://live-streaming-eta.vercel.app/js/api.js?v=7:1411
[   22124ms] [ERROR] Access to fetch at 'https://api.nfldata.org/v1/games?season=2026&season_type=1' from origin 'https://live-streaming-eta.vercel.app' has been blocked by CORS policy: No 'Access-Control-Allow-Origin' header is present on the requested resource. @ https://live-streaming-eta.vercel.app/cricket/2026-08-19:0
[   22124ms] [ERROR] Failed to load resource: net::ERR_FAILED @ https://api.nfldata.org/v1/games?season=2026&season_type=1:0
[   22124ms] [LOG] ℹ️ NFL season type 1 failed: Failed to fetch @ https://live-streaming-eta.vercel.app/js/api.js?v=7:1411
[   22138ms] [ERROR] Access to fetch at 'https://api.nfldata.org/v1/games?season=2026&season_type=3' from origin 'https://live-streaming-eta.vercel.app' has been blocked by CORS policy: No 'Access-Control-Allow-Origin' header is present on the requested resource. @ https://live-streaming-eta.vercel.app/cricket/2026-08-19:0
[   22138ms] [ERROR] Failed to load resource: net::ERR_FAILED @ https://api.nfldata.org/v1/games?season=2026&season_type=3:0
[   22138ms] [LOG] ℹ️ NFL season type 3 failed: Failed to fetch @ https://live-streaming-eta.vercel.app/js/api.js?v=7:1411
[   22459ms] [ERROR] Access to fetch at 'https://api.nfldata.org/v1/games?season=2026&season_type=1' from origin 'https://live-streaming-eta.vercel.app' has been blocked by CORS policy: No 'Access-Control-Allow-Origin' header is present on the requested resource. @ https://live-streaming-eta.vercel.app/cricket/2026-08-19:0
[   22459ms] [ERROR] Failed to load resource: net::ERR_FAILED @ https://api.nfldata.org/v1/games?season=2026&season_type=1:0
[   22459ms] [LOG] ℹ️ NFL season type 1 failed: Failed to fetch @ https://live-streaming-eta.vercel.app/js/api.js?v=7:1411
[   22466ms] [ERROR] Access to fetch at 'https://api.nfldata.org/v1/games?season=2026&season_type=3' from origin 'https://live-streaming-eta.vercel.app' has been blocked by CORS policy: No 'Access-Control-Allow-Origin' header is present on the requested resource. @ https://live-streaming-eta.vercel.app/cricket/2026-08-19:0
[   22466ms] [ERROR] Failed to load resource: net::ERR_FAILED @ https://api.nfldata.org/v1/games?season=2026&season_type=3:0
[   22467ms] [LOG] ℹ️ NFL season type 3 failed: Failed to fetch @ https://live-streaming-eta.vercel.app/js/api.js?v=7:1411
[   22473ms] [ERROR] Access to fetch at 'https://api.nfldata.org/v1/games?season=2026&season_type=2' from origin 'https://live-streaming-eta.vercel.app' has been blocked by CORS policy: No 'Access-Control-Allow-Origin' header is present on the requested resource. @ https://live-streaming-eta.vercel.app/cricket/2026-08-19:0
[   22473ms] [ERROR] Failed to load resource: net::ERR_FAILED @ https://api.nfldata.org/v1/games?season=2026&season_type=2:0
[   22474ms] [LOG] ℹ️ NFL season type 2 failed: Failed to fetch @ https://live-streaming-eta.vercel.app/js/api.js?v=7:1411
[   22776ms] [ERROR] Access to fetch at 'https://api.nfldata.org/v1/games?season=2026&season_type=1' from origin 'https://live-streaming-eta.vercel.app' has been blocked by CORS policy: No 'Access-Control-Allow-Origin' header is present on the requested resource. @ https://live-streaming-eta.vercel.app/cricket/2026-08-19:0
[   22776ms] [ERROR] Failed to load resource: net::ERR_FAILED @ https://api.nfldata.org/v1/games?season=2026&season_type=1:0
[   22777ms] [LOG] ℹ️ NFL season type 1 failed: Failed to fetch @ https://live-streaming-eta.vercel.app/js/api.js?v=7:1411
[   22796ms] [ERROR] Access to fetch at 'https://api.nfldata.org/v1/games?season=2026&season_type=3' from origin 'https://live-streaming-eta.vercel.app' has been blocked by CORS policy: No 'Access-Control-Allow-Origin' header is present on the requested resource. @ https://live-streaming-eta.vercel.app/cricket/2026-08-19:0
[   22797ms] [ERROR] Failed to load resource: net::ERR_FAILED @ https://api.nfldata.org/v1/games?season=2026&season_type=3:0
[   22797ms] [LOG] ℹ️ NFL season type 3 failed: Failed to fetch @ https://live-streaming-eta.vercel.app/js/api.js?v=7:1411
[   22800ms] [ERROR] Access to fetch at 'https://api.nfldata.org/v1/games?season=2026&season_type=2' from origin 'https://live-streaming-eta.vercel.app' has been blocked by CORS policy: No 'Access-Control-Allow-Origin' header is present on the requested resource. @ https://live-streaming-eta.vercel.app/cricket/2026-08-19:0
[   22802ms] [ERROR] Failed to load resource: net::ERR_FAILED @ https://api.nfldata.org/v1/games?season=2026&season_type=2:0
[   22803ms] [LOG] ℹ️ NFL season type 2 failed: Failed to fetch @ https://live-streaming-eta.vercel.app/js/api.js?v=7:1411
[   23129ms] [ERROR] Access to fetch at 'https://api.nfldata.org/v1/games?season=2026&season_type=3' from origin 'https://live-streaming-eta.vercel.app' has been blocked by CORS policy: No 'Access-Control-Allow-Origin' header is present on the requested resource. @ https://live-streaming-eta.vercel.app/cricket/2026-08-19:0
[   23129ms] [ERROR] Failed to load resource: net::ERR_FAILED @ https://api.nfldata.org/v1/games?season=2026&season_type=3:0
[   23129ms] [LOG] ℹ️ NFL season type 3 failed: Failed to fetch @ https://live-streaming-eta.vercel.app/js/api.js?v=7:1411
[   23140ms] [ERROR] Access to fetch at 'https://api.nfldata.org/v1/games?season=2026&season_type=2' from origin 'https://live-streaming-eta.vercel.app' has been blocked by CORS policy: No 'Access-Control-Allow-Origin' header is present on the requested resource. @ https://live-streaming-eta.vercel.app/cricket/2026-08-19:0
[   23140ms] [ERROR] Failed to load resource: net::ERR_FAILED @ https://api.nfldata.org/v1/games?season=2026&season_type=2:0
[   23140ms] [LOG] ℹ️ NFL season type 2 failed: Failed to fetch @ https://live-streaming-eta.vercel.app/js/api.js?v=7:1411
[   23458ms] [ERROR] Access to fetch at 'https://api.nfldata.org/v1/games?season=2026&season_type=3' from origin 'https://live-streaming-eta.vercel.app' has been blocked by CORS policy: No 'Access-Control-Allow-Origin' header is present on the requested resource. @ https://live-streaming-eta.vercel.app/cricket/2026-08-19:0
[   23458ms] [ERROR] Failed to load resource: net::ERR_FAILED @ https://api.nfldata.org/v1/games?season=2026&season_type=3:0
[   23458ms] [LOG] ℹ️ NFL season type 3 failed: Failed to fetch @ https://live-streaming-eta.vercel.app/js/api.js?v=7:1411
[   24272ms] [LOG] 🌐 Fetching football... @ https://live-streaming-eta.vercel.app/js/api.js?v=7:467
[   24272ms] [LOG] 🌐 Fetching cricket... @ https://live-streaming-eta.vercel.app/js/api.js?v=7:467
[   24273ms] [LOG] 🌐 Fetching basketball... @ https://live-streaming-eta.vercel.app/js/api.js?v=7:467
[   24274ms] [LOG] 🌐 Fetching tennis... @ https://live-streaming-eta.vercel.app/js/api.js?v=7:467
[   24275ms] [LOG] 🌐 Fetching mma... @ https://live-streaming-eta.vercel.app/js/api.js?v=7:467
[   24275ms] [LOG] 🌐 Fetching ufc... @ https://live-streaming-eta.vercel.app/js/api.js?v=7:467
[   24276ms] [LOG] 🌐 Fetching football... @ https://live-streaming-eta.vercel.app/js/api.js?v=7:467
[   24277ms] [LOG] 🌐 Fetching cricket... @ https://live-streaming-eta.vercel.app/js/api.js?v=7:467
[   24277ms] [LOG] 🌐 Fetching basketball... @ https://live-streaming-eta.vercel.app/js/api.js?v=7:467
[   24277ms] [LOG] 🌐 Fetching tennis... @ https://live-streaming-eta.vercel.app/js/api.js?v=7:467
[   24278ms] [LOG] 🌐 Fetching mma... @ https://live-streaming-eta.vercel.app/js/api.js?v=7:467
[   24278ms] [LOG] 🌐 Fetching ufc... @ https://live-streaming-eta.vercel.app/js/api.js?v=7:467
[   24279ms] [LOG] 🌐 Fetching football... @ https://live-streaming-eta.vercel.app/js/api.js?v=7:467
[   24280ms] [LOG] 🌐 Fetching cricket... @ https://live-streaming-eta.vercel.app/js/api.js?v=7:467
[   24280ms] [LOG] 🌐 Fetching basketball... @ https://live-streaming-eta.vercel.app/js/api.js?v=7:467
[   24280ms] [LOG] 🌐 Fetching tennis... @ https://live-streaming-eta.vercel.app/js/api.js?v=7:467
[   24281ms] [LOG] 🌐 Fetching mma... @ https://live-streaming-eta.vercel.app/js/api.js?v=7:467
[   24281ms] [LOG] 🌐 Fetching ufc... @ https://live-streaming-eta.vercel.app/js/api.js?v=7:467
[   24282ms] [LOG] 🌐 Fetching football... @ https://live-streaming-eta.vercel.app/js/api.js?v=7:467
[   24282ms] [LOG] 🌐 Fetching cricket... @ https://live-streaming-eta.vercel.app/js/api.js?v=7:467
[   24282ms] [LOG] 🌐 Fetching basketball... @ https://live-streaming-eta.vercel.app/js/api.js?v=7:467
[   24283ms] [LOG] 🌐 Fetching tennis... @ https://live-streaming-eta.vercel.app/js/api.js?v=7:467
[   24283ms] [LOG] 🌐 Fetching mma... @ https://live-streaming-eta.vercel.app/js/api.js?v=7:467
[   24283ms] [LOG] 🌐 Fetching ufc... @ https://live-streaming-eta.vercel.app/js/api.js?v=7:467
[   24284ms] [LOG] 🌐 Fetching football... @ https://live-streaming-eta.vercel.app/js/api.js?v=7:467
[   24284ms] [LOG] 🌐 Fetching cricket... @ https://live-streaming-eta.vercel.app/js/api.js?v=7:467
[   24284ms] [LOG] 🌐 Fetching basketball... @ https://live-streaming-eta.vercel.app/js/api.js?v=7:467
[   24285ms] [LOG] 🌐 Fetching tennis... @ https://live-streaming-eta.vercel.app/js/api.js?v=7:467
[   24285ms] [LOG] 🌐 Fetching mma... @ https://live-streaming-eta.vercel.app/js/api.js?v=7:467
[   24288ms] [LOG] 🌐 Fetching ufc... @ https://live-streaming-eta.vercel.app/js/api.js?v=7:467
[   24597ms] [ERROR] Failed to load resource: the server responded with a status of 400 () @ https://sportscore.com/api/widget/matches/?sport=mma&limit=30:0
[   24597ms] [LOG] ℹ️ mma not available from SportScore API @ https://live-streaming-eta.vercel.app/js/api.js?v=7:471
[   24598ms] [ERROR] Failed to load resource: the server responded with a status of 400 () @ https://sportscore.com/api/widget/matches/?sport=ufc&limit=30:0
[   24598ms] [LOG] ℹ️ ufc not available from SportScore API @ https://live-streaming-eta.vercel.app/js/api.js?v=7:471
[   24927ms] [ERROR] Access to fetch at 'https://api.nfldata.org/v1/games?season=2026&season_type=1' from origin 'https://live-streaming-eta.vercel.app' has been blocked by CORS policy: No 'Access-Control-Allow-Origin' header is present on the requested resource. @ https://live-streaming-eta.vercel.app/cricket/2026-08-19:0
[   24927ms] [ERROR] Failed to load resource: net::ERR_FAILED @ https://api.nfldata.org/v1/games?season=2026&season_type=1:0
[   24927ms] [LOG] ℹ️ NFL season type 1 failed: Failed to fetch @ https://live-streaming-eta.vercel.app/js/api.js?v=7:1411
[   24946ms] [ERROR] Failed to load resource: the server responded with a status of 400 () @ https://sportscore.com/api/widget/matches/?sport=ufc&limit=30:0
[   24946ms] [LOG] ℹ️ ufc not available from SportScore API @ https://live-streaming-eta.vercel.app/js/api.js?v=7:471
[   24947ms] [ERROR] Failed to load resource: the server responded with a status of 400 () @ https://sportscore.com/api/widget/matches/?sport=mma&limit=30:0
[   24947ms] [LOG] ℹ️ mma not available from SportScore API @ https://live-streaming-eta.vercel.app/js/api.js?v=7:471
[   25247ms] [ERROR] Access to fetch at 'https://api.nfldata.org/v1/games?season=2026&season_type=2' from origin 'https://live-streaming-eta.vercel.app' has been blocked by CORS policy: No 'Access-Control-Allow-Origin' header is present on the requested resource. @ https://live-streaming-eta.vercel.app/cricket/2026-08-19:0
[   25248ms] [ERROR] Failed to load resource: net::ERR_FAILED @ https://api.nfldata.org/v1/games?season=2026&season_type=2:0
[   25248ms] [LOG] ℹ️ NFL season type 2 failed: Failed to fetch @ https://live-streaming-eta.vercel.app/js/api.js?v=7:1411
[   25269ms] [ERROR] Access to fetch at 'https://api.nfldata.org/v1/games?season=2026&season_type=1' from origin 'https://live-streaming-eta.vercel.app' has been blocked by CORS policy: No 'Access-Control-Allow-Origin' header is present on the requested resource. @ https://live-streaming-eta.vercel.app/cricket/2026-08-19:0
[   25269ms] [ERROR] Failed to load resource: net::ERR_FAILED @ https://api.nfldata.org/v1/games?season=2026&season_type=1:0
[   25269ms] [LOG] ℹ️ NFL season type 1 failed: Failed to fetch @ https://live-streaming-eta.vercel.app/js/api.js?v=7:1411
[   25305ms] [LOG] 🔄 Live Agent: refreshing scores... @ https://live-streaming-eta.vercel.app/js/app.js?v=8:906
[   25307ms] [LOG] 🌐 Fetching football... @ https://live-streaming-eta.vercel.app/js/api.js?v=7:467
[   25307ms] [LOG] 🌐 Fetching cricket... @ https://live-streaming-eta.vercel.app/js/api.js?v=7:467
[   25308ms] [LOG] 🌐 Fetching basketball... @ https://live-streaming-eta.vercel.app/js/api.js?v=7:467
[   25309ms] [LOG] 🌐 Fetching tennis... @ https://live-streaming-eta.vercel.app/js/api.js?v=7:467
[   25309ms] [LOG] 🌐 Fetching mma... @ https://live-streaming-eta.vercel.app/js/api.js?v=7:467
[   25310ms] [LOG] 🌐 Fetching ufc... @ https://live-streaming-eta.vercel.app/js/api.js?v=7:467
[   25332ms] [LOG] ✅ ESPN Cricket: 23 matches from 9 series @ https://live-streaming-eta.vercel.app/js/api.js?v=7:1233
[   25396ms] [ERROR] Failed to load resource: the server responded with a status of 400 () @ https://sportscore.com/api/widget/matches/?sport=mma&limit=30:0
[   25397ms] [LOG] ℹ️ mma not available from SportScore API @ https://live-streaming-eta.vercel.app/js/api.js?v=7:471
[   25402ms] [ERROR] Failed to load resource: the server responded with a status of 400 () @ https://sportscore.com/api/widget/matches/?sport=ufc&limit=30:0
[   25402ms] [LOG] ℹ️ ufc not available from SportScore API @ https://live-streaming-eta.vercel.app/js/api.js?v=7:471
[   25570ms] [ERROR] Access to fetch at 'https://api.nfldata.org/v1/games?season=2026&season_type=3' from origin 'https://live-streaming-eta.vercel.app' has been blocked by CORS policy: No 'Access-Control-Allow-Origin' header is present on the requested resource. @ https://live-streaming-eta.vercel.app/cricket/2026-08-19:0
[   25573ms] [ERROR] Failed to load resource: net::ERR_FAILED @ https://api.nfldata.org/v1/games?season=2026&season_type=3:0
[   25573ms] [LOG] ℹ️ NFL season type 3 failed: Failed to fetch @ https://live-streaming-eta.vercel.app/js/api.js?v=7:1411
[   25596ms] [ERROR] Access to fetch at 'https://api.nfldata.org/v1/games?season=2026&season_type=2' from origin 'https://live-streaming-eta.vercel.app' has been blocked by CORS policy: No 'Access-Control-Allow-Origin' header is present on the requested resource. @ https://live-streaming-eta.vercel.app/cricket/2026-08-19:0
[   25596ms] [ERROR] Failed to load resource: net::ERR_FAILED @ https://api.nfldata.org/v1/games?season=2026&season_type=2:0
[   25596ms] [LOG] ℹ️ NFL season type 2 failed: Failed to fetch @ https://live-streaming-eta.vercel.app/js/api.js?v=7:1411
[   25618ms] [ERROR] Failed to load resource: the server responded with a status of 502 () @ https://live-streaming-eta.vercel.app/api/google-cricket:0
[   25618ms] [LOG] ⚠️ Google Cricket failed: Google Cricket HTTP 502 @ https://live-streaming-eta.vercel.app/js/api.js?v=7:1331
[   25699ms] [ERROR] Failed to load resource: the server responded with a status of 400 () @ https://sportscore.com/api/widget/matches/?sport=mma&limit=30:0
[   25699ms] [LOG] ℹ️ mma not available from SportScore API @ https://live-streaming-eta.vercel.app/js/api.js?v=7:471
[   25703ms] [ERROR] Failed to load resource: the server responded with a status of 400 () @ https://sportscore.com/api/widget/matches/?sport=ufc&limit=30:0
[   25703ms] [LOG] ℹ️ ufc not available from SportScore API @ https://live-streaming-eta.vercel.app/js/api.js?v=7:471
[   25726ms] [ERROR] Access to fetch at 'https://api.nfldata.org/v1/games?season=2026&season_type=1' from origin 'https://live-streaming-eta.vercel.app' has been blocked by CORS policy: No 'Access-Control-Allow-Origin' header is present on the requested resource. @ https://live-streaming-eta.vercel.app/cricket/2026-08-19:0
[   25727ms] [ERROR] Failed to load resource: net::ERR_FAILED @ https://api.nfldata.org/v1/games?season=2026&season_type=1:0
[   25727ms] [LOG] ℹ️ NFL season type 1 failed: Failed to fetch @ https://live-streaming-eta.vercel.app/js/api.js?v=7:1411
[   25909ms] [ERROR] Access to fetch at 'https://api.nfldata.org/v1/games?season=2026&season_type=3' from origin 'https://live-streaming-eta.vercel.app' has been blocked by CORS policy: No 'Access-Control-Allow-Origin' header is present on the requested resource. @ https://live-streaming-eta.vercel.app/cricket/2026-08-19:0
[   25910ms] [ERROR] Failed to load resource: net::ERR_FAILED @ https://api.nfldata.org/v1/games?season=2026&season_type=3:0
[   25910ms] [LOG] ℹ️ NFL season type 3 failed: Failed to fetch @ https://live-streaming-eta.vercel.app/js/api.js?v=7:1411
[   25915ms] [ERROR] Failed to load resource: the server responded with a status of 400 () @ https://sportscore.com/api/widget/matches/?sport=mma&limit=30:0
[   25916ms] [LOG] ℹ️ mma not available from SportScore API @ https://live-streaming-eta.vercel.app/js/api.js?v=7:471
[   25920ms] [ERROR] Failed to load resource: the server responded with a status of 400 () @ https://sportscore.com/api/widget/matches/?sport=ufc&limit=30:0
[   25920ms] [LOG] ℹ️ ufc not available from SportScore API @ https://live-streaming-eta.vercel.app/js/api.js?v=7:471
[   26048ms] [ERROR] Access to fetch at 'https://api.nfldata.org/v1/games?season=2026&season_type=1' from origin 'https://live-streaming-eta.vercel.app' has been blocked by CORS policy: No 'Access-Control-Allow-Origin' header is present on the requested resource. @ https://live-streaming-eta.vercel.app/cricket/2026-08-19:0
[   26048ms] [ERROR] Failed to load resource: net::ERR_FAILED @ https://api.nfldata.org/v1/games?season=2026&season_type=1:0
[   26048ms] [LOG] ℹ️ NFL season type 1 failed: Failed to fetch @ https://live-streaming-eta.vercel.app/js/api.js?v=7:1411
[   26054ms] [ERROR] Access to fetch at 'https://api.nfldata.org/v1/games?season=2026&season_type=2' from origin 'https://live-streaming-eta.vercel.app' has been blocked by CORS policy: No 'Access-Control-Allow-Origin' header is present on the requested resource. @ https://live-streaming-eta.vercel.app/cricket/2026-08-19:0
[   26056ms] [ERROR] Failed to load resource: net::ERR_FAILED @ https://api.nfldata.org/v1/games?season=2026&season_type=2:0
[   26057ms] [LOG] ℹ️ NFL season type 2 failed: Failed to fetch @ https://live-streaming-eta.vercel.app/js/api.js?v=7:1411
[   26170ms] [ERROR] Failed to load resource: the server responded with a status of 400 () @ https://sportscore.com/api/widget/matches/?sport=mma&limit=30:0
[   26170ms] [LOG] ℹ️ mma not available from SportScore API @ https://live-streaming-eta.vercel.app/js/api.js?v=7:471
[   26171ms] [ERROR] Failed to load resource: the server responded with a status of 400 () @ https://sportscore.com/api/widget/matches/?sport=ufc&limit=30:0
[   26174ms] [LOG] ℹ️ ufc not available from SportScore API @ https://live-streaming-eta.vercel.app/js/api.js?v=7:471
[   26179ms] [LOG] ✅ Live Agent: refresh complete @ https://live-streaming-eta.vercel.app/js/app.js?v=8:973
[   26360ms] [ERROR] Access to fetch at 'https://api.nfldata.org/v1/games?season=2026&season_type=1' from origin 'https://live-streaming-eta.vercel.app' has been blocked by CORS policy: No 'Access-Control-Allow-Origin' header is present on the requested resource. @ https://live-streaming-eta.vercel.app/cricket/2026-08-19:0
[   26360ms] [ERROR] Failed to load resource: net::ERR_FAILED @ https://api.nfldata.org/v1/games?season=2026&season_type=1:0
[   26361ms] [LOG] ℹ️ NFL season type 1 failed: Failed to fetch @ https://live-streaming-eta.vercel.app/js/api.js?v=7:1411
[   26377ms] [ERROR] Access to fetch at 'https://api.nfldata.org/v1/games?season=2026&season_type=2' from origin 'https://live-streaming-eta.vercel.app' has been blocked by CORS policy: No 'Access-Control-Allow-Origin' header is present on the requested resource. @ https://live-streaming-eta.vercel.app/cricket/2026-08-19:0
[   26377ms] [ERROR] Failed to load resource: net::ERR_FAILED @ https://api.nfldata.org/v1/games?season=2026&season_type=2:0
[   26378ms] [LOG] ℹ️ NFL season type 2 failed: Failed to fetch @ https://live-streaming-eta.vercel.app/js/api.js?v=7:1411
[   26387ms] [ERROR] Access to fetch at 'https://api.nfldata.org/v1/games?season=2026&season_type=3' from origin 'https://live-streaming-eta.vercel.app' has been blocked by CORS policy: No 'Access-Control-Allow-Origin' header is present on the requested resource. @ https://live-streaming-eta.vercel.app/cricket/2026-08-19:0
[   26387ms] [ERROR] Failed to load resource: net::ERR_FAILED @ https://api.nfldata.org/v1/games?season=2026&season_type=3:0
[   26387ms] [LOG] ℹ️ NFL season type 3 failed: Failed to fetch @ https://live-streaming-eta.vercel.app/js/api.js?v=7:1411
[   26694ms] [ERROR] Access to fetch at 'https://api.nfldata.org/v1/games?season=2026&season_type=2' from origin 'https://live-streaming-eta.vercel.app' has been blocked by CORS policy: No 'Access-Control-Allow-Origin' header is present on the requested resource. @ https://live-streaming-eta.vercel.app/cricket/2026-08-19:0
[   26694ms] [ERROR] Failed to load resource: net::ERR_FAILED @ https://api.nfldata.org/v1/games?season=2026&season_type=2:0
[   26694ms] [LOG] ℹ️ NFL season type 2 failed: Failed to fetch @ https://live-streaming-eta.vercel.app/js/api.js?v=7:1411
[   26710ms] [ERROR] Access to fetch at 'https://api.nfldata.org/v1/games?season=2026&season_type=3' from origin 'https://live-streaming-eta.vercel.app' has been blocked by CORS policy: No 'Access-Control-Allow-Origin' header is present on the requested resource. @ https://live-streaming-eta.vercel.app/cricket/2026-08-19:0
[   26710ms] [ERROR] Failed to load resource: net::ERR_FAILED @ https://api.nfldata.org/v1/games?season=2026&season_type=3:0
[   26711ms] [LOG] ℹ️ NFL season type 3 failed: Failed to fetch @ https://live-streaming-eta.vercel.app/js/api.js?v=7:1411
[   27027ms] [ERROR] Access to fetch at 'https://api.nfldata.org/v1/games?season=2026&season_type=3' from origin 'https://live-streaming-eta.vercel.app' has been blocked by CORS policy: No 'Access-Control-Allow-Origin' header is present on the requested resource. @ https://live-streaming-eta.vercel.app/cricket/2026-08-19:0
[   27027ms] [ERROR] Failed to load resource: net::ERR_FAILED @ https://api.nfldata.org/v1/games?season=2026&season_type=3:0
[   27027ms] [LOG] ℹ️ NFL season type 3 failed: Failed to fetch @ https://live-streaming-eta.vercel.app/js/api.js?v=7:1411
[   27827ms] [LOG] 🌐 Fetching football... @ https://live-streaming-eta.vercel.app/js/api.js?v=7:467
[   27828ms] [LOG] 🌐 Fetching cricket... @ https://live-streaming-eta.vercel.app/js/api.js?v=7:467
[   27828ms] [LOG] 🌐 Fetching basketball... @ https://live-streaming-eta.vercel.app/js/api.js?v=7:467
[   27829ms] [LOG] 🌐 Fetching tennis... @ https://live-streaming-eta.vercel.app/js/api.js?v=7:467
[   27829ms] [LOG] 🌐 Fetching mma... @ https://live-streaming-eta.vercel.app/js/api.js?v=7:467
[   27830ms] [LOG] 🌐 Fetching ufc... @ https://live-streaming-eta.vercel.app/js/api.js?v=7:467
[   27830ms] [LOG] 🌐 Fetching football... @ https://live-streaming-eta.vercel.app/js/api.js?v=7:467
[   27831ms] [LOG] 🌐 Fetching cricket... @ https://live-streaming-eta.vercel.app/js/api.js?v=7:467
[   27831ms] [LOG] 🌐 Fetching basketball... @ https://live-streaming-eta.vercel.app/js/api.js?v=7:467
[   27831ms] [LOG] 🌐 Fetching tennis... @ https://live-streaming-eta.vercel.app/js/api.js?v=7:467
[   27831ms] [LOG] 🌐 Fetching mma... @ https://live-streaming-eta.vercel.app/js/api.js?v=7:467
[   27832ms] [LOG] 🌐 Fetching ufc... @ https://live-streaming-eta.vercel.app/js/api.js?v=7:467
[   27832ms] [LOG] 🌐 Fetching football... @ https://live-streaming-eta.vercel.app/js/api.js?v=7:467
[   27832ms] [LOG] 🌐 Fetching cricket... @ https://live-streaming-eta.vercel.app/js/api.js?v=7:467
[   27833ms] [LOG] 🌐 Fetching basketball... @ https://live-streaming-eta.vercel.app/js/api.js?v=7:467
[   27833ms] [LOG] 🌐 Fetching tennis... @ https://live-streaming-eta.vercel.app/js/api.js?v=7:467
[   27833ms] [LOG] 🌐 Fetching mma... @ https://live-streaming-eta.vercel.app/js/api.js?v=7:467
[   27834ms] [LOG] 🌐 Fetching ufc... @ https://live-streaming-eta.vercel.app/js/api.js?v=7:467
[   27834ms] [LOG] 🌐 Fetching football... @ https://live-streaming-eta.vercel.app/js/api.js?v=7:467
[   27834ms] [LOG] 🌐 Fetching cricket... @ https://live-streaming-eta.vercel.app/js/api.js?v=7:467
[   27835ms] [LOG] 🌐 Fetching basketball... @ https://live-streaming-eta.vercel.app/js/api.js?v=7:467
[   27835ms] [LOG] 🌐 Fetching tennis... @ https://live-streaming-eta.vercel.app/js/api.js?v=7:467
[   27835ms] [LOG] 🌐 Fetching mma... @ https://live-streaming-eta.vercel.app/js/api.js?v=7:467
[   27836ms] [LOG] 🌐 Fetching ufc... @ https://live-streaming-eta.vercel.app/js/api.js?v=7:467
[   27836ms] [LOG] 🌐 Fetching football... @ https://live-streaming-eta.vercel.app/js/api.js?v=7:467
[   27837ms] [LOG] 🌐 Fetching cricket... @ https://live-streaming-eta.vercel.app/js/api.js?v=7:467
[   27837ms] [LOG] 🌐 Fetching basketball... @ https://live-streaming-eta.vercel.app/js/api.js?v=7:467
[   27837ms] [LOG] 🌐 Fetching tennis... @ https://live-streaming-eta.vercel.app/js/api.js?v=7:467
[   27838ms] [LOG] 🌐 Fetching mma... @ https://live-streaming-eta.vercel.app/js/api.js?v=7:467
[   27838ms] [LOG] 🌐 Fetching ufc... @ https://live-streaming-eta.vercel.app/js/api.js?v=7:467
[   28046ms] [ERROR] Failed to load resource: the server responded with a status of 400 () @ https://sportscore.com/api/widget/matches/?sport=mma&limit=30:0
[   28047ms] [LOG] ℹ️ mma not available from SportScore API @ https://live-streaming-eta.vercel.app/js/api.js?v=7:471
[   28047ms] [ERROR] Failed to load resource: the server responded with a status of 400 () @ https://sportscore.com/api/widget/matches/?sport=ufc&limit=30:0
[   28047ms] [LOG] ℹ️ ufc not available from SportScore API @ https://live-streaming-eta.vercel.app/js/api.js?v=7:471
[   28253ms] [ERROR] Failed to load resource: the server responded with a status of 400 () @ https://sportscore.com/api/widget/matches/?sport=mma&limit=30:0
[   28253ms] [LOG] ℹ️ mma not available from SportScore API @ https://live-streaming-eta.vercel.app/js/api.js?v=7:471
[   28264ms] [ERROR] Failed to load resource: the server responded with a status of 400 () @ https://sportscore.com/api/widget/matches/?sport=ufc&limit=30:0
[   28264ms] [LOG] ℹ️ ufc not available from SportScore API @ https://live-streaming-eta.vercel.app/js/api.js?v=7:471
[   28363ms] [ERROR] Access to fetch at 'https://api.nfldata.org/v1/games?season=2026&season_type=1' from origin 'https://live-streaming-eta.vercel.app' has been blocked by CORS policy: No 'Access-Control-Allow-Origin' header is present on the requested resource. @ https://live-streaming-eta.vercel.app/cricket/2026-08-19:0
[   28363ms] [ERROR] Failed to load resource: net::ERR_FAILED @ https://api.nfldata.org/v1/games?season=2026&season_type=1:0
[   28363ms] [LOG] ℹ️ NFL season type 1 failed: Failed to fetch @ https://live-streaming-eta.vercel.app/js/api.js?v=7:1411
[   28445ms] [ERROR] Access to fetch at 'https://sportscore.com/api/widget/matches/?sport=mma&limit=30' from origin 'https://live-streaming-eta.vercel.app' has been blocked by CORS policy: No 'Access-Control-Allow-Origin' header is present on the requested resource. @ https://live-streaming-eta.vercel.app/cricket/2026-08-19:0
[   28445ms] [ERROR] Failed to load resource: net::ERR_FAILED @ https://sportscore.com/api/widget/matches/?sport=mma&limit=30:0
[   28445ms] [LOG] ℹ️ mma: Failed to fetch @ https://live-streaming-eta.vercel.app/js/api.js?v=7:478
[   28463ms] [ERROR] Access to fetch at 'https://sportscore.com/api/widget/matches/?sport=ufc&limit=30' from origin 'https://live-streaming-eta.vercel.app' has been blocked by CORS policy: No 'Access-Control-Allow-Origin' header is present on the requested resource. @ https://live-streaming-eta.vercel.app/cricket/2026-08-19:0
[   28463ms] [ERROR] Failed to load resource: net::ERR_FAILED @ https://sportscore.com/api/widget/matches/?sport=ufc&limit=30:0
[   28463ms] [LOG] ℹ️ ufc: Failed to fetch @ https://live-streaming-eta.vercel.app/js/api.js?v=7:478
[   28654ms] [ERROR] Access to fetch at 'https://sportscore.com/api/widget/matches/?sport=ufc&limit=30' from origin 'https://live-streaming-eta.vercel.app' has been blocked by CORS policy: No 'Access-Control-Allow-Origin' header is present on the requested resource. @ https://live-streaming-eta.vercel.app/cricket/2026-08-19:0
[   28654ms] [ERROR] Failed to load resource: net::ERR_FAILED @ https://sportscore.com/api/widget/matches/?sport=ufc&limit=30:0
[   28654ms] [LOG] ℹ️ ufc: Failed to fetch @ https://live-streaming-eta.vercel.app/js/api.js?v=7:478
[   28689ms] [ERROR] Access to fetch at 'https://api.nfldata.org/v1/games?season=2026&season_type=1' from origin 'https://live-streaming-eta.vercel.app' has been blocked by CORS policy: No 'Access-Control-Allow-Origin' header is present on the requested resource. @ https://live-streaming-eta.vercel.app/cricket/2026-08-19:0
[   28689ms] [ERROR] Failed to load resource: net::ERR_FAILED @ https://api.nfldata.org/v1/games?season=2026&season_type=1:0
[   28690ms] [LOG] ℹ️ NFL season type 1 failed: Failed to fetch @ https://live-streaming-eta.vercel.app/js/api.js?v=7:1411
[   28700ms] [ERROR] Access to fetch at 'https://api.nfldata.org/v1/games?season=2026&season_type=2' from origin 'https://live-streaming-eta.vercel.app' has been blocked by CORS policy: No 'Access-Control-Allow-Origin' header is present on the requested resource. @ https://live-streaming-eta.vercel.app/cricket/2026-08-19:0
[   28700ms] [ERROR] Failed to load resource: net::ERR_FAILED @ https://api.nfldata.org/v1/games?season=2026&season_type=2:0
[   28700ms] [LOG] ℹ️ NFL season type 2 failed: Failed to fetch @ https://live-streaming-eta.vercel.app/js/api.js?v=7:1411
[   29019ms] [ERROR] Access to fetch at 'https://api.nfldata.org/v1/games?season=2026&season_type=1' from origin 'https://live-streaming-eta.vercel.app' has been blocked by CORS policy: No 'Access-Control-Allow-Origin' header is present on the requested resource. @ https://live-streaming-eta.vercel.app/cricket/2026-08-19:0
[   29019ms] [ERROR] Failed to load resource: net::ERR_FAILED @ https://api.nfldata.org/v1/games?season=2026&season_type=1:0
[   29019ms] [LOG] ℹ️ NFL season type 1 failed: Failed to fetch @ https://live-streaming-eta.vercel.app/js/api.js?v=7:1411
[   29029ms] [ERROR] Access to fetch at 'https://api.nfldata.org/v1/games?season=2026&season_type=3' from origin 'https://live-streaming-eta.vercel.app' has been blocked by CORS policy: No 'Access-Control-Allow-Origin' header is present on the requested resource. @ https://live-streaming-eta.vercel.app/cricket/2026-08-19:0
[   29029ms] [ERROR] Failed to load resource: net::ERR_FAILED @ https://api.nfldata.org/v1/games?season=2026&season_type=3:0
[   29030ms] [LOG] ℹ️ NFL season type 3 failed: Failed to fetch @ https://live-streaming-eta.vercel.app/js/api.js?v=7:1411
[   29036ms] [ERROR] Access to fetch at 'https://api.nfldata.org/v1/games?season=2026&season_type=2' from origin 'https://live-streaming-eta.vercel.app' has been blocked by CORS policy: No 'Access-Control-Allow-Origin' header is present on the requested resource. @ https://live-streaming-eta.vercel.app/cricket/2026-08-19:0
[   29037ms] [ERROR] Failed to load resource: net::ERR_FAILED @ https://api.nfldata.org/v1/games?season=2026&season_type=2:0
[   29037ms] [LOG] ℹ️ NFL season type 2 failed: Failed to fetch @ https://live-streaming-eta.vercel.app/js/api.js?v=7:1411
[   29364ms] [ERROR] Access to fetch at 'https://api.nfldata.org/v1/games?season=2026&season_type=2' from origin 'https://live-streaming-eta.vercel.app' has been blocked by CORS policy: No 'Access-Control-Allow-Origin' header is present on the requested resource. @ https://live-streaming-eta.vercel.app/cricket/2026-08-19:0
[   29365ms] [ERROR] Failed to load resource: net::ERR_FAILED @ https://api.nfldata.org/v1/games?season=2026&season_type=2:0
[   29365ms] [LOG] ℹ️ NFL season type 2 failed: Failed to fetch @ https://live-streaming-eta.vercel.app/js/api.js?v=7:1411
[   29368ms] [ERROR] Access to fetch at 'https://api.nfldata.org/v1/games?season=2026&season_type=3' from origin 'https://live-streaming-eta.vercel.app' has been blocked by CORS policy: No 'Access-Control-Allow-Origin' header is present on the requested resource. @ https://live-streaming-eta.vercel.app/cricket/2026-08-19:0
[   29368ms] [ERROR] Failed to load resource: net::ERR_FAILED @ https://api.nfldata.org/v1/games?season=2026&season_type=3:0
[   29368ms] [LOG] ℹ️ NFL season type 3 failed: Failed to fetch @ https://live-streaming-eta.vercel.app/js/api.js?v=7:1411
[   29548ms] [ERROR] Failed to load resource: the server responded with a status of 400 () @ https://sportscore.com/api/widget/matches/?sport=mma&limit=30:0
[   29548ms] [LOG] ℹ️ mma not available from SportScore API @ https://live-streaming-eta.vercel.app/js/api.js?v=7:471
[   29685ms] [ERROR] Access to fetch at 'https://api.nfldata.org/v1/games?season=2026&season_type=3' from origin 'https://live-streaming-eta.vercel.app' has been blocked by CORS policy: No 'Access-Control-Allow-Origin' header is present on the requested resource. @ https://live-streaming-eta.vercel.app/cricket/2026-08-19:0
[   29685ms] [ERROR] Failed to load resource: net::ERR_FAILED @ https://api.nfldata.org/v1/games?season=2026&season_type=3:0
[   29685ms] [LOG] ℹ️ NFL season type 3 failed: Failed to fetch @ https://live-streaming-eta.vercel.app/js/api.js?v=7:1411
[   29715ms] [ERROR] Failed to load resource: the server responded with a status of 400 () @ https://sportscore.com/api/widget/matches/?sport=ufc&limit=30:0
[   29716ms] [LOG] ℹ️ ufc not available from SportScore API @ https://live-streaming-eta.vercel.app/js/api.js?v=7:471
[   29834ms] [ERROR] Failed to load resource: the server responded with a status of 400 () @ https://sportscore.com/api/widget/matches/?sport=mma&limit=30:0
[   29835ms] [LOG] ℹ️ mma not available from SportScore API @ https://live-streaming-eta.vercel.app/js/api.js?v=7:471
[   29868ms] [ERROR] Access to fetch at 'https://api.nfldata.org/v1/games?season=2026&season_type=1' from origin 'https://live-streaming-eta.vercel.app' has been blocked by CORS policy: No 'Access-Control-Allow-Origin' header is present on the requested resource. @ https://live-streaming-eta.vercel.app/cricket/2026-08-19:0
[   29868ms] [ERROR] Failed to load resource: net::ERR_FAILED @ https://api.nfldata.org/v1/games?season=2026&season_type=1:0
[   29868ms] [LOG] ℹ️ NFL season type 1 failed: Failed to fetch @ https://live-streaming-eta.vercel.app/js/api.js?v=7:1411
[   30188ms] [ERROR] Access to fetch at 'https://api.nfldata.org/v1/games?season=2026&season_type=1' from origin 'https://live-streaming-eta.vercel.app' has been blocked by CORS policy: No 'Access-Control-Allow-Origin' header is present on the requested resource. @ https://live-streaming-eta.vercel.app/cricket/2026-08-19:0
[   30188ms] [ERROR] Failed to load resource: net::ERR_FAILED @ https://api.nfldata.org/v1/games?season=2026&season_type=1:0
[   30188ms] [LOG] ℹ️ NFL season type 1 failed: Failed to fetch @ https://live-streaming-eta.vercel.app/js/api.js?v=7:1411
[   30205ms] [ERROR] Access to fetch at 'https://api.nfldata.org/v1/games?season=2026&season_type=2' from origin 'https://live-streaming-eta.vercel.app' has been blocked by CORS policy: No 'Access-Control-Allow-Origin' header is present on the requested resource. @ https://live-streaming-eta.vercel.app/cricket/2026-08-19:0
[   30205ms] [ERROR] Failed to load resource: net::ERR_FAILED @ https://api.nfldata.org/v1/games?season=2026&season_type=2:0
[   30205ms] [LOG] ℹ️ NFL season type 2 failed: Failed to fetch @ https://live-streaming-eta.vercel.app/js/api.js?v=7:1411
[   30300ms] [LOG] 🔄 Live Agent: refreshing scores... @ https://live-streaming-eta.vercel.app/js/app.js?v=8:906
[   30300ms] [LOG] 🌐 Fetching football... @ https://live-streaming-eta.vercel.app/js/api.js?v=7:467
[   30301ms] [LOG] 🌐 Fetching cricket... @ https://live-streaming-eta.vercel.app/js/api.js?v=7:467
[   30302ms] [LOG] 🌐 Fetching basketball... @ https://live-streaming-eta.vercel.app/js/api.js?v=7:467
[   30302ms] [LOG] 🌐 Fetching tennis... @ https://live-streaming-eta.vercel.app/js/api.js?v=7:467
[   30303ms] [LOG] 🌐 Fetching mma... @ https://live-streaming-eta.vercel.app/js/api.js?v=7:467
[   30304ms] [LOG] 🌐 Fetching ufc... @ https://live-streaming-eta.vercel.app/js/api.js?v=7:467
[   30519ms] [ERROR] Failed to load resource: the server responded with a status of 400 () @ https://sportscore.com/api/widget/matches/?sport=mma&limit=30:0
[   30519ms] [LOG] ℹ️ mma not available from SportScore API @ https://live-streaming-eta.vercel.app/js/api.js?v=7:471
[   30520ms] [ERROR] Failed to load resource: the server responded with a status of 400 () @ https://sportscore.com/api/widget/matches/?sport=ufc&limit=30:0
[   30520ms] [LOG] ℹ️ ufc not available from SportScore API @ https://live-streaming-eta.vercel.app/js/api.js?v=7:471
[   30533ms] [ERROR] Access to fetch at 'https://api.nfldata.org/v1/games?season=2026&season_type=3' from origin 'https://live-streaming-eta.vercel.app' has been blocked by CORS policy: No 'Access-Control-Allow-Origin' header is present on the requested resource. @ https://live-streaming-eta.vercel.app/cricket/2026-08-19:0
[   30534ms] [ERROR] Failed to load resource: net::ERR_FAILED @ https://api.nfldata.org/v1/games?season=2026&season_type=3:0
[   30534ms] [LOG] ℹ️ NFL season type 3 failed: Failed to fetch @ https://live-streaming-eta.vercel.app/js/api.js?v=7:1411
[   30539ms] [ERROR] Access to fetch at 'https://api.nfldata.org/v1/games?season=2026&season_type=2' from origin 'https://live-streaming-eta.vercel.app' has been blocked by CORS policy: No 'Access-Control-Allow-Origin' header is present on the requested resource. @ https://live-streaming-eta.vercel.app/cricket/2026-08-19:0
[   30540ms] [ERROR] Failed to load resource: net::ERR_FAILED @ https://api.nfldata.org/v1/games?season=2026&season_type=2:0
[   30540ms] [LOG] ℹ️ NFL season type 2 failed: Failed to fetch @ https://live-streaming-eta.vercel.app/js/api.js?v=7:1411
[   30633ms] [ERROR] Failed to load resource: the server responded with a status of 502 () @ https://live-streaming-eta.vercel.app/api/google-cricket:0
[   30633ms] [LOG] ⚠️ Google Cricket failed: Google Cricket HTTP 502 @ https://live-streaming-eta.vercel.app/js/api.js?v=7:1331
[   30707ms] [LOG] ✅ ESPN Cricket: 23 matches from 9 series @ https://live-streaming-eta.vercel.app/js/api.js?v=7:1233
[   30719ms] [LOG] ✅ Live Agent: refresh complete @ https://live-streaming-eta.vercel.app/js/app.js?v=8:973
[   30854ms] [ERROR] Access to fetch at 'https://api.nfldata.org/v1/games?season=2026&season_type=3' from origin 'https://live-streaming-eta.vercel.app' has been blocked by CORS policy: No 'Access-Control-Allow-Origin' header is present on the requested resource. @ https://live-streaming-eta.vercel.app/cricket/2026-08-19:0
[   30854ms] [ERROR] Failed to load resource: net::ERR_FAILED @ https://api.nfldata.org/v1/games?season=2026&season_type=3:0
[   30854ms] [LOG] ℹ️ NFL season type 3 failed: Failed to fetch @ https://live-streaming-eta.vercel.app/js/api.js?v=7:1411
[   31657ms] [LOG] 🌐 Fetching football... @ https://live-streaming-eta.vercel.app/js/api.js?v=7:467
[   31658ms] [LOG] 🌐 Fetching cricket... @ https://live-streaming-eta.vercel.app/js/api.js?v=7:467
[   31659ms] [LOG] 🌐 Fetching basketball... @ https://live-streaming-eta.vercel.app/js/api.js?v=7:467
[   31660ms] [LOG] 🌐 Fetching tennis... @ https://live-streaming-eta.vercel.app/js/api.js?v=7:467
[   31666ms] [LOG] 🌐 Fetching mma... @ https://live-streaming-eta.vercel.app/js/api.js?v=7:467
[   31667ms] [LOG] 🌐 Fetching ufc... @ https://live-streaming-eta.vercel.app/js/api.js?v=7:467
[   31668ms] [LOG] 🌐 Fetching football... @ https://live-streaming-eta.vercel.app/js/api.js?v=7:467
[   31670ms] [LOG] 🌐 Fetching cricket... @ https://live-streaming-eta.vercel.app/js/api.js?v=7:467
[   31671ms] [LOG] 🌐 Fetching basketball... @ https://live-streaming-eta.vercel.app/js/api.js?v=7:467
[   31671ms] [LOG] 🌐 Fetching tennis... @ https://live-streaming-eta.vercel.app/js/api.js?v=7:467
[   31673ms] [LOG] 🌐 Fetching mma... @ https://live-streaming-eta.vercel.app/js/api.js?v=7:467
[   31674ms] [LOG] 🌐 Fetching ufc... @ https://live-streaming-eta.vercel.app/js/api.js?v=7:467
[   31675ms] [LOG] 🌐 Fetching football... @ https://live-streaming-eta.vercel.app/js/api.js?v=7:467
[   31675ms] [LOG] 🌐 Fetching cricket... @ https://live-streaming-eta.vercel.app/js/api.js?v=7:467
[   31676ms] [LOG] 🌐 Fetching basketball... @ https://live-streaming-eta.vercel.app/js/api.js?v=7:467
[   31681ms] [LOG] 🌐 Fetching tennis... @ https://live-streaming-eta.vercel.app/js/api.js?v=7:467
[   31683ms] [LOG] 🌐 Fetching mma... @ https://live-streaming-eta.vercel.app/js/api.js?v=7:467
[   31684ms] [LOG] 🌐 Fetching ufc... @ https://live-streaming-eta.vercel.app/js/api.js?v=7:467
[   31685ms] [LOG] 🌐 Fetching football... @ https://live-streaming-eta.vercel.app/js/api.js?v=7:467
[   31685ms] [LOG] 🌐 Fetching cricket... @ https://live-streaming-eta.vercel.app/js/api.js?v=7:467
[   31685ms] [LOG] 🌐 Fetching basketball... @ https://live-streaming-eta.vercel.app/js/api.js?v=7:467
[   31686ms] [LOG] 🌐 Fetching tennis... @ https://live-streaming-eta.vercel.app/js/api.js?v=7:467
[   31686ms] [LOG] 🌐 Fetching mma... @ https://live-streaming-eta.vercel.app/js/api.js?v=7:467
[   31687ms] [LOG] 🌐 Fetching ufc... @ https://live-streaming-eta.vercel.app/js/api.js?v=7:467
[   31687ms] [LOG] 🌐 Fetching football... @ https://live-streaming-eta.vercel.app/js/api.js?v=7:467
[   31688ms] [LOG] 🌐 Fetching cricket... @ https://live-streaming-eta.vercel.app/js/api.js?v=7:467
[   31689ms] [LOG] 🌐 Fetching basketball... @ https://live-streaming-eta.vercel.app/js/api.js?v=7:467
[   31689ms] [LOG] 🌐 Fetching tennis... @ https://live-streaming-eta.vercel.app/js/api.js?v=7:467
[   31690ms] [LOG] 🌐 Fetching mma... @ https://live-streaming-eta.vercel.app/js/api.js?v=7:467
[   31690ms] [LOG] 🌐 Fetching ufc... @ https://live-streaming-eta.vercel.app/js/api.js?v=7:467
[   31908ms] [ERROR] Failed to load resource: the server responded with a status of 400 () @ https://sportscore.com/api/widget/matches/?sport=mma&limit=30:0
[   31909ms] [LOG] ℹ️ mma not available from SportScore API @ https://live-streaming-eta.vercel.app/js/api.js?v=7:471
[   31910ms] [ERROR] Failed to load resource: the server responded with a status of 400 () @ https://sportscore.com/api/widget/matches/?sport=ufc&limit=30:0
[   31910ms] [LOG] ℹ️ ufc not available from SportScore API @ https://live-streaming-eta.vercel.app/js/api.js?v=7:471
[   32110ms] [ERROR] Failed to load resource: the server responded with a status of 400 () @ https://sportscore.com/api/widget/matches/?sport=ufc&limit=30:0
[   32114ms] [LOG] ℹ️ ufc not available from SportScore API @ https://live-streaming-eta.vercel.app/js/api.js?v=7:471
[   32117ms] [ERROR] Failed to load resource: the server responded with a status of 400 () @ https://sportscore.com/api/widget/matches/?sport=mma&limit=30:0
[   32118ms] [LOG] ℹ️ mma not available from SportScore API @ https://live-streaming-eta.vercel.app/js/api.js?v=7:471
[   32234ms] [ERROR] Access to fetch at 'https://api.nfldata.org/v1/games?season=2026&season_type=1' from origin 'https://live-streaming-eta.vercel.app' has been blocked by CORS policy: No 'Access-Control-Allow-Origin' header is present on the requested resource. @ https://live-streaming-eta.vercel.app/cricket/2026-08-19:0
[   32235ms] [ERROR] Failed to load resource: net::ERR_FAILED @ https://api.nfldata.org/v1/games?season=2026&season_type=1:0
[   32235ms] [LOG] ℹ️ NFL season type 1 failed: Failed to fetch @ https://live-streaming-eta.vercel.app/js/api.js?v=7:1411
[   32307ms] [ERROR] Failed to load resource: the server responded with a status of 400 () @ https://sportscore.com/api/widget/matches/?sport=ufc&limit=30:0
[   32308ms] [LOG] ℹ️ ufc not available from SportScore API @ https://live-streaming-eta.vercel.app/js/api.js?v=7:471
[   32309ms] [ERROR] Failed to load resource: the server responded with a status of 400 () @ https://sportscore.com/api/widget/matches/?sport=mma&limit=30:0
[   32309ms] [LOG] ℹ️ mma not available from SportScore API @ https://live-streaming-eta.vercel.app/js/api.js?v=7:471
[   32509ms] [ERROR] Failed to load resource: the server responded with a status of 400 () @ https://sportscore.com/api/widget/matches/?sport=mma&limit=30:0
[   32509ms] [LOG] ℹ️ mma not available from SportScore API @ https://live-streaming-eta.vercel.app/js/api.js?v=7:471
[   32510ms] [ERROR] Failed to load resource: the server responded with a status of 400 () @ https://sportscore.com/api/widget/matches/?sport=ufc&limit=30:0
[   32510ms] [LOG] ℹ️ ufc not available from SportScore API @ https://live-streaming-eta.vercel.app/js/api.js?v=7:471
[   32572ms] [ERROR] Access to fetch at 'https://api.nfldata.org/v1/games?season=2026&season_type=1' from origin 'https://live-streaming-eta.vercel.app' has been blocked by CORS policy: No 'Access-Control-Allow-Origin' header is present on the requested resource. @ https://live-streaming-eta.vercel.app/cricket/2026-08-19:0
[   32573ms] [ERROR] Failed to load resource: net::ERR_FAILED @ https://api.nfldata.org/v1/games?season=2026&season_type=1:0
[   32573ms] [LOG] ℹ️ NFL season type 1 failed: Failed to fetch @ https://live-streaming-eta.vercel.app/js/api.js?v=7:1411
[   32574ms] [ERROR] Access to fetch at 'https://api.nfldata.org/v1/games?season=2026&season_type=2' from origin 'https://live-streaming-eta.vercel.app' has been blocked by CORS policy: No 'Access-Control-Allow-Origin' header is present on the requested resource. @ https://live-streaming-eta.vercel.app/cricket/2026-08-19:0
[   32574ms] [ERROR] Failed to load resource: net::ERR_FAILED @ https://api.nfldata.org/v1/games?season=2026&season_type=2:0
[   32575ms] [LOG] ℹ️ NFL season type 2 failed: Failed to fetch @ https://live-streaming-eta.vercel.app/js/api.js?v=7:1411
[   32708ms] [ERROR] Failed to load resource: the server responded with a status of 400 () @ https://sportscore.com/api/widget/matches/?sport=mma&limit=30:0
[   32708ms] [LOG] ℹ️ mma not available from SportScore API @ https://live-streaming-eta.vercel.app/js/api.js?v=7:471
[   32708ms] [ERROR] Failed to load resource: the server responded with a status of 400 () @ https://sportscore.com/api/widget/matches/?sport=ufc&limit=30:0
[   32709ms] [LOG] ℹ️ ufc not available from SportScore API @ https://live-streaming-eta.vercel.app/js/api.js?v=7:471
[   32902ms] [ERROR] Access to fetch at 'https://api.nfldata.org/v1/games?season=2026&season_type=1' from origin 'https://live-streaming-eta.vercel.app' has been blocked by CORS policy: No 'Access-Control-Allow-Origin' header is present on the requested resource. @ https://live-streaming-eta.vercel.app/cricket/2026-08-19:0
[   32903ms] [ERROR] Failed to load resource: net::ERR_FAILED @ https://api.nfldata.org/v1/games?season=2026&season_type=1:0
[   32903ms] [LOG] ℹ️ NFL season type 1 failed: Failed to fetch @ https://live-streaming-eta.vercel.app/js/api.js?v=7:1411
[   32919ms] [ERROR] Access to fetch at 'https://api.nfldata.org/v1/games?season=2026&season_type=3' from origin 'https://live-streaming-eta.vercel.app' has been blocked by CORS policy: No 'Access-Control-Allow-Origin' header is present on the requested resource. @ https://live-streaming-eta.vercel.app/cricket/2026-08-19:0
[   32920ms] [ERROR] Failed to load resource: net::ERR_FAILED @ https://api.nfldata.org/v1/games?season=2026&season_type=3:0
[   32920ms] [LOG] ℹ️ NFL season type 3 failed: Failed to fetch @ https://live-streaming-eta.vercel.app/js/api.js?v=7:1411
[   32920ms] [ERROR] Access to fetch at 'https://api.nfldata.org/v1/games?season=2026&season_type=2' from origin 'https://live-streaming-eta.vercel.app' has been blocked by CORS policy: No 'Access-Control-Allow-Origin' header is present on the requested resource. @ https://live-streaming-eta.vercel.app/cricket/2026-08-19:0
[   32920ms] [ERROR] Failed to load resource: net::ERR_FAILED @ https://api.nfldata.org/v1/games?season=2026&season_type=2:0
[   32920ms] [LOG] ℹ️ NFL season type 2 failed: Failed to fetch @ https://live-streaming-eta.vercel.app/js/api.js?v=7:1411
[   33219ms] [ERROR] Access to fetch at 'https://api.nfldata.org/v1/games?season=2026&season_type=1' from origin 'https://live-streaming-eta.vercel.app' has been blocked by CORS policy: No 'Access-Control-Allow-Origin' header is present on the requested resource. @ https://live-streaming-eta.vercel.app/cricket/2026-08-19:0
[   33219ms] [ERROR] Failed to load resource: net::ERR_FAILED @ https://api.nfldata.org/v1/games?season=2026&season_type=1:0
[   33219ms] [LOG] ℹ️ NFL season type 1 failed: Failed to fetch @ https://live-streaming-eta.vercel.app/js/api.js?v=7:1411
[   33239ms] [ERROR] Access to fetch at 'https://api.nfldata.org/v1/games?season=2026&season_type=2' from origin 'https://live-streaming-eta.vercel.app' has been blocked by CORS policy: No 'Access-Control-Allow-Origin' header is present on the requested resource. @ https://live-streaming-eta.vercel.app/cricket/2026-08-19:0
[   33239ms] [ERROR] Failed to load resource: net::ERR_FAILED @ https://api.nfldata.org/v1/games?season=2026&season_type=2:0
[   33239ms] [LOG] ℹ️ NFL season type 2 failed: Failed to fetch @ https://live-streaming-eta.vercel.app/js/api.js?v=7:1411
[   33244ms] [ERROR] Access to fetch at 'https://api.nfldata.org/v1/games?season=2026&season_type=3' from origin 'https://live-streaming-eta.vercel.app' has been blocked by CORS policy: No 'Access-Control-Allow-Origin' header is present on the requested resource. @ https://live-streaming-eta.vercel.app/cricket/2026-08-19:0
[   33244ms] [ERROR] Failed to load resource: net::ERR_FAILED @ https://api.nfldata.org/v1/games?season=2026&season_type=3:0
[   33244ms] [LOG] ℹ️ NFL season type 3 failed: Failed to fetch @ https://live-streaming-eta.vercel.app/js/api.js?v=7:1411
[   33531ms] [ERROR] Access to fetch at 'https://api.nfldata.org/v1/games?season=2026&season_type=1' from origin 'https://live-streaming-eta.vercel.app' has been blocked by CORS policy: No 'Access-Control-Allow-Origin' header is present on the requested resource. @ https://live-streaming-eta.vercel.app/cricket/2026-08-19:0
[   33534ms] [ERROR] Failed to load resource: net::ERR_FAILED @ https://api.nfldata.org/v1/games?season=2026&season_type=1:0
[   33534ms] [LOG] ℹ️ NFL season type 1 failed: Failed to fetch @ https://live-streaming-eta.vercel.app/js/api.js?v=7:1411
[   33557ms] [ERROR] Access to fetch at 'https://api.nfldata.org/v1/games?season=2026&season_type=2' from origin 'https://live-streaming-eta.vercel.app' has been blocked by CORS policy: No 'Access-Control-Allow-Origin' header is present on the requested resource. @ https://live-streaming-eta.vercel.app/cricket/2026-08-19:0
[   33557ms] [ERROR] Failed to load resource: net::ERR_FAILED @ https://api.nfldata.org/v1/games?season=2026&season_type=2:0
[   33557ms] [LOG] ℹ️ NFL season type 2 failed: Failed to fetch @ https://live-streaming-eta.vercel.app/js/api.js?v=7:1411
[   33568ms] [ERROR] Access to fetch at 'https://api.nfldata.org/v1/games?season=2026&season_type=3' from origin 'https://live-streaming-eta.vercel.app' has been blocked by CORS policy: No 'Access-Control-Allow-Origin' header is present on the requested resource. @ https://live-streaming-eta.vercel.app/cricket/2026-08-19:0
[   33568ms] [ERROR] Failed to load resource: net::ERR_FAILED @ https://api.nfldata.org/v1/games?season=2026&season_type=3:0
[   33568ms] [LOG] ℹ️ NFL season type 3 failed: Failed to fetch @ https://live-streaming-eta.vercel.app/js/api.js?v=7:1411
[   33869ms] [ERROR] Access to fetch at 'https://api.nfldata.org/v1/games?season=2026&season_type=2' from origin 'https://live-streaming-eta.vercel.app' has been blocked by CORS policy: No 'Access-Control-Allow-Origin' header is present on the requested resource. @ https://live-streaming-eta.vercel.app/cricket/2026-08-19:0
[   33870ms] [ERROR] Failed to load resource: net::ERR_FAILED @ https://api.nfldata.org/v1/games?season=2026&season_type=2:0
[   33870ms] [LOG] ℹ️ NFL season type 2 failed: Failed to fetch @ https://live-streaming-eta.vercel.app/js/api.js?v=7:1411
[   33884ms] [ERROR] Access to fetch at 'https://api.nfldata.org/v1/games?season=2026&season_type=3' from origin 'https://live-streaming-eta.vercel.app' has been blocked by CORS policy: No 'Access-Control-Allow-Origin' header is present on the requested resource. @ https://live-streaming-eta.vercel.app/cricket/2026-08-19:0
[   33884ms] [ERROR] Failed to load resource: net::ERR_FAILED @ https://api.nfldata.org/v1/games?season=2026&season_type=3:0
[   33884ms] [LOG] ℹ️ NFL season type 3 failed: Failed to fetch @ https://live-streaming-eta.vercel.app/js/api.js?v=7:1411
[   34242ms] [ERROR] Access to fetch at 'https://api.nfldata.org/v1/games?season=2026&season_type=3' from origin 'https://live-streaming-eta.vercel.app' has been blocked by CORS policy: No 'Access-Control-Allow-Origin' header is present on the requested resource. @ https://live-streaming-eta.vercel.app/cricket/2026-08-19:0
[   34243ms] [ERROR] Failed to load resource: net::ERR_FAILED @ https://api.nfldata.org/v1/games?season=2026&season_type=3:0
[   34243ms] [LOG] ℹ️ NFL season type 3 failed: Failed to fetch @ https://live-streaming-eta.vercel.app/js/api.js?v=7:1411
[   35047ms] [LOG] 🌐 Fetching football... @ https://live-streaming-eta.vercel.app/js/api.js?v=7:467
[   35048ms] [LOG] 🌐 Fetching cricket... @ https://live-streaming-eta.vercel.app/js/api.js?v=7:467
[   35049ms] [LOG] 🌐 Fetching basketball... @ https://live-streaming-eta.vercel.app/js/api.js?v=7:467
[   35049ms] [LOG] 🌐 Fetching tennis... @ https://live-streaming-eta.vercel.app/js/api.js?v=7:467
[   35050ms] [LOG] 🌐 Fetching mma... @ https://live-streaming-eta.vercel.app/js/api.js?v=7:467
[   35050ms] [LOG] 🌐 Fetching ufc... @ https://live-streaming-eta.vercel.app/js/api.js?v=7:467
[   35051ms] [LOG] 🌐 Fetching football... @ https://live-streaming-eta.vercel.app/js/api.js?v=7:467
[   35051ms] [LOG] 🌐 Fetching cricket... @ https://live-streaming-eta.vercel.app/js/api.js?v=7:467
[   35052ms] [LOG] 🌐 Fetching basketball... @ https://live-streaming-eta.vercel.app/js/api.js?v=7:467
[   35052ms] [LOG] 🌐 Fetching tennis... @ https://live-streaming-eta.vercel.app/js/api.js?v=7:467
[   35053ms] [LOG] 🌐 Fetching mma... @ https://live-streaming-eta.vercel.app/js/api.js?v=7:467
[   35053ms] [LOG] 🌐 Fetching ufc... @ https://live-streaming-eta.vercel.app/js/api.js?v=7:467
[   35054ms] [LOG] 🌐 Fetching football... @ https://live-streaming-eta.vercel.app/js/api.js?v=7:467
[   35054ms] [LOG] 🌐 Fetching cricket... @ https://live-streaming-eta.vercel.app/js/api.js?v=7:467
[   35054ms] [LOG] 🌐 Fetching basketball... @ https://live-streaming-eta.vercel.app/js/api.js?v=7:467
[   35055ms] [LOG] 🌐 Fetching tennis... @ https://live-streaming-eta.vercel.app/js/api.js?v=7:467
[   35055ms] [LOG] 🌐 Fetching mma... @ https://live-streaming-eta.vercel.app/js/api.js?v=7:467
[   35056ms] [LOG] 🌐 Fetching ufc... @ https://live-streaming-eta.vercel.app/js/api.js?v=7:467
[   35056ms] [LOG] 🌐 Fetching football... @ https://live-streaming-eta.vercel.app/js/api.js?v=7:467
[   35057ms] [LOG] 🌐 Fetching cricket... @ https://live-streaming-eta.vercel.app/js/api.js?v=7:467
[   35057ms] [LOG] 🌐 Fetching basketball... @ https://live-streaming-eta.vercel.app/js/api.js?v=7:467
[   35057ms] [LOG] 🌐 Fetching tennis... @ https://live-streaming-eta.vercel.app/js/api.js?v=7:467
[   35058ms] [LOG] 🌐 Fetching mma... @ https://live-streaming-eta.vercel.app/js/api.js?v=7:467
[   35058ms] [LOG] 🌐 Fetching ufc... @ https://live-streaming-eta.vercel.app/js/api.js?v=7:467
[   35059ms] [LOG] 🌐 Fetching football... @ https://live-streaming-eta.vercel.app/js/api.js?v=7:467
[   35059ms] [LOG] 🌐 Fetching cricket... @ https://live-streaming-eta.vercel.app/js/api.js?v=7:467
[   35059ms] [LOG] 🌐 Fetching basketball... @ https://live-streaming-eta.vercel.app/js/api.js?v=7:467
[   35060ms] [LOG] 🌐 Fetching tennis... @ https://live-streaming-eta.vercel.app/js/api.js?v=7:467
[   35060ms] [LOG] 🌐 Fetching mma... @ https://live-streaming-eta.vercel.app/js/api.js?v=7:467
[   35061ms] [LOG] 🌐 Fetching ufc... @ https://live-streaming-eta.vercel.app/js/api.js?v=7:467
[   35268ms] [ERROR] Failed to load resource: the server responded with a status of 400 () @ https://sportscore.com/api/widget/matches/?sport=mma&limit=30:0
[   35268ms] [LOG] ℹ️ mma not available from SportScore API @ https://live-streaming-eta.vercel.app/js/api.js?v=7:471
[   35269ms] [ERROR] Failed to load resource: the server responded with a status of 400 () @ https://sportscore.com/api/widget/matches/?sport=ufc&limit=30:0
[   35269ms] [LOG] ℹ️ ufc not available from SportScore API @ https://live-streaming-eta.vercel.app/js/api.js?v=7:471
[   35298ms] [LOG] 🔄 Live Agent: refreshing scores... @ https://live-streaming-eta.vercel.app/js/app.js?v=8:906
[   35299ms] [LOG] 🌐 Fetching football... @ https://live-streaming-eta.vercel.app/js/api.js?v=7:467
[   35300ms] [LOG] 🌐 Fetching cricket... @ https://live-streaming-eta.vercel.app/js/api.js?v=7:467
[   35300ms] [LOG] 🌐 Fetching basketball... @ https://live-streaming-eta.vercel.app/js/api.js?v=7:467
[   35301ms] [LOG] 🌐 Fetching tennis... @ https://live-streaming-eta.vercel.app/js/api.js?v=7:467
[   35301ms] [LOG] 🌐 Fetching mma... @ https://live-streaming-eta.vercel.app/js/api.js?v=7:467
[   35302ms] [LOG] 🌐 Fetching ufc... @ https://live-streaming-eta.vercel.app/js/api.js?v=7:467
[   35315ms] [LOG] ✅ ESPN Cricket: 23 matches from 9 series @ https://live-streaming-eta.vercel.app/js/api.js?v=7:1233
[   35468ms] [ERROR] Failed to load resource: the server responded with a status of 400 () @ https://sportscore.com/api/widget/matches/?sport=mma&limit=30:0
[   35469ms] [LOG] ℹ️ mma not available from SportScore API @ https://live-streaming-eta.vercel.app/js/api.js?v=7:471
[   35475ms] [ERROR] Failed to load resource: the server responded with a status of 400 () @ https://sportscore.com/api/widget/matches/?sport=ufc&limit=30:0
[   35475ms] [LOG] ℹ️ ufc not available from SportScore API @ https://live-streaming-eta.vercel.app/js/api.js?v=7:471
[   35585ms] [ERROR] Access to fetch at 'https://api.nfldata.org/v1/games?season=2026&season_type=1' from origin 'https://live-streaming-eta.vercel.app' has been blocked by CORS policy: No 'Access-Control-Allow-Origin' header is present on the requested resource. @ https://live-streaming-eta.vercel.app/cricket/2026-08-19/england-vs-pakistan:0
[   35586ms] [ERROR] Failed to load resource: net::ERR_FAILED @ https://api.nfldata.org/v1/games?season=2026&season_type=1:0
[   35586ms] [LOG] ℹ️ NFL season type 1 failed: Failed to fetch @ https://live-streaming-eta.vercel.app/js/api.js?v=7:1411
[   35625ms] [ERROR] Failed to load resource: the server responded with a status of 502 () @ https://live-streaming-eta.vercel.app/api/google-cricket:0
[   35625ms] [LOG] ⚠️ Google Cricket failed: Google Cricket HTTP 502 @ https://live-streaming-eta.vercel.app/js/api.js?v=7:1331
[   35664ms] [ERROR] Failed to load resource: the server responded with a status of 400 () @ https://sportscore.com/api/widget/matches/?sport=mma&limit=30:0
[   35664ms] [LOG] ℹ️ mma not available from SportScore API @ https://live-streaming-eta.vercel.app/js/api.js?v=7:471
[   35676ms] [ERROR] Failed to load resource: the server responded with a status of 400 () @ https://sportscore.com/api/widget/matches/?sport=ufc&limit=30:0
[   35676ms] [LOG] ℹ️ ufc not available from SportScore API @ https://live-streaming-eta.vercel.app/js/api.js?v=7:471
[   35862ms] [ERROR] Failed to load resource: the server responded with a status of 400 () @ https://sportscore.com/api/widget/matches/?sport=mma&limit=30:0
[   35862ms] [LOG] ℹ️ mma not available from SportScore API @ https://live-streaming-eta.vercel.app/js/api.js?v=7:471
[   35876ms] [ERROR] Failed to load resource: the server responded with a status of 400 () @ https://sportscore.com/api/widget/matches/?sport=ufc&limit=30:0
[   35877ms] [LOG] ℹ️ ufc not available from SportScore API @ https://live-streaming-eta.vercel.app/js/api.js?v=7:471
[   35921ms] [ERROR] Access to fetch at 'https://api.nfldata.org/v1/games?season=2026&season_type=1' from origin 'https://live-streaming-eta.vercel.app' has been blocked by CORS policy: No 'Access-Control-Allow-Origin' header is present on the requested resource. @ https://live-streaming-eta.vercel.app/cricket/2026-08-19/england-vs-pakistan:0
[   35921ms] [ERROR] Failed to load resource: net::ERR_FAILED @ https://api.nfldata.org/v1/games?season=2026&season_type=1:0
[   35921ms] [LOG] ℹ️ NFL season type 1 failed: Failed to fetch @ https://live-streaming-eta.vercel.app/js/api.js?v=7:1411
[   35929ms] [ERROR] Access to fetch at 'https://api.nfldata.org/v1/games?season=2026&season_type=2' from origin 'https://live-streaming-eta.vercel.app' has been blocked by CORS policy: No 'Access-Control-Allow-Origin' header is present on the requested resource. @ https://live-streaming-eta.vercel.app/cricket/2026-08-19/england-vs-pakistan:0
[   35929ms] [ERROR] Failed to load resource: net::ERR_FAILED @ https://api.nfldata.org/v1/games?season=2026&season_type=2:0
[   35930ms] [LOG] ℹ️ NFL season type 2 failed: Failed to fetch @ https://live-streaming-eta.vercel.app/js/api.js?v=7:1411
[   36065ms] [ERROR] Failed to load resource: the server responded with a status of 400 () @ https://sportscore.com/api/widget/matches/?sport=mma&limit=30:0
[   36066ms] [LOG] ℹ️ mma not available from SportScore API @ https://live-streaming-eta.vercel.app/js/api.js?v=7:471
[   36077ms] [ERROR] Failed to load resource: the server responded with a status of 400 () @ https://sportscore.com/api/widget/matches/?sport=ufc&limit=30:0
[   36077ms] [LOG] ℹ️ ufc not available from SportScore API @ https://live-streaming-eta.vercel.app/js/api.js?v=7:471
[   36250ms] [ERROR] Access to fetch at 'https://api.nfldata.org/v1/games?season=2026&season_type=1' from origin 'https://live-streaming-eta.vercel.app' has been blocked by CORS policy: No 'Access-Control-Allow-Origin' header is present on the requested resource. @ https://live-streaming-eta.vercel.app/cricket/2026-08-19/england-vs-pakistan:0
[   36250ms] [ERROR] Failed to load resource: net::ERR_FAILED @ https://api.nfldata.org/v1/games?season=2026&season_type=1:0
[   36250ms] [LOG] ℹ️ NFL season type 1 failed: Failed to fetch @ https://live-streaming-eta.vercel.app/js/api.js?v=7:1411
[   36261ms] [ERROR] Access to fetch at 'https://api.nfldata.org/v1/games?season=2026&season_type=3' from origin 'https://live-streaming-eta.vercel.app' has been blocked by CORS policy: No 'Access-Control-Allow-Origin' header is present on the requested resource. @ https://live-streaming-eta.vercel.app/cricket/2026-08-19/england-vs-pakistan:0
[   36262ms] [ERROR] Failed to load resource: net::ERR_FAILED @ https://api.nfldata.org/v1/games?season=2026&season_type=3:0
[   36262ms] [LOG] ℹ️ NFL season type 3 failed: Failed to fetch @ https://live-streaming-eta.vercel.app/js/api.js?v=7:1411
[   36267ms] [ERROR] Failed to load resource: the server responded with a status of 400 () @ https://sportscore.com/api/widget/matches/?sport=mma&limit=30:0
[   36267ms] [LOG] ℹ️ mma not available from SportScore API @ https://live-streaming-eta.vercel.app/js/api.js?v=7:471
[   36269ms] [ERROR] Access to fetch at 'https://api.nfldata.org/v1/games?season=2026&season_type=2' from origin 'https://live-streaming-eta.vercel.app' has been blocked by CORS policy: No 'Access-Control-Allow-Origin' header is present on the requested resource. @ https://live-streaming-eta.vercel.app/cricket/2026-08-19/england-vs-pakistan:0
[   36270ms] [ERROR] Failed to load resource: net::ERR_FAILED @ https://api.nfldata.org/v1/games?season=2026&season_type=2:0
[   36270ms] [LOG] ℹ️ NFL season type 2 failed: Failed to fetch @ https://live-streaming-eta.vercel.app/js/api.js?v=7:1411
[   36277ms] [ERROR] Failed to load resource: the server responded with a status of 400 () @ https://sportscore.com/api/widget/matches/?sport=ufc&limit=30:0
[   36278ms] [LOG] ℹ️ ufc not available from SportScore API @ https://live-streaming-eta.vercel.app/js/api.js?v=7:471
[   36285ms] [LOG] ✅ Live Agent: refresh complete @ https://live-streaming-eta.vercel.app/js/app.js?v=8:973
[   36572ms] [ERROR] Access to fetch at 'https://api.nfldata.org/v1/games?season=2026&season_type=1' from origin 'https://live-streaming-eta.vercel.app' has been blocked by CORS policy: No 'Access-Control-Allow-Origin' header is present on the requested resource. @ https://live-streaming-eta.vercel.app/cricket/2026-08-19/england-vs-pakistan:0
[   36572ms] [ERROR] Failed to load resource: net::ERR_FAILED @ https://api.nfldata.org/v1/games?season=2026&season_type=1:0
[   36572ms] [LOG] ℹ️ NFL season type 1 failed: Failed to fetch @ https://live-streaming-eta.vercel.app/js/api.js?v=7:1411
[   36599ms] [ERROR] Access to fetch at 'https://api.nfldata.org/v1/games?season=2026&season_type=3' from origin 'https://live-streaming-eta.vercel.app' has been blocked by CORS policy: No 'Access-Control-Allow-Origin' header is present on the requested resource. @ https://live-streaming-eta.vercel.app/cricket/2026-08-19/england-vs-pakistan:0
[   36599ms] [ERROR] Failed to load resource: net::ERR_FAILED @ https://api.nfldata.org/v1/games?season=2026&season_type=3:0
[   36600ms] [LOG] ℹ️ NFL season type 3 failed: Failed to fetch @ https://live-streaming-eta.vercel.app/js/api.js?v=7:1411
[   36608ms] [ERROR] Access to fetch at 'https://api.nfldata.org/v1/games?season=2026&season_type=2' from origin 'https://live-streaming-eta.vercel.app' has been blocked by CORS policy: No 'Access-Control-Allow-Origin' header is present on the requested resource. @ https://live-streaming-eta.vercel.app/cricket/2026-08-19/england-vs-pakistan:0
[   36608ms] [ERROR] Failed to load resource: net::ERR_FAILED @ https://api.nfldata.org/v1/games?season=2026&season_type=2:0
[   36609ms] [LOG] ℹ️ NFL season type 2 failed: Failed to fetch @ https://live-streaming-eta.vercel.app/js/api.js?v=7:1411
[   36888ms] [ERROR] Access to fetch at 'https://api.nfldata.org/v1/games?season=2026&season_type=1' from origin 'https://live-streaming-eta.vercel.app' has been blocked by CORS policy: No 'Access-Control-Allow-Origin' header is present on the requested resource. @ https://live-streaming-eta.vercel.app/cricket/2026-08-19/england-vs-pakistan:0
[   36888ms] [ERROR] Failed to load resource: net::ERR_FAILED @ https://api.nfldata.org/v1/games?season=2026&season_type=1:0
[   36888ms] [LOG] ℹ️ NFL season type 1 failed: Failed to fetch @ https://live-streaming-eta.vercel.app/js/api.js?v=7:1411
[   36927ms] [ERROR] Access to fetch at 'https://api.nfldata.org/v1/games?season=2026&season_type=3' from origin 'https://live-streaming-eta.vercel.app' has been blocked by CORS policy: No 'Access-Control-Allow-Origin' header is present on the requested resource. @ https://live-streaming-eta.vercel.app/cricket/2026-08-19/england-vs-pakistan:0
[   36927ms] [ERROR] Failed to load resource: net::ERR_FAILED @ https://api.nfldata.org/v1/games?season=2026&season_type=3:0
[   36927ms] [LOG] ℹ️ NFL season type 3 failed: Failed to fetch @ https://live-streaming-eta.vercel.app/js/api.js?v=7:1411
[   36962ms] [ERROR] Access to fetch at 'https://api.nfldata.org/v1/games?season=2026&season_type=2' from origin 'https://live-streaming-eta.vercel.app' has been blocked by CORS policy: No 'Access-Control-Allow-Origin' header is present on the requested resource. @ https://live-streaming-eta.vercel.app/cricket/2026-08-19/england-vs-pakistan:0
[   36962ms] [ERROR] Failed to load resource: net::ERR_FAILED @ https://api.nfldata.org/v1/games?season=2026&season_type=2:0
[   36962ms] [LOG] ℹ️ NFL season type 2 failed: Failed to fetch @ https://live-streaming-eta.vercel.app/js/api.js?v=7:1411
[   37344ms] [ERROR] Access to fetch at 'https://api.nfldata.org/v1/games?season=2026&season_type=2' from origin 'https://live-streaming-eta.vercel.app' has been blocked by CORS policy: No 'Access-Control-Allow-Origin' header is present on the requested resource. @ https://live-streaming-eta.vercel.app/cricket/2026-08-19/england-vs-pakistan:0
[   37345ms] [ERROR] Failed to load resource: net::ERR_FAILED @ https://api.nfldata.org/v1/games?season=2026&season_type=2:0
[   37345ms] [LOG] ℹ️ NFL season type 2 failed: Failed to fetch @ https://live-streaming-eta.vercel.app/js/api.js?v=7:1411
[   37621ms] [ERROR] Access to fetch at 'https://api.nfldata.org/v1/games?season=2026&season_type=3' from origin 'https://live-streaming-eta.vercel.app' has been blocked by CORS policy: No 'Access-Control-Allow-Origin' header is present on the requested resource. @ https://live-streaming-eta.vercel.app/cricket/2026-08-19/england-vs-pakistan:0
[   37621ms] [ERROR] Failed to load resource: net::ERR_FAILED @ https://api.nfldata.org/v1/games?season=2026&season_type=3:0
[   37621ms] [LOG] ℹ️ NFL season type 3 failed: Failed to fetch @ https://live-streaming-eta.vercel.app/js/api.js?v=7:1411
[   37932ms] [ERROR] Access to fetch at 'https://api.nfldata.org/v1/games?season=2026&season_type=3' from origin 'https://live-streaming-eta.vercel.app' has been blocked by CORS policy: No 'Access-Control-Allow-Origin' header is present on the requested resource. @ https://live-streaming-eta.vercel.app/cricket/2026-08-19/england-vs-pakistan:0
[   37932ms] [ERROR] Failed to load resource: net::ERR_FAILED @ https://api.nfldata.org/v1/games?season=2026&season_type=3:0
[   37932ms] [LOG] ℹ️ NFL season type 3 failed: Failed to fetch @ https://live-streaming-eta.vercel.app/js/api.js?v=7:1411
[   38734ms] [LOG] 🌐 Fetching football... @ https://live-streaming-eta.vercel.app/js/api.js?v=7:467
[   38735ms] [LOG] 🌐 Fetching cricket... @ https://live-streaming-eta.vercel.app/js/api.js?v=7:467
[   38736ms] [LOG] 🌐 Fetching basketball... @ https://live-streaming-eta.vercel.app/js/api.js?v=7:467
[   38737ms] [LOG] 🌐 Fetching tennis... @ https://live-streaming-eta.vercel.app/js/api.js?v=7:467
[   38737ms] [LOG] 🌐 Fetching mma... @ https://live-streaming-eta.vercel.app/js/api.js?v=7:467
[   38738ms] [LOG] 🌐 Fetching ufc... @ https://live-streaming-eta.vercel.app/js/api.js?v=7:467
[   38738ms] [LOG] 🌐 Fetching football... @ https://live-streaming-eta.vercel.app/js/api.js?v=7:467
[   38739ms] [LOG] 🌐 Fetching cricket... @ https://live-streaming-eta.vercel.app/js/api.js?v=7:467
[   38739ms] [LOG] 🌐 Fetching basketball... @ https://live-streaming-eta.vercel.app/js/api.js?v=7:467
[   38740ms] [LOG] 🌐 Fetching tennis... @ https://live-streaming-eta.vercel.app/js/api.js?v=7:467
[   38740ms] [LOG] 🌐 Fetching mma... @ https://live-streaming-eta.vercel.app/js/api.js?v=7:467
[   38741ms] [LOG] 🌐 Fetching ufc... @ https://live-streaming-eta.vercel.app/js/api.js?v=7:467
[   38741ms] [LOG] 🌐 Fetching football... @ https://live-streaming-eta.vercel.app/js/api.js?v=7:467
[   38742ms] [LOG] 🌐 Fetching cricket... @ https://live-streaming-eta.vercel.app/js/api.js?v=7:467
[   38742ms] [LOG] 🌐 Fetching basketball... @ https://live-streaming-eta.vercel.app/js/api.js?v=7:467
[   38743ms] [LOG] 🌐 Fetching tennis... @ https://live-streaming-eta.vercel.app/js/api.js?v=7:467
[   38743ms] [LOG] 🌐 Fetching mma... @ https://live-streaming-eta.vercel.app/js/api.js?v=7:467
[   38743ms] [LOG] 🌐 Fetching ufc... @ https://live-streaming-eta.vercel.app/js/api.js?v=7:467
[   38744ms] [LOG] 🌐 Fetching football... @ https://live-streaming-eta.vercel.app/js/api.js?v=7:467
[   38744ms] [LOG] 🌐 Fetching cricket... @ https://live-streaming-eta.vercel.app/js/api.js?v=7:467
[   38745ms] [LOG] 🌐 Fetching basketball... @ https://live-streaming-eta.vercel.app/js/api.js?v=7:467
[   38745ms] [LOG] 🌐 Fetching tennis... @ https://live-streaming-eta.vercel.app/js/api.js?v=7:467
[   38746ms] [LOG] 🌐 Fetching mma... @ https://live-streaming-eta.vercel.app/js/api.js?v=7:467
[   38746ms] [LOG] 🌐 Fetching ufc... @ https://live-streaming-eta.vercel.app/js/api.js?v=7:467
[   38746ms] [LOG] 🌐 Fetching football... @ https://live-streaming-eta.vercel.app/js/api.js?v=7:467
[   38747ms] [LOG] 🌐 Fetching cricket... @ https://live-streaming-eta.vercel.app/js/api.js?v=7:467
[   38747ms] [LOG] 🌐 Fetching basketball... @ https://live-streaming-eta.vercel.app/js/api.js?v=7:467
[   38748ms] [LOG] 🌐 Fetching tennis... @ https://live-streaming-eta.vercel.app/js/api.js?v=7:467
[   38748ms] [LOG] 🌐 Fetching mma... @ https://live-streaming-eta.vercel.app/js/api.js?v=7:467
[   38748ms] [LOG] 🌐 Fetching ufc... @ https://live-streaming-eta.vercel.app/js/api.js?v=7:467
[   38956ms] [ERROR] Failed to load resource: the server responded with a status of 400 () @ https://sportscore.com/api/widget/matches/?sport=mma&limit=30:0
[   38956ms] [LOG] ℹ️ mma not available from SportScore API @ https://live-streaming-eta.vercel.app/js/api.js?v=7:471
[   38960ms] [ERROR] Failed to load resource: the server responded with a status of 400 () @ https://sportscore.com/api/widget/matches/?sport=ufc&limit=30:0
[   38960ms] [LOG] ℹ️ ufc not available from SportScore API @ https://live-streaming-eta.vercel.app/js/api.js?v=7:471
[   39157ms] [ERROR] Failed to load resource: the server responded with a status of 400 () @ https://sportscore.com/api/widget/matches/?sport=ufc&limit=30:0
[   39158ms] [LOG] ℹ️ ufc not available from SportScore API @ https://live-streaming-eta.vercel.app/js/api.js?v=7:471
[   39158ms] [ERROR] Failed to load resource: the server responded with a status of 400 () @ https://sportscore.com/api/widget/matches/?sport=mma&limit=30:0
[   39158ms] [LOG] ℹ️ mma not available from SportScore API @ https://live-streaming-eta.vercel.app/js/api.js?v=7:471
[   39337ms] [ERROR] Access to fetch at 'https://api.nfldata.org/v1/games?season=2026&season_type=1' from origin 'https://live-streaming-eta.vercel.app' has been blocked by CORS policy: No 'Access-Control-Allow-Origin' header is present on the requested resource. @ https://live-streaming-eta.vercel.app/cricket/2026-08-19/england-vs-pakistan:0
[   39337ms] [ERROR] Failed to load resource: net::ERR_FAILED @ https://api.nfldata.org/v1/games?season=2026&season_type=1:0
[   39337ms] [LOG] ℹ️ NFL season type 1 failed: Failed to fetch @ https://live-streaming-eta.vercel.app/js/api.js?v=7:1411
[   39349ms] [ERROR] Failed to load resource: the server responded with a status of 400 () @ https://sportscore.com/api/widget/matches/?sport=ufc&limit=30:0
[   39349ms] [LOG] ℹ️ ufc not available from SportScore API @ https://live-streaming-eta.vercel.app/js/api.js?v=7:471
[   39350ms] [ERROR] Failed to load resource: the server responded with a status of 400 () @ https://sportscore.com/api/widget/matches/?sport=mma&limit=30:0
[   39350ms] [LOG] ℹ️ mma not available from SportScore API @ https://live-streaming-eta.vercel.app/js/api.js?v=7:471
[   39545ms] [ERROR] Failed to load resource: the server responded with a status of 400 () @ https://sportscore.com/api/widget/matches/?sport=ufc&limit=30:0
[   39545ms] [LOG] ℹ️ ufc not available from SportScore API @ https://live-streaming-eta.vercel.app/js/api.js?v=7:471
[   39545ms] [ERROR] Failed to load resource: the server responded with a status of 400 () @ https://sportscore.com/api/widget/matches/?sport=mma&limit=30:0
[   39545ms] [LOG] ℹ️ mma not available from SportScore API @ https://live-streaming-eta.vercel.app/js/api.js?v=7:471
[   39660ms] [ERROR] Access to fetch at 'https://api.nfldata.org/v1/games?season=2026&season_type=1' from origin 'https://live-streaming-eta.vercel.app' has been blocked by CORS policy: No 'Access-Control-Allow-Origin' header is present on the requested resource. @ https://live-streaming-eta.vercel.app/cricket/2026-08-19/england-vs-pakistan:0
[   39660ms] [ERROR] Failed to load resource: net::ERR_FAILED @ https://api.nfldata.org/v1/games?season=2026&season_type=1:0
[   39661ms] [LOG] ℹ️ NFL season type 1 failed: Failed to fetch @ https://live-streaming-eta.vercel.app/js/api.js?v=7:1411
[   39666ms] [ERROR] Access to fetch at 'https://api.nfldata.org/v1/games?season=2026&season_type=2' from origin 'https://live-streaming-eta.vercel.app' has been blocked by CORS policy: No 'Access-Control-Allow-Origin' header is present on the requested resource. @ https://live-streaming-eta.vercel.app/cricket/2026-08-19/england-vs-pakistan:0
[   39666ms] [ERROR] Failed to load resource: net::ERR_FAILED @ https://api.nfldata.org/v1/games?season=2026&season_type=2:0
[   39666ms] [LOG] ℹ️ NFL season type 2 failed: Failed to fetch @ https://live-streaming-eta.vercel.app/js/api.js?v=7:1411
[   39741ms] [ERROR] Failed to load resource: the server responded with a status of 400 () @ https://sportscore.com/api/widget/matches/?sport=mma&limit=30:0
[   39742ms] [LOG] ℹ️ mma not available from SportScore API @ https://live-streaming-eta.vercel.app/js/api.js?v=7:471
[   39747ms] [ERROR] Failed to load resource: the server responded with a status of 400 () @ https://sportscore.com/api/widget/matches/?sport=ufc&limit=30:0
[   39747ms] [LOG] ℹ️ ufc not available from SportScore API @ https://live-streaming-eta.vercel.app/js/api.js?v=7:471
[   39987ms] [ERROR] Access to fetch at 'https://api.nfldata.org/v1/games?season=2026&season_type=1' from origin 'https://live-streaming-eta.vercel.app' has been blocked by CORS policy: No 'Access-Control-Allow-Origin' header is present on the requested resource. @ https://live-streaming-eta.vercel.app/cricket/2026-08-19/england-vs-pakistan:0
[   39987ms] [ERROR] Failed to load resource: net::ERR_FAILED @ https://api.nfldata.org/v1/games?season=2026&season_type=1:0
[   39988ms] [LOG] ℹ️ NFL season type 1 failed: Failed to fetch @ https://live-streaming-eta.vercel.app/js/api.js?v=7:1411
[   39992ms] [ERROR] Access to fetch at 'https://api.nfldata.org/v1/games?season=2026&season_type=2' from origin 'https://live-streaming-eta.vercel.app' has been blocked by CORS policy: No 'Access-Control-Allow-Origin' header is present on the requested resource. @ https://live-streaming-eta.vercel.app/cricket/2026-08-19/england-vs-pakistan:0
[   39992ms] [ERROR] Failed to load resource: net::ERR_FAILED @ https://api.nfldata.org/v1/games?season=2026&season_type=2:0
[   39992ms] [LOG] ℹ️ NFL season type 2 failed: Failed to fetch @ https://live-streaming-eta.vercel.app/js/api.js?v=7:1411
[   40005ms] [ERROR] Access to fetch at 'https://api.nfldata.org/v1/games?season=2026&season_type=3' from origin 'https://live-streaming-eta.vercel.app' has been blocked by CORS policy: No 'Access-Control-Allow-Origin' header is present on the requested resource. @ https://live-streaming-eta.vercel.app/cricket/2026-08-19/england-vs-pakistan:0
[   40005ms] [ERROR] Failed to load resource: net::ERR_FAILED @ https://api.nfldata.org/v1/games?season=2026&season_type=3:0
[   40005ms] [LOG] ℹ️ NFL season type 3 failed: Failed to fetch @ https://live-streaming-eta.vercel.app/js/api.js?v=7:1411
[   40303ms] [LOG] 🔄 Live Agent: refreshing scores... @ https://live-streaming-eta.vercel.app/js/app.js?v=8:906
[   40303ms] [LOG] 🌐 Fetching football... @ https://live-streaming-eta.vercel.app/js/api.js?v=7:467
[   40304ms] [LOG] 🌐 Fetching cricket... @ https://live-streaming-eta.vercel.app/js/api.js?v=7:467
[   40305ms] [LOG] 🌐 Fetching basketball... @ https://live-streaming-eta.vercel.app/js/api.js?v=7:467
[   40306ms] [LOG] 🌐 Fetching tennis... @ https://live-streaming-eta.vercel.app/js/api.js?v=7:467
[   40306ms] [LOG] 🌐 Fetching mma... @ https://live-streaming-eta.vercel.app/js/api.js?v=7:467
[   40307ms] [LOG] 🌐 Fetching ufc... @ https://live-streaming-eta.vercel.app/js/api.js?v=7:467
[   40318ms] [ERROR] Access to fetch at 'https://api.nfldata.org/v1/games?season=2026&season_type=1' from origin 'https://live-streaming-eta.vercel.app' has been blocked by CORS policy: No 'Access-Control-Allow-Origin' header is present on the requested resource. @ https://live-streaming-eta.vercel.app/cricket/2026-08-19/england-vs-pakistan:0
[   40318ms] [ERROR] Failed to load resource: net::ERR_FAILED @ https://api.nfldata.org/v1/games?season=2026&season_type=1:0
[   40318ms] [LOG] ℹ️ NFL season type 1 failed: Failed to fetch @ https://live-streaming-eta.vercel.app/js/api.js?v=7:1411
[   40325ms] [ERROR] Access to fetch at 'https://api.nfldata.org/v1/games?season=2026&season_type=3' from origin 'https://live-streaming-eta.vercel.app' has been blocked by CORS policy: No 'Access-Control-Allow-Origin' header is present on the requested resource. @ https://live-streaming-eta.vercel.app/cricket/2026-08-19/england-vs-pakistan:0
[   40325ms] [ERROR] Failed to load resource: net::ERR_FAILED @ https://api.nfldata.org/v1/games?season=2026&season_type=3:0
[   40325ms] [LOG] ℹ️ NFL season type 3 failed: Failed to fetch @ https://live-streaming-eta.vercel.app/js/api.js?v=7:1411
[   40326ms] [ERROR] Access to fetch at 'https://api.nfldata.org/v1/games?season=2026&season_type=2' from origin 'https://live-streaming-eta.vercel.app' has been blocked by CORS policy: No 'Access-Control-Allow-Origin' header is present on the requested resource. @ https://live-streaming-eta.vercel.app/cricket/2026-08-19/england-vs-pakistan:0
[   40326ms] [ERROR] Failed to load resource: net::ERR_FAILED @ https://api.nfldata.org/v1/games?season=2026&season_type=2:0
[   40326ms] [LOG] ℹ️ NFL season type 2 failed: Failed to fetch @ https://live-streaming-eta.vercel.app/js/api.js?v=7:1411
[   40515ms] [ERROR] Failed to load resource: the server responded with a status of 400 () @ https://sportscore.com/api/widget/matches/?sport=ufc&limit=30:0
[   40515ms] [LOG] ℹ️ ufc not available from SportScore API @ https://live-streaming-eta.vercel.app/js/api.js?v=7:471
[   40516ms] [ERROR] Failed to load resource: the server responded with a status of 400 () @ https://sportscore.com/api/widget/matches/?sport=mma&limit=30:0
[   40517ms] [LOG] ℹ️ mma not available from SportScore API @ https://live-streaming-eta.vercel.app/js/api.js?v=7:471
[   40626ms] [ERROR] Access to fetch at 'https://api.nfldata.org/v1/games?season=2026&season_type=1' from origin 'https://live-streaming-eta.vercel.app' has been blocked by CORS policy: No 'Access-Control-Allow-Origin' header is present on the requested resource. @ https://live-streaming-eta.vercel.app/cricket/2026-08-19/england-vs-pakistan:0
[   40626ms] [ERROR] Failed to load resource: net::ERR_FAILED @ https://api.nfldata.org/v1/games?season=2026&season_type=1:0
[   40626ms] [LOG] ℹ️ NFL season type 1 failed: Failed to fetch @ https://live-streaming-eta.vercel.app/js/api.js?v=7:1411
[   40634ms] [ERROR] Failed to load resource: the server responded with a status of 502 () @ https://live-streaming-eta.vercel.app/api/google-cricket:0
[   40634ms] [LOG] ⚠️ Google Cricket failed: Google Cricket HTTP 502 @ https://live-streaming-eta.vercel.app/js/api.js?v=7:1331
[   40644ms] [ERROR] Access to fetch at 'https://api.nfldata.org/v1/games?season=2026&season_type=3' from origin 'https://live-streaming-eta.vercel.app' has been blocked by CORS policy: No 'Access-Control-Allow-Origin' header is present on the requested resource. @ https://live-streaming-eta.vercel.app/cricket/2026-08-19/england-vs-pakistan:0
[   40644ms] [ERROR] Failed to load resource: net::ERR_FAILED @ https://api.nfldata.org/v1/games?season=2026&season_type=3:0
[   40644ms] [LOG] ℹ️ NFL season type 3 failed: Failed to fetch @ https://live-streaming-eta.vercel.app/js/api.js?v=7:1411
[   40646ms] [ERROR] Access to fetch at 'https://api.nfldata.org/v1/games?season=2026&season_type=2' from origin 'https://live-streaming-eta.vercel.app' has been blocked by CORS policy: No 'Access-Control-Allow-Origin' header is present on the requested resource. @ https://live-streaming-eta.vercel.app/cricket/2026-08-19/england-vs-pakistan:0
[   40646ms] [ERROR] Failed to load resource: net::ERR_FAILED @ https://api.nfldata.org/v1/games?season=2026&season_type=2:0
[   40646ms] [LOG] ℹ️ NFL season type 2 failed: Failed to fetch @ https://live-streaming-eta.vercel.app/js/api.js?v=7:1411
[   40707ms] [LOG] ✅ ESPN Cricket: 23 matches from 9 series @ https://live-streaming-eta.vercel.app/js/api.js?v=7:1233
[   40712ms] [LOG] ✅ Live Agent: refresh complete @ https://live-streaming-eta.vercel.app/js/app.js?v=8:973
[   40971ms] [ERROR] Access to fetch at 'https://api.nfldata.org/v1/games?season=2026&season_type=2' from origin 'https://live-streaming-eta.vercel.app' has been blocked by CORS policy: No 'Access-Control-Allow-Origin' header is present on the requested resource. @ https://live-streaming-eta.vercel.app/cricket/2026-08-19/england-vs-pakistan:0
[   40971ms] [ERROR] Failed to load resource: net::ERR_FAILED @ https://api.nfldata.org/v1/games?season=2026&season_type=2:0
[   40972ms] [LOG] ℹ️ NFL season type 2 failed: Failed to fetch @ https://live-streaming-eta.vercel.app/js/api.js?v=7:1411
[   40977ms] [ERROR] Access to fetch at 'https://api.nfldata.org/v1/games?season=2026&season_type=3' from origin 'https://live-streaming-eta.vercel.app' has been blocked by CORS policy: No 'Access-Control-Allow-Origin' header is present on the requested resource. @ https://live-streaming-eta.vercel.app/cricket/2026-08-19/england-vs-pakistan:0
[   40978ms] [ERROR] Failed to load resource: net::ERR_FAILED @ https://api.nfldata.org/v1/games?season=2026&season_type=3:0
[   40978ms] [LOG] ℹ️ NFL season type 3 failed: Failed to fetch @ https://live-streaming-eta.vercel.app/js/api.js?v=7:1411
[   41294ms] [ERROR] Access to fetch at 'https://api.nfldata.org/v1/games?season=2026&season_type=3' from origin 'https://live-streaming-eta.vercel.app' has been blocked by CORS policy: No 'Access-Control-Allow-Origin' header is present on the requested resource. @ https://live-streaming-eta.vercel.app/cricket/2026-08-19/england-vs-pakistan:0
[   41294ms] [ERROR] Failed to load resource: net::ERR_FAILED @ https://api.nfldata.org/v1/games?season=2026&season_type=3:0
[   41294ms] [LOG] ℹ️ NFL season type 3 failed: Failed to fetch @ https://live-streaming-eta.vercel.app/js/api.js?v=7:1411
[   42096ms] [LOG] 🌐 Fetching football... @ https://live-streaming-eta.vercel.app/js/api.js?v=7:467
[   42097ms] [LOG] 🌐 Fetching cricket... @ https://live-streaming-eta.vercel.app/js/api.js?v=7:467
[   42098ms] [LOG] 🌐 Fetching basketball... @ https://live-streaming-eta.vercel.app/js/api.js?v=7:467
[   42099ms] [LOG] 🌐 Fetching tennis... @ https://live-streaming-eta.vercel.app/js/api.js?v=7:467
[   42100ms] [LOG] 🌐 Fetching mma... @ https://live-streaming-eta.vercel.app/js/api.js?v=7:467
[   42101ms] [LOG] 🌐 Fetching ufc... @ https://live-streaming-eta.vercel.app/js/api.js?v=7:467
[   42102ms] [LOG] 🌐 Fetching football... @ https://live-streaming-eta.vercel.app/js/api.js?v=7:467
[   42102ms] [LOG] 🌐 Fetching cricket... @ https://live-streaming-eta.vercel.app/js/api.js?v=7:467
[   42103ms] [LOG] 🌐 Fetching basketball... @ https://live-streaming-eta.vercel.app/js/api.js?v=7:467
[   42104ms] [LOG] 🌐 Fetching tennis... @ https://live-streaming-eta.vercel.app/js/api.js?v=7:467
[   42105ms] [LOG] 🌐 Fetching mma... @ https://live-streaming-eta.vercel.app/js/api.js?v=7:467
[   42107ms] [LOG] 🌐 Fetching ufc... @ https://live-streaming-eta.vercel.app/js/api.js?v=7:467
[   42108ms] [LOG] 🌐 Fetching football... @ https://live-streaming-eta.vercel.app/js/api.js?v=7:467
[   42108ms] [LOG] 🌐 Fetching cricket... @ https://live-streaming-eta.vercel.app/js/api.js?v=7:467
[   42109ms] [LOG] 🌐 Fetching basketball... @ https://live-streaming-eta.vercel.app/js/api.js?v=7:467
[   42110ms] [LOG] 🌐 Fetching tennis... @ https://live-streaming-eta.vercel.app/js/api.js?v=7:467
[   42110ms] [LOG] 🌐 Fetching mma... @ https://live-streaming-eta.vercel.app/js/api.js?v=7:467
[   42111ms] [LOG] 🌐 Fetching ufc... @ https://live-streaming-eta.vercel.app/js/api.js?v=7:467
[   42111ms] [LOG] 🌐 Fetching football... @ https://live-streaming-eta.vercel.app/js/api.js?v=7:467
[   42112ms] [LOG] 🌐 Fetching cricket... @ https://live-streaming-eta.vercel.app/js/api.js?v=7:467
[   42113ms] [LOG] 🌐 Fetching basketball... @ https://live-streaming-eta.vercel.app/js/api.js?v=7:467
[   42114ms] [LOG] 🌐 Fetching tennis... @ https://live-streaming-eta.vercel.app/js/api.js?v=7:467
[   42114ms] [LOG] 🌐 Fetching mma... @ https://live-streaming-eta.vercel.app/js/api.js?v=7:467
[   42115ms] [LOG] 🌐 Fetching ufc... @ https://live-streaming-eta.vercel.app/js/api.js?v=7:467
[   42115ms] [LOG] 🌐 Fetching football... @ https://live-streaming-eta.vercel.app/js/api.js?v=7:467
[   42116ms] [LOG] 🌐 Fetching cricket... @ https://live-streaming-eta.vercel.app/js/api.js?v=7:467
[   42116ms] [LOG] 🌐 Fetching basketball... @ https://live-streaming-eta.vercel.app/js/api.js?v=7:467
[   42116ms] [LOG] 🌐 Fetching tennis... @ https://live-streaming-eta.vercel.app/js/api.js?v=7:467
[   42116ms] [LOG] 🌐 Fetching mma... @ https://live-streaming-eta.vercel.app/js/api.js?v=7:467
[   42117ms] [LOG] 🌐 Fetching ufc... @ https://live-streaming-eta.vercel.app/js/api.js?v=7:467
[   42313ms] [ERROR] Failed to load resource: the server responded with a status of 400 () @ https://sportscore.com/api/widget/matches/?sport=mma&limit=30:0
[   42314ms] [LOG] ℹ️ mma not available from SportScore API @ https://live-streaming-eta.vercel.app/js/api.js?v=7:471
[   42315ms] [ERROR] Failed to load resource: the server responded with a status of 400 () @ https://sportscore.com/api/widget/matches/?sport=ufc&limit=30:0
[   42316ms] [LOG] ℹ️ ufc not available from SportScore API @ https://live-streaming-eta.vercel.app/js/api.js?v=7:471
[   42504ms] [ERROR] Failed to load resource: the server responded with a status of 400 () @ https://sportscore.com/api/widget/matches/?sport=mma&limit=30:0
[   42504ms] [LOG] ℹ️ mma not available from SportScore API @ https://live-streaming-eta.vercel.app/js/api.js?v=7:471
[   42505ms] [ERROR] Failed to load resource: the server responded with a status of 400 () @ https://sportscore.com/api/widget/matches/?sport=ufc&limit=30:0
[   42505ms] [LOG] ℹ️ ufc not available from SportScore API @ https://live-streaming-eta.vercel.app/js/api.js?v=7:471
[   42551ms] [LOG] 🌐 Fetching football... @ https://live-streaming-eta.vercel.app/js/api.js?v=7:467
[   42552ms] [LOG] 🌐 Fetching cricket... @ https://live-streaming-eta.vercel.app/js/api.js?v=7:467
[   42553ms] [LOG] 🌐 Fetching basketball... @ https://live-streaming-eta.vercel.app/js/api.js?v=7:467
[   42554ms] [LOG] 🌐 Fetching tennis... @ https://live-streaming-eta.vercel.app/js/api.js?v=7:467
[   42554ms] [LOG] 🌐 Fetching mma... @ https://live-streaming-eta.vercel.app/js/api.js?v=7:467
[   42555ms] [LOG] 🌐 Fetching ufc... @ https://live-streaming-eta.vercel.app/js/api.js?v=7:467
[   42618ms] [LOG] ✅ ESPN Cricket: 23 matches from 9 series @ https://live-streaming-eta.vercel.app/js/api.js?v=7:1233
[   42728ms] [ERROR] Access to fetch at 'https://api.nfldata.org/v1/games?season=2026&season_type=1' from origin 'https://live-streaming-eta.vercel.app' has been blocked by CORS policy: No 'Access-Control-Allow-Origin' header is present on the requested resource. @ https://live-streaming-eta.vercel.app/basketball/2026-08-19:0
[   42729ms] [ERROR] Failed to load resource: net::ERR_FAILED @ https://api.nfldata.org/v1/games?season=2026&season_type=1:0
[   42729ms] [LOG] ℹ️ NFL season type 1 failed: Failed to fetch @ https://live-streaming-eta.vercel.app/js/api.js?v=7:1411
[   42730ms] [ERROR] Failed to load resource: the server responded with a status of 400 () @ https://sportscore.com/api/widget/matches/?sport=mma&limit=30:0
[   42730ms] [LOG] ℹ️ mma not available from SportScore API @ https://live-streaming-eta.vercel.app/js/api.js?v=7:471
[   42730ms] [ERROR] Failed to load resource: the server responded with a status of 400 () @ https://sportscore.com/api/widget/matches/?sport=ufc&limit=30:0
[   42730ms] [LOG] ℹ️ ufc not available from SportScore API @ https://live-streaming-eta.vercel.app/js/api.js?v=7:471
[   42866ms] [ERROR] Failed to load resource: the server responded with a status of 502 () @ https://live-streaming-eta.vercel.app/api/google-cricket:0
[   42866ms] [LOG] ⚠️ Google Cricket failed: Google Cricket HTTP 502 @ https://live-streaming-eta.vercel.app/js/api.js?v=7:1331
[   42911ms] [ERROR] Failed to load resource: the server responded with a status of 400 () @ https://sportscore.com/api/widget/matches/?sport=ufc&limit=30:0
[   42912ms] [LOG] ℹ️ ufc not available from SportScore API @ https://live-streaming-eta.vercel.app/js/api.js?v=7:471
[   42913ms] [ERROR] Failed to load resource: the server responded with a status of 400 () @ https://sportscore.com/api/widget/matches/?sport=mma&limit=30:0
[   42913ms] [LOG] ℹ️ mma not available from SportScore API @ https://live-streaming-eta.vercel.app/js/api.js?v=7:471
[   42960ms] [ERROR] Access to fetch at 'https://api.nfldata.org/v1/games?season=2026&season_type=1' from origin 'https://live-streaming-eta.vercel.app' has been blocked by CORS policy: No 'Access-Control-Allow-Origin' header is present on the requested resource. @ https://live-streaming-eta.vercel.app/basketball/2026-08-19:0
[   42960ms] [ERROR] Failed to load resource: net::ERR_FAILED @ https://api.nfldata.org/v1/games?season=2026&season_type=1:0
[   42961ms] [LOG] ℹ️ NFL season type 1 failed: Failed to fetch @ https://live-streaming-eta.vercel.app/js/api.js?v=7:1411
[   43055ms] [ERROR] Access to fetch at 'https://api.nfldata.org/v1/games?season=2026&season_type=2' from origin 'https://live-streaming-eta.vercel.app' has been blocked by CORS policy: No 'Access-Control-Allow-Origin' header is present on the requested resource. @ https://live-streaming-eta.vercel.app/basketball/2026-08-19:0
[   43057ms] [ERROR] Failed to load resource: net::ERR_FAILED @ https://api.nfldata.org/v1/games?season=2026&season_type=2:0
[   43058ms] [LOG] ℹ️ NFL season type 2 failed: Failed to fetch @ https://live-streaming-eta.vercel.app/js/api.js?v=7:1411
[   43113ms] [ERROR] Failed to load resource: the server responded with a status of 400 () @ https://sportscore.com/api/widget/matches/?sport=mma&limit=30:0
[   43114ms] [LOG] ℹ️ mma not available from SportScore API @ https://live-streaming-eta.vercel.app/js/api.js?v=7:471
[   43114ms] [ERROR] Failed to load resource: the server responded with a status of 400 () @ https://sportscore.com/api/widget/matches/?sport=ufc&limit=30:0
[   43114ms] [LOG] ℹ️ ufc not available from SportScore API @ https://live-streaming-eta.vercel.app/js/api.js?v=7:471
[   43278ms] [ERROR] Access to fetch at 'https://api.nfldata.org/v1/games?season=2026&season_type=1' from origin 'https://live-streaming-eta.vercel.app' has been blocked by CORS policy: No 'Access-Control-Allow-Origin' header is present on the requested resource. @ https://live-streaming-eta.vercel.app/basketball/2026-08-19:0
[   43278ms] [ERROR] Failed to load resource: net::ERR_FAILED @ https://api.nfldata.org/v1/games?season=2026&season_type=1:0
[   43279ms] [LOG] ℹ️ NFL season type 1 failed: Failed to fetch @ https://live-streaming-eta.vercel.app/js/api.js?v=7:1411
[   43301ms] [ERROR] Failed to load resource: the server responded with a status of 400 () @ https://sportscore.com/api/widget/matches/?sport=mma&limit=30:0
[   43302ms] [LOG] ℹ️ mma not available from SportScore API @ https://live-streaming-eta.vercel.app/js/api.js?v=7:471
[   43314ms] [ERROR] Failed to load resource: the server responded with a status of 400 () @ https://sportscore.com/api/widget/matches/?sport=ufc&limit=30:0
[   43314ms] [LOG] ℹ️ ufc not available from SportScore API @ https://live-streaming-eta.vercel.app/js/api.js?v=7:471
[   43356ms] [ERROR] Access to fetch at 'https://api.nfldata.org/v1/games?season=2026&season_type=2' from origin 'https://live-streaming-eta.vercel.app' has been blocked by CORS policy: No 'Access-Control-Allow-Origin' header is present on the requested resource. @ https://live-streaming-eta.vercel.app/basketball/2026-08-19:0
[   43356ms] [ERROR] Failed to load resource: net::ERR_FAILED @ https://api.nfldata.org/v1/games?season=2026&season_type=2:0
[   43356ms] [LOG] ℹ️ NFL season type 2 failed: Failed to fetch @ https://live-streaming-eta.vercel.app/js/api.js?v=7:1411
[   43370ms] [ERROR] Access to fetch at 'https://api.nfldata.org/v1/games?season=2026&season_type=3' from origin 'https://live-streaming-eta.vercel.app' has been blocked by CORS policy: No 'Access-Control-Allow-Origin' header is present on the requested resource. @ https://live-streaming-eta.vercel.app/basketball/2026-08-19:0
[   43371ms] [ERROR] Failed to load resource: net::ERR_FAILED @ https://api.nfldata.org/v1/games?season=2026&season_type=3:0
[   43371ms] [LOG] ℹ️ NFL season type 3 failed: Failed to fetch @ https://live-streaming-eta.vercel.app/js/api.js?v=7:1411
[   43598ms] [ERROR] Access to fetch at 'https://api.nfldata.org/v1/games?season=2026&season_type=1' from origin 'https://live-streaming-eta.vercel.app' has been blocked by CORS policy: No 'Access-Control-Allow-Origin' header is present on the requested resource. @ https://live-streaming-eta.vercel.app/basketball/2026-08-19:0
[   43598ms] [ERROR] Failed to load resource: net::ERR_FAILED @ https://api.nfldata.org/v1/games?season=2026&season_type=1:0
[   43598ms] [LOG] ℹ️ NFL season type 1 failed: Failed to fetch @ https://live-streaming-eta.vercel.app/js/api.js?v=7:1411
[   43672ms] [ERROR] Access to fetch at 'https://api.nfldata.org/v1/games?season=2026&season_type=2' from origin 'https://live-streaming-eta.vercel.app' has been blocked by CORS policy: No 'Access-Control-Allow-Origin' header is present on the requested resource. @ https://live-streaming-eta.vercel.app/basketball/2026-08-19:0
[   43673ms] [ERROR] Failed to load resource: net::ERR_FAILED @ https://api.nfldata.org/v1/games?season=2026&season_type=2:0
[   43673ms] [LOG] ℹ️ NFL season type 2 failed: Failed to fetch @ https://live-streaming-eta.vercel.app/js/api.js?v=7:1411
[   43684ms] [ERROR] Access to fetch at 'https://api.nfldata.org/v1/games?season=2026&season_type=3' from origin 'https://live-streaming-eta.vercel.app' has been blocked by CORS policy: No 'Access-Control-Allow-Origin' header is present on the requested resource. @ https://live-streaming-eta.vercel.app/basketball/2026-08-19:0
[   43685ms] [ERROR] Failed to load resource: net::ERR_FAILED @ https://api.nfldata.org/v1/games?season=2026&season_type=3:0
[   43685ms] [LOG] ℹ️ NFL season type 3 failed: Failed to fetch @ https://live-streaming-eta.vercel.app/js/api.js?v=7:1411
[   43908ms] [ERROR] Access to fetch at 'https://api.nfldata.org/v1/games?season=2026&season_type=1' from origin 'https://live-streaming-eta.vercel.app' has been blocked by CORS policy: No 'Access-Control-Allow-Origin' header is present on the requested resource. @ https://live-streaming-eta.vercel.app/basketball/2026-08-19:0
[   43909ms] [ERROR] Failed to load resource: net::ERR_FAILED @ https://api.nfldata.org/v1/games?season=2026&season_type=1:0
[   43910ms] [LOG] ℹ️ NFL season type 1 failed: Failed to fetch @ https://live-streaming-eta.vercel.app/js/api.js?v=7:1411
[   43996ms] [ERROR] Access to fetch at 'https://api.nfldata.org/v1/games?season=2026&season_type=3' from origin 'https://live-streaming-eta.vercel.app' has been blocked by CORS policy: No 'Access-Control-Allow-Origin' header is present on the requested resource. @ https://live-streaming-eta.vercel.app/basketball/2026-08-19:0
[   43996ms] [ERROR] Failed to load resource: net::ERR_FAILED @ https://api.nfldata.org/v1/games?season=2026&season_type=3:0
[   43997ms] [LOG] ℹ️ NFL season type 3 failed: Failed to fetch @ https://live-streaming-eta.vercel.app/js/api.js?v=7:1411
[   44001ms] [ERROR] Access to fetch at 'https://api.nfldata.org/v1/games?season=2026&season_type=2' from origin 'https://live-streaming-eta.vercel.app' has been blocked by CORS policy: No 'Access-Control-Allow-Origin' header is present on the requested resource. @ https://live-streaming-eta.vercel.app/basketball/2026-08-19:0
[   44002ms] [ERROR] Failed to load resource: net::ERR_FAILED @ https://api.nfldata.org/v1/games?season=2026&season_type=2:0
[   44002ms] [LOG] ℹ️ NFL season type 2 failed: Failed to fetch @ https://live-streaming-eta.vercel.app/js/api.js?v=7:1411
[   44317ms] [ERROR] Access to fetch at 'https://api.nfldata.org/v1/games?season=2026&season_type=3' from origin 'https://live-streaming-eta.vercel.app' has been blocked by CORS policy: No 'Access-Control-Allow-Origin' header is present on the requested resource. @ https://live-streaming-eta.vercel.app/basketball/2026-08-19:0
[   44317ms] [ERROR] Failed to load resource: net::ERR_FAILED @ https://api.nfldata.org/v1/games?season=2026&season_type=3:0
[   44317ms] [LOG] ℹ️ NFL season type 3 failed: Failed to fetch @ https://live-streaming-eta.vercel.app/js/api.js?v=7:1411
[   44322ms] [ERROR] Access to fetch at 'https://api.nfldata.org/v1/games?season=2026&season_type=2' from origin 'https://live-streaming-eta.vercel.app' has been blocked by CORS policy: No 'Access-Control-Allow-Origin' header is present on the requested resource. @ https://live-streaming-eta.vercel.app/basketball/2026-08-19:0
[   44322ms] [ERROR] Failed to load resource: net::ERR_FAILED @ https://api.nfldata.org/v1/games?season=2026&season_type=2:0
[   44323ms] [LOG] ℹ️ NFL season type 2 failed: Failed to fetch @ https://live-streaming-eta.vercel.app/js/api.js?v=7:1411
[   44639ms] [ERROR] Access to fetch at 'https://api.nfldata.org/v1/games?season=2026&season_type=3' from origin 'https://live-streaming-eta.vercel.app' has been blocked by CORS policy: No 'Access-Control-Allow-Origin' header is present on the requested resource. @ https://live-streaming-eta.vercel.app/basketball/2026-08-19:0
[   44640ms] [ERROR] Failed to load resource: net::ERR_FAILED @ https://api.nfldata.org/v1/games?season=2026&season_type=3:0
[   44640ms] [LOG] ℹ️ NFL season type 3 failed: Failed to fetch @ https://live-streaming-eta.vercel.app/js/api.js?v=7:1411
[   45300ms] [LOG] 🔄 Live Agent: refreshing scores... @ https://live-streaming-eta.vercel.app/js/app.js?v=8:906
[   45301ms] [LOG] 🌐 Fetching football... @ https://live-streaming-eta.vercel.app/js/api.js?v=7:467
[   45301ms] [LOG] 🌐 Fetching cricket... @ https://live-streaming-eta.vercel.app/js/api.js?v=7:467
[   45302ms] [LOG] 🌐 Fetching basketball... @ https://live-streaming-eta.vercel.app/js/api.js?v=7:467
[   45302ms] [LOG] 🌐 Fetching tennis... @ https://live-streaming-eta.vercel.app/js/api.js?v=7:467
[   45303ms] [LOG] 🌐 Fetching mma... @ https://live-streaming-eta.vercel.app/js/api.js?v=7:467
[   45303ms] [LOG] 🌐 Fetching ufc... @ https://live-streaming-eta.vercel.app/js/api.js?v=7:467
[   45318ms] [LOG] ✅ ESPN Cricket: 23 matches from 9 series @ https://live-streaming-eta.vercel.app/js/api.js?v=7:1233
[   45442ms] [LOG] 🌐 Fetching football... @ https://live-streaming-eta.vercel.app/js/api.js?v=7:467
[   45444ms] [LOG] 🌐 Fetching cricket... @ https://live-streaming-eta.vercel.app/js/api.js?v=7:467
[   45446ms] [LOG] 🌐 Fetching basketball... @ https://live-streaming-eta.vercel.app/js/api.js?v=7:467
[   45448ms] [LOG] 🌐 Fetching tennis... @ https://live-streaming-eta.vercel.app/js/api.js?v=7:467
[   45449ms] [LOG] 🌐 Fetching mma... @ https://live-streaming-eta.vercel.app/js/api.js?v=7:467
[   45450ms] [LOG] 🌐 Fetching ufc... @ https://live-streaming-eta.vercel.app/js/api.js?v=7:467
[   45452ms] [LOG] 🌐 Fetching football... @ https://live-streaming-eta.vercel.app/js/api.js?v=7:467
[   45452ms] [LOG] 🌐 Fetching cricket... @ https://live-streaming-eta.vercel.app/js/api.js?v=7:467
[   45453ms] [LOG] 🌐 Fetching basketball... @ https://live-streaming-eta.vercel.app/js/api.js?v=7:467
[   45454ms] [LOG] 🌐 Fetching tennis... @ https://live-streaming-eta.vercel.app/js/api.js?v=7:467
[   45455ms] [LOG] 🌐 Fetching mma... @ https://live-streaming-eta.vercel.app/js/api.js?v=7:467
[   45456ms] [LOG] 🌐 Fetching ufc... @ https://live-streaming-eta.vercel.app/js/api.js?v=7:467
[   45457ms] [LOG] 🌐 Fetching football... @ https://live-streaming-eta.vercel.app/js/api.js?v=7:467
[   45457ms] [LOG] 🌐 Fetching cricket... @ https://live-streaming-eta.vercel.app/js/api.js?v=7:467
[   45458ms] [LOG] 🌐 Fetching basketball... @ https://live-streaming-eta.vercel.app/js/api.js?v=7:467
[   45458ms] [LOG] 🌐 Fetching tennis... @ https://live-streaming-eta.vercel.app/js/api.js?v=7:467
[   45459ms] [LOG] 🌐 Fetching mma... @ https://live-streaming-eta.vercel.app/js/api.js?v=7:467
[   45461ms] [LOG] 🌐 Fetching ufc... @ https://live-streaming-eta.vercel.app/js/api.js?v=7:467
[   45462ms] [LOG] 🌐 Fetching football... @ https://live-streaming-eta.vercel.app/js/api.js?v=7:467
[   45463ms] [LOG] 🌐 Fetching cricket... @ https://live-streaming-eta.vercel.app/js/api.js?v=7:467
[   45463ms] [LOG] 🌐 Fetching basketball... @ https://live-streaming-eta.vercel.app/js/api.js?v=7:467
[   45464ms] [LOG] 🌐 Fetching tennis... @ https://live-streaming-eta.vercel.app/js/api.js?v=7:467
[   45465ms] [LOG] 🌐 Fetching mma... @ https://live-streaming-eta.vercel.app/js/api.js?v=7:467
[   45465ms] [LOG] 🌐 Fetching ufc... @ https://live-streaming-eta.vercel.app/js/api.js?v=7:467
[   45466ms] [LOG] 🌐 Fetching football... @ https://live-streaming-eta.vercel.app/js/api.js?v=7:467
[   45466ms] [LOG] 🌐 Fetching cricket... @ https://live-streaming-eta.vercel.app/js/api.js?v=7:467
[   45467ms] [LOG] 🌐 Fetching basketball... @ https://live-streaming-eta.vercel.app/js/api.js?v=7:467
[   45467ms] [LOG] 🌐 Fetching tennis... @ https://live-streaming-eta.vercel.app/js/api.js?v=7:467
[   45467ms] [LOG] 🌐 Fetching mma... @ https://live-streaming-eta.vercel.app/js/api.js?v=7:467
[   45468ms] [LOG] 🌐 Fetching ufc... @ https://live-streaming-eta.vercel.app/js/api.js?v=7:467
[   45507ms] [ERROR] Failed to load resource: the server responded with a status of 400 () @ https://sportscore.com/api/widget/matches/?sport=mma&limit=30:0
[   45507ms] [LOG] ℹ️ mma not available from SportScore API @ https://live-streaming-eta.vercel.app/js/api.js?v=7:471
[   45508ms] [ERROR] Failed to load resource: the server responded with a status of 400 () @ https://sportscore.com/api/widget/matches/?sport=ufc&limit=30:0
[   45508ms] [LOG] ℹ️ ufc not available from SportScore API @ https://live-streaming-eta.vercel.app/js/api.js?v=7:471
[   45618ms] [ERROR] Failed to load resource: the server responded with a status of 502 () @ https://live-streaming-eta.vercel.app/api/google-cricket:0
[   45618ms] [LOG] ⚠️ Google Cricket failed: Google Cricket HTTP 502 @ https://live-streaming-eta.vercel.app/js/api.js?v=7:1331
[   45623ms] [LOG] ✅ Live Agent: refresh complete @ https://live-streaming-eta.vercel.app/js/app.js?v=8:973
[   45712ms] [ERROR] Failed to load resource: the server responded with a status of 400 () @ https://sportscore.com/api/widget/matches/?sport=ufc&limit=30:0
[   45713ms] [LOG] ℹ️ ufc not available from SportScore API @ https://live-streaming-eta.vercel.app/js/api.js?v=7:471
[   45716ms] [ERROR] Failed to load resource: the server responded with a status of 400 () @ https://sportscore.com/api/widget/matches/?sport=mma&limit=30:0
[   45716ms] [LOG] ℹ️ mma not available from SportScore API @ https://live-streaming-eta.vercel.app/js/api.js?v=7:471
[   45908ms] [ERROR] Failed to load resource: the server responded with a status of 400 () @ https://sportscore.com/api/widget/matches/?sport=mma&limit=30:0
[   45908ms] [LOG] ℹ️ mma not available from SportScore API @ https://live-streaming-eta.vercel.app/js/api.js?v=7:471
[   45916ms] [ERROR] Failed to load resource: the server responded with a status of 400 () @ https://sportscore.com/api/widget/matches/?sport=ufc&limit=30:0
[   45917ms] [LOG] ℹ️ ufc not available from SportScore API @ https://live-streaming-eta.vercel.app/js/api.js?v=7:471
[   46036ms] [ERROR] Access to fetch at 'https://api.nfldata.org/v1/games?season=2026&season_type=1' from origin 'https://live-streaming-eta.vercel.app' has been blocked by CORS policy: No 'Access-Control-Allow-Origin' header is present on the requested resource. @ https://live-streaming-eta.vercel.app/basketball/2026-08-19/japan-jones-team-vs-chinese-taipei-blue:0
[   46036ms] [ERROR] Failed to load resource: net::ERR_FAILED @ https://api.nfldata.org/v1/games?season=2026&season_type=1:0
[   46036ms] [LOG] ℹ️ NFL season type 1 failed: Failed to fetch @ https://live-streaming-eta.vercel.app/js/api.js?v=7:1411
[   46107ms] [ERROR] Failed to load resource: the server responded with a status of 400 () @ https://sportscore.com/api/widget/matches/?sport=mma&limit=30:0
[   46108ms] [LOG] ℹ️ mma not available from SportScore API @ https://live-streaming-eta.vercel.app/js/api.js?v=7:471
[   46116ms] [ERROR] Failed to load resource: the server responded with a status of 400 () @ https://sportscore.com/api/widget/matches/?sport=ufc&limit=30:0
[   46117ms] [LOG] ℹ️ ufc not available from SportScore API @ https://live-streaming-eta.vercel.app/js/api.js?v=7:471
[   46307ms] [ERROR] Failed to load resource: the server responded with a status of 400 () @ https://sportscore.com/api/widget/matches/?sport=mma&limit=30:0
[   46308ms] [LOG] ℹ️ mma not available from SportScore API @ https://live-streaming-eta.vercel.app/js/api.js?v=7:471
[   46317ms] [ERROR] Failed to load resource: the server responded with a status of 400 () @ https://sportscore.com/api/widget/matches/?sport=ufc&limit=30:0
[   46317ms] [LOG] ℹ️ ufc not available from SportScore API @ https://live-streaming-eta.vercel.app/js/api.js?v=7:471
[   46359ms] [ERROR] Access to fetch at 'https://api.nfldata.org/v1/games?season=2026&season_type=2' from origin 'https://live-streaming-eta.vercel.app' has been blocked by CORS policy: No 'Access-Control-Allow-Origin' header is present on the requested resource. @ https://live-streaming-eta.vercel.app/basketball/2026-08-19/japan-jones-team-vs-chinese-taipei-blue:0
[   46360ms] [ERROR] Failed to load resource: net::ERR_FAILED @ https://api.nfldata.org/v1/games?season=2026&season_type=2:0
[   46360ms] [LOG] ℹ️ NFL season type 2 failed: Failed to fetch @ https://live-streaming-eta.vercel.app/js/api.js?v=7:1411
[   46371ms] [ERROR] Access to fetch at 'https://api.nfldata.org/v1/games?season=2026&season_type=1' from origin 'https://live-streaming-eta.vercel.app' has been blocked by CORS policy: No 'Access-Control-Allow-Origin' header is present on the requested resource. @ https://live-streaming-eta.vercel.app/basketball/2026-08-19/japan-jones-team-vs-chinese-taipei-blue:0
[   46371ms] [ERROR] Failed to load resource: net::ERR_FAILED @ https://api.nfldata.org/v1/games?season=2026&season_type=1:0
[   46372ms] [LOG] ℹ️ NFL season type 1 failed: Failed to fetch @ https://live-streaming-eta.vercel.app/js/api.js?v=7:1411
[   46504ms] [ERROR] Failed to load resource: the server responded with a status of 400 () @ https://sportscore.com/api/widget/matches/?sport=mma&limit=30:0
[   46505ms] [LOG] ℹ️ mma not available from SportScore API @ https://live-streaming-eta.vercel.app/js/api.js?v=7:471
[   46510ms] [ERROR] Failed to load resource: the server responded with a status of 400 () @ https://sportscore.com/api/widget/matches/?sport=ufc&limit=30:0
[   46512ms] [LOG] ℹ️ ufc not available from SportScore API @ https://live-streaming-eta.vercel.app/js/api.js?v=7:471
[   46689ms] [ERROR] Access to fetch at 'https://api.nfldata.org/v1/games?season=2026&season_type=1' from origin 'https://live-streaming-eta.vercel.app' has been blocked by CORS policy: No 'Access-Control-Allow-Origin' header is present on the requested resource. @ https://live-streaming-eta.vercel.app/basketball/2026-08-19/japan-jones-team-vs-chinese-taipei-blue:0
[   46689ms] [ERROR] Failed to load resource: net::ERR_FAILED @ https://api.nfldata.org/v1/games?season=2026&season_type=1:0
[   46689ms] [LOG] ℹ️ NFL season type 1 failed: Failed to fetch @ https://live-streaming-eta.vercel.app/js/api.js?v=7:1411
[   46704ms] [ERROR] Access to fetch at 'https://api.nfldata.org/v1/games?season=2026&season_type=2' from origin 'https://live-streaming-eta.vercel.app' has been blocked by CORS policy: No 'Access-Control-Allow-Origin' header is present on the requested resource. @ https://live-streaming-eta.vercel.app/basketball/2026-08-19/japan-jones-team-vs-chinese-taipei-blue:0
[   46705ms] [ERROR] Failed to load resource: net::ERR_FAILED @ https://api.nfldata.org/v1/games?season=2026&season_type=2:0
[   46705ms] [LOG] ℹ️ NFL season type 2 failed: Failed to fetch @ https://live-streaming-eta.vercel.app/js/api.js?v=7:1411
[   47014ms] [ERROR] Access to fetch at 'https://api.nfldata.org/v1/games?season=2026&season_type=2' from origin 'https://live-streaming-eta.vercel.app' has been blocked by CORS policy: No 'Access-Control-Allow-Origin' header is present on the requested resource. @ https://live-streaming-eta.vercel.app/basketball/2026-08-19/japan-jones-team-vs-chinese-taipei-blue:0
[   47014ms] [ERROR] Failed to load resource: net::ERR_FAILED @ https://api.nfldata.org/v1/games?season=2026&season_type=2:0
[   47015ms] [LOG] ℹ️ NFL season type 2 failed: Failed to fetch @ https://live-streaming-eta.vercel.app/js/api.js?v=7:1411
[   47020ms] [ERROR] Access to fetch at 'https://api.nfldata.org/v1/games?season=2026&season_type=1' from origin 'https://live-streaming-eta.vercel.app' has been blocked by CORS policy: No 'Access-Control-Allow-Origin' header is present on the requested resource. @ https://live-streaming-eta.vercel.app/basketball/2026-08-19/japan-jones-team-vs-chinese-taipei-blue:0
[   47021ms] [ERROR] Failed to load resource: net::ERR_FAILED @ https://api.nfldata.org/v1/games?season=2026&season_type=1:0
[   47021ms] [LOG] ℹ️ NFL season type 1 failed: Failed to fetch @ https://live-streaming-eta.vercel.app/js/api.js?v=7:1411
[   47066ms] [ERROR] Access to fetch at 'https://api.nfldata.org/v1/games?season=2026&season_type=3' from origin 'https://live-streaming-eta.vercel.app' has been blocked by CORS policy: No 'Access-Control-Allow-Origin' header is present on the requested resource. @ https://live-streaming-eta.vercel.app/basketball/2026-08-19/japan-jones-team-vs-chinese-taipei-blue:0
[   47066ms] [ERROR] Failed to load resource: net::ERR_FAILED @ https://api.nfldata.org/v1/games?season=2026&season_type=3:0
[   47067ms] [LOG] ℹ️ NFL season type 3 failed: Failed to fetch @ https://live-streaming-eta.vercel.app/js/api.js?v=7:1411
[   47345ms] [ERROR] Access to fetch at 'https://api.nfldata.org/v1/games?season=2026&season_type=1' from origin 'https://live-streaming-eta.vercel.app' has been blocked by CORS policy: No 'Access-Control-Allow-Origin' header is present on the requested resource. @ https://live-streaming-eta.vercel.app/basketball/2026-08-19/japan-jones-team-vs-chinese-taipei-blue:0
[   47345ms] [ERROR] Failed to load resource: net::ERR_FAILED @ https://api.nfldata.org/v1/games?season=2026&season_type=1:0
[   47346ms] [LOG] ℹ️ NFL season type 1 failed: Failed to fetch @ https://live-streaming-eta.vercel.app/js/api.js?v=7:1411
[   47352ms] [ERROR] Access to fetch at 'https://api.nfldata.org/v1/games?season=2026&season_type=2' from origin 'https://live-streaming-eta.vercel.app' has been blocked by CORS policy: No 'Access-Control-Allow-Origin' header is present on the requested resource. @ https://live-streaming-eta.vercel.app/basketball/2026-08-19/japan-jones-team-vs-chinese-taipei-blue:0
[   47352ms] [ERROR] Failed to load resource: net::ERR_FAILED @ https://api.nfldata.org/v1/games?season=2026&season_type=2:0
[   47353ms] [LOG] ℹ️ NFL season type 2 failed: Failed to fetch @ https://live-streaming-eta.vercel.app/js/api.js?v=7:1411
[   47383ms] [ERROR] Access to fetch at 'https://api.nfldata.org/v1/games?season=2026&season_type=3' from origin 'https://live-streaming-eta.vercel.app' has been blocked by CORS policy: No 'Access-Control-Allow-Origin' header is present on the requested resource. @ https://live-streaming-eta.vercel.app/basketball/2026-08-19/japan-jones-team-vs-chinese-taipei-blue:0
[   47383ms] [ERROR] Failed to load resource: net::ERR_FAILED @ https://api.nfldata.org/v1/games?season=2026&season_type=3:0
[   47383ms] [LOG] ℹ️ NFL season type 3 failed: Failed to fetch @ https://live-streaming-eta.vercel.app/js/api.js?v=7:1411
[   47667ms] [ERROR] Access to fetch at 'https://api.nfldata.org/v1/games?season=2026&season_type=2' from origin 'https://live-streaming-eta.vercel.app' has been blocked by CORS policy: No 'Access-Control-Allow-Origin' header is present on the requested resource. @ https://live-streaming-eta.vercel.app/basketball/2026-08-19/japan-jones-team-vs-chinese-taipei-blue:0
[   47668ms] [ERROR] Failed to load resource: net::ERR_FAILED @ https://api.nfldata.org/v1/games?season=2026&season_type=2:0
[   47668ms] [LOG] ℹ️ NFL season type 2 failed: Failed to fetch @ https://live-streaming-eta.vercel.app/js/api.js?v=7:1411
[   47697ms] [ERROR] Access to fetch at 'https://api.nfldata.org/v1/games?season=2026&season_type=3' from origin 'https://live-streaming-eta.vercel.app' has been blocked by CORS policy: No 'Access-Control-Allow-Origin' header is present on the requested resource. @ https://live-streaming-eta.vercel.app/basketball/2026-08-19/japan-jones-team-vs-chinese-taipei-blue:0
[   47697ms] [ERROR] Failed to load resource: net::ERR_FAILED @ https://api.nfldata.org/v1/games?season=2026&season_type=3:0
[   47697ms] [LOG] ℹ️ NFL season type 3 failed: Failed to fetch @ https://live-streaming-eta.vercel.app/js/api.js?v=7:1411
[   48011ms] [ERROR] Access to fetch at 'https://api.nfldata.org/v1/games?season=2026&season_type=3' from origin 'https://live-streaming-eta.vercel.app' has been blocked by CORS policy: No 'Access-Control-Allow-Origin' header is present on the requested resource. @ https://live-streaming-eta.vercel.app/basketball/2026-08-19/japan-jones-team-vs-chinese-taipei-blue:0
[   48011ms] [ERROR] Failed to load resource: net::ERR_FAILED @ https://api.nfldata.org/v1/games?season=2026&season_type=3:0
[   48011ms] [LOG] ℹ️ NFL season type 3 failed: Failed to fetch @ https://live-streaming-eta.vercel.app/js/api.js?v=7:1411
[   48335ms] [ERROR] Access to fetch at 'https://api.nfldata.org/v1/games?season=2026&season_type=3' from origin 'https://live-streaming-eta.vercel.app' has been blocked by CORS policy: No 'Access-Control-Allow-Origin' header is present on the requested resource. @ https://live-streaming-eta.vercel.app/basketball/2026-08-19/japan-jones-team-vs-chinese-taipei-blue:0
[   48335ms] [ERROR] Failed to load resource: net::ERR_FAILED @ https://api.nfldata.org/v1/games?season=2026&season_type=3:0
[   48336ms] [LOG] ℹ️ NFL season type 3 failed: Failed to fetch @ https://live-streaming-eta.vercel.app/js/api.js?v=7:1411
[   48336ms] [LOG] ✅ Schedule agent: fetched next 60 days @ https://live-streaming-eta.vercel.app/js/api.js?v=7:377
[   50298ms] [LOG] 🔄 Live Agent: refreshing scores... @ https://live-streaming-eta.vercel.app/js/app.js?v=8:906
[   50299ms] [LOG] 🌐 Fetching football... @ https://live-streaming-eta.vercel.app/js/api.js?v=7:467
[   50299ms] [LOG] 🌐 Fetching cricket... @ https://live-streaming-eta.vercel.app/js/api.js?v=7:467
[   50300ms] [LOG] 🌐 Fetching basketball... @ https://live-streaming-eta.vercel.app/js/api.js?v=7:467
[   50301ms] [LOG] 🌐 Fetching tennis... @ https://live-streaming-eta.vercel.app/js/api.js?v=7:467
[   50303ms] [LOG] 🌐 Fetching mma... @ https://live-streaming-eta.vercel.app/js/api.js?v=7:467
[   50307ms] [LOG] 🌐 Fetching ufc... @ https://live-streaming-eta.vercel.app/js/api.js?v=7:467
[   50508ms] [ERROR] Failed to load resource: the server responded with a status of 400 () @ https://sportscore.com/api/widget/matches/?sport=mma&limit=30:0
[   50509ms] [LOG] ℹ️ mma not available from SportScore API @ https://live-streaming-eta.vercel.app/js/api.js?v=7:471
[   50523ms] [ERROR] Failed to load resource: the server responded with a status of 400 () @ https://sportscore.com/api/widget/matches/?sport=ufc&limit=30:0
[   50524ms] [LOG] ℹ️ ufc not available from SportScore API @ https://live-streaming-eta.vercel.app/js/api.js?v=7:471
[   50620ms] [ERROR] Failed to load resource: the server responded with a status of 502 () @ https://live-streaming-eta.vercel.app/api/google-cricket:0
[   50620ms] [LOG] ⚠️ Google Cricket failed: Google Cricket HTTP 502 @ https://live-streaming-eta.vercel.app/js/api.js?v=7:1331
[   50709ms] [LOG] ✅ ESPN Cricket: 23 matches from 9 series @ https://live-streaming-eta.vercel.app/js/api.js?v=7:1233
[   50728ms] [LOG] ✅ Live Agent: refresh complete @ https://live-streaming-eta.vercel.app/js/app.js?v=8:973
[   55304ms] [LOG] 🔄 Live Agent: refreshing scores... @ https://live-streaming-eta.vercel.app/js/app.js?v=8:906
[   55304ms] [LOG] 🌐 Fetching football... @ https://live-streaming-eta.vercel.app/js/api.js?v=7:467
[   55308ms] [LOG] 🌐 Fetching cricket... @ https://live-streaming-eta.vercel.app/js/api.js?v=7:467
[   55313ms] [LOG] 🌐 Fetching basketball... @ https://live-streaming-eta.vercel.app/js/api.js?v=7:467
[   55316ms] [LOG] 🌐 Fetching tennis... @ https://live-streaming-eta.vercel.app/js/api.js?v=7:467
[   55318ms] [LOG] 🌐 Fetching mma... @ https://live-streaming-eta.vercel.app/js/api.js?v=7:467
[   55324ms] [LOG] 🌐 Fetching ufc... @ https://live-streaming-eta.vercel.app/js/api.js?v=7:467
[   55344ms] [LOG] ✅ ESPN Cricket: 23 matches from 9 series @ https://live-streaming-eta.vercel.app/js/api.js?v=7:1233
[   55530ms] [ERROR] Failed to load resource: the server responded with a status of 400 () @ https://sportscore.com/api/widget/matches/?sport=mma&limit=30:0
[   55531ms] [LOG] ℹ️ mma not available from SportScore API @ https://live-streaming-eta.vercel.app/js/api.js?v=7:471
[   55532ms] [ERROR] Failed to load resource: the server responded with a status of 400 () @ https://sportscore.com/api/widget/matches/?sport=ufc&limit=30:0
[   55532ms] [LOG] ℹ️ ufc not available from SportScore API @ https://live-streaming-eta.vercel.app/js/api.js?v=7:471
[   55633ms] [ERROR] Failed to load resource: the server responded with a status of 502 () @ https://live-streaming-eta.vercel.app/api/google-cricket:0
[   55634ms] [LOG] ⚠️ Google Cricket failed: Google Cricket HTTP 502 @ https://live-streaming-eta.vercel.app/js/api.js?v=7:1331
[   55643ms] [LOG] ✅ Live Agent: refresh complete @ https://live-streaming-eta.vercel.app/js/app.js?v=8:973
[   60348ms] [LOG] 🔄 Live Agent: refreshing scores... @ https://live-streaming-eta.vercel.app/js/app.js?v=8:906
[   60348ms] [LOG] 🌐 Fetching football... @ https://live-streaming-eta.vercel.app/js/api.js?v=7:467
[   60350ms] [LOG] 🌐 Fetching cricket... @ https://live-streaming-eta.vercel.app/js/api.js?v=7:467
[   60353ms] [LOG] 🌐 Fetching basketball... @ https://live-streaming-eta.vercel.app/js/api.js?v=7:467
[   60356ms] [LOG] 🌐 Fetching tennis... @ https://live-streaming-eta.vercel.app/js/api.js?v=7:467
[   60360ms] [LOG] 🌐 Fetching mma... @ https://live-streaming-eta.vercel.app/js/api.js?v=7:467
[   60365ms] [LOG] 🌐 Fetching ufc... @ https://live-streaming-eta.vercel.app/js/api.js?v=7:467
[   60715ms] [ERROR] Failed to load resource: the server responded with a status of 502 () @ https://live-streaming-eta.vercel.app/api/google-cricket:0
[   60717ms] [LOG] ⚠️ Google Cricket failed: Google Cricket HTTP 502 @ https://live-streaming-eta.vercel.app/js/api.js?v=7:1331
[   60799ms] [LOG] ✅ ESPN Cricket: 23 matches from 9 series @ https://live-streaming-eta.vercel.app/js/api.js?v=7:1233
[   61156ms] [ERROR] Failed to load resource: the server responded with a status of 400 () @ https://sportscore.com/api/widget/matches/?sport=mma&limit=30:0
[   61159ms] [LOG] ℹ️ mma not available from SportScore API @ https://live-streaming-eta.vercel.app/js/api.js?v=7:471
[   61169ms] [ERROR] Failed to load resource: the server responded with a status of 400 () @ https://sportscore.com/api/widget/matches/?sport=ufc&limit=30:0
[   61170ms] [LOG] ℹ️ ufc not available from SportScore API @ https://live-streaming-eta.vercel.app/js/api.js?v=7:471
[   61200ms] [LOG] ✅ Live Agent: refresh complete @ https://live-streaming-eta.vercel.app/js/app.js?v=8:973
[   65298ms] [LOG] 🔄 Live Agent: refreshing scores... @ https://live-streaming-eta.vercel.app/js/app.js?v=8:906
[   65298ms] [LOG] 🌐 Fetching football... @ https://live-streaming-eta.vercel.app/js/api.js?v=7:467
[   65299ms] [LOG] 🌐 Fetching cricket... @ https://live-streaming-eta.vercel.app/js/api.js?v=7:467
[   65300ms] [LOG] 🌐 Fetching basketball... @ https://live-streaming-eta.vercel.app/js/api.js?v=7:467
[   65300ms] [LOG] 🌐 Fetching tennis... @ https://live-streaming-eta.vercel.app/js/api.js?v=7:467
[   65301ms] [LOG] 🌐 Fetching mma... @ https://live-streaming-eta.vercel.app/js/api.js?v=7:467
[   65301ms] [LOG] 🌐 Fetching ufc... @ https://live-streaming-eta.vercel.app/js/api.js?v=7:467
[   65328ms] [LOG] ✅ ESPN Cricket: 23 matches from 9 series @ https://live-streaming-eta.vercel.app/js/api.js?v=7:1233
[   65648ms] [ERROR] Failed to load resource: the server responded with a status of 502 () @ https://live-streaming-eta.vercel.app/api/google-cricket:0
[   65649ms] [LOG] ⚠️ Google Cricket failed: Google Cricket HTTP 502 @ https://live-streaming-eta.vercel.app/js/api.js?v=7:1331
[   65717ms] [ERROR] Failed to load resource: the server responded with a status of 400 () @ https://sportscore.com/api/widget/matches/?sport=ufc&limit=30:0
[   65717ms] [LOG] ℹ️ ufc not available from SportScore API @ https://live-streaming-eta.vercel.app/js/api.js?v=7:471
[   65720ms] [ERROR] Failed to load resource: the server responded with a status of 400 () @ https://sportscore.com/api/widget/matches/?sport=mma&limit=30:0
[   65721ms] [LOG] ℹ️ mma not available from SportScore API @ https://live-streaming-eta.vercel.app/js/api.js?v=7:471
[   65724ms] [LOG] ✅ Live Agent: refresh complete @ https://live-streaming-eta.vercel.app/js/app.js?v=8:973
[   70304ms] [LOG] 🔄 Live Agent: refreshing scores... @ https://live-streaming-eta.vercel.app/js/app.js?v=8:906
[   70304ms] [LOG] 🌐 Fetching football... @ https://live-streaming-eta.vercel.app/js/api.js?v=7:467
[   70306ms] [LOG] 🌐 Fetching cricket... @ https://live-streaming-eta.vercel.app/js/api.js?v=7:467
[   70307ms] [LOG] 🌐 Fetching basketball... @ https://live-streaming-eta.vercel.app/js/api.js?v=7:467
[   70308ms] [LOG] 🌐 Fetching tennis... @ https://live-streaming-eta.vercel.app/js/api.js?v=7:467
[   70309ms] [LOG] 🌐 Fetching mma... @ https://live-streaming-eta.vercel.app/js/api.js?v=7:467
[   70310ms] [LOG] 🌐 Fetching ufc... @ https://live-streaming-eta.vercel.app/js/api.js?v=7:467
[   70527ms] [ERROR] Failed to load resource: the server responded with a status of 400 () @ https://sportscore.com/api/widget/matches/?sport=mma&limit=30:0
[   70527ms] [LOG] ℹ️ mma not available from SportScore API @ https://live-streaming-eta.vercel.app/js/api.js?v=7:471
[   70528ms] [ERROR] Failed to load resource: the server responded with a status of 400 () @ https://sportscore.com/api/widget/matches/?sport=ufc&limit=30:0
[   70528ms] [LOG] ℹ️ ufc not available from SportScore API @ https://live-streaming-eta.vercel.app/js/api.js?v=7:471
[   70727ms] [LOG] ✅ ESPN Cricket: 23 matches from 9 series @ https://live-streaming-eta.vercel.app/js/api.js?v=7:1233
[   70825ms] [ERROR] Failed to load resource: the server responded with a status of 502 () @ https://live-streaming-eta.vercel.app/api/google-cricket:0
[   70826ms] [LOG] ⚠️ Google Cricket failed: Google Cricket HTTP 502 @ https://live-streaming-eta.vercel.app/js/api.js?v=7:1331
[   70833ms] [LOG] ✅ Live Agent: refresh complete @ https://live-streaming-eta.vercel.app/js/app.js?v=8:973
[   75298ms] [LOG] 🔄 Live Agent: refreshing scores... @ https://live-streaming-eta.vercel.app/js/app.js?v=8:906
[   75298ms] [LOG] 🌐 Fetching football... @ https://live-streaming-eta.vercel.app/js/api.js?v=7:467
[   75299ms] [LOG] 🌐 Fetching cricket... @ https://live-streaming-eta.vercel.app/js/api.js?v=7:467
[   75299ms] [LOG] 🌐 Fetching basketball... @ https://live-streaming-eta.vercel.app/js/api.js?v=7:467
[   75300ms] [LOG] 🌐 Fetching tennis... @ https://live-streaming-eta.vercel.app/js/api.js?v=7:467
[   75300ms] [LOG] 🌐 Fetching mma... @ https://live-streaming-eta.vercel.app/js/api.js?v=7:467
[   75301ms] [LOG] 🌐 Fetching ufc... @ https://live-streaming-eta.vercel.app/js/api.js?v=7:467
[   75316ms] [LOG] ✅ ESPN Cricket: 23 matches from 9 series @ https://live-streaming-eta.vercel.app/js/api.js?v=7:1233
[   75498ms] [ERROR] Failed to load resource: the server responded with a status of 400 () @ https://sportscore.com/api/widget/matches/?sport=ufc&limit=30:0
[   75498ms] [LOG] ℹ️ ufc not available from SportScore API @ https://live-streaming-eta.vercel.app/js/api.js?v=7:471
[   75504ms] [ERROR] Failed to load resource: the server responded with a status of 400 () @ https://sportscore.com/api/widget/matches/?sport=mma&limit=30:0
[   75504ms] [LOG] ℹ️ mma not available from SportScore API @ https://live-streaming-eta.vercel.app/js/api.js?v=7:471
[   75625ms] [ERROR] Failed to load resource: the server responded with a status of 502 () @ https://live-streaming-eta.vercel.app/api/google-cricket:0
[   75625ms] [LOG] ⚠️ Google Cricket failed: Google Cricket HTTP 502 @ https://live-streaming-eta.vercel.app/js/api.js?v=7:1331
[   75632ms] [LOG] ✅ Live Agent: refresh complete @ https://live-streaming-eta.vercel.app/js/app.js?v=8:973
[   80299ms] [LOG] 🔄 Live Agent: refreshing scores... @ https://live-streaming-eta.vercel.app/js/app.js?v=8:906
[   80299ms] [LOG] 🌐 Fetching football... @ https://live-streaming-eta.vercel.app/js/api.js?v=7:467
[   80300ms] [LOG] 🌐 Fetching cricket... @ https://live-streaming-eta.vercel.app/js/api.js?v=7:467
[   80300ms] [LOG] 🌐 Fetching basketball... @ https://live-streaming-eta.vercel.app/js/api.js?v=7:467
[   80301ms] [LOG] 🌐 Fetching tennis... @ https://live-streaming-eta.vercel.app/js/api.js?v=7:467
[   80301ms] [LOG] 🌐 Fetching mma... @ https://live-streaming-eta.vercel.app/js/api.js?v=7:467
[   80302ms] [LOG] 🌐 Fetching ufc... @ https://live-streaming-eta.vercel.app/js/api.js?v=7:467
[   80509ms] [ERROR] Failed to load resource: the server responded with a status of 400 () @ https://sportscore.com/api/widget/matches/?sport=ufc&limit=30:0
[   80509ms] [LOG] ℹ️ ufc not available from SportScore API @ https://live-streaming-eta.vercel.app/js/api.js?v=7:471
[   80513ms] [ERROR] Failed to load resource: the server responded with a status of 400 () @ https://sportscore.com/api/widget/matches/?sport=mma&limit=30:0
[   80513ms] [LOG] ℹ️ mma not available from SportScore API @ https://live-streaming-eta.vercel.app/js/api.js?v=7:471
[   80619ms] [ERROR] Failed to load resource: the server responded with a status of 502 () @ https://live-streaming-eta.vercel.app/api/google-cricket:0
[   80619ms] [LOG] ⚠️ Google Cricket failed: Google Cricket HTTP 502 @ https://live-streaming-eta.vercel.app/js/api.js?v=7:1331
[   80700ms] [LOG] ✅ ESPN Cricket: 23 matches from 9 series @ https://live-streaming-eta.vercel.app/js/api.js?v=7:1233
[   80703ms] [LOG] ✅ Live Agent: refresh complete @ https://live-streaming-eta.vercel.app/js/app.js?v=8:973
[   85306ms] [LOG] 🔄 Live Agent: refreshing scores... @ https://live-streaming-eta.vercel.app/js/app.js?v=8:906
[   85307ms] [LOG] 🌐 Fetching football... @ https://live-streaming-eta.vercel.app/js/api.js?v=7:467
[   85309ms] [LOG] 🌐 Fetching cricket... @ https://live-streaming-eta.vercel.app/js/api.js?v=7:467
[   85314ms] [LOG] 🌐 Fetching basketball... @ https://live-streaming-eta.vercel.app/js/api.js?v=7:467
[   85316ms] [LOG] 🌐 Fetching tennis... @ https://live-streaming-eta.vercel.app/js/api.js?v=7:467
[   85319ms] [LOG] 🌐 Fetching mma... @ https://live-streaming-eta.vercel.app/js/api.js?v=7:467
[   85325ms] [LOG] 🌐 Fetching ufc... @ https://live-streaming-eta.vercel.app/js/api.js?v=7:467
[   85345ms] [LOG] ✅ ESPN Cricket: 23 matches from 9 series @ https://live-streaming-eta.vercel.app/js/api.js?v=7:1233
[   85530ms] [ERROR] Failed to load resource: the server responded with a status of 400 () @ https://sportscore.com/api/widget/matches/?sport=mma&limit=30:0
[   85530ms] [LOG] ℹ️ mma not available from SportScore API @ https://live-streaming-eta.vercel.app/js/api.js?v=7:471
[   85531ms] [ERROR] Failed to load resource: the server responded with a status of 400 () @ https://sportscore.com/api/widget/matches/?sport=ufc&limit=30:0
[   85531ms] [LOG] ℹ️ ufc not available from SportScore API @ https://live-streaming-eta.vercel.app/js/api.js?v=7:471
[   85652ms] [ERROR] Failed to load resource: the server responded with a status of 502 () @ https://live-streaming-eta.vercel.app/api/google-cricket:0
[   85652ms] [LOG] ⚠️ Google Cricket failed: Google Cricket HTTP 502 @ https://live-streaming-eta.vercel.app/js/api.js?v=7:1331
[   85666ms] [LOG] ✅ Live Agent: refresh complete @ https://live-streaming-eta.vercel.app/js/app.js?v=8:973
[   90313ms] [LOG] 🔄 Live Agent: refreshing scores... @ https://live-streaming-eta.vercel.app/js/app.js?v=8:906
[   90313ms] [LOG] 🌐 Fetching football... @ https://live-streaming-eta.vercel.app/js/api.js?v=7:467
[   90314ms] [LOG] 🌐 Fetching cricket... @ https://live-streaming-eta.vercel.app/js/api.js?v=7:467
[   90321ms] [LOG] 🌐 Fetching basketball... @ https://live-streaming-eta.vercel.app/js/api.js?v=7:467
[   90324ms] [LOG] 🌐 Fetching tennis... @ https://live-streaming-eta.vercel.app/js/api.js?v=7:467
[   90329ms] [LOG] 🌐 Fetching mma... @ https://live-streaming-eta.vercel.app/js/api.js?v=7:467
[   90330ms] [LOG] 🌐 Fetching ufc... @ https://live-streaming-eta.vercel.app/js/api.js?v=7:467
[   90541ms] [ERROR] Failed to load resource: the server responded with a status of 400 () @ https://sportscore.com/api/widget/matches/?sport=mma&limit=30:0
[   90541ms] [LOG] ℹ️ mma not available from SportScore API @ https://live-streaming-eta.vercel.app/js/api.js?v=7:471
[   90542ms] [ERROR] Failed to load resource: the server responded with a status of 400 () @ https://sportscore.com/api/widget/matches/?sport=ufc&limit=30:0
[   90543ms] [LOG] ℹ️ ufc not available from SportScore API @ https://live-streaming-eta.vercel.app/js/api.js?v=7:471
[   90665ms] [ERROR] Failed to load resource: the server responded with a status of 502 () @ https://live-streaming-eta.vercel.app/api/google-cricket:0
[   90666ms] [LOG] ⚠️ Google Cricket failed: Google Cricket HTTP 502 @ https://live-streaming-eta.vercel.app/js/api.js?v=7:1331
[   90735ms] [LOG] ✅ ESPN Cricket: 23 matches from 9 series @ https://live-streaming-eta.vercel.app/js/api.js?v=7:1233
[   90740ms] [LOG] ✅ Live Agent: refresh complete @ https://live-streaming-eta.vercel.app/js/app.js?v=8:973
[   95299ms] [LOG] 🔄 Live Agent: refreshing scores... @ https://live-streaming-eta.vercel.app/js/app.js?v=8:906
[   95299ms] [LOG] 🌐 Fetching football... @ https://live-streaming-eta.vercel.app/js/api.js?v=7:467
[   95300ms] [LOG] 🌐 Fetching cricket... @ https://live-streaming-eta.vercel.app/js/api.js?v=7:467
[   95301ms] [LOG] 🌐 Fetching basketball... @ https://live-streaming-eta.vercel.app/js/api.js?v=7:467
[   95302ms] [LOG] 🌐 Fetching tennis... @ https://live-streaming-eta.vercel.app/js/api.js?v=7:467
[   95302ms] [LOG] 🌐 Fetching mma... @ https://live-streaming-eta.vercel.app/js/api.js?v=7:467
[   95303ms] [LOG] 🌐 Fetching ufc... @ https://live-streaming-eta.vercel.app/js/api.js?v=7:467
[   95320ms] [LOG] ✅ ESPN Cricket: 23 matches from 9 series @ https://live-streaming-eta.vercel.app/js/api.js?v=7:1233
[   95506ms] [ERROR] Failed to load resource: the server responded with a status of 400 () @ https://sportscore.com/api/widget/matches/?sport=mma&limit=30:0
[   95507ms] [LOG] ℹ️ mma not available from SportScore API @ https://live-streaming-eta.vercel.app/js/api.js?v=7:471
[   95508ms] [ERROR] Failed to load resource: the server responded with a status of 400 () @ https://sportscore.com/api/widget/matches/?sport=ufc&limit=30:0
[   95508ms] [LOG] ℹ️ ufc not available from SportScore API @ https://live-streaming-eta.vercel.app/js/api.js?v=7:471
[   95604ms] [ERROR] Failed to load resource: the server responded with a status of 502 () @ https://live-streaming-eta.vercel.app/api/google-cricket:0
[   95604ms] [LOG] ⚠️ Google Cricket failed: Google Cricket HTTP 502 @ https://live-streaming-eta.vercel.app/js/api.js?v=7:1331
[   95609ms] [LOG] ✅ Live Agent: refresh complete @ https://live-streaming-eta.vercel.app/js/app.js?v=8:973
[  100302ms] [LOG] 🔄 Live Agent: refreshing scores... @ https://live-streaming-eta.vercel.app/js/app.js?v=8:906
[  100302ms] [LOG] 🌐 Fetching football... @ https://live-streaming-eta.vercel.app/js/api.js?v=7:467
[  100303ms] [LOG] 🌐 Fetching cricket... @ https://live-streaming-eta.vercel.app/js/api.js?v=7:467
[  100304ms] [LOG] 🌐 Fetching basketball... @ https://live-streaming-eta.vercel.app/js/api.js?v=7:467
[  100304ms] [LOG] 🌐 Fetching tennis... @ https://live-streaming-eta.vercel.app/js/api.js?v=7:467
[  100305ms] [LOG] 🌐 Fetching mma... @ https://live-streaming-eta.vercel.app/js/api.js?v=7:467
[  100306ms] [LOG] 🌐 Fetching ufc... @ https://live-streaming-eta.vercel.app/js/api.js?v=7:467
[  100622ms] [ERROR] Failed to load resource: the server responded with a status of 502 () @ https://live-streaming-eta.vercel.app/api/google-cricket:0
[  100623ms] [LOG] ⚠️ Google Cricket failed: Google Cricket HTTP 502 @ https://live-streaming-eta.vercel.app/js/api.js?v=7:1331
[  100689ms] [ERROR] Failed to load resource: the server responded with a status of 400 () @ https://sportscore.com/api/widget/matches/?sport=mma&limit=30:0
[  100689ms] [LOG] ℹ️ mma not available from SportScore API @ https://live-streaming-eta.vercel.app/js/api.js?v=7:471
[  100695ms] [ERROR] Failed to load resource: the server responded with a status of 400 () @ https://sportscore.com/api/widget/matches/?sport=ufc&limit=30:0
[  100695ms] [LOG] ℹ️ ufc not available from SportScore API @ https://live-streaming-eta.vercel.app/js/api.js?v=7:471
[  100715ms] [LOG] ✅ ESPN Cricket: 23 matches from 9 series @ https://live-streaming-eta.vercel.app/js/api.js?v=7:1233
[  100719ms] [LOG] ✅ Live Agent: refresh complete @ https://live-streaming-eta.vercel.app/js/app.js?v=8:973
[  105308ms] [LOG] 🔄 Live Agent: refreshing scores... @ https://live-streaming-eta.vercel.app/js/app.js?v=8:906
[  105308ms] [LOG] 🌐 Fetching football... @ https://live-streaming-eta.vercel.app/js/api.js?v=7:467
[  105309ms] [LOG] 🌐 Fetching cricket... @ https://live-streaming-eta.vercel.app/js/api.js?v=7:467
[  105310ms] [LOG] 🌐 Fetching basketball... @ https://live-streaming-eta.vercel.app/js/api.js?v=7:467
[  105310ms] [LOG] 🌐 Fetching tennis... @ https://live-streaming-eta.vercel.app/js/api.js?v=7:467
[  105311ms] [LOG] 🌐 Fetching mma... @ https://live-streaming-eta.vercel.app/js/api.js?v=7:467
[  105312ms] [LOG] 🌐 Fetching ufc... @ https://live-streaming-eta.vercel.app/js/api.js?v=7:467
[  105334ms] [LOG] ✅ ESPN Cricket: 23 matches from 9 series @ https://live-streaming-eta.vercel.app/js/api.js?v=7:1233
[  105646ms] [ERROR] Failed to load resource: the server responded with a status of 502 () @ https://live-streaming-eta.vercel.app/api/google-cricket:0
[  105646ms] [LOG] ⚠️ Google Cricket failed: Google Cricket HTTP 502 @ https://live-streaming-eta.vercel.app/js/api.js?v=7:1331
[  105765ms] [ERROR] Failed to load resource: the server responded with a status of 400 () @ https://sportscore.com/api/widget/matches/?sport=ufc&limit=30:0
[  105766ms] [LOG] ℹ️ ufc not available from SportScore API @ https://live-streaming-eta.vercel.app/js/api.js?v=7:471
[  105767ms] [ERROR] Failed to load resource: the server responded with a status of 400 () @ https://sportscore.com/api/widget/matches/?sport=mma&limit=30:0
[  105767ms] [LOG] ℹ️ mma not available from SportScore API @ https://live-streaming-eta.vercel.app/js/api.js?v=7:471
[  105770ms] [LOG] ✅ Live Agent: refresh complete @ https://live-streaming-eta.vercel.app/js/app.js?v=8:973
[  110306ms] [LOG] 🔄 Live Agent: refreshing scores... @ https://live-streaming-eta.vercel.app/js/app.js?v=8:906
[  110306ms] [LOG] 🌐 Fetching football... @ https://live-streaming-eta.vercel.app/js/api.js?v=7:467
[  110307ms] [LOG] 🌐 Fetching cricket... @ https://live-streaming-eta.vercel.app/js/api.js?v=7:467
[  110307ms] [LOG] 🌐 Fetching basketball... @ https://live-streaming-eta.vercel.app/js/api.js?v=7:467
[  110308ms] [LOG] 🌐 Fetching tennis... @ https://live-streaming-eta.vercel.app/js/api.js?v=7:467
[  110309ms] [LOG] 🌐 Fetching mma... @ https://live-streaming-eta.vercel.app/js/api.js?v=7:467
[  110310ms] [LOG] 🌐 Fetching ufc... @ https://live-streaming-eta.vercel.app/js/api.js?v=7:467
[  110525ms] [ERROR] Failed to load resource: the server responded with a status of 400 () @ https://sportscore.com/api/widget/matches/?sport=mma&limit=30:0
[  110526ms] [LOG] ℹ️ mma not available from SportScore API @ https://live-streaming-eta.vercel.app/js/api.js?v=7:471
[  110528ms] [ERROR] Failed to load resource: the server responded with a status of 400 () @ https://sportscore.com/api/widget/matches/?sport=ufc&limit=30:0
[  110528ms] [LOG] ℹ️ ufc not available from SportScore API @ https://live-streaming-eta.vercel.app/js/api.js?v=7:471
[  110654ms] [ERROR] Failed to load resource: the server responded with a status of 502 () @ https://live-streaming-eta.vercel.app/api/google-cricket:0
[  110654ms] [LOG] ⚠️ Google Cricket failed: Google Cricket HTTP 502 @ https://live-streaming-eta.vercel.app/js/api.js?v=7:1331
[  110726ms] [LOG] ✅ ESPN Cricket: 23 matches from 9 series @ https://live-streaming-eta.vercel.app/js/api.js?v=7:1233
[  110734ms] [LOG] ✅ Live Agent: refresh complete @ https://live-streaming-eta.vercel.app/js/app.js?v=8:973
[  116632ms] [LOG] 🔄 Live Agent: refreshing scores... @ https://live-streaming-eta.vercel.app/js/app.js?v=8:906
[  116633ms] [LOG] 🌐 Fetching football... @ https://live-streaming-eta.vercel.app/js/api.js?v=7:467
[  116634ms] [LOG] 🌐 Fetching cricket... @ https://live-streaming-eta.vercel.app/js/api.js?v=7:467
[  116642ms] [LOG] 🌐 Fetching basketball... @ https://live-streaming-eta.vercel.app/js/api.js?v=7:467
[  116643ms] [LOG] 🌐 Fetching tennis... @ https://live-streaming-eta.vercel.app/js/api.js?v=7:467
[  116645ms] [LOG] 🌐 Fetching mma... @ https://live-streaming-eta.vercel.app/js/api.js?v=7:467
[  116650ms] [LOG] 🌐 Fetching ufc... @ https://live-streaming-eta.vercel.app/js/api.js?v=7:467
[  116679ms] [LOG] ✅ ESPN Cricket: 23 matches from 9 series @ https://live-streaming-eta.vercel.app/js/api.js?v=7:1233
[  116867ms] [ERROR] Failed to load resource: the server responded with a status of 400 () @ https://sportscore.com/api/widget/matches/?sport=mma&limit=30:0
[  116867ms] [LOG] ℹ️ mma not available from SportScore API @ https://live-streaming-eta.vercel.app/js/api.js?v=7:471
[  116867ms] [ERROR] Failed to load resource: the server responded with a status of 400 () @ https://sportscore.com/api/widget/matches/?sport=ufc&limit=30:0
[  116868ms] [LOG] ℹ️ ufc not available from SportScore API @ https://live-streaming-eta.vercel.app/js/api.js?v=7:471
[  116975ms] [ERROR] Failed to load resource: the server responded with a status of 502 () @ https://live-streaming-eta.vercel.app/api/google-cricket:0
[  116975ms] [LOG] ⚠️ Google Cricket failed: Google Cricket HTTP 502 @ https://live-streaming-eta.vercel.app/js/api.js?v=7:1331
[  116979ms] [LOG] ✅ Live Agent: refresh complete @ https://live-streaming-eta.vercel.app/js/app.js?v=8:973
[  125309ms] [LOG] 🔄 Live Agent: refreshing scores... @ https://live-streaming-eta.vercel.app/js/app.js?v=8:906
[  125309ms] [LOG] 🌐 Fetching football... @ https://live-streaming-eta.vercel.app/js/api.js?v=7:467
[  125310ms] [LOG] 🌐 Fetching cricket... @ https://live-streaming-eta.vercel.app/js/api.js?v=7:467
[  125311ms] [LOG] 🌐 Fetching basketball... @ https://live-streaming-eta.vercel.app/js/api.js?v=7:467
[  125311ms] [LOG] 🌐 Fetching tennis... @ https://live-streaming-eta.vercel.app/js/api.js?v=7:467
[  125312ms] [LOG] 🌐 Fetching mma... @ https://live-streaming-eta.vercel.app/js/api.js?v=7:467
[  125312ms] [LOG] 🌐 Fetching ufc... @ https://live-streaming-eta.vercel.app/js/api.js?v=7:467
[  125521ms] [ERROR] Failed to load resource: the server responded with a status of 400 () @ https://sportscore.com/api/widget/matches/?sport=ufc&limit=30:0
[  125522ms] [LOG] ℹ️ ufc not available from SportScore API @ https://live-streaming-eta.vercel.app/js/api.js?v=7:471
[  125526ms] [ERROR] Failed to load resource: the server responded with a status of 400 () @ https://sportscore.com/api/widget/matches/?sport=mma&limit=30:0
[  125527ms] [LOG] ℹ️ mma not available from SportScore API @ https://live-streaming-eta.vercel.app/js/api.js?v=7:471
[  125640ms] [ERROR] Failed to load resource: the server responded with a status of 502 () @ https://live-streaming-eta.vercel.app/api/google-cricket:0
[  125640ms] [LOG] ⚠️ Google Cricket failed: Google Cricket HTTP 502 @ https://live-streaming-eta.vercel.app/js/api.js?v=7:1331
[  126387ms] [LOG] ✅ ESPN Cricket: 23 matches from 9 series @ https://live-streaming-eta.vercel.app/js/api.js?v=7:1233
[  126391ms] [LOG] ✅ Live Agent: refresh complete @ https://live-streaming-eta.vercel.app/js/app.js?v=8:973
[  130303ms] [LOG] 🔄 Live Agent: refreshing scores... @ https://live-streaming-eta.vercel.app/js/app.js?v=8:906
[  130303ms] [LOG] 🌐 Fetching football... @ https://live-streaming-eta.vercel.app/js/api.js?v=7:467
[  130303ms] [LOG] 🌐 Fetching cricket... @ https://live-streaming-eta.vercel.app/js/api.js?v=7:467
[  130304ms] [LOG] 🌐 Fetching basketball... @ https://live-streaming-eta.vercel.app/js/api.js?v=7:467
[  130305ms] [LOG] 🌐 Fetching tennis... @ https://live-streaming-eta.vercel.app/js/api.js?v=7:467
[  130305ms] [LOG] 🌐 Fetching mma... @ https://live-streaming-eta.vercel.app/js/api.js?v=7:467
[  130306ms] [LOG] 🌐 Fetching ufc... @ https://live-streaming-eta.vercel.app/js/api.js?v=7:467
[  130325ms] [LOG] ✅ ESPN Cricket: 23 matches from 9 series @ https://live-streaming-eta.vercel.app/js/api.js?v=7:1233
[  130508ms] [ERROR] Failed to load resource: the server responded with a status of 400 () @ https://sportscore.com/api/widget/matches/?sport=mma&limit=30:0
[  130508ms] [LOG] ℹ️ mma not available from SportScore API @ https://live-streaming-eta.vercel.app/js/api.js?v=7:471
[  130508ms] [ERROR] Failed to load resource: the server responded with a status of 400 () @ https://sportscore.com/api/widget/matches/?sport=ufc&limit=30:0
[  130509ms] [LOG] ℹ️ ufc not available from SportScore API @ https://live-streaming-eta.vercel.app/js/api.js?v=7:471
[  130622ms] [ERROR] Failed to load resource: the server responded with a status of 502 () @ https://live-streaming-eta.vercel.app/api/google-cricket:0
[  130622ms] [LOG] ⚠️ Google Cricket failed: Google Cricket HTTP 502 @ https://live-streaming-eta.vercel.app/js/api.js?v=7:1331
[  130626ms] [LOG] ✅ Live Agent: refresh complete @ https://live-streaming-eta.vercel.app/js/app.js?v=8:973
[  135308ms] [LOG] 🔄 Live Agent: refreshing scores... @ https://live-streaming-eta.vercel.app/js/app.js?v=8:906
[  135316ms] [LOG] 🌐 Fetching football... @ https://live-streaming-eta.vercel.app/js/api.js?v=7:467
[  135317ms] [LOG] 🌐 Fetching cricket... @ https://live-streaming-eta.vercel.app/js/api.js?v=7:467
[  135318ms] [LOG] 🌐 Fetching basketball... @ https://live-streaming-eta.vercel.app/js/api.js?v=7:467
[  135322ms] [LOG] 🌐 Fetching tennis... @ https://live-streaming-eta.vercel.app/js/api.js?v=7:467
[  135328ms] [LOG] 🌐 Fetching mma... @ https://live-streaming-eta.vercel.app/js/api.js?v=7:467
[  135329ms] [LOG] 🌐 Fetching ufc... @ https://live-streaming-eta.vercel.app/js/api.js?v=7:467
[  135535ms] [ERROR] Failed to load resource: the server responded with a status of 400 () @ https://sportscore.com/api/widget/matches/?sport=mma&limit=30:0
[  135536ms] [LOG] ℹ️ mma not available from SportScore API @ https://live-streaming-eta.vercel.app/js/api.js?v=7:471
[  135537ms] [ERROR] Failed to load resource: the server responded with a status of 400 () @ https://sportscore.com/api/widget/matches/?sport=ufc&limit=30:0
[  135537ms] [LOG] ℹ️ ufc not available from SportScore API @ https://live-streaming-eta.vercel.app/js/api.js?v=7:471
[  135703ms] [ERROR] Failed to load resource: the server responded with a status of 502 () @ https://live-streaming-eta.vercel.app/api/google-cricket:0
[  135703ms] [LOG] ⚠️ Google Cricket failed: Google Cricket HTTP 502 @ https://live-streaming-eta.vercel.app/js/api.js?v=7:1331
[  135724ms] [LOG] ✅ ESPN Cricket: 23 matches from 9 series @ https://live-streaming-eta.vercel.app/js/api.js?v=7:1233
[  135730ms] [LOG] ✅ Live Agent: refresh complete @ https://live-streaming-eta.vercel.app/js/app.js?v=8:973
[  140299ms] [LOG] 🔄 Live Agent: refreshing scores... @ https://live-streaming-eta.vercel.app/js/app.js?v=8:906
[  140300ms] [LOG] 🌐 Fetching football... @ https://live-streaming-eta.vercel.app/js/api.js?v=7:467
[  140304ms] [LOG] 🌐 Fetching cricket... @ https://live-streaming-eta.vercel.app/js/api.js?v=7:467
[  140306ms] [LOG] 🌐 Fetching basketball... @ https://live-streaming-eta.vercel.app/js/api.js?v=7:467
[  140307ms] [LOG] 🌐 Fetching tennis... @ https://live-streaming-eta.vercel.app/js/api.js?v=7:467
[  140310ms] [LOG] 🌐 Fetching mma... @ https://live-streaming-eta.vercel.app/js/api.js?v=7:467
[  140312ms] [LOG] 🌐 Fetching ufc... @ https://live-streaming-eta.vercel.app/js/api.js?v=7:467
[  140331ms] [LOG] ✅ ESPN Cricket: 23 matches from 9 series @ https://live-streaming-eta.vercel.app/js/api.js?v=7:1233
[  140526ms] [ERROR] Failed to load resource: the server responded with a status of 400 () @ https://sportscore.com/api/widget/matches/?sport=mma&limit=30:0
[  140526ms] [LOG] ℹ️ mma not available from SportScore API @ https://live-streaming-eta.vercel.app/js/api.js?v=7:471
[  140527ms] [ERROR] Failed to load resource: the server responded with a status of 400 () @ https://sportscore.com/api/widget/matches/?sport=ufc&limit=30:0
[  140528ms] [LOG] ℹ️ ufc not available from SportScore API @ https://live-streaming-eta.vercel.app/js/api.js?v=7:471
[  140653ms] [ERROR] Failed to load resource: the server responded with a status of 502 () @ https://live-streaming-eta.vercel.app/api/google-cricket:0
[  140654ms] [LOG] ⚠️ Google Cricket failed: Google Cricket HTTP 502 @ https://live-streaming-eta.vercel.app/js/api.js?v=7:1331
[  140670ms] [LOG] ✅ Live Agent: refresh complete @ https://live-streaming-eta.vercel.app/js/app.js?v=8:973
[  145303ms] [LOG] 🔄 Live Agent: refreshing scores... @ https://live-streaming-eta.vercel.app/js/app.js?v=8:906
[  145305ms] [LOG] 🌐 Fetching football... @ https://live-streaming-eta.vercel.app/js/api.js?v=7:467
[  145308ms] [LOG] 🌐 Fetching cricket... @ https://live-streaming-eta.vercel.app/js/api.js?v=7:467
[  145311ms] [LOG] 🌐 Fetching basketball... @ https://live-streaming-eta.vercel.app/js/api.js?v=7:467
[  145314ms] [LOG] 🌐 Fetching tennis... @ https://live-streaming-eta.vercel.app/js/api.js?v=7:467
[  145317ms] [LOG] 🌐 Fetching mma... @ https://live-streaming-eta.vercel.app/js/api.js?v=7:467
[  145318ms] [LOG] 🌐 Fetching ufc... @ https://live-streaming-eta.vercel.app/js/api.js?v=7:467
[  145531ms] [ERROR] Failed to load resource: the server responded with a status of 400 () @ https://sportscore.com/api/widget/matches/?sport=mma&limit=30:0
[  145532ms] [LOG] ℹ️ mma not available from SportScore API @ https://live-streaming-eta.vercel.app/js/api.js?v=7:471
[  145534ms] [ERROR] Failed to load resource: the server responded with a status of 400 () @ https://sportscore.com/api/widget/matches/?sport=ufc&limit=30:0
[  145534ms] [LOG] ℹ️ ufc not available from SportScore API @ https://live-streaming-eta.vercel.app/js/api.js?v=7:471
[  145663ms] [ERROR] Failed to load resource: the server responded with a status of 502 () @ https://live-streaming-eta.vercel.app/api/google-cricket:0
[  145664ms] [LOG] ⚠️ Google Cricket failed: Google Cricket HTTP 502 @ https://live-streaming-eta.vercel.app/js/api.js?v=7:1331
[  145727ms] [LOG] ✅ ESPN Cricket: 23 matches from 9 series @ https://live-streaming-eta.vercel.app/js/api.js?v=7:1233
[  145733ms] [LOG] ✅ Live Agent: refresh complete @ https://live-streaming-eta.vercel.app/js/app.js?v=8:973
[  150308ms] [LOG] 🔄 Live Agent: refreshing scores... @ https://live-streaming-eta.vercel.app/js/app.js?v=8:906
[  150310ms] [LOG] 🌐 Fetching football... @ https://live-streaming-eta.vercel.app/js/api.js?v=7:467
[  150315ms] [LOG] 🌐 Fetching cricket... @ https://live-streaming-eta.vercel.app/js/api.js?v=7:467
[  150317ms] [LOG] 🌐 Fetching basketball... @ https://live-streaming-eta.vercel.app/js/api.js?v=7:467
[  150321ms] [LOG] 🌐 Fetching tennis... @ https://live-streaming-eta.vercel.app/js/api.js?v=7:467
[  150324ms] [LOG] 🌐 Fetching mma... @ https://live-streaming-eta.vercel.app/js/api.js?v=7:467
[  150331ms] [LOG] 🌐 Fetching ufc... @ https://live-streaming-eta.vercel.app/js/api.js?v=7:467
[  150350ms] [LOG] ✅ ESPN Cricket: 23 matches from 9 series @ https://live-streaming-eta.vercel.app/js/api.js?v=7:1233
[  150537ms] [ERROR] Failed to load resource: the server responded with a status of 400 () @ https://sportscore.com/api/widget/matches/?sport=ufc&limit=30:0
[  150538ms] [LOG] ℹ️ ufc not available from SportScore API @ https://live-streaming-eta.vercel.app/js/api.js?v=7:471
[  150539ms] [ERROR] Failed to load resource: the server responded with a status of 400 () @ https://sportscore.com/api/widget/matches/?sport=mma&limit=30:0
[  150539ms] [LOG] ℹ️ mma not available from SportScore API @ https://live-streaming-eta.vercel.app/js/api.js?v=7:471
[  150678ms] [ERROR] Failed to load resource: the server responded with a status of 502 () @ https://live-streaming-eta.vercel.app/api/google-cricket:0
[  150679ms] [LOG] ⚠️ Google Cricket failed: Google Cricket HTTP 502 @ https://live-streaming-eta.vercel.app/js/api.js?v=7:1331
[  150689ms] [LOG] ✅ Live Agent: refresh complete @ https://live-streaming-eta.vercel.app/js/app.js?v=8:973
[  155299ms] [LOG] 🔄 Live Agent: refreshing scores... @ https://live-streaming-eta.vercel.app/js/app.js?v=8:906
[  155300ms] [LOG] 🌐 Fetching football... @ https://live-streaming-eta.vercel.app/js/api.js?v=7:467
[  155304ms] [LOG] 🌐 Fetching cricket... @ https://live-streaming-eta.vercel.app/js/api.js?v=7:467
[  155308ms] [LOG] 🌐 Fetching basketball... @ https://live-streaming-eta.vercel.app/js/api.js?v=7:467
[  155311ms] [LOG] 🌐 Fetching tennis... @ https://live-streaming-eta.vercel.app/js/api.js?v=7:467
[  155321ms] [LOG] 🌐 Fetching mma... @ https://live-streaming-eta.vercel.app/js/api.js?v=7:467
[  155323ms] [LOG] 🌐 Fetching ufc... @ https://live-streaming-eta.vercel.app/js/api.js?v=7:467
[  155526ms] [ERROR] Failed to load resource: the server responded with a status of 400 () @ https://sportscore.com/api/widget/matches/?sport=mma&limit=30:0
[  155526ms] [LOG] ℹ️ mma not available from SportScore API @ https://live-streaming-eta.vercel.app/js/api.js?v=7:471
[  155527ms] [ERROR] Failed to load resource: the server responded with a status of 400 () @ https://sportscore.com/api/widget/matches/?sport=ufc&limit=30:0
[  155528ms] [LOG] ℹ️ ufc not available from SportScore API @ https://live-streaming-eta.vercel.app/js/api.js?v=7:471
[  155669ms] [ERROR] Failed to load resource: the server responded with a status of 502 () @ https://live-streaming-eta.vercel.app/api/google-cricket:0
[  155670ms] [LOG] ⚠️ Google Cricket failed: Google Cricket HTTP 502 @ https://live-streaming-eta.vercel.app/js/api.js?v=7:1331
[  155727ms] [LOG] ✅ ESPN Cricket: 23 matches from 9 series @ https://live-streaming-eta.vercel.app/js/api.js?v=7:1233
[  155735ms] [LOG] ✅ Live Agent: refresh complete @ https://live-streaming-eta.vercel.app/js/app.js?v=8:973
[  160307ms] [LOG] 🔄 Live Agent: refreshing scores... @ https://live-streaming-eta.vercel.app/js/app.js?v=8:906
[  160310ms] [LOG] 🌐 Fetching football... @ https://live-streaming-eta.vercel.app/js/api.js?v=7:467
[  160311ms] [LOG] 🌐 Fetching cricket... @ https://live-streaming-eta.vercel.app/js/api.js?v=7:467
[  160314ms] [LOG] 🌐 Fetching basketball... @ https://live-streaming-eta.vercel.app/js/api.js?v=7:467
[  160316ms] [LOG] 🌐 Fetching tennis... @ https://live-streaming-eta.vercel.app/js/api.js?v=7:467
[  160327ms] [LOG] 🌐 Fetching mma... @ https://live-streaming-eta.vercel.app/js/api.js?v=7:467
[  160332ms] [LOG] 🌐 Fetching ufc... @ https://live-streaming-eta.vercel.app/js/api.js?v=7:467
[  160367ms] [LOG] ✅ ESPN Cricket: 23 matches from 9 series @ https://live-streaming-eta.vercel.app/js/api.js?v=7:1233
[  160549ms] [ERROR] Failed to load resource: the server responded with a status of 400 () @ https://sportscore.com/api/widget/matches/?sport=ufc&limit=30:0
[  160549ms] [LOG] ℹ️ ufc not available from SportScore API @ https://live-streaming-eta.vercel.app/js/api.js?v=7:471
[  160559ms] [ERROR] Failed to load resource: the server responded with a status of 400 () @ https://sportscore.com/api/widget/matches/?sport=mma&limit=30:0
[  160560ms] [LOG] ℹ️ mma not available from SportScore API @ https://live-streaming-eta.vercel.app/js/api.js?v=7:471
[  160647ms] [ERROR] Failed to load resource: the server responded with a status of 502 () @ https://live-streaming-eta.vercel.app/api/google-cricket:0
[  160648ms] [LOG] ⚠️ Google Cricket failed: Google Cricket HTTP 502 @ https://live-streaming-eta.vercel.app/js/api.js?v=7:1331
[  160655ms] [LOG] ✅ Live Agent: refresh complete @ https://live-streaming-eta.vercel.app/js/app.js?v=8:973
[  165314ms] [LOG] 🔄 Live Agent: refreshing scores... @ https://live-streaming-eta.vercel.app/js/app.js?v=8:906
[  165314ms] [LOG] 🌐 Fetching football... @ https://live-streaming-eta.vercel.app/js/api.js?v=7:467
[  165319ms] [LOG] 🌐 Fetching cricket... @ https://live-streaming-eta.vercel.app/js/api.js?v=7:467
[  165322ms] [LOG] 🌐 Fetching basketball... @ https://live-streaming-eta.vercel.app/js/api.js?v=7:467
[  165332ms] [LOG] 🌐 Fetching tennis... @ https://live-streaming-eta.vercel.app/js/api.js?v=7:467
[  165333ms] [LOG] 🌐 Fetching mma... @ https://live-streaming-eta.vercel.app/js/api.js?v=7:467
[  165335ms] [LOG] 🌐 Fetching ufc... @ https://live-streaming-eta.vercel.app/js/api.js?v=7:467
[  165538ms] [ERROR] Failed to load resource: the server responded with a status of 400 () @ https://sportscore.com/api/widget/matches/?sport=mma&limit=30:0
[  165538ms] [LOG] ℹ️ mma not available from SportScore API @ https://live-streaming-eta.vercel.app/js/api.js?v=7:471
[  165545ms] [ERROR] Failed to load resource: the server responded with a status of 400 () @ https://sportscore.com/api/widget/matches/?sport=ufc&limit=30:0
[  165545ms] [LOG] ℹ️ ufc not available from SportScore API @ https://live-streaming-eta.vercel.app/js/api.js?v=7:471
[  165668ms] [ERROR] Failed to load resource: the server responded with a status of 502 () @ https://live-streaming-eta.vercel.app/api/google-cricket:0
[  165669ms] [LOG] ⚠️ Google Cricket failed: Google Cricket HTTP 502 @ https://live-streaming-eta.vercel.app/js/api.js?v=7:1331
[  165736ms] [LOG] ✅ ESPN Cricket: 23 matches from 9 series @ https://live-streaming-eta.vercel.app/js/api.js?v=7:1233
[  165742ms] [LOG] ✅ Live Agent: refresh complete @ https://live-streaming-eta.vercel.app/js/app.js?v=8:973
[  170314ms] [LOG] 🔄 Live Agent: refreshing scores... @ https://live-streaming-eta.vercel.app/js/app.js?v=8:906
[  170314ms] [LOG] 🌐 Fetching football... @ https://live-streaming-eta.vercel.app/js/api.js?v=7:467
[  170316ms] [LOG] 🌐 Fetching cricket... @ https://live-streaming-eta.vercel.app/js/api.js?v=7:467
[  170319ms] [LOG] 🌐 Fetching basketball... @ https://live-streaming-eta.vercel.app/js/api.js?v=7:467
[  170326ms] [LOG] 🌐 Fetching tennis... @ https://live-streaming-eta.vercel.app/js/api.js?v=7:467
[  170328ms] [LOG] 🌐 Fetching mma... @ https://live-streaming-eta.vercel.app/js/api.js?v=7:467
[  170340ms] [LOG] 🌐 Fetching ufc... @ https://live-streaming-eta.vercel.app/js/api.js?v=7:467
[  170351ms] [LOG] ✅ ESPN Cricket: 23 matches from 9 series @ https://live-streaming-eta.vercel.app/js/api.js?v=7:1233
[  170544ms] [ERROR] Failed to load resource: the server responded with a status of 400 () @ https://sportscore.com/api/widget/matches/?sport=ufc&limit=30:0
[  170545ms] [LOG] ℹ️ ufc not available from SportScore API @ https://live-streaming-eta.vercel.app/js/api.js?v=7:471
[  170553ms] [ERROR] Failed to load resource: the server responded with a status of 400 () @ https://sportscore.com/api/widget/matches/?sport=mma&limit=30:0
[  170555ms] [LOG] ℹ️ mma not available from SportScore API @ https://live-streaming-eta.vercel.app/js/api.js?v=7:471
[  170692ms] [ERROR] Failed to load resource: the server responded with a status of 502 () @ https://live-streaming-eta.vercel.app/api/google-cricket:0
[  170693ms] [LOG] ⚠️ Google Cricket failed: Google Cricket HTTP 502 @ https://live-streaming-eta.vercel.app/js/api.js?v=7:1331
[  170702ms] [LOG] ✅ Live Agent: refresh complete @ https://live-streaming-eta.vercel.app/js/app.js?v=8:973
[  175301ms] [LOG] 🔄 Live Agent: refreshing scores... @ https://live-streaming-eta.vercel.app/js/app.js?v=8:906
[  175301ms] [LOG] 🌐 Fetching football... @ https://live-streaming-eta.vercel.app/js/api.js?v=7:467
[  175302ms] [LOG] 🌐 Fetching cricket... @ https://live-streaming-eta.vercel.app/js/api.js?v=7:467
[  175303ms] [LOG] 🌐 Fetching basketball... @ https://live-streaming-eta.vercel.app/js/api.js?v=7:467
[  175304ms] [LOG] 🌐 Fetching tennis... @ https://live-streaming-eta.vercel.app/js/api.js?v=7:467
[  175304ms] [LOG] 🌐 Fetching mma... @ https://live-streaming-eta.vercel.app/js/api.js?v=7:467
[  175305ms] [LOG] 🌐 Fetching ufc... @ https://live-streaming-eta.vercel.app/js/api.js?v=7:467
[  175512ms] [ERROR] Failed to load resource: the server responded with a status of 400 () @ https://sportscore.com/api/widget/matches/?sport=mma&limit=30:0
[  175513ms] [LOG] ℹ️ mma not available from SportScore API @ https://live-streaming-eta.vercel.app/js/api.js?v=7:471
[  175515ms] [ERROR] Failed to load resource: the server responded with a status of 400 () @ https://sportscore.com/api/widget/matches/?sport=ufc&limit=30:0
[  175515ms] [LOG] ℹ️ ufc not available from SportScore API @ https://live-streaming-eta.vercel.app/js/api.js?v=7:471
[  175628ms] [ERROR] Failed to load resource: the server responded with a status of 502 () @ https://live-streaming-eta.vercel.app/api/google-cricket:0
[  175628ms] [LOG] ⚠️ Google Cricket failed: Google Cricket HTTP 502 @ https://live-streaming-eta.vercel.app/js/api.js?v=7:1331
[  175701ms] [LOG] ✅ ESPN Cricket: 23 matches from 9 series @ https://live-streaming-eta.vercel.app/js/api.js?v=7:1233
[  175706ms] [LOG] ✅ Live Agent: refresh complete @ https://live-streaming-eta.vercel.app/js/app.js?v=8:973
[  180308ms] [LOG] 🔄 Live Agent: refreshing scores... @ https://live-streaming-eta.vercel.app/js/app.js?v=8:906
[  180308ms] [LOG] 🌐 Fetching football... @ https://live-streaming-eta.vercel.app/js/api.js?v=7:467
[  180310ms] [LOG] 🌐 Fetching cricket... @ https://live-streaming-eta.vercel.app/js/api.js?v=7:467
[  180311ms] [LOG] 🌐 Fetching basketball... @ https://live-streaming-eta.vercel.app/js/api.js?v=7:467
[  180314ms] [LOG] 🌐 Fetching tennis... @ https://live-streaming-eta.vercel.app/js/api.js?v=7:467
[  180316ms] [LOG] 🌐 Fetching mma... @ https://live-streaming-eta.vercel.app/js/api.js?v=7:467
[  180318ms] [LOG] 🌐 Fetching ufc... @ https://live-streaming-eta.vercel.app/js/api.js?v=7:467
[  180338ms] [LOG] ✅ ESPN Cricket: 23 matches from 9 series @ https://live-streaming-eta.vercel.app/js/api.js?v=7:1233
[  180518ms] [ERROR] Failed to load resource: the server responded with a status of 400 () @ https://sportscore.com/api/widget/matches/?sport=mma&limit=30:0
[  180519ms] [LOG] ℹ️ mma not available from SportScore API @ https://live-streaming-eta.vercel.app/js/api.js?v=7:471
[  180519ms] [ERROR] Failed to load resource: the server responded with a status of 400 () @ https://sportscore.com/api/widget/matches/?sport=ufc&limit=30:0
[  180523ms] [LOG] ℹ️ ufc not available from SportScore API @ https://live-streaming-eta.vercel.app/js/api.js?v=7:471
[  180648ms] [ERROR] Failed to load resource: the server responded with a status of 502 () @ https://live-streaming-eta.vercel.app/api/google-cricket:0
[  180649ms] [LOG] ⚠️ Google Cricket failed: Google Cricket HTTP 502 @ https://live-streaming-eta.vercel.app/js/api.js?v=7:1331
[  180652ms] [LOG] ✅ Live Agent: refresh complete @ https://live-streaming-eta.vercel.app/js/app.js?v=8:973
[  185303ms] [LOG] 🔄 Live Agent: refreshing scores... @ https://live-streaming-eta.vercel.app/js/app.js?v=8:906
[  185305ms] [LOG] 🌐 Fetching football... @ https://live-streaming-eta.vercel.app/js/api.js?v=7:467
[  185307ms] [LOG] 🌐 Fetching cricket... @ https://live-streaming-eta.vercel.app/js/api.js?v=7:467
[  185308ms] [LOG] 🌐 Fetching basketball... @ https://live-streaming-eta.vercel.app/js/api.js?v=7:467
[  185310ms] [LOG] 🌐 Fetching tennis... @ https://live-streaming-eta.vercel.app/js/api.js?v=7:467
[  185319ms] [LOG] 🌐 Fetching mma... @ https://live-streaming-eta.vercel.app/js/api.js?v=7:467
[  185325ms] [LOG] 🌐 Fetching ufc... @ https://live-streaming-eta.vercel.app/js/api.js?v=7:467
[  185558ms] [ERROR] Failed to load resource: the server responded with a status of 400 () @ https://sportscore.com/api/widget/matches/?sport=mma&limit=30:0
[  185558ms] [LOG] ℹ️ mma not available from SportScore API @ https://live-streaming-eta.vercel.app/js/api.js?v=7:471
[  185571ms] [ERROR] Failed to load resource: the server responded with a status of 400 () @ https://sportscore.com/api/widget/matches/?sport=ufc&limit=30:0
[  185828ms] [LOG] ℹ️ ufc not available from SportScore API @ https://live-streaming-eta.vercel.app/js/api.js?v=7:471
[  185837ms] [ERROR] Failed to load resource: the server responded with a status of 502 () @ https://live-streaming-eta.vercel.app/api/google-cricket:0
[  185839ms] [LOG] ⚠️ Google Cricket failed: Google Cricket HTTP 502 @ https://live-streaming-eta.vercel.app/js/api.js?v=7:1331
[  185854ms] [LOG] ✅ ESPN Cricket: 23 matches from 9 series @ https://live-streaming-eta.vercel.app/js/api.js?v=7:1233
[  185906ms] [LOG] ✅ Live Agent: refresh complete @ https://live-streaming-eta.vercel.app/js/app.js?v=8:973
[  190314ms] [LOG] 🔄 Live Agent: refreshing scores... @ https://live-streaming-eta.vercel.app/js/app.js?v=8:906
[  190317ms] [LOG] 🌐 Fetching football... @ https://live-streaming-eta.vercel.app/js/api.js?v=7:467
[  190324ms] [LOG] 🌐 Fetching cricket... @ https://live-streaming-eta.vercel.app/js/api.js?v=7:467
[  190329ms] [LOG] 🌐 Fetching basketball... @ https://live-streaming-eta.vercel.app/js/api.js?v=7:467
[  190331ms] [LOG] 🌐 Fetching tennis... @ https://live-streaming-eta.vercel.app/js/api.js?v=7:467
[  190333ms] [LOG] 🌐 Fetching mma... @ https://live-streaming-eta.vercel.app/js/api.js?v=7:467
[  190340ms] [LOG] 🌐 Fetching ufc... @ https://live-streaming-eta.vercel.app/js/api.js?v=7:467
[  190497ms] [LOG] ✅ ESPN Cricket: 23 matches from 9 series @ https://live-streaming-eta.vercel.app/js/api.js?v=7:1233
[  190606ms] [ERROR] Failed to load resource: the server responded with a status of 400 () @ https://sportscore.com/api/widget/matches/?sport=mma&limit=30:0
[  190607ms] [LOG] ℹ️ mma not available from SportScore API @ https://live-streaming-eta.vercel.app/js/api.js?v=7:471
[  190651ms] [ERROR] Failed to load resource: the server responded with a status of 400 () @ https://sportscore.com/api/widget/matches/?sport=ufc&limit=30:0
[  190652ms] [LOG] ℹ️ ufc not available from SportScore API @ https://live-streaming-eta.vercel.app/js/api.js?v=7:471
[  190971ms] [ERROR] Failed to load resource: the server responded with a status of 502 () @ https://live-streaming-eta.vercel.app/api/google-cricket:0
[  190977ms] [LOG] ⚠️ Google Cricket failed: Google Cricket HTTP 502 @ https://live-streaming-eta.vercel.app/js/api.js?v=7:1331
[  190997ms] [LOG] ✅ Live Agent: refresh complete @ https://live-streaming-eta.vercel.app/js/app.js?v=8:973
[  195308ms] [LOG] 🔄 Live Agent: refreshing scores... @ https://live-streaming-eta.vercel.app/js/app.js?v=8:906
[  195317ms] [LOG] 🌐 Fetching football... @ https://live-streaming-eta.vercel.app/js/api.js?v=7:467
[  195320ms] [LOG] 🌐 Fetching cricket... @ https://live-streaming-eta.vercel.app/js/api.js?v=7:467
[  195322ms] [LOG] 🌐 Fetching basketball... @ https://live-streaming-eta.vercel.app/js/api.js?v=7:467
[  195331ms] [LOG] 🌐 Fetching tennis... @ https://live-streaming-eta.vercel.app/js/api.js?v=7:467
[  195334ms] [LOG] 🌐 Fetching mma... @ https://live-streaming-eta.vercel.app/js/api.js?v=7:467
[  195336ms] [LOG] 🌐 Fetching ufc... @ https://live-streaming-eta.vercel.app/js/api.js?v=7:467
[  195537ms] [ERROR] Failed to load resource: the server responded with a status of 400 () @ https://sportscore.com/api/widget/matches/?sport=mma&limit=30:0
[  195537ms] [LOG] ℹ️ mma not available from SportScore API @ https://live-streaming-eta.vercel.app/js/api.js?v=7:471
[  195538ms] [ERROR] Failed to load resource: the server responded with a status of 400 () @ https://sportscore.com/api/widget/matches/?sport=ufc&limit=30:0
[  195538ms] [LOG] ℹ️ ufc not available from SportScore API @ https://live-streaming-eta.vercel.app/js/api.js?v=7:471
[  195661ms] [ERROR] Failed to load resource: the server responded with a status of 502 () @ https://live-streaming-eta.vercel.app/api/google-cricket:0
[  195662ms] [LOG] ⚠️ Google Cricket failed: Google Cricket HTTP 502 @ https://live-streaming-eta.vercel.app/js/api.js?v=7:1331
[  195751ms] [LOG] ✅ ESPN Cricket: 23 matches from 9 series @ https://live-streaming-eta.vercel.app/js/api.js?v=7:1233
[  195756ms] [LOG] ✅ Live Agent: refresh complete @ https://live-streaming-eta.vercel.app/js/app.js?v=8:973
[  200300ms] [LOG] 🔄 Live Agent: refreshing scores... @ https://live-streaming-eta.vercel.app/js/app.js?v=8:906
[  200305ms] [LOG] 🌐 Fetching football... @ https://live-streaming-eta.vercel.app/js/api.js?v=7:467
[  200308ms] [LOG] 🌐 Fetching cricket... @ https://live-streaming-eta.vercel.app/js/api.js?v=7:467
[  200312ms] [LOG] 🌐 Fetching basketball... @ https://live-streaming-eta.vercel.app/js/api.js?v=7:467
[  200316ms] [LOG] 🌐 Fetching tennis... @ https://live-streaming-eta.vercel.app/js/api.js?v=7:467
[  200319ms] [LOG] 🌐 Fetching mma... @ https://live-streaming-eta.vercel.app/js/api.js?v=7:467
[  200322ms] [LOG] 🌐 Fetching ufc... @ https://live-streaming-eta.vercel.app/js/api.js?v=7:467
[  200343ms] [LOG] ✅ ESPN Cricket: 23 matches from 9 series @ https://live-streaming-eta.vercel.app/js/api.js?v=7:1233
[  200572ms] [ERROR] Failed to load resource: the server responded with a status of 400 () @ https://sportscore.com/api/widget/matches/?sport=mma&limit=30:0
[  200572ms] [LOG] ℹ️ mma not available from SportScore API @ https://live-streaming-eta.vercel.app/js/api.js?v=7:471
[  200576ms] [ERROR] Failed to load resource: the server responded with a status of 400 () @ https://sportscore.com/api/widget/matches/?sport=ufc&limit=30:0
[  200576ms] [LOG] ℹ️ ufc not available from SportScore API @ https://live-streaming-eta.vercel.app/js/api.js?v=7:471
[  200622ms] [ERROR] Failed to load resource: the server responded with a status of 502 () @ https://live-streaming-eta.vercel.app/api/google-cricket:0
[  200622ms] [LOG] ⚠️ Google Cricket failed: Google Cricket HTTP 502 @ https://live-streaming-eta.vercel.app/js/api.js?v=7:1331
[  200625ms] [LOG] ✅ Live Agent: refresh complete @ https://live-streaming-eta.vercel.app/js/app.js?v=8:973
[  205305ms] [LOG] 🔄 Live Agent: refreshing scores... @ https://live-streaming-eta.vercel.app/js/app.js?v=8:906
[  205305ms] [LOG] 🌐 Fetching football... @ https://live-streaming-eta.vercel.app/js/api.js?v=7:467
[  205306ms] [LOG] 🌐 Fetching cricket... @ https://live-streaming-eta.vercel.app/js/api.js?v=7:467
[  205307ms] [LOG] 🌐 Fetching basketball... @ https://live-streaming-eta.vercel.app/js/api.js?v=7:467
[  205308ms] [LOG] 🌐 Fetching tennis... @ https://live-streaming-eta.vercel.app/js/api.js?v=7:467
[  205308ms] [LOG] 🌐 Fetching mma... @ https://live-streaming-eta.vercel.app/js/api.js?v=7:467
[  205309ms] [LOG] 🌐 Fetching ufc... @ https://live-streaming-eta.vercel.app/js/api.js?v=7:467
[  205512ms] [ERROR] Failed to load resource: the server responded with a status of 400 () @ https://sportscore.com/api/widget/matches/?sport=ufc&limit=30:0
[  205513ms] [LOG] ℹ️ ufc not available from SportScore API @ https://live-streaming-eta.vercel.app/js/api.js?v=7:471
[  205515ms] [ERROR] Failed to load resource: the server responded with a status of 400 () @ https://sportscore.com/api/widget/matches/?sport=mma&limit=30:0
[  205515ms] [LOG] ℹ️ mma not available from SportScore API @ https://live-streaming-eta.vercel.app/js/api.js?v=7:471
[  205641ms] [ERROR] Failed to load resource: the server responded with a status of 502 () @ https://live-streaming-eta.vercel.app/api/google-cricket:0
[  205641ms] [LOG] ⚠️ Google Cricket failed: Google Cricket HTTP 502 @ https://live-streaming-eta.vercel.app/js/api.js?v=7:1331
[  205713ms] [LOG] ✅ ESPN Cricket: 23 matches from 9 series @ https://live-streaming-eta.vercel.app/js/api.js?v=7:1233
[  205716ms] [LOG] ✅ Live Agent: refresh complete @ https://live-streaming-eta.vercel.app/js/app.js?v=8:973
[  210456ms] [LOG] 🔄 Live Agent: refreshing scores... @ https://live-streaming-eta.vercel.app/js/app.js?v=8:906
[  210467ms] [LOG] 🌐 Fetching football... @ https://live-streaming-eta.vercel.app/js/api.js?v=7:467
[  210469ms] [LOG] 🌐 Fetching cricket... @ https://live-streaming-eta.vercel.app/js/api.js?v=7:467
[  210504ms] [LOG] 🌐 Fetching basketball... @ https://live-streaming-eta.vercel.app/js/api.js?v=7:467
[  210505ms] [LOG] 🌐 Fetching tennis... @ https://live-streaming-eta.vercel.app/js/api.js?v=7:467
[  210516ms] [LOG] 🌐 Fetching mma... @ https://live-streaming-eta.vercel.app/js/api.js?v=7:467
[  210517ms] [LOG] 🌐 Fetching ufc... @ https://live-streaming-eta.vercel.app/js/api.js?v=7:467
[  210569ms] [LOG] ✅ ESPN Cricket: 23 matches from 9 series @ https://live-streaming-eta.vercel.app/js/api.js?v=7:1233
[  210735ms] [ERROR] Failed to load resource: the server responded with a status of 400 () @ https://sportscore.com/api/widget/matches/?sport=mma&limit=30:0
[  210735ms] [LOG] ℹ️ mma not available from SportScore API @ https://live-streaming-eta.vercel.app/js/api.js?v=7:471
[  210750ms] [ERROR] Failed to load resource: the server responded with a status of 400 () @ https://sportscore.com/api/widget/matches/?sport=ufc&limit=30:0
[  210750ms] [LOG] ℹ️ ufc not available from SportScore API @ https://live-streaming-eta.vercel.app/js/api.js?v=7:471
[  210873ms] [ERROR] Failed to load resource: the server responded with a status of 502 () @ https://live-streaming-eta.vercel.app/api/google-cricket:0
[  210877ms] [LOG] ⚠️ Google Cricket failed: Google Cricket HTTP 502 @ https://live-streaming-eta.vercel.app/js/api.js?v=7:1331
[  210903ms] [LOG] ✅ Live Agent: refresh complete @ https://live-streaming-eta.vercel.app/js/app.js?v=8:973
[  215303ms] [LOG] 🔄 Live Agent: refreshing scores... @ https://live-streaming-eta.vercel.app/js/app.js?v=8:906
[  215303ms] [LOG] 🌐 Fetching football... @ https://live-streaming-eta.vercel.app/js/api.js?v=7:467
[  215304ms] [LOG] 🌐 Fetching cricket... @ https://live-streaming-eta.vercel.app/js/api.js?v=7:467
[  215305ms] [LOG] 🌐 Fetching basketball... @ https://live-streaming-eta.vercel.app/js/api.js?v=7:467
[  215308ms] [LOG] 🌐 Fetching tennis... @ https://live-streaming-eta.vercel.app/js/api.js?v=7:467
[  215310ms] [LOG] 🌐 Fetching mma... @ https://live-streaming-eta.vercel.app/js/api.js?v=7:467
[  215312ms] [LOG] 🌐 Fetching ufc... @ https://live-streaming-eta.vercel.app/js/api.js?v=7:467
[  215638ms] [ERROR] Failed to load resource: the server responded with a status of 502 () @ https://live-streaming-eta.vercel.app/api/google-cricket:0
[  215638ms] [LOG] ⚠️ Google Cricket failed: Google Cricket HTTP 502 @ https://live-streaming-eta.vercel.app/js/api.js?v=7:1331
[  215715ms] [LOG] ✅ ESPN Cricket: 23 matches from 9 series @ https://live-streaming-eta.vercel.app/js/api.js?v=7:1233
[  215911ms] [ERROR] Failed to load resource: the server responded with a status of 400 () @ https://sportscore.com/api/widget/matches/?sport=mma&limit=30:0
[  215911ms] [LOG] ℹ️ mma not available from SportScore API @ https://live-streaming-eta.vercel.app/js/api.js?v=7:471
[  215912ms] [ERROR] Failed to load resource: the server responded with a status of 400 () @ https://sportscore.com/api/widget/matches/?sport=ufc&limit=30:0
[  215912ms] [LOG] ℹ️ ufc not available from SportScore API @ https://live-streaming-eta.vercel.app/js/api.js?v=7:471
[  215925ms] [LOG] ✅ Live Agent: refresh complete @ https://live-streaming-eta.vercel.app/js/app.js?v=8:973
[  220305ms] [LOG] 🔄 Live Agent: refreshing scores... @ https://live-streaming-eta.vercel.app/js/app.js?v=8:906
[  220310ms] [LOG] 🌐 Fetching football... @ https://live-streaming-eta.vercel.app/js/api.js?v=7:467
[  220311ms] [LOG] 🌐 Fetching cricket... @ https://live-streaming-eta.vercel.app/js/api.js?v=7:467
[  220315ms] [LOG] 🌐 Fetching basketball... @ https://live-streaming-eta.vercel.app/js/api.js?v=7:467
[  220321ms] [LOG] 🌐 Fetching tennis... @ https://live-streaming-eta.vercel.app/js/api.js?v=7:467
[  220323ms] [LOG] 🌐 Fetching mma... @ https://live-streaming-eta.vercel.app/js/api.js?v=7:467
[  220327ms] [LOG] 🌐 Fetching ufc... @ https://live-streaming-eta.vercel.app/js/api.js?v=7:467
[  220345ms] [LOG] ✅ ESPN Cricket: 23 matches from 9 series @ https://live-streaming-eta.vercel.app/js/api.js?v=7:1233
[  220531ms] [ERROR] Failed to load resource: the server responded with a status of 400 () @ https://sportscore.com/api/widget/matches/?sport=mma&limit=30:0
[  220531ms] [LOG] ℹ️ mma not available from SportScore API @ https://live-streaming-eta.vercel.app/js/api.js?v=7:471
[  220532ms] [ERROR] Failed to load resource: the server responded with a status of 400 () @ https://sportscore.com/api/widget/matches/?sport=ufc&limit=30:0
[  220532ms] [LOG] ℹ️ ufc not available from SportScore API @ https://live-streaming-eta.vercel.app/js/api.js?v=7:471
[  220662ms] [ERROR] Failed to load resource: the server responded with a status of 502 () @ https://live-streaming-eta.vercel.app/api/google-cricket:0
[  220663ms] [LOG] ⚠️ Google Cricket failed: Google Cricket HTTP 502 @ https://live-streaming-eta.vercel.app/js/api.js?v=7:1331
[  220666ms] [LOG] ✅ Live Agent: refresh complete @ https://live-streaming-eta.vercel.app/js/app.js?v=8:973
[  225309ms] [LOG] 🔄 Live Agent: refreshing scores... @ https://live-streaming-eta.vercel.app/js/app.js?v=8:906
[  225310ms] [LOG] 🌐 Fetching football... @ https://live-streaming-eta.vercel.app/js/api.js?v=7:467
[  225313ms] [LOG] 🌐 Fetching cricket... @ https://live-streaming-eta.vercel.app/js/api.js?v=7:467
[  225318ms] [LOG] 🌐 Fetching basketball... @ https://live-streaming-eta.vercel.app/js/api.js?v=7:467
[  225320ms] [LOG] 🌐 Fetching tennis... @ https://live-streaming-eta.vercel.app/js/api.js?v=7:467
[  225323ms] [LOG] 🌐 Fetching mma... @ https://live-streaming-eta.vercel.app/js/api.js?v=7:467
[  225330ms] [LOG] 🌐 Fetching ufc... @ https://live-streaming-eta.vercel.app/js/api.js?v=7:467
[  225671ms] [ERROR] Failed to load resource: the server responded with a status of 502 () @ https://live-streaming-eta.vercel.app/api/google-cricket:0
[  225672ms] [LOG] ⚠️ Google Cricket failed: Google Cricket HTTP 502 @ https://live-streaming-eta.vercel.app/js/api.js?v=7:1331
[  225703ms] [ERROR] Failed to load resource: the server responded with a status of 400 () @ https://sportscore.com/api/widget/matches/?sport=mma&limit=30:0
[  225704ms] [LOG] ℹ️ mma not available from SportScore API @ https://live-streaming-eta.vercel.app/js/api.js?v=7:471
[  225705ms] [ERROR] Failed to load resource: the server responded with a status of 400 () @ https://sportscore.com/api/widget/matches/?sport=ufc&limit=30:0
[  225705ms] [LOG] ℹ️ ufc not available from SportScore API @ https://live-streaming-eta.vercel.app/js/api.js?v=7:471
[  225720ms] [LOG] ✅ ESPN Cricket: 23 matches from 9 series @ https://live-streaming-eta.vercel.app/js/api.js?v=7:1233
[  225724ms] [LOG] ✅ Live Agent: refresh complete @ https://live-streaming-eta.vercel.app/js/app.js?v=8:973
[  230298ms] [LOG] 🔄 Live Agent: refreshing scores... @ https://live-streaming-eta.vercel.app/js/app.js?v=8:906
[  230306ms] [LOG] 🌐 Fetching football... @ https://live-streaming-eta.vercel.app/js/api.js?v=7:467
[  230309ms] [LOG] 🌐 Fetching cricket... @ https://live-streaming-eta.vercel.app/js/api.js?v=7:467
[  230311ms] [LOG] 🌐 Fetching basketball... @ https://live-streaming-eta.vercel.app/js/api.js?v=7:467
[  230319ms] [LOG] 🌐 Fetching tennis... @ https://live-streaming-eta.vercel.app/js/api.js?v=7:467
[  230321ms] [LOG] 🌐 Fetching mma... @ https://live-streaming-eta.vercel.app/js/api.js?v=7:467
[  230322ms] [LOG] 🌐 Fetching ufc... @ https://live-streaming-eta.vercel.app/js/api.js?v=7:467
[  230342ms] [LOG] ✅ ESPN Cricket: 23 matches from 9 series @ https://live-streaming-eta.vercel.app/js/api.js?v=7:1233
[  230538ms] [ERROR] Failed to load resource: the server responded with a status of 400 () @ https://sportscore.com/api/widget/matches/?sport=mma&limit=30:0
[  230538ms] [LOG] ℹ️ mma not available from SportScore API @ https://live-streaming-eta.vercel.app/js/api.js?v=7:471
[  230539ms] [ERROR] Failed to load resource: the server responded with a status of 400 () @ https://sportscore.com/api/widget/matches/?sport=ufc&limit=30:0
[  230540ms] [LOG] ℹ️ ufc not available from SportScore API @ https://live-streaming-eta.vercel.app/js/api.js?v=7:471
[  230665ms] [ERROR] Failed to load resource: the server responded with a status of 502 () @ https://live-streaming-eta.vercel.app/api/google-cricket:0
[  230672ms] [LOG] ⚠️ Google Cricket failed: Google Cricket HTTP 502 @ https://live-streaming-eta.vercel.app/js/api.js?v=7:1331
[  230683ms] [LOG] ✅ Live Agent: refresh complete @ https://live-streaming-eta.vercel.app/js/app.js?v=8:973
[  235300ms] [LOG] 🔄 Live Agent: refreshing scores... @ https://live-streaming-eta.vercel.app/js/app.js?v=8:906
[  235300ms] [LOG] 🌐 Fetching football... @ https://live-streaming-eta.vercel.app/js/api.js?v=7:467
[  235300ms] [LOG] 🌐 Fetching cricket... @ https://live-streaming-eta.vercel.app/js/api.js?v=7:467
[  235301ms] [LOG] 🌐 Fetching basketball... @ https://live-streaming-eta.vercel.app/js/api.js?v=7:467
[  235301ms] [LOG] 🌐 Fetching tennis... @ https://live-streaming-eta.vercel.app/js/api.js?v=7:467
[  235303ms] [LOG] 🌐 Fetching mma... @ https://live-streaming-eta.vercel.app/js/api.js?v=7:467
[  235304ms] [LOG] 🌐 Fetching ufc... @ https://live-streaming-eta.vercel.app/js/api.js?v=7:467
[  235646ms] [ERROR] Failed to load resource: the server responded with a status of 502 () @ https://live-streaming-eta.vercel.app/api/google-cricket:0
[  235647ms] [LOG] ⚠️ Google Cricket failed: Google Cricket HTTP 502 @ https://live-streaming-eta.vercel.app/js/api.js?v=7:1331
[  235695ms] [LOG] ✅ ESPN Cricket: 23 matches from 9 series @ https://live-streaming-eta.vercel.app/js/api.js?v=7:1233
[  235735ms] [ERROR] Failed to load resource: the server responded with a status of 400 () @ https://sportscore.com/api/widget/matches/?sport=ufc&limit=30:0
[  235736ms] [LOG] ℹ️ ufc not available from SportScore API @ https://live-streaming-eta.vercel.app/js/api.js?v=7:471
[  235741ms] [ERROR] Failed to load resource: the server responded with a status of 400 () @ https://sportscore.com/api/widget/matches/?sport=mma&limit=30:0
[  235742ms] [LOG] ℹ️ mma not available from SportScore API @ https://live-streaming-eta.vercel.app/js/api.js?v=7:471
[  235755ms] [LOG] ✅ Live Agent: refresh complete @ https://live-streaming-eta.vercel.app/js/app.js?v=8:973
[  240299ms] [LOG] 🔄 Live Agent: refreshing scores... @ https://live-streaming-eta.vercel.app/js/app.js?v=8:906
[  240300ms] [LOG] 🌐 Fetching football... @ https://live-streaming-eta.vercel.app/js/api.js?v=7:467
[  240301ms] [LOG] 🌐 Fetching cricket... @ https://live-streaming-eta.vercel.app/js/api.js?v=7:467
[  240302ms] [LOG] 🌐 Fetching basketball... @ https://live-streaming-eta.vercel.app/js/api.js?v=7:467
[  240305ms] [LOG] 🌐 Fetching tennis... @ https://live-streaming-eta.vercel.app/js/api.js?v=7:467
[  240312ms] [LOG] 🌐 Fetching mma... @ https://live-streaming-eta.vercel.app/js/api.js?v=7:467
[  240316ms] [LOG] 🌐 Fetching ufc... @ https://live-streaming-eta.vercel.app/js/api.js?v=7:467
[  240336ms] [LOG] ✅ ESPN Cricket: 23 matches from 9 series @ https://live-streaming-eta.vercel.app/js/api.js?v=7:1233
[  240519ms] [ERROR] Failed to load resource: the server responded with a status of 400 () @ https://sportscore.com/api/widget/matches/?sport=mma&limit=30:0
[  240519ms] [LOG] ℹ️ mma not available from SportScore API @ https://live-streaming-eta.vercel.app/js/api.js?v=7:471
[  240631ms] [ERROR] Failed to load resource: the server responded with a status of 502 () @ https://live-streaming-eta.vercel.app/api/google-cricket:0
[  240632ms] [LOG] ⚠️ Google Cricket failed: Google Cricket HTTP 502 @ https://live-streaming-eta.vercel.app/js/api.js?v=7:1331
[  240686ms] [ERROR] Failed to load resource: the server responded with a status of 400 () @ https://sportscore.com/api/widget/matches/?sport=ufc&limit=30:0
[  240686ms] [LOG] ℹ️ ufc not available from SportScore API @ https://live-streaming-eta.vercel.app/js/api.js?v=7:471
[  240690ms] [LOG] ✅ Live Agent: refresh complete @ https://live-streaming-eta.vercel.app/js/app.js?v=8:973
[  245301ms] [LOG] 🔄 Live Agent: refreshing scores... @ https://live-streaming-eta.vercel.app/js/app.js?v=8:906
[  245301ms] [LOG] 🌐 Fetching football... @ https://live-streaming-eta.vercel.app/js/api.js?v=7:467
[  245301ms] [LOG] 🌐 Fetching cricket... @ https://live-streaming-eta.vercel.app/js/api.js?v=7:467
[  245302ms] [LOG] 🌐 Fetching basketball... @ https://live-streaming-eta.vercel.app/js/api.js?v=7:467
[  245303ms] [LOG] 🌐 Fetching tennis... @ https://live-streaming-eta.vercel.app/js/api.js?v=7:467
[  245304ms] [LOG] 🌐 Fetching mma... @ https://live-streaming-eta.vercel.app/js/api.js?v=7:467
[  245304ms] [LOG] 🌐 Fetching ufc... @ https://live-streaming-eta.vercel.app/js/api.js?v=7:467
[  245525ms] [ERROR] Failed to load resource: the server responded with a status of 400 () @ https://sportscore.com/api/widget/matches/?sport=mma&limit=30:0
[  245526ms] [LOG] ℹ️ mma not available from SportScore API @ https://live-streaming-eta.vercel.app/js/api.js?v=7:471
[  245530ms] [ERROR] Failed to load resource: the server responded with a status of 400 () @ https://sportscore.com/api/widget/matches/?sport=ufc&limit=30:0
[  245530ms] [LOG] ℹ️ ufc not available from SportScore API @ https://live-streaming-eta.vercel.app/js/api.js?v=7:471
[  245633ms] [ERROR] Failed to load resource: the server responded with a status of 502 () @ https://live-streaming-eta.vercel.app/api/google-cricket:0
[  245634ms] [LOG] ⚠️ Google Cricket failed: Google Cricket HTTP 502 @ https://live-streaming-eta.vercel.app/js/api.js?v=7:1331
[  245692ms] [LOG] ✅ ESPN Cricket: 23 matches from 9 series @ https://live-streaming-eta.vercel.app/js/api.js?v=7:1233
[  245694ms] [LOG] ✅ Live Agent: refresh complete @ https://live-streaming-eta.vercel.app/js/app.js?v=8:973
[  247338ms] [LOG] 🌐 Fetching football... @ https://live-streaming-eta.vercel.app/js/api.js?v=7:467
[  247339ms] [LOG] 🌐 Fetching cricket... @ https://live-streaming-eta.vercel.app/js/api.js?v=7:467
[  247340ms] [LOG] 🌐 Fetching basketball... @ https://live-streaming-eta.vercel.app/js/api.js?v=7:467
[  247340ms] [LOG] 🌐 Fetching tennis... @ https://live-streaming-eta.vercel.app/js/api.js?v=7:467
[  247341ms] [LOG] 🌐 Fetching mma... @ https://live-streaming-eta.vercel.app/js/api.js?v=7:467
[  247341ms] [LOG] 🌐 Fetching ufc... @ https://live-streaming-eta.vercel.app/js/api.js?v=7:467
[  247409ms] [LOG] ✅ ESPN Cricket: 23 matches from 9 series @ https://live-streaming-eta.vercel.app/js/api.js?v=7:1233
[  247718ms] [ERROR] Failed to load resource: the server responded with a status of 502 () @ https://live-streaming-eta.vercel.app/api/google-cricket:0
[  247718ms] [LOG] ⚠️ Google Cricket failed: Google Cricket HTTP 502 @ https://live-streaming-eta.vercel.app/js/api.js?v=7:1331
[  248186ms] [ERROR] Failed to load resource: the server responded with a status of 400 () @ https://sportscore.com/api/widget/matches/?sport=mma&limit=30:0
[  248187ms] [LOG] ℹ️ mma not available from SportScore API @ https://live-streaming-eta.vercel.app/js/api.js?v=7:471
[  248189ms] [ERROR] Failed to load resource: the server responded with a status of 400 () @ https://sportscore.com/api/widget/matches/?sport=ufc&limit=30:0
[  248190ms] [LOG] ℹ️ ufc not available from SportScore API @ https://live-streaming-eta.vercel.app/js/api.js?v=7:471
[  250300ms] [LOG] 🔄 Live Agent: refreshing scores... @ https://live-streaming-eta.vercel.app/js/app.js?v=8:906
[  250300ms] [LOG] 🌐 Fetching football... @ https://live-streaming-eta.vercel.app/js/api.js?v=7:467
[  250300ms] [LOG] 🌐 Fetching cricket... @ https://live-streaming-eta.vercel.app/js/api.js?v=7:467
[  250301ms] [LOG] 🌐 Fetching basketball... @ https://live-streaming-eta.vercel.app/js/api.js?v=7:467
[  250303ms] [LOG] 🌐 Fetching tennis... @ https://live-streaming-eta.vercel.app/js/api.js?v=7:467
[  250303ms] [LOG] 🌐 Fetching mma... @ https://live-streaming-eta.vercel.app/js/api.js?v=7:467
[  250304ms] [LOG] 🌐 Fetching ufc... @ https://live-streaming-eta.vercel.app/js/api.js?v=7:467
[  250326ms] [LOG] ✅ ESPN Cricket: 23 matches from 9 series @ https://live-streaming-eta.vercel.app/js/api.js?v=7:1233
[  250514ms] [ERROR] Failed to load resource: the server responded with a status of 400 () @ https://sportscore.com/api/widget/matches/?sport=ufc&limit=30:0
[  250514ms] [LOG] ℹ️ ufc not available from SportScore API @ https://live-streaming-eta.vercel.app/js/api.js?v=7:471
[  250515ms] [ERROR] Failed to load resource: the server responded with a status of 400 () @ https://sportscore.com/api/widget/matches/?sport=mma&limit=30:0
[  250515ms] [LOG] ℹ️ mma not available from SportScore API @ https://live-streaming-eta.vercel.app/js/api.js?v=7:471
[  250606ms] [ERROR] Failed to load resource: the server responded with a status of 502 () @ https://live-streaming-eta.vercel.app/api/google-cricket:0
[  250606ms] [LOG] ⚠️ Google Cricket failed: Google Cricket HTTP 502 @ https://live-streaming-eta.vercel.app/js/api.js?v=7:1331
[  250610ms] [LOG] ✅ Live Agent: refresh complete @ https://live-streaming-eta.vercel.app/js/app.js?v=8:973
[  255308ms] [LOG] 🔄 Live Agent: refreshing scores... @ https://live-streaming-eta.vercel.app/js/app.js?v=8:906
[  255309ms] [LOG] 🌐 Fetching football... @ https://live-streaming-eta.vercel.app/js/api.js?v=7:467
[  255310ms] [LOG] 🌐 Fetching cricket... @ https://live-streaming-eta.vercel.app/js/api.js?v=7:467
[  255312ms] [LOG] 🌐 Fetching basketball... @ https://live-streaming-eta.vercel.app/js/api.js?v=7:467
[  255312ms] [LOG] 🌐 Fetching tennis... @ https://live-streaming-eta.vercel.app/js/api.js?v=7:467
[  255313ms] [LOG] 🌐 Fetching mma... @ https://live-streaming-eta.vercel.app/js/api.js?v=7:467
[  255314ms] [LOG] 🌐 Fetching ufc... @ https://live-streaming-eta.vercel.app/js/api.js?v=7:467
[  255675ms] [ERROR] Failed to load resource: the server responded with a status of 502 () @ https://live-streaming-eta.vercel.app/api/google-cricket:0
[  255675ms] [LOG] ⚠️ Google Cricket failed: Google Cricket HTTP 502 @ https://live-streaming-eta.vercel.app/js/api.js?v=7:1331
[  255714ms] [LOG] ✅ ESPN Cricket: 23 matches from 9 series @ https://live-streaming-eta.vercel.app/js/api.js?v=7:1233
[  256367ms] [ERROR] Failed to load resource: the server responded with a status of 400 () @ https://sportscore.com/api/widget/matches/?sport=mma&limit=30:0
[  256368ms] [LOG] ℹ️ mma not available from SportScore API @ https://live-streaming-eta.vercel.app/js/api.js?v=7:471
[  256369ms] [ERROR] Failed to load resource: the server responded with a status of 400 () @ https://sportscore.com/api/widget/matches/?sport=ufc&limit=30:0
[  256370ms] [LOG] ℹ️ ufc not available from SportScore API @ https://live-streaming-eta.vercel.app/js/api.js?v=7:471
[  256378ms] [LOG] ✅ Live Agent: refresh complete @ https://live-streaming-eta.vercel.app/js/app.js?v=8:973
[  260300ms] [LOG] 🔄 Live Agent: refreshing scores... @ https://live-streaming-eta.vercel.app/js/app.js?v=8:906
[  260300ms] [LOG] 🌐 Fetching football... @ https://live-streaming-eta.vercel.app/js/api.js?v=7:467
[  260301ms] [LOG] 🌐 Fetching cricket... @ https://live-streaming-eta.vercel.app/js/api.js?v=7:467
[  260301ms] [LOG] 🌐 Fetching basketball... @ https://live-streaming-eta.vercel.app/js/api.js?v=7:467
[  260301ms] [LOG] 🌐 Fetching tennis... @ https://live-streaming-eta.vercel.app/js/api.js?v=7:467
[  260302ms] [LOG] 🌐 Fetching mma... @ https://live-streaming-eta.vercel.app/js/api.js?v=7:467
[  260302ms] [LOG] 🌐 Fetching ufc... @ https://live-streaming-eta.vercel.app/js/api.js?v=7:467
[  260318ms] [LOG] ✅ ESPN Cricket: 23 matches from 9 series @ https://live-streaming-eta.vercel.app/js/api.js?v=7:1233
[  260508ms] [ERROR] Failed to load resource: the server responded with a status of 400 () @ https://sportscore.com/api/widget/matches/?sport=mma&limit=30:0
[  260508ms] [LOG] ℹ️ mma not available from SportScore API @ https://live-streaming-eta.vercel.app/js/api.js?v=7:471
[  260511ms] [ERROR] Failed to load resource: the server responded with a status of 400 () @ https://sportscore.com/api/widget/matches/?sport=ufc&limit=30:0
[  260511ms] [LOG] ℹ️ ufc not available from SportScore API @ https://live-streaming-eta.vercel.app/js/api.js?v=7:471
[  260626ms] [ERROR] Failed to load resource: the server responded with a status of 502 () @ https://live-streaming-eta.vercel.app/api/google-cricket:0
[  260626ms] [LOG] ⚠️ Google Cricket failed: Google Cricket HTTP 502 @ https://live-streaming-eta.vercel.app/js/api.js?v=7:1331
[  260641ms] [LOG] ✅ Live Agent: refresh complete @ https://live-streaming-eta.vercel.app/js/app.js?v=8:973
[  265303ms] [LOG] 🔄 Live Agent: refreshing scores... @ https://live-streaming-eta.vercel.app/js/app.js?v=8:906
[  265304ms] [LOG] 🌐 Fetching football... @ https://live-streaming-eta.vercel.app/js/api.js?v=7:467
[  265305ms] [LOG] 🌐 Fetching cricket... @ https://live-streaming-eta.vercel.app/js/api.js?v=7:467
[  265307ms] [LOG] 🌐 Fetching basketball... @ https://live-streaming-eta.vercel.app/js/api.js?v=7:467
[  265308ms] [LOG] 🌐 Fetching tennis... @ https://live-streaming-eta.vercel.app/js/api.js?v=7:467
[  265309ms] [LOG] 🌐 Fetching mma... @ https://live-streaming-eta.vercel.app/js/api.js?v=7:467
[  265310ms] [LOG] 🌐 Fetching ufc... @ https://live-streaming-eta.vercel.app/js/api.js?v=7:467
[  265710ms] [LOG] ✅ ESPN Cricket: 23 matches from 9 series @ https://live-streaming-eta.vercel.app/js/api.js?v=7:1233
[  265842ms] [ERROR] Failed to load resource: the server responded with a status of 502 () @ https://live-streaming-eta.vercel.app/api/google-cricket:0
[  265842ms] [LOG] ⚠️ Google Cricket failed: Google Cricket HTTP 502 @ https://live-streaming-eta.vercel.app/js/api.js?v=7:1331
[  266320ms] [ERROR] Failed to load resource: the server responded with a status of 400 () @ https://sportscore.com/api/widget/matches/?sport=mma&limit=30:0
[  266321ms] [LOG] ℹ️ mma not available from SportScore API @ https://live-streaming-eta.vercel.app/js/api.js?v=7:471
[  266326ms] [ERROR] Failed to load resource: the server responded with a status of 400 () @ https://sportscore.com/api/widget/matches/?sport=ufc&limit=30:0
[  266326ms] [LOG] ℹ️ ufc not available from SportScore API @ https://live-streaming-eta.vercel.app/js/api.js?v=7:471
[  266344ms] [LOG] ✅ Live Agent: refresh complete @ https://live-streaming-eta.vercel.app/js/app.js?v=8:973
[  270307ms] [LOG] 🔄 Live Agent: refreshing scores... @ https://live-streaming-eta.vercel.app/js/app.js?v=8:906
[  270307ms] [LOG] 🌐 Fetching football... @ https://live-streaming-eta.vercel.app/js/api.js?v=7:467
[  270309ms] [LOG] 🌐 Fetching cricket... @ https://live-streaming-eta.vercel.app/js/api.js?v=7:467
[  270311ms] [LOG] 🌐 Fetching basketball... @ https://live-streaming-eta.vercel.app/js/api.js?v=7:467
[  270312ms] [LOG] 🌐 Fetching tennis... @ https://live-streaming-eta.vercel.app/js/api.js?v=7:467
[  270313ms] [LOG] 🌐 Fetching mma... @ https://live-streaming-eta.vercel.app/js/api.js?v=7:467
[  270314ms] [LOG] 🌐 Fetching ufc... @ https://live-streaming-eta.vercel.app/js/api.js?v=7:467
[  270348ms] [LOG] ✅ ESPN Cricket: 23 matches from 9 series @ https://live-streaming-eta.vercel.app/js/api.js?v=7:1233
[  270523ms] [ERROR] Failed to load resource: the server responded with a status of 400 () @ https://sportscore.com/api/widget/matches/?sport=mma&limit=30:0
[  270524ms] [LOG] ℹ️ mma not available from SportScore API @ https://live-streaming-eta.vercel.app/js/api.js?v=7:471
[  270528ms] [ERROR] Failed to load resource: the server responded with a status of 400 () @ https://sportscore.com/api/widget/matches/?sport=ufc&limit=30:0
[  270528ms] [LOG] ℹ️ ufc not available from SportScore API @ https://live-streaming-eta.vercel.app/js/api.js?v=7:471
[  270655ms] [ERROR] Failed to load resource: the server responded with a status of 502 () @ https://live-streaming-eta.vercel.app/api/google-cricket:0
[  270656ms] [LOG] ⚠️ Google Cricket failed: Google Cricket HTTP 502 @ https://live-streaming-eta.vercel.app/js/api.js?v=7:1331
[  270664ms] [LOG] ✅ Live Agent: refresh complete @ https://live-streaming-eta.vercel.app/js/app.js?v=8:973
[  275300ms] [LOG] 🔄 Live Agent: refreshing scores... @ https://live-streaming-eta.vercel.app/js/app.js?v=8:906
[  275300ms] [LOG] 🌐 Fetching football... @ https://live-streaming-eta.vercel.app/js/api.js?v=7:467
[  275301ms] [LOG] 🌐 Fetching cricket... @ https://live-streaming-eta.vercel.app/js/api.js?v=7:467
[  275302ms] [LOG] 🌐 Fetching basketball... @ https://live-streaming-eta.vercel.app/js/api.js?v=7:467
[  275303ms] [LOG] 🌐 Fetching tennis... @ https://live-streaming-eta.vercel.app/js/api.js?v=7:467
[  275303ms] [LOG] 🌐 Fetching mma... @ https://live-streaming-eta.vercel.app/js/api.js?v=7:467
[  275304ms] [LOG] 🌐 Fetching ufc... @ https://live-streaming-eta.vercel.app/js/api.js?v=7:467
[  275510ms] [ERROR] Failed to load resource: the server responded with a status of 400 () @ https://sportscore.com/api/widget/matches/?sport=mma&limit=30:0
[  275510ms] [LOG] ℹ️ mma not available from SportScore API @ https://live-streaming-eta.vercel.app/js/api.js?v=7:471
[  275521ms] [ERROR] Failed to load resource: the server responded with a status of 400 () @ https://sportscore.com/api/widget/matches/?sport=ufc&limit=30:0
[  275522ms] [LOG] ℹ️ ufc not available from SportScore API @ https://live-streaming-eta.vercel.app/js/api.js?v=7:471
[  275709ms] [LOG] ✅ ESPN Cricket: 23 matches from 9 series @ https://live-streaming-eta.vercel.app/js/api.js?v=7:1233
[  275743ms] [ERROR] Failed to load resource: the server responded with a status of 502 () @ https://live-streaming-eta.vercel.app/api/google-cricket:0
[  275744ms] [LOG] ⚠️ Google Cricket failed: Google Cricket HTTP 502 @ https://live-streaming-eta.vercel.app/js/api.js?v=7:1331
[  275757ms] [LOG] ✅ Live Agent: refresh complete @ https://live-streaming-eta.vercel.app/js/app.js?v=8:973
[  279437ms] [LOG] 🌐 Fetching football... @ https://live-streaming-eta.vercel.app/js/api.js?v=7:467
[  279438ms] [LOG] 🌐 Fetching cricket... @ https://live-streaming-eta.vercel.app/js/api.js?v=7:467
[  279438ms] [LOG] 🌐 Fetching basketball... @ https://live-streaming-eta.vercel.app/js/api.js?v=7:467
[  279439ms] [LOG] 🌐 Fetching tennis... @ https://live-streaming-eta.vercel.app/js/api.js?v=7:467
[  279439ms] [LOG] 🌐 Fetching mma... @ https://live-streaming-eta.vercel.app/js/api.js?v=7:467
[  279440ms] [LOG] 🌐 Fetching ufc... @ https://live-streaming-eta.vercel.app/js/api.js?v=7:467
[  279443ms] [LOG] 🌐 Fetching football... @ https://live-streaming-eta.vercel.app/js/api.js?v=7:467
[  279443ms] [LOG] 🌐 Fetching cricket... @ https://live-streaming-eta.vercel.app/js/api.js?v=7:467
[  279444ms] [LOG] 🌐 Fetching basketball... @ https://live-streaming-eta.vercel.app/js/api.js?v=7:467
[  279444ms] [LOG] 🌐 Fetching tennis... @ https://live-streaming-eta.vercel.app/js/api.js?v=7:467
[  279445ms] [LOG] 🌐 Fetching mma... @ https://live-streaming-eta.vercel.app/js/api.js?v=7:467
[  279445ms] [LOG] 🌐 Fetching ufc... @ https://live-streaming-eta.vercel.app/js/api.js?v=7:467
[  279527ms] [LOG] ✅ ESPN Cricket: 23 matches from 9 series @ https://live-streaming-eta.vercel.app/js/api.js?v=7:1233
[  279600ms] [LOG] ✅ ESPN Cricket: 23 matches from 9 series @ https://live-streaming-eta.vercel.app/js/api.js?v=7:1233
[  279621ms] [WARNING] <meta name="apple-mobile-web-app-capable" content="yes"> is deprecated. Please include <meta name="mobile-web-app-capable" content="yes"> @ https://live-streaming-eta.vercel.app/cricket/2026-08-19:0
[  279680ms] [ERROR] Failed to load resource: the server responded with a status of 400 () @ https://sportscore.com/api/widget/matches/?sport=mma&limit=30:0
[  279681ms] [LOG] ℹ️ mma not available from SportScore API @ https://live-streaming-eta.vercel.app/js/api.js?v=7:471
[  279681ms] [ERROR] Failed to load resource: the server responded with a status of 400 () @ https://sportscore.com/api/widget/matches/?sport=ufc&limit=30:0
[  279681ms] [LOG] ℹ️ ufc not available from SportScore API @ https://live-streaming-eta.vercel.app/js/api.js?v=7:471
[  279748ms] [ERROR] Failed to load resource: the server responded with a status of 502 () @ https://live-streaming-eta.vercel.app/api/google-cricket:0
[  279749ms] [LOG] ⚠️ Google Cricket failed: Google Cricket HTTP 502 @ https://live-streaming-eta.vercel.app/js/api.js?v=7:1331
[  279936ms] [ERROR] Failed to load resource: the server responded with a status of 400 () @ https://sportscore.com/api/widget/matches/?sport=ufc&limit=30:0
[  279936ms] [LOG] ℹ️ ufc not available from SportScore API @ https://live-streaming-eta.vercel.app/js/api.js?v=7:471
[  279936ms] [ERROR] Failed to load resource: the server responded with a status of 400 () @ https://sportscore.com/api/widget/matches/?sport=mma&limit=30:0
[  279937ms] [LOG] ℹ️ mma not available from SportScore API @ https://live-streaming-eta.vercel.app/js/api.js?v=7:471
[  280058ms] [ERROR] Failed to load resource: the server responded with a status of 500 () @ https://live-streaming-eta.vercel.app/api/thesportsdb?path=searchteams.php&t=Kurunegala%20SC:0
[  280059ms] [ERROR] Failed to load resource: the server responded with a status of 500 () @ https://live-streaming-eta.vercel.app/api/thesportsdb?path=searchteams.php&t=Saint%20Kitts%20%26%20Nevis%20Patriots:0
[  280060ms] [ERROR] Failed to load resource: the server responded with a status of 502 () @ https://live-streaming-eta.vercel.app/api/google-cricket:0
[  280061ms] [LOG] ⚠️ Google Cricket failed: Google Cricket HTTP 502 @ https://live-streaming-eta.vercel.app/js/api.js?v=7:1331
[  280083ms] [ERROR] Failed to load resource: the server responded with a status of 500 () @ https://live-streaming-eta.vercel.app/api/thesportsdb?path=searchteams.php&t=Charaideo%20Sunrisers:0
[  280086ms] [ERROR] Failed to load resource: the server responded with a status of 500 () @ https://live-streaming-eta.vercel.app/api/thesportsdb?path=searchteams.php&t=International%20Cc%20Brussels:0
[  280086ms] [ERROR] Failed to load resource: the server responded with a status of 500 () @ https://live-streaming-eta.vercel.app/api/thesportsdb?path=searchteams.php&t=Kandy%20Customs%20Cc:0
[  280087ms] [ERROR] Failed to load resource: the server responded with a status of 500 () @ https://live-streaming-eta.vercel.app/api/thesportsdb?path=searchteams.php&t=Essex%20Women:0
[  280088ms] [ERROR] Failed to load resource: the server responded with a status of 500 () @ https://live-streaming-eta.vercel.app/api/thesportsdb?path=searchteams.php&t=Speenghar%20Warriors:0
[  280089ms] [ERROR] Failed to load resource: the server responded with a status of 500 () @ https://live-streaming-eta.vercel.app/api/thesportsdb?path=searchteams.php&t=Leo%20Cc:0
[  280089ms] [ERROR] Failed to load resource: the server responded with a status of 500 () @ https://live-streaming-eta.vercel.app/api/thesportsdb?path=searchteams.php&t=Meerut%20Mavericks:0
[  280089ms] [ERROR] Failed to load resource: the server responded with a status of 500 () @ https://live-streaming-eta.vercel.app/api/thesportsdb?path=searchteams.php&t=Somerset%20Women:0
[  280090ms] [ERROR] Failed to load resource: the server responded with a status of 500 () @ https://live-streaming-eta.vercel.app/api/thesportsdb?path=searchteams.php&t=Ruby%20Trichy%20Warriors:0
[  280090ms] [ERROR] Failed to load resource: the server responded with a status of 500 () @ https://live-streaming-eta.vercel.app/api/thesportsdb?path=searchteams.php&t=Durham%20Women:0
[  280090ms] [ERROR] Failed to load resource: the server responded with a status of 500 () @ https://live-streaming-eta.vercel.app/api/thesportsdb?path=searchteams.php&t=Llaneros%20FC:0
[  280091ms] [ERROR] Failed to load resource: the server responded with a status of 500 () @ https://live-streaming-eta.vercel.app/api/thesportsdb?path=searchteams.php&t=Trichy%20Grand%20Cholas:0
[  280091ms] [ERROR] Failed to load resource: the server responded with a status of 500 () @ https://live-streaming-eta.vercel.app/api/thesportsdb?path=searchteams.php&t=Zimbabwe%20Women%20Under-19s:0
[  280092ms] [ERROR] Failed to load resource: the server responded with a status of 500 () @ https://live-streaming-eta.vercel.app/api/thesportsdb?path=searchteams.php&t=Kabul%20Zalmi:0
[  280092ms] [ERROR] Failed to load resource: the server responded with a status of 500 () @ https://live-streaming-eta.vercel.app/api/thesportsdb?path=searchteams.php&t=Ragama%20CC:0
[  280093ms] [ERROR] Failed to load resource: the server responded with a status of 500 () @ https://live-streaming-eta.vercel.app/api/thesportsdb?path=searchteams.php&t=Ostend%20Cc:0
[  280093ms] [ERROR] Failed to load resource: the server responded with a status of 500 () @ https://live-streaming-eta.vercel.app/api/thesportsdb?path=searchteams.php&t=The%20Blaze%20Women:0
[  280096ms] [ERROR] Failed to load resource: the server responded with a status of 500 () @ https://live-streaming-eta.vercel.app/api/thesportsdb?path=searchteams.php&t=Rhinos%20Women:0
[  280097ms] [ERROR] Failed to load resource: the server responded with a status of 500 () @ https://live-streaming-eta.vercel.app/api/thesportsdb?path=searchteams.php&t=Tuskers%20Women:0
[  280097ms] [ERROR] Failed to load resource: the server responded with a status of 500 () @ https://live-streaming-eta.vercel.app/api/thesportsdb?path=searchteams.php&t=Mechelen%20Eagles%20Cc:0
[  280098ms] [ERROR] Failed to load resource: the server responded with a status of 500 () @ https://live-streaming-eta.vercel.app/api/thesportsdb?path=searchteams.php&t=Guwahati%20Royals:0
[  280098ms] [ERROR] Failed to load resource: the server responded with a status of 500 () @ https://live-streaming-eta.vercel.app/api/thesportsdb?path=searchteams.php&t=Jamaica%20Kingsmen:0
[  280106ms] [ERROR] Failed to load resource: the server responded with a status of 500 () @ https://live-streaming-eta.vercel.app/api/thesportsdb?path=searchteams.php&t=Shamshad%20Eagles:0
[  280107ms] [ERROR] Failed to load resource: the server responded with a status of 500 () @ https://live-streaming-eta.vercel.app/api/thesportsdb?path=searchteams.php&t=Ceara:0
[  280107ms] [ERROR] Failed to load resource: the server responded with a status of 500 () @ https://live-streaming-eta.vercel.app/api/thesportsdb?path=searchteams.php&t=The%20Strongest:0
[  280108ms] [ERROR] Failed to load resource: the server responded with a status of 500 () @ https://live-streaming-eta.vercel.app/api/thesportsdb?path=searchteams.php&t=CA%20Banfield:0
[  280108ms] [ERROR] Failed to load resource: the server responded with a status of 500 () @ https://live-streaming-eta.vercel.app/api/thesportsdb?path=searchteams.php&t=Warwickshire%20Women:0
[  280109ms] [ERROR] Failed to load resource: the server responded with a status of 500 () @ https://live-streaming-eta.vercel.app/api/thesportsdb?path=searchteams.php&t=Surrey%20Women:0
[  280109ms] [ERROR] Failed to load resource: the server responded with a status of 500 () @ https://live-streaming-eta.vercel.app/api/thesportsdb?path=searchteams.php&t=Oriente%20Petrolero:0
[  280117ms] [ERROR] Failed to load resource: the server responded with a status of 500 () @ https://live-streaming-eta.vercel.app/api/thesportsdb?path=searchteams.php&t=Hampshire%20Women:0
[  280124ms] [ERROR] Failed to load resource: the server responded with a status of 500 () @ https://live-streaming-eta.vercel.app/api/thesportsdb?path=searchteams.php&t=Dindigul%20Dragons:0
[  280125ms] [ERROR] Failed to load resource: the server responded with a status of 500 () @ https://live-streaming-eta.vercel.app/api/thesportsdb?path=searchteams.php&t=Ferrocarril%20Midland:0
[  280125ms] [ERROR] Failed to load resource: the server responded with a status of 500 () @ https://live-streaming-eta.vercel.app/api/thesportsdb?path=searchteams.php&t=Jorhat%20Stallions:0
[  280125ms] [ERROR] Failed to load resource: the server responded with a status of 500 () @ https://live-streaming-eta.vercel.app/api/thesportsdb?path=searchteams.php&t=Eastern%20Suburbs%20Women:0
[  280125ms] [ERROR] Failed to load resource: the server responded with a status of 500 () @ https://live-streaming-eta.vercel.app/api/thesportsdb?path=searchteams.php&t=Esporte%20Clube%20Juventude:0
[  280126ms] [ERROR] Failed to load resource: the server responded with a status of 500 () @ https://live-streaming-eta.vercel.app/api/thesportsdb?path=searchteams.php&t=S%C3%A3o%20Paulo%20-%20SP:0
[  280126ms] [ERROR] Failed to load resource: the server responded with a status of 500 () @ https://live-streaming-eta.vercel.app/api/thesportsdb?path=searchteams.php&t=West%20Delhi%20Lions:0
[  280126ms] [ERROR] Failed to load resource: the server responded with a status of 500 () @ https://live-streaming-eta.vercel.app/api/thesportsdb?path=searchteams.php&t=Goias%20Esporte%20Clube:0
[  280126ms] [ERROR] Failed to load resource: the server responded with a status of 500 () @ https://live-streaming-eta.vercel.app/api/thesportsdb?path=searchteams.php&t=Yorkshire%20Women:0
[  280160ms] [ERROR] Failed to load resource: the server responded with a status of 500 () @ https://live-streaming-eta.vercel.app/api/thesportsdb?path=searchteams.php&t=CS%20Cartagines:0
[  280161ms] [ERROR] Failed to load resource: the server responded with a status of 500 () @ https://live-streaming-eta.vercel.app/api/thesportsdb?path=searchteams.php&t=Independiente%20del%20Valle:0
[  280161ms] [ERROR] Failed to load resource: the server responded with a status of 500 () @ https://live-streaming-eta.vercel.app/api/thesportsdb?path=searchteams.php&t=ABM%20Galaxy:0
[  280162ms] [ERROR] Failed to load resource: the server responded with a status of 500 () @ https://live-streaming-eta.vercel.app/api/thesportsdb?path=searchteams.php&t=New%20Delhi%20Tigers:0
[  280163ms] [ERROR] Failed to load resource: the server responded with a status of 500 () @ https://live-streaming-eta.vercel.app/api/thesportsdb?path=searchteams.php&t=Leganes%20B:0
[  280163ms] [ERROR] Failed to load resource: the server responded with a status of 500 () @ https://live-streaming-eta.vercel.app/api/thesportsdb?path=searchteams.php&t=Azul%20Claro%20Numazu:0
[  280164ms] [ERROR] Failed to load resource: the server responded with a status of 500 () @ https://live-streaming-eta.vercel.app/api/thesportsdb?path=searchteams.php&t=Xelaju%20MC:0
[  280164ms] [ERROR] Failed to load resource: the server responded with a status of 500 () @ https://live-streaming-eta.vercel.app/api/thesportsdb?path=searchteams.php&t=Lucknow%20Falcons:0
[  280165ms] [ERROR] Failed to load resource: the server responded with a status of 500 () @ https://live-streaming-eta.vercel.app/api/thesportsdb?path=searchteams.php&t=Lawsohtun%20SC:0
[  280165ms] [ERROR] Failed to load resource: the server responded with a status of 500 () @ https://live-streaming-eta.vercel.app/api/thesportsdb?path=searchteams.php&t=Ho%20Chi%20Minh%20City:0
[  280166ms] [ERROR] Failed to load resource: the server responded with a status of 500 () @ https://live-streaming-eta.vercel.app/api/thesportsdb?path=searchteams.php&t=Eagles%20Women:0
[  280167ms] [ERROR] Failed to load resource: the server responded with a status of 500 () @ https://live-streaming-eta.vercel.app/api/thesportsdb?path=searchteams.php&t=Sohryngkham:0
[  280168ms] [ERROR] Failed to load resource: the server responded with a status of 500 () @ https://live-streaming-eta.vercel.app/api/thesportsdb?path=searchteams.php&t=Mountaineers%20Women:0
[  280169ms] [ERROR] Failed to load resource: the server responded with a status of 500 () @ https://live-streaming-eta.vercel.app/api/thesportsdb?path=searchteams.php&t=Linense(BRA):0
[  280170ms] [ERROR] Failed to load resource: the server responded with a status of 500 () @ https://live-streaming-eta.vercel.app/api/thesportsdb?path=searchteams.php&t=Estudiantes%20La%20Plata:0
[  280170ms] [ERROR] Failed to load resource: the server responded with a status of 500 () @ https://live-streaming-eta.vercel.app/api/thesportsdb?path=searchteams.php&t=CS%20Herediano:0
[  280171ms] [ERROR] Failed to load resource: the server responded with a status of 500 () @ https://live-streaming-eta.vercel.app/api/thesportsdb?path=searchteams.php&t=Team%20x7lm7php1nxm2wd:0
[  280171ms] [ERROR] Failed to load resource: the server responded with a status of 500 () @ https://live-streaming-eta.vercel.app/api/thesportsdb?path=searchteams.php&t=Green%20Shield%20FC:0
[  280172ms] [ERROR] Failed to load resource: the server responded with a status of 500 () @ https://live-streaming-eta.vercel.app/api/thesportsdb?path=searchteams.php&t=South%20Delhi%20Superstarz:0
[  280172ms] [ERROR] Failed to load resource: the server responded with a status of 500 () @ https://live-streaming-eta.vercel.app/api/thesportsdb?path=searchteams.php&t=CE%20Europa:0
[  280173ms] [ERROR] Failed to load resource: the server responded with a status of 500 () @ https://live-streaming-eta.vercel.app/api/thesportsdb?path=searchteams.php&t=Barpeta%20Braves:0
[  280174ms] [ERROR] Failed to load resource: the server responded with a status of 500 () @ https://live-streaming-eta.vercel.app/api/thesportsdb?path=searchteams.php&t=North%20Delhi%20Strikers:0
[  280175ms] [ERROR] Failed to load resource: the server responded with a status of 500 () @ https://live-streaming-eta.vercel.app/api/thesportsdb?path=searchteams.php&t=Abasin%20Defenders:0
[  280175ms] [ERROR] Failed to load resource: the server responded with a status of 500 () @ https://live-streaming-eta.vercel.app/api/thesportsdb?path=searchteams.php&t=Brotherhood%20FC:0
[  280176ms] [ERROR] Failed to load resource: the server responded with a status of 500 () @ https://live-streaming-eta.vercel.app/api/thesportsdb?path=searchteams.php&t=Elche%20CF%20Ilicitano:0
[  280177ms] [ERROR] Failed to load resource: the server responded with a status of 500 () @ https://live-streaming-eta.vercel.app/api/thesportsdb?path=searchteams.php&t=Municipal%20Puente%20Alto%20U21:0
[  280178ms] [ERROR] Failed to load resource: the server responded with a status of 500 () @ https://live-streaming-eta.vercel.app/api/thesportsdb?path=searchteams.php&t=Rewa%20FC:0
[  280178ms] [ERROR] Failed to load resource: the server responded with a status of 500 () @ https://live-streaming-eta.vercel.app/api/thesportsdb?path=searchteams.php&t=Auckland%20United%20Women:0
[  280179ms] [ERROR] Failed to load resource: the server responded with a status of 500 () @ https://live-streaming-eta.vercel.app/api/thesportsdb?path=searchteams.php&t=Shanghai%20U17%20Women:0
[  280180ms] [ERROR] Failed to load resource: the server responded with a status of 500 () @ https://live-streaming-eta.vercel.app/api/thesportsdb?path=searchteams.php&t=Umlyngka:0
[  280180ms] [ERROR] Failed to load resource: the server responded with a status of 500 () @ https://live-streaming-eta.vercel.app/api/thesportsdb?path=searchteams.php&t=Arterivo%20Wakayama:0
[  280181ms] [ERROR] Failed to load resource: the server responded with a status of 500 () @ https://live-streaming-eta.vercel.app/api/thesportsdb?path=searchteams.php&t=CD%20Roda:0
[  280181ms] [ERROR] Failed to load resource: the server responded with a status of 500 () @ https://live-streaming-eta.vercel.app/api/thesportsdb?path=searchteams.php&t=UD%20Ibiza:0
[  280182ms] [ERROR] Failed to load resource: the server responded with a status of 500 () @ https://live-streaming-eta.vercel.app/api/thesportsdb?path=searchteams.php&t=Real%20Esteli:0
[  280183ms] [ERROR] Failed to load resource: the server responded with a status of 500 () @ https://live-streaming-eta.vercel.app/api/thesportsdb?path=searchteams.php&t=Bolivar:0
[  280186ms] [ERROR] Failed to load resource: the server responded with a status of 500 () @ https://live-streaming-eta.vercel.app/api/thesportsdb?path=searchteams.php&t=Deportes%20Tolima:0
[  280187ms] [ERROR] Failed to load resource: the server responded with a status of 500 () @ https://live-streaming-eta.vercel.app/api/thesportsdb?path=searchteams.php&t=Honiara%20City%20FC:0
[  280188ms] [ERROR] Failed to load resource: the server responded with a status of 500 () @ https://live-streaming-eta.vercel.app/api/thesportsdb?path=searchteams.php&t=Diriangen:0
[  280188ms] [ERROR] Failed to load resource: the server responded with a status of 500 () @ https://live-streaming-eta.vercel.app/api/thesportsdb?path=searchteams.php&t=Villarreal%20C:0
[  280188ms] [ERROR] Failed to load resource: the server responded with a status of 500 () @ https://live-streaming-eta.vercel.app/api/thesportsdb?path=searchteams.php&t=Arenas%20Club%20de%20Getxo:0
[  280189ms] [ERROR] Failed to load resource: the server responded with a status of 500 () @ https://live-streaming-eta.vercel.app/api/thesportsdb?path=searchteams.php&t=Univ%20Catolica:0
[  280189ms] [ERROR] Failed to load resource: the server responded with a status of 500 () @ https://live-streaming-eta.vercel.app/api/thesportsdb?path=searchteams.php&t=Naic%20Aces:0
[  280189ms] [ERROR] Failed to load resource: the server responded with a status of 500 () @ https://live-streaming-eta.vercel.app/api/thesportsdb?path=searchteams.php&t=Thunder%20El%20Salvador:0
[  280189ms] [ERROR] Failed to load resource: the server responded with a status of 500 () @ https://live-streaming-eta.vercel.app/api/thesportsdb?path=searchteams.php&t=Club%20Providencia%20U21:0
[  280190ms] [ERROR] Failed to load resource: the server responded with a status of 500 () @ https://live-streaming-eta.vercel.app/api/thesportsdb?path=searchteams.php&t=San%20Salvador%20U21:0
[  280190ms] [ERROR] Failed to load resource: the server responded with a status of 500 () @ https://live-streaming-eta.vercel.app/api/thesportsdb?path=searchteams.php&t=CD%20Dragon%20U21:0
[  280190ms] [ERROR] Failed to load resource: the server responded with a status of 500 () @ https://live-streaming-eta.vercel.app/api/thesportsdb?path=searchteams.php&t=Auckland%20City:0
[  280191ms] [ERROR] Failed to load resource: the server responded with a status of 500 () @ https://live-streaming-eta.vercel.app/api/thesportsdb?path=searchteams.php&t=Hankook%20Verdes:0
[  280241ms] [ERROR] Failed to load resource: the server responded with a status of 500 () @ https://live-streaming-eta.vercel.app/api/thesportsdb?path=searchteams.php&t=Tigres%20El%20Salvador%20U21:0
[  280241ms] [ERROR] Failed to load resource: the server responded with a status of 500 () @ https://live-streaming-eta.vercel.app/api/thesportsdb?path=searchteams.php&t=Arsenal%20U17%20Women:0
[  280242ms] [ERROR] Failed to load resource: the server responded with a status of 500 () @ https://live-streaming-eta.vercel.app/api/thesportsdb?path=searchteams.php&t=Paris%20FC%20U17%20Women:0
[  280242ms] [ERROR] Failed to load resource: the server responded with a status of 500 () @ https://live-streaming-eta.vercel.app/api/thesportsdb?path=searchteams.php&t=Seven%20Academy:0
[  280243ms] [ERROR] Failed to load resource: the server responded with a status of 500 () @ https://live-streaming-eta.vercel.app/api/thesportsdb?path=searchteams.php&t=Statham%20Academy:0
[  280243ms] [ERROR] Failed to load resource: the server responded with a status of 500 () @ https://live-streaming-eta.vercel.app/api/thesportsdb?path=searchteams.php&t=Strong%20Group%20Athletics:0
[  280244ms] [ERROR] Failed to load resource: the server responded with a status of 500 () @ https://live-streaming-eta.vercel.app/api/thesportsdb?path=searchteams.php&t=Dong%20Thap:0
[  280245ms] [ERROR] Failed to load resource: the server responded with a status of 500 () @ https://live-streaming-eta.vercel.app/api/thesportsdb?path=searchteams.php&t=New%20Lambton%20FC%20Women:0
[  280245ms] [ERROR] Failed to load resource: the server responded with a status of 500 () @ https://live-streaming-eta.vercel.app/api/thesportsdb?path=searchteams.php&t=Pahang%20U21%20(W):0
[  280245ms] [ERROR] Failed to load resource: the server responded with a status of 500 () @ https://live-streaming-eta.vercel.app/api/thesportsdb?path=searchteams.php&t=Perak%20U21%20(W):0
[  280245ms] [ERROR] Failed to load resource: the server responded with a status of 500 () @ https://live-streaming-eta.vercel.app/api/thesportsdb?path=searchteams.php&t=Sabah%20U21%20Women:0
[  280246ms] [ERROR] Failed to load resource: the server responded with a status of 500 () @ https://live-streaming-eta.vercel.app/api/thesportsdb?path=searchteams.php&t=Macau%20Black%20Knights:0
[  280248ms] [ERROR] Failed to load resource: the server responded with a status of 500 () @ https://live-streaming-eta.vercel.app/api/thesportsdb?path=searchteams.php&t=Shenzhen%20Leopards%20Reserves:0
[  280248ms] [ERROR] Failed to load resource: the server responded with a status of 500 () @ https://live-streaming-eta.vercel.app/api/thesportsdb?path=searchteams.php&t=Adamstown%20Rosebud%20Women:0
[  280249ms] [ERROR] Failed to load resource: the server responded with a status of 500 () @ https://live-streaming-eta.vercel.app/api/thesportsdb?path=searchteams.php&t=Chinese%20Taipei%20Blue:0
[  280249ms] [ERROR] Failed to load resource: the server responded with a status of 500 () @ https://live-streaming-eta.vercel.app/api/thesportsdb?path=searchteams.php&t=Sarawak%20U21:0
[  280249ms] [ERROR] Failed to load resource: the server responded with a status of 500 () @ https://live-streaming-eta.vercel.app/api/thesportsdb?path=searchteams.php&t=Jordan:0
[  280250ms] [ERROR] Failed to load resource: the server responded with a status of 500 () @ https://live-streaming-eta.vercel.app/api/thesportsdb?path=searchteams.php&t=Brujos%20Izalco%20U21:0
[  280250ms] [ERROR] Failed to load resource: the server responded with a status of 500 () @ https://live-streaming-eta.vercel.app/api/thesportsdb?path=searchteams.php&t=Pulau%20Pinang%20U21:0
[  280251ms] [ERROR] Failed to load resource: the server responded with a status of 500 () @ https://live-streaming-eta.vercel.app/api/thesportsdb?path=searchteams.php&t=Nihon%20Tengu:0
[  280252ms] [ERROR] Failed to load resource: the server responded with a status of 500 () @ https://live-streaming-eta.vercel.app/api/thesportsdb?path=searchteams.php&t=Taiwan%20Beer:0
[  280252ms] [ERROR] Failed to load resource: the server responded with a status of 500 () @ https://live-streaming-eta.vercel.app/api/thesportsdb?path=searchteams.php&t=BC%20Costa%20Rica:0
[  280253ms] [ERROR] Failed to load resource: the server responded with a status of 500 () @ https://live-streaming-eta.vercel.app/api/thesportsdb?path=searchteams.php&t=Boys%20Club:0
[  280254ms] [ERROR] Failed to load resource: the server responded with a status of 500 () @ https://live-streaming-eta.vercel.app/api/thesportsdb?path=searchteams.php&t=Turkey%20U16%20Women:0
[  280254ms] [ERROR] Failed to load resource: the server responded with a status of 500 () @ https://live-streaming-eta.vercel.app/api/thesportsdb?path=searchteams.php&t=Learner%20Tien:0
[  280255ms] [ERROR] Failed to load resource: the server responded with a status of 500 () @ https://live-streaming-eta.vercel.app/api/thesportsdb?path=searchteams.php&t=Iva%20Jovic:0
[  280255ms] [ERROR] Failed to load resource: the server responded with a status of 500 () @ https://live-streaming-eta.vercel.app/api/thesportsdb?path=searchteams.php&t=Sichuan%20Blue%20Whales%20Reserves:0
[  280255ms] [ERROR] Failed to load resource: the server responded with a status of 500 () @ https://live-streaming-eta.vercel.app/api/thesportsdb?path=searchteams.php&t=Bulldogs:0
[  280256ms] [ERROR] Failed to load resource: the server responded with a status of 500 () @ https://live-streaming-eta.vercel.app/api/thesportsdb?path=searchteams.php&t=Johor%20U21%20Women:0
[  280256ms] [ERROR] Failed to load resource: the server responded with a status of 500 () @ https://live-streaming-eta.vercel.app/api/thesportsdb?path=searchteams.php&t=Edward%20Winter:0
[  280257ms] [ERROR] Failed to load resource: the server responded with a status of 500 () @ https://live-streaming-eta.vercel.app/api/thesportsdb?path=searchteams.php&t=Laslo%20Djere:0
[  280257ms] [ERROR] Failed to load resource: the server responded with a status of 500 () @ https://live-streaming-eta.vercel.app/api/thesportsdb?path=searchteams.php&t=Johor%20U21:0
[  280257ms] [ERROR] Failed to load resource: the server responded with a status of 500 () @ https://live-streaming-eta.vercel.app/api/thesportsdb?path=searchteams.php&t=Auckland%20United:0
[  280258ms] [ERROR] Failed to load resource: the server responded with a status of 500 () @ https://live-streaming-eta.vercel.app/api/thesportsdb?path=searchteams.php&t=Italy%20U16%20Women:0
[  280258ms] [ERROR] Failed to load resource: the server responded with a status of 500 () @ https://live-streaming-eta.vercel.app/api/thesportsdb?path=searchteams.php&t=Croatia%20U16%20Women:0
[  280258ms] [ERROR] Failed to load resource: the server responded with a status of 500 () @ https://live-streaming-eta.vercel.app/api/thesportsdb?path=searchteams.php&t=Germany%20U16%20Women:0
[  280258ms] [ERROR] Failed to load resource: the server responded with a status of 500 () @ https://live-streaming-eta.vercel.app/api/thesportsdb?path=searchteams.php&t=Alejandro%20Moro%20Canas:0
[  280259ms] [ERROR] Failed to load resource: the server responded with a status of 500 () @ https://live-streaming-eta.vercel.app/api/thesportsdb?path=searchteams.php&t=FinlandU16%20Women:0
[  280259ms] [ERROR] Failed to load resource: the server responded with a status of 500 () @ https://live-streaming-eta.vercel.app/api/thesportsdb?path=searchteams.php&t=Slovenia%20U16%20Women:0
[  280259ms] [ERROR] Failed to load resource: the server responded with a status of 500 () @ https://live-streaming-eta.vercel.app/api/thesportsdb?path=searchteams.php&t=Frances%20Tiafoe:0
[  280260ms] [ERROR] Failed to load resource: the server responded with a status of 500 () @ https://live-streaming-eta.vercel.app/api/thesportsdb?path=searchteams.php&t=Bulgaria%20U16%20Women:0
[  280260ms] [ERROR] Failed to load resource: the server responded with a status of 500 () @ https://live-streaming-eta.vercel.app/api/thesportsdb?path=searchteams.php&t=Sarawak%20U21%20Women:0
[  280260ms] [ERROR] Failed to load resource: the server responded with a status of 500 () @ https://live-streaming-eta.vercel.app/api/thesportsdb?path=searchteams.php&t=Eric%20Tripathi:0
[  280260ms] [ERROR] Failed to load resource: the server responded with a status of 500 () @ https://live-streaming-eta.vercel.app/api/thesportsdb?path=searchteams.php&t=John%20Chin:0
[  280261ms] [ERROR] Failed to load resource: the server responded with a status of 500 () @ https://live-streaming-eta.vercel.app/api/thesportsdb?path=searchteams.php&t=Justin%20Boulais:0
[  280261ms] [ERROR] Failed to load resource: the server responded with a status of 500 () @ https://live-streaming-eta.vercel.app/api/thesportsdb?path=searchteams.php&t=Benjamin%20Bonzi:0
[  280261ms] [ERROR] Failed to load resource: the server responded with a status of 500 () @ https://live-streaming-eta.vercel.app/api/thesportsdb?path=searchteams.php&t=Pahang%20U21:0
[  280262ms] [ERROR] Failed to load resource: the server responded with a status of 500 () @ https://live-streaming-eta.vercel.app/api/thesportsdb?path=searchteams.php&t=Marie%20Bouzkova:0
[  280262ms] [ERROR] Failed to load resource: the server responded with a status of 500 () @ https://live-streaming-eta.vercel.app/api/thesportsdb?path=searchteams.php&t=Lloyd%20Harris:0
[  280263ms] [ERROR] Failed to load resource: the server responded with a status of 500 () @ https://live-streaming-eta.vercel.app/api/thesportsdb?path=searchteams.php&t=Austria%20U16%20Women:0
[  280263ms] [ERROR] Failed to load resource: the server responded with a status of 500 () @ https://live-streaming-eta.vercel.app/api/thesportsdb?path=searchteams.php&t=France%20U16%20Women:0
[  280279ms] [ERROR] Failed to load resource: the server responded with a status of 500 () @ https://live-streaming-eta.vercel.app/api/thesportsdb?path=searchteams.php&t=Poland%20U16%20Women:0
[  280279ms] [ERROR] Failed to load resource: the server responded with a status of 500 () @ https://live-streaming-eta.vercel.app/api/thesportsdb?path=searchteams.php&t=Perak%20U21:0
[  280280ms] [ERROR] Failed to load resource: the server responded with a status of 500 () @ https://live-streaming-eta.vercel.app/api/thesportsdb?path=searchteams.php&t=Chinese%20Taipei%20White:0
[  280280ms] [ERROR] Failed to load resource: the server responded with a status of 500 () @ https://live-streaming-eta.vercel.app/api/thesportsdb?path=searchteams.php&t=Cougars%20U21:0
[  280306ms] [ERROR] Failed to load resource: the server responded with a status of 500 () @ https://live-streaming-eta.vercel.app/api/thesportsdb?path=searchteams.php&t=Atletico%20Marbella:0
[  280306ms] [ERROR] Failed to load resource: the server responded with a status of 500 () @ https://live-streaming-eta.vercel.app/api/thesportsdb?path=searchteams.php&t=Gent:0
[  280307ms] [ERROR] Failed to load resource: the server responded with a status of 500 () @ https://live-streaming-eta.vercel.app/api/thesportsdb?path=searchteams.php&t=CD%20Toledo:0
[  280307ms] [ERROR] Failed to load resource: the server responded with a status of 500 () @ https://live-streaming-eta.vercel.app/api/thesportsdb?path=searchteams.php&t=Alec%20Braund:0
[  280307ms] [ERROR] Failed to load resource: the server responded with a status of 500 () @ https://live-streaming-eta.vercel.app/api/thesportsdb?path=searchteams.php&t=Deportes%20Quindio:0
[  280308ms] [ERROR] Failed to load resource: the server responded with a status of 500 () @ https://live-streaming-eta.vercel.app/api/thesportsdb?path=searchteams.php&t=Nautico%20(PE):0
[  280308ms] [ERROR] Failed to load resource: the server responded with a status of 500 () @ https://live-streaming-eta.vercel.app/api/thesportsdb?path=searchteams.php&t=Fencibles%20United:0
[  280309ms] [ERROR] Failed to load resource: the server responded with a status of 500 () @ https://live-streaming-eta.vercel.app/api/thesportsdb?path=searchteams.php&t=Central%20Coast%20Football%20Club:0
[  280314ms] [ERROR] Failed to load resource: the server responded with a status of 500 () @ https://live-streaming-eta.vercel.app/api/thesportsdb?path=searchteams.php&t=St.%20Mary%27s%20College%20(CA):0
[  280316ms] [ERROR] Failed to load resource: the server responded with a status of 500 () @ https://live-streaming-eta.vercel.app/api/thesportsdb?path=searchteams.php&t=Gauthier%20Onclin:0
[  280317ms] [ERROR] Failed to load resource: the server responded with a status of 500 () @ https://live-streaming-eta.vercel.app/api/thesportsdb?path=searchteams.php&t=Pulau%20Pinang%20U21%20Women:0
[  280321ms] [ERROR] Failed to load resource: the server responded with a status of 500 () @ https://live-streaming-eta.vercel.app/api/thesportsdb?path=searchteams.php&t=Rio%20Noguchi:0
[  280323ms] [ERROR] Failed to load resource: the server responded with a status of 500 () @ https://live-streaming-eta.vercel.app/api/thesportsdb?path=searchteams.php&t=Real%20Sociedad%20U17%20Women:0
[  280326ms] [ERROR] Failed to load resource: the server responded with a status of 500 () @ https://live-streaming-eta.vercel.app/api/thesportsdb?path=searchteams.php&t=Hong%20Seong-chan:0
[  280327ms] [ERROR] Failed to load resource: the server responded with a status of 500 () @ https://live-streaming-eta.vercel.app/api/thesportsdb?path=searchteams.php&t=Francisco%20Comesana:0
[  280328ms] [ERROR] Failed to load resource: the server responded with a status of 500 () @ https://live-streaming-eta.vercel.app/api/thesportsdb?path=searchteams.php&t=R16P8:0
[  280328ms] [ERROR] Failed to load resource: the server responded with a status of 500 () @ https://live-streaming-eta.vercel.app/api/thesportsdb?path=searchteams.php&t=Pablo%20Llamas%20Ruiz:0
[  280331ms] [ERROR] Failed to load resource: the server responded with a status of 500 () @ https://live-streaming-eta.vercel.app/api/thesportsdb?path=searchteams.php&t=R16P7:0
[  280333ms] [ERROR] Failed to load resource: the server responded with a status of 500 () @ https://live-streaming-eta.vercel.app/api/thesportsdb?path=searchteams.php&t=R16P15:0
[  280334ms] [ERROR] Failed to load resource: the server responded with a status of 500 () @ https://live-streaming-eta.vercel.app/api/thesportsdb?path=searchteams.php&t=Qf3:0
[  280334ms] [ERROR] Failed to load resource: the server responded with a status of 500 () @ https://live-streaming-eta.vercel.app/api/thesportsdb?path=searchteams.php&t=Qf6:0
[  280339ms] [ERROR] Failed to load resource: the server responded with a status of 500 () @ https://live-streaming-eta.vercel.app/api/thesportsdb?path=searchteams.php&t=Qf2:0
[  280340ms] [ERROR] Failed to load resource: the server responded with a status of 500 () @ https://live-streaming-eta.vercel.app/api/thesportsdb?path=searchteams.php&t=Luca%20Staeheli:0
[  280341ms] [ERROR] Failed to load resource: the server responded with a status of 500 () @ https://live-streaming-eta.vercel.app/api/thesportsdb?path=searchteams.php&t=R16P1:0
[  280343ms] [ERROR] Failed to load resource: the server responded with a status of 500 () @ https://live-streaming-eta.vercel.app/api/thesportsdb?path=searchteams.php&t=Alan%20Magadan:0
[  280344ms] [ERROR] Failed to load resource: the server responded with a status of 500 () @ https://live-streaming-eta.vercel.app/api/thesportsdb?path=searchteams.php&t=Qf1:0
[  280345ms] [ERROR] Failed to load resource: the server responded with a status of 500 () @ https://live-streaming-eta.vercel.app/api/thesportsdb?path=searchteams.php&t=Tommaso%20Compagnucci:0
[  280355ms] [ERROR] Failed to load resource: the server responded with a status of 500 () @ https://live-streaming-eta.vercel.app/api/thesportsdb?path=searchteams.php&t=R16P5:0
[  280356ms] [ERROR] Failed to load resource: the server responded with a status of 500 () @ https://live-streaming-eta.vercel.app/api/thesportsdb?path=searchteams.php&t=R16P16:0
[  280357ms] [ERROR] Failed to load resource: the server responded with a status of 500 () @ https://live-streaming-eta.vercel.app/api/thesportsdb?path=searchteams.php&t=Qf4:0
[  280357ms] [ERROR] Failed to load resource: the server responded with a status of 500 () @ https://live-streaming-eta.vercel.app/api/thesportsdb?path=searchteams.php&t=Ryan%20Nijboer:0
[  280357ms] [ERROR] Failed to load resource: the server responded with a status of 500 () @ https://live-streaming-eta.vercel.app/api/thesportsdb?path=searchteams.php&t=R16P4:0
[  280358ms] [ERROR] Failed to load resource: the server responded with a status of 500 () @ https://live-streaming-eta.vercel.app/api/thesportsdb?path=searchteams.php&t=Qf7:0
[  280364ms] [ERROR] Failed to load resource: the server responded with a status of 500 () @ https://live-streaming-eta.vercel.app/api/thesportsdb?path=searchteams.php&t=Japan%20Jones%20Team:0
[  280364ms] [ERROR] Failed to load resource: the server responded with a status of 500 () @ https://live-streaming-eta.vercel.app/api/thesportsdb?path=searchteams.php&t=Henrique%20Rocha:0
[  280370ms] [ERROR] Failed to load resource: the server responded with a status of 500 () @ https://live-streaming-eta.vercel.app/api/thesportsdb?path=searchteams.php&t=Qf5:0
[  280370ms] [ERROR] Failed to load resource: the server responded with a status of 500 () @ https://live-streaming-eta.vercel.app/api/thesportsdb?path=searchteams.php&t=R16P3:0
[  280371ms] [ERROR] Failed to load resource: the server responded with a status of 500 () @ https://live-streaming-eta.vercel.app/api/thesportsdb?path=searchteams.php&t=R16P11:0
[  280371ms] [ERROR] Failed to load resource: the server responded with a status of 500 () @ https://live-streaming-eta.vercel.app/api/thesportsdb?path=searchteams.php&t=Qf8:0
[  280372ms] [ERROR] Failed to load resource: the server responded with a status of 500 () @ https://live-streaming-eta.vercel.app/api/thesportsdb?path=searchteams.php&t=Juan%20Manuel%20La%20Serna:0
[  280372ms] [ERROR] Failed to load resource: the server responded with a status of 500 () @ https://live-streaming-eta.vercel.app/api/thesportsdb?path=searchteams.php&t=R16P6:0
[  280373ms] [ERROR] Failed to load resource: the server responded with a status of 500 () @ https://live-streaming-eta.vercel.app/api/thesportsdb?path=searchteams.php&t=R16P2:0
[  280379ms] [ERROR] Failed to load resource: the server responded with a status of 500 () @ https://live-streaming-eta.vercel.app/api/thesportsdb?path=searchteams.php&t=R16P10:0
[  280379ms] [ERROR] Failed to load resource: the server responded with a status of 500 () @ https://live-streaming-eta.vercel.app/api/thesportsdb?path=searchteams.php&t=R16P12:0
[  280380ms] [ERROR] Failed to load resource: the server responded with a status of 500 () @ https://live-streaming-eta.vercel.app/api/thesportsdb?path=searchteams.php&t=Nejapa%20U21:0
[  280402ms] [ERROR] Failed to load resource: the server responded with a status of 500 () @ https://live-streaming-eta.vercel.app/api/thesportsdb?path=searchteams.php&t=Wilayah%20Persekutuan%20U21:0
[  280538ms] [ERROR] Failed to load resource: the server responded with a status of 500 () @ https://live-streaming-eta.vercel.app/api/thesportsdb?path=searchteams.php&t=R16P9:0
[  280633ms] [LOG] 🚀 Live Streaming initialized @ https://live-streaming-eta.vercel.app/js/app.js?v=8:212
[  282638ms] [LOG] 📅 Schedule agent: fetching next 60 days... @ https://live-streaming-eta.vercel.app/js/api.js?v=7:342
[  282641ms] [LOG] 🌐 Fetching football... @ https://live-streaming-eta.vercel.app/js/api.js?v=7:467
[  282642ms] [LOG] 🌐 Fetching cricket... @ https://live-streaming-eta.vercel.app/js/api.js?v=7:467
[  282644ms] [LOG] 🌐 Fetching basketball... @ https://live-streaming-eta.vercel.app/js/api.js?v=7:467
[  282645ms] [LOG] 🌐 Fetching tennis... @ https://live-streaming-eta.vercel.app/js/api.js?v=7:467
[  282645ms] [LOG] 🌐 Fetching mma... @ https://live-streaming-eta.vercel.app/js/api.js?v=7:467
[  282646ms] [LOG] 🌐 Fetching ufc... @ https://live-streaming-eta.vercel.app/js/api.js?v=7:467
[  282648ms] [LOG] 🌐 Fetching football... @ https://live-streaming-eta.vercel.app/js/api.js?v=7:467
[  282648ms] [LOG] 🌐 Fetching cricket... @ https://live-streaming-eta.vercel.app/js/api.js?v=7:467
[  282650ms] [LOG] 🌐 Fetching basketball... @ https://live-streaming-eta.vercel.app/js/api.js?v=7:467
[  282650ms] [LOG] 🌐 Fetching tennis... @ https://live-streaming-eta.vercel.app/js/api.js?v=7:467
[  282651ms] [LOG] 🌐 Fetching mma... @ https://live-streaming-eta.vercel.app/js/api.js?v=7:467
[  282653ms] [LOG] 🌐 Fetching ufc... @ https://live-streaming-eta.vercel.app/js/api.js?v=7:467
[  282655ms] [LOG] 🌐 Fetching football... @ https://live-streaming-eta.vercel.app/js/api.js?v=7:467
[  282659ms] [LOG] 🌐 Fetching cricket... @ https://live-streaming-eta.vercel.app/js/api.js?v=7:467
[  282661ms] [LOG] 🌐 Fetching basketball... @ https://live-streaming-eta.vercel.app/js/api.js?v=7:467
[  282663ms] [LOG] 🌐 Fetching tennis... @ https://live-streaming-eta.vercel.app/js/api.js?v=7:467
[  282664ms] [LOG] 🌐 Fetching mma... @ https://live-streaming-eta.vercel.app/js/api.js?v=7:467
[  282665ms] [LOG] 🌐 Fetching ufc... @ https://live-streaming-eta.vercel.app/js/api.js?v=7:467
[  282666ms] [LOG] 🌐 Fetching football... @ https://live-streaming-eta.vercel.app/js/api.js?v=7:467
[  282667ms] [LOG] 🌐 Fetching cricket... @ https://live-streaming-eta.vercel.app/js/api.js?v=7:467
[  282667ms] [LOG] 🌐 Fetching basketball... @ https://live-streaming-eta.vercel.app/js/api.js?v=7:467
[  282668ms] [LOG] 🌐 Fetching tennis... @ https://live-streaming-eta.vercel.app/js/api.js?v=7:467
[  282669ms] [LOG] 🌐 Fetching mma... @ https://live-streaming-eta.vercel.app/js/api.js?v=7:467
[  282670ms] [LOG] 🌐 Fetching ufc... @ https://live-streaming-eta.vercel.app/js/api.js?v=7:467
[  282671ms] [LOG] 🌐 Fetching football... @ https://live-streaming-eta.vercel.app/js/api.js?v=7:467
[  282671ms] [LOG] 🌐 Fetching cricket... @ https://live-streaming-eta.vercel.app/js/api.js?v=7:467
[  282672ms] [LOG] 🌐 Fetching basketball... @ https://live-streaming-eta.vercel.app/js/api.js?v=7:467
[  282673ms] [LOG] 🌐 Fetching tennis... @ https://live-streaming-eta.vercel.app/js/api.js?v=7:467
[  282673ms] [LOG] 🌐 Fetching mma... @ https://live-streaming-eta.vercel.app/js/api.js?v=7:467
[  282674ms] [LOG] 🌐 Fetching ufc... @ https://live-streaming-eta.vercel.app/js/api.js?v=7:467
[  283032ms] [ERROR] Failed to load resource: the server responded with a status of 400 () @ https://sportscore.com/api/widget/matches/?sport=ufc&limit=30:0
[  283033ms] [LOG] ℹ️ ufc not available from SportScore API @ https://live-streaming-eta.vercel.app/js/api.js?v=7:471
[  283034ms] [ERROR] Failed to load resource: the server responded with a status of 400 () @ https://sportscore.com/api/widget/matches/?sport=mma&limit=30:0
[  283034ms] [LOG] ℹ️ mma not available from SportScore API @ https://live-streaming-eta.vercel.app/js/api.js?v=7:471
[  283228ms] [ERROR] Failed to load resource: the server responded with a status of 400 () @ https://sportscore.com/api/widget/matches/?sport=ufc&limit=30:0
[  283229ms] [LOG] ℹ️ ufc not available from SportScore API @ https://live-streaming-eta.vercel.app/js/api.js?v=7:471
[  283235ms] [ERROR] Failed to load resource: the server responded with a status of 400 () @ https://sportscore.com/api/widget/matches/?sport=mma&limit=30:0
[  283236ms] [LOG] ℹ️ mma not available from SportScore API @ https://live-streaming-eta.vercel.app/js/api.js?v=7:471
[  283429ms] [ERROR] Failed to load resource: the server responded with a status of 400 () @ https://sportscore.com/api/widget/matches/?sport=ufc&limit=30:0
[  283429ms] [LOG] ℹ️ ufc not available from SportScore API @ https://live-streaming-eta.vercel.app/js/api.js?v=7:471
[  283436ms] [ERROR] Failed to load resource: the server responded with a status of 400 () @ https://sportscore.com/api/widget/matches/?sport=mma&limit=30:0
[  283436ms] [LOG] ℹ️ mma not available from SportScore API @ https://live-streaming-eta.vercel.app/js/api.js?v=7:471
[  283642ms] [ERROR] Failed to load resource: the server responded with a status of 400 () @ https://sportscore.com/api/widget/matches/?sport=ufc&limit=30:0
[  283642ms] [LOG] ℹ️ ufc not available from SportScore API @ https://live-streaming-eta.vercel.app/js/api.js?v=7:471
[  283708ms] [ERROR] Failed to load resource: the server responded with a status of 400 () @ https://sportscore.com/api/widget/matches/?sport=mma&limit=30:0
[  283708ms] [LOG] ℹ️ mma not available from SportScore API @ https://live-streaming-eta.vercel.app/js/api.js?v=7:471
[  283838ms] [ERROR] Failed to load resource: the server responded with a status of 400 () @ https://sportscore.com/api/widget/matches/?sport=ufc&limit=30:0
[  283838ms] [LOG] ℹ️ ufc not available from SportScore API @ https://live-streaming-eta.vercel.app/js/api.js?v=7:471
[  284080ms] [ERROR] Failed to load resource: the server responded with a status of 400 () @ https://sportscore.com/api/widget/matches/?sport=mma&limit=30:0
[  284080ms] [LOG] ℹ️ mma not available from SportScore API @ https://live-streaming-eta.vercel.app/js/api.js?v=7:471
[  284462ms] [LOG] 🔄 Live Agent: refreshing scores... @ https://live-streaming-eta.vercel.app/js/app.js?v=8:906
[  284462ms] [LOG] 🌐 Fetching football... @ https://live-streaming-eta.vercel.app/js/api.js?v=7:467
[  284463ms] [LOG] 🌐 Fetching cricket... @ https://live-streaming-eta.vercel.app/js/api.js?v=7:467
[  284465ms] [LOG] 🌐 Fetching basketball... @ https://live-streaming-eta.vercel.app/js/api.js?v=7:467
[  284467ms] [LOG] 🌐 Fetching tennis... @ https://live-streaming-eta.vercel.app/js/api.js?v=7:467
[  284469ms] [LOG] 🌐 Fetching mma... @ https://live-streaming-eta.vercel.app/js/api.js?v=7:467
[  284470ms] [LOG] 🌐 Fetching ufc... @ https://live-streaming-eta.vercel.app/js/api.js?v=7:467
[  284490ms] [LOG] ✅ ESPN Cricket: 23 matches from 9 series @ https://live-streaming-eta.vercel.app/js/api.js?v=7:1233
[  284773ms] [ERROR] Failed to load resource: the server responded with a status of 502 () @ https://live-streaming-eta.vercel.app/api/google-cricket:0
[  284773ms] [LOG] ⚠️ Google Cricket failed: Google Cricket HTTP 502 @ https://live-streaming-eta.vercel.app/js/api.js?v=7:1331
[  285229ms] [ERROR] Failed to load resource: the server responded with a status of 400 () @ https://sportscore.com/api/widget/matches/?sport=mma&limit=30:0
[  285229ms] [LOG] ℹ️ mma not available from SportScore API @ https://live-streaming-eta.vercel.app/js/api.js?v=7:471
[  285237ms] [ERROR] Failed to load resource: the server responded with a status of 400 () @ https://sportscore.com/api/widget/matches/?sport=ufc&limit=30:0
[  285237ms] [LOG] ℹ️ ufc not available from SportScore API @ https://live-streaming-eta.vercel.app/js/api.js?v=7:471
[  285244ms] [LOG] ✅ Live Agent: refresh complete @ https://live-streaming-eta.vercel.app/js/app.js?v=8:973
[  289045ms] [LOG] ℹ️ NFL season type 1 failed: signal timed out @ https://live-streaming-eta.vercel.app/js/api.js?v=7:1411
[  289246ms] [LOG] ℹ️ NFL season type 1 failed: signal timed out @ https://live-streaming-eta.vercel.app/js/api.js?v=7:1411
[  289446ms] [LOG] ℹ️ NFL season type 1 failed: signal timed out @ https://live-streaming-eta.vercel.app/js/api.js?v=7:1411
[  289448ms] [LOG] 🔄 Live Agent: refreshing scores... @ https://live-streaming-eta.vercel.app/js/app.js?v=8:906
[  289448ms] [LOG] 🌐 Fetching football... @ https://live-streaming-eta.vercel.app/js/api.js?v=7:467
[  289449ms] [LOG] 🌐 Fetching cricket... @ https://live-streaming-eta.vercel.app/js/api.js?v=7:467
[  289450ms] [LOG] 🌐 Fetching basketball... @ https://live-streaming-eta.vercel.app/js/api.js?v=7:467
[  289451ms] [LOG] 🌐 Fetching tennis... @ https://live-streaming-eta.vercel.app/js/api.js?v=7:467
[  289452ms] [LOG] 🌐 Fetching mma... @ https://live-streaming-eta.vercel.app/js/api.js?v=7:467
[  289453ms] [LOG] 🌐 Fetching ufc... @ https://live-streaming-eta.vercel.app/js/api.js?v=7:467
[  289658ms] [ERROR] Failed to load resource: the server responded with a status of 400 () @ https://sportscore.com/api/widget/matches/?sport=mma&limit=30:0
[  289659ms] [LOG] ℹ️ mma not available from SportScore API @ https://live-streaming-eta.vercel.app/js/api.js?v=7:471
[  289660ms] [ERROR] Failed to load resource: the server responded with a status of 400 () @ https://sportscore.com/api/widget/matches/?sport=ufc&limit=30:0
[  289661ms] [LOG] ℹ️ ufc not available from SportScore API @ https://live-streaming-eta.vercel.app/js/api.js?v=7:471
[  289712ms] [LOG] ℹ️ NFL season type 1 failed: signal timed out @ https://live-streaming-eta.vercel.app/js/api.js?v=7:1411
[  289847ms] [ERROR] Failed to load resource: the server responded with a status of 502 () @ https://live-streaming-eta.vercel.app/api/google-cricket:0
[  289848ms] [LOG] ⚠️ Google Cricket failed: Google Cricket HTTP 502 @ https://live-streaming-eta.vercel.app/js/api.js?v=7:1331
[  289864ms] [LOG] ✅ ESPN Cricket: 23 matches from 9 series @ https://live-streaming-eta.vercel.app/js/api.js?v=7:1233
[  289872ms] [LOG] ✅ Live Agent: refresh complete @ https://live-streaming-eta.vercel.app/js/app.js?v=8:973
[  290082ms] [LOG] ℹ️ NFL season type 1 failed: signal timed out @ https://live-streaming-eta.vercel.app/js/api.js?v=7:1411
[  294447ms] [LOG] 🔄 Live Agent: refreshing scores... @ https://live-streaming-eta.vercel.app/js/app.js?v=8:906
[  294447ms] [LOG] 🌐 Fetching football... @ https://live-streaming-eta.vercel.app/js/api.js?v=7:467
[  294449ms] [LOG] 🌐 Fetching cricket... @ https://live-streaming-eta.vercel.app/js/api.js?v=7:467
[  294450ms] [LOG] 🌐 Fetching basketball... @ https://live-streaming-eta.vercel.app/js/api.js?v=7:467
[  294451ms] [LOG] 🌐 Fetching tennis... @ https://live-streaming-eta.vercel.app/js/api.js?v=7:467
[  294452ms] [LOG] 🌐 Fetching mma... @ https://live-streaming-eta.vercel.app/js/api.js?v=7:467
[  294453ms] [LOG] 🌐 Fetching ufc... @ https://live-streaming-eta.vercel.app/js/api.js?v=7:467
[  294480ms] [LOG] ✅ ESPN Cricket: 23 matches from 9 series @ https://live-streaming-eta.vercel.app/js/api.js?v=7:1233
[  294814ms] [ERROR] Failed to load resource: the server responded with a status of 502 () @ https://live-streaming-eta.vercel.app/api/google-cricket:0
[  294815ms] [LOG] ⚠️ Google Cricket failed: Google Cricket HTTP 502 @ https://live-streaming-eta.vercel.app/js/api.js?v=7:1331
[  295057ms] [LOG] ℹ️ NFL season type 2 failed: signal timed out @ https://live-streaming-eta.vercel.app/js/api.js?v=7:1411
[  295258ms] [LOG] ℹ️ NFL season type 2 failed: signal timed out @ https://live-streaming-eta.vercel.app/js/api.js?v=7:1411
[  295455ms] [LOG] ℹ️ NFL season type 2 failed: signal timed out @ https://live-streaming-eta.vercel.app/js/api.js?v=7:1411
[  295613ms] [ERROR] Failed to load resource: the server responded with a status of 400 () @ https://sportscore.com/api/widget/matches/?sport=mma&limit=30:0
[  295614ms] [LOG] ℹ️ mma not available from SportScore API @ https://live-streaming-eta.vercel.app/js/api.js?v=7:471
[  295614ms] [ERROR] Failed to load resource: the server responded with a status of 400 () @ https://sportscore.com/api/widget/matches/?sport=ufc&limit=30:0
[  295615ms] [LOG] ℹ️ ufc not available from SportScore API @ https://live-streaming-eta.vercel.app/js/api.js?v=7:471
[  295622ms] [LOG] ✅ Live Agent: refresh complete @ https://live-streaming-eta.vercel.app/js/app.js?v=8:973
[  295713ms] [LOG] ℹ️ NFL season type 2 failed: signal timed out @ https://live-streaming-eta.vercel.app/js/api.js?v=7:1411
[  296091ms] [LOG] ℹ️ NFL season type 2 failed: signal timed out @ https://live-streaming-eta.vercel.app/js/api.js?v=7:1411
[  299451ms] [LOG] 🔄 Live Agent: refreshing scores... @ https://live-streaming-eta.vercel.app/js/app.js?v=8:906
[  299452ms] [LOG] 🌐 Fetching football... @ https://live-streaming-eta.vercel.app/js/api.js?v=7:467
[  299452ms] [LOG] 🌐 Fetching cricket... @ https://live-streaming-eta.vercel.app/js/api.js?v=7:467
[  299454ms] [LOG] 🌐 Fetching basketball... @ https://live-streaming-eta.vercel.app/js/api.js?v=7:467
[  299454ms] [LOG] 🌐 Fetching tennis... @ https://live-streaming-eta.vercel.app/js/api.js?v=7:467
[  299455ms] [LOG] 🌐 Fetching mma... @ https://live-streaming-eta.vercel.app/js/api.js?v=7:467
[  299455ms] [LOG] 🌐 Fetching ufc... @ https://live-streaming-eta.vercel.app/js/api.js?v=7:467
[  299661ms] [ERROR] Failed to load resource: the server responded with a status of 400 () @ https://sportscore.com/api/widget/matches/?sport=mma&limit=30:0
[  299661ms] [LOG] ℹ️ mma not available from SportScore API @ https://live-streaming-eta.vercel.app/js/api.js?v=7:471
[  299666ms] [ERROR] Failed to load resource: the server responded with a status of 400 () @ https://sportscore.com/api/widget/matches/?sport=ufc&limit=30:0
[  299666ms] [LOG] ℹ️ ufc not available from SportScore API @ https://live-streaming-eta.vercel.app/js/api.js?v=7:471
[  299782ms] [ERROR] Failed to load resource: the server responded with a status of 502 () @ https://live-streaming-eta.vercel.app/api/google-cricket:0
[  299782ms] [LOG] ⚠️ Google Cricket failed: Google Cricket HTTP 502 @ https://live-streaming-eta.vercel.app/js/api.js?v=7:1331
[  299863ms] [LOG] ✅ ESPN Cricket: 23 matches from 9 series @ https://live-streaming-eta.vercel.app/js/api.js?v=7:1233
[  299870ms] [LOG] ✅ Live Agent: refresh complete @ https://live-streaming-eta.vercel.app/js/app.js?v=8:973
[  300725ms] [ERROR] Access to fetch at 'https://api.nfldata.org/v1/games?season=2026&season_type=3' from origin 'https://live-streaming-eta.vercel.app' has been blocked by CORS policy: No 'Access-Control-Allow-Origin' header is present on the requested resource. @ https://live-streaming-eta.vercel.app/cricket/2026-08-19/the-blaze-women-vs-durham-women:0
[  300726ms] [ERROR] Failed to load resource: net::ERR_FAILED @ https://api.nfldata.org/v1/games?season=2026&season_type=3:0
[  300726ms] [LOG] ℹ️ NFL season type 3 failed: Failed to fetch @ https://live-streaming-eta.vercel.app/js/api.js?v=7:1411
[  301054ms] [ERROR] Access to fetch at 'https://api.nfldata.org/v1/games?season=2026&season_type=3' from origin 'https://live-streaming-eta.vercel.app' has been blocked by CORS policy: No 'Access-Control-Allow-Origin' header is present on the requested resource. @ https://live-streaming-eta.vercel.app/cricket/2026-08-19/the-blaze-women-vs-durham-women:0
[  301055ms] [ERROR] Failed to load resource: net::ERR_FAILED @ https://api.nfldata.org/v1/games?season=2026&season_type=3:0
[  301055ms] [LOG] ℹ️ NFL season type 3 failed: Failed to fetch @ https://live-streaming-eta.vercel.app/js/api.js?v=7:1411
[  301457ms] [LOG] ℹ️ NFL season type 3 failed: signal timed out @ https://live-streaming-eta.vercel.app/js/api.js?v=7:1411
[  301726ms] [LOG] ℹ️ NFL season type 3 failed: signal timed out @ https://live-streaming-eta.vercel.app/js/api.js?v=7:1411
[  302092ms] [LOG] ℹ️ NFL season type 3 failed: signal timed out @ https://live-streaming-eta.vercel.app/js/api.js?v=7:1411
[  302893ms] [LOG] 🌐 Fetching football... @ https://live-streaming-eta.vercel.app/js/api.js?v=7:467
[  302895ms] [LOG] 🌐 Fetching cricket... @ https://live-streaming-eta.vercel.app/js/api.js?v=7:467
[  302896ms] [LOG] 🌐 Fetching basketball... @ https://live-streaming-eta.vercel.app/js/api.js?v=7:467
[  302897ms] [LOG] 🌐 Fetching tennis... @ https://live-streaming-eta.vercel.app/js/api.js?v=7:467
[  302898ms] [LOG] 🌐 Fetching mma... @ https://live-streaming-eta.vercel.app/js/api.js?v=7:467
[  302899ms] [LOG] 🌐 Fetching ufc... @ https://live-streaming-eta.vercel.app/js/api.js?v=7:467
[  302900ms] [LOG] 🌐 Fetching football... @ https://live-streaming-eta.vercel.app/js/api.js?v=7:467
[  302901ms] [LOG] 🌐 Fetching cricket... @ https://live-streaming-eta.vercel.app/js/api.js?v=7:467
[  302902ms] [LOG] 🌐 Fetching basketball... @ https://live-streaming-eta.vercel.app/js/api.js?v=7:467
[  302903ms] [LOG] 🌐 Fetching tennis... @ https://live-streaming-eta.vercel.app/js/api.js?v=7:467
[  302904ms] [LOG] 🌐 Fetching mma... @ https://live-streaming-eta.vercel.app/js/api.js?v=7:467
[  302905ms] [LOG] 🌐 Fetching ufc... @ https://live-streaming-eta.vercel.app/js/api.js?v=7:467
[  302906ms] [LOG] 🌐 Fetching football... @ https://live-streaming-eta.vercel.app/js/api.js?v=7:467
[  302907ms] [LOG] 🌐 Fetching cricket... @ https://live-streaming-eta.vercel.app/js/api.js?v=7:467
[  302908ms] [LOG] 🌐 Fetching basketball... @ https://live-streaming-eta.vercel.app/js/api.js?v=7:467
[  302909ms] [LOG] 🌐 Fetching tennis... @ https://live-streaming-eta.vercel.app/js/api.js?v=7:467
[  302912ms] [LOG] 🌐 Fetching mma... @ https://live-streaming-eta.vercel.app/js/api.js?v=7:467
[  302913ms] [LOG] 🌐 Fetching ufc... @ https://live-streaming-eta.vercel.app/js/api.js?v=7:467
[  302914ms] [LOG] 🌐 Fetching football... @ https://live-streaming-eta.vercel.app/js/api.js?v=7:467
[  302915ms] [LOG] 🌐 Fetching cricket... @ https://live-streaming-eta.vercel.app/js/api.js?v=7:467
[  302916ms] [LOG] 🌐 Fetching basketball... @ https://live-streaming-eta.vercel.app/js/api.js?v=7:467
[  302917ms] [LOG] 🌐 Fetching tennis... @ https://live-streaming-eta.vercel.app/js/api.js?v=7:467
[  302918ms] [LOG] 🌐 Fetching mma... @ https://live-streaming-eta.vercel.app/js/api.js?v=7:467
[  302919ms] [LOG] 🌐 Fetching ufc... @ https://live-streaming-eta.vercel.app/js/api.js?v=7:467
[  302920ms] [LOG] 🌐 Fetching football... @ https://live-streaming-eta.vercel.app/js/api.js?v=7:467
[  302922ms] [LOG] 🌐 Fetching cricket... @ https://live-streaming-eta.vercel.app/js/api.js?v=7:467
[  302923ms] [LOG] 🌐 Fetching basketball... @ https://live-streaming-eta.vercel.app/js/api.js?v=7:467
[  302924ms] [LOG] 🌐 Fetching tennis... @ https://live-streaming-eta.vercel.app/js/api.js?v=7:467
[  302925ms] [LOG] 🌐 Fetching mma... @ https://live-streaming-eta.vercel.app/js/api.js?v=7:467
[  302926ms] [LOG] 🌐 Fetching ufc... @ https://live-streaming-eta.vercel.app/js/api.js?v=7:467
[  303131ms] [ERROR] Failed to load resource: the server responded with a status of 400 () @ https://sportscore.com/api/widget/matches/?sport=ufc&limit=30:0
[  303132ms] [LOG] ℹ️ ufc not available from SportScore API @ https://live-streaming-eta.vercel.app/js/api.js?v=7:471
[  303132ms] [ERROR] Failed to load resource: the server responded with a status of 400 () @ https://sportscore.com/api/widget/matches/?sport=mma&limit=30:0
[  303132ms] [LOG] ℹ️ mma not available from SportScore API @ https://live-streaming-eta.vercel.app/js/api.js?v=7:471
[  303330ms] [ERROR] Failed to load resource: the server responded with a status of 400 () @ https://sportscore.com/api/widget/matches/?sport=mma&limit=30:0
[  303331ms] [LOG] ℹ️ mma not available from SportScore API @ https://live-streaming-eta.vercel.app/js/api.js?v=7:471
[  303334ms] [ERROR] Failed to load resource: the server responded with a status of 400 () @ https://sportscore.com/api/widget/matches/?sport=ufc&limit=30:0
[  303334ms] [LOG] ℹ️ ufc not available from SportScore API @ https://live-streaming-eta.vercel.app/js/api.js?v=7:471
[  303526ms] [ERROR] Failed to load resource: the server responded with a status of 400 () @ https://sportscore.com/api/widget/matches/?sport=mma&limit=30:0
[  303526ms] [LOG] ℹ️ mma not available from SportScore API @ https://live-streaming-eta.vercel.app/js/api.js?v=7:471
[  303535ms] [ERROR] Failed to load resource: the server responded with a status of 400 () @ https://sportscore.com/api/widget/matches/?sport=ufc&limit=30:0
[  303535ms] [LOG] ℹ️ ufc not available from SportScore API @ https://live-streaming-eta.vercel.app/js/api.js?v=7:471
[  303721ms] [ERROR] Failed to load resource: the server responded with a status of 400 () @ https://sportscore.com/api/widget/matches/?sport=mma&limit=30:0
[  303722ms] [LOG] ℹ️ mma not available from SportScore API @ https://live-streaming-eta.vercel.app/js/api.js?v=7:471
[  303729ms] [ERROR] Failed to load resource: the server responded with a status of 400 () @ https://sportscore.com/api/widget/matches/?sport=ufc&limit=30:0
[  303729ms] [LOG] ℹ️ ufc not available from SportScore API @ https://live-streaming-eta.vercel.app/js/api.js?v=7:471
[  303914ms] [ERROR] Failed to load resource: the server responded with a status of 400 () @ https://sportscore.com/api/widget/matches/?sport=mma&limit=30:0
[  303914ms] [LOG] ℹ️ mma not available from SportScore API @ https://live-streaming-eta.vercel.app/js/api.js?v=7:471
[  303918ms] [ERROR] Failed to load resource: the server responded with a status of 400 () @ https://sportscore.com/api/widget/matches/?sport=ufc&limit=30:0
[  303918ms] [LOG] ℹ️ ufc not available from SportScore API @ https://live-streaming-eta.vercel.app/js/api.js?v=7:471
[  304460ms] [LOG] 🔄 Live Agent: refreshing scores... @ https://live-streaming-eta.vercel.app/js/app.js?v=8:906
[  304461ms] [LOG] 🌐 Fetching football... @ https://live-streaming-eta.vercel.app/js/api.js?v=7:467
[  304461ms] [LOG] 🌐 Fetching cricket... @ https://live-streaming-eta.vercel.app/js/api.js?v=7:467
[  304462ms] [LOG] 🌐 Fetching basketball... @ https://live-streaming-eta.vercel.app/js/api.js?v=7:467
[  304463ms] [LOG] 🌐 Fetching tennis... @ https://live-streaming-eta.vercel.app/js/api.js?v=7:467
[  304463ms] [LOG] 🌐 Fetching mma... @ https://live-streaming-eta.vercel.app/js/api.js?v=7:467
[  304464ms] [LOG] 🌐 Fetching ufc... @ https://live-streaming-eta.vercel.app/js/api.js?v=7:467
[  304482ms] [LOG] ✅ ESPN Cricket: 23 matches from 9 series @ https://live-streaming-eta.vercel.app/js/api.js?v=7:1233
[  304563ms] [ERROR] Access to fetch at 'https://api.nfldata.org/v1/games?season=2026&season_type=1' from origin 'https://live-streaming-eta.vercel.app' has been blocked by CORS policy: No 'Access-Control-Allow-Origin' header is present on the requested resource. @ https://live-streaming-eta.vercel.app/cricket/2026-08-19/the-blaze-women-vs-durham-women:0
[  304563ms] [ERROR] Failed to load resource: net::ERR_FAILED @ https://api.nfldata.org/v1/games?season=2026&season_type=1:0
[  304563ms] [LOG] ℹ️ NFL season type 1 failed: Failed to fetch @ https://live-streaming-eta.vercel.app/js/api.js?v=7:1411
[  304670ms] [ERROR] Failed to load resource: the server responded with a status of 400 () @ https://sportscore.com/api/widget/matches/?sport=ufc&limit=30:0
[  304670ms] [LOG] ℹ️ ufc not available from SportScore API @ https://live-streaming-eta.vercel.app/js/api.js?v=7:471
[  304674ms] [ERROR] Failed to load resource: the server responded with a status of 400 () @ https://sportscore.com/api/widget/matches/?sport=mma&limit=30:0
[  304674ms] [LOG] ℹ️ mma not available from SportScore API @ https://live-streaming-eta.vercel.app/js/api.js?v=7:471
[  304774ms] [ERROR] Failed to load resource: the server responded with a status of 502 () @ https://live-streaming-eta.vercel.app/api/google-cricket:0
[  304775ms] [LOG] ⚠️ Google Cricket failed: Google Cricket HTTP 502 @ https://live-streaming-eta.vercel.app/js/api.js?v=7:1331
[  304782ms] [LOG] ✅ Live Agent: refresh complete @ https://live-streaming-eta.vercel.app/js/app.js?v=8:973
[  304879ms] [ERROR] Access to fetch at 'https://api.nfldata.org/v1/games?season=2026&season_type=1' from origin 'https://live-streaming-eta.vercel.app' has been blocked by CORS policy: No 'Access-Control-Allow-Origin' header is present on the requested resource. @ https://live-streaming-eta.vercel.app/cricket/2026-08-19/the-blaze-women-vs-durham-women:0
[  304879ms] [ERROR] Failed to load resource: net::ERR_FAILED @ https://api.nfldata.org/v1/games?season=2026&season_type=1:0
[  304879ms] [LOG] ℹ️ NFL season type 1 failed: Failed to fetch @ https://live-streaming-eta.vercel.app/js/api.js?v=7:1411
[  305492ms] [ERROR] Access to fetch at 'https://api.nfldata.org/v1/games?season=2026&season_type=1' from origin 'https://live-streaming-eta.vercel.app' has been blocked by CORS policy: No 'Access-Control-Allow-Origin' header is present on the requested resource. @ https://live-streaming-eta.vercel.app/cricket/2026-08-19/the-blaze-women-vs-durham-women:0
[  305492ms] [ERROR] Failed to load resource: net::ERR_FAILED @ https://api.nfldata.org/v1/games?season=2026&season_type=1:0
[  305492ms] [LOG] ℹ️ NFL season type 1 failed: Failed to fetch @ https://live-streaming-eta.vercel.app/js/api.js?v=7:1411
[  306083ms] [ERROR] Access to fetch at 'https://api.nfldata.org/v1/games?season=2026&season_type=1' from origin 'https://live-streaming-eta.vercel.app' has been blocked by CORS policy: No 'Access-Control-Allow-Origin' header is present on the requested resource. @ https://live-streaming-eta.vercel.app/cricket/2026-08-19/the-blaze-women-vs-durham-women:0
[  306084ms] [ERROR] Failed to load resource: net::ERR_FAILED @ https://api.nfldata.org/v1/games?season=2026&season_type=1:0
[  306084ms] [LOG] ℹ️ NFL season type 1 failed: Failed to fetch @ https://live-streaming-eta.vercel.app/js/api.js?v=7:1411
[  306404ms] [ERROR] Access to fetch at 'https://api.nfldata.org/v1/games?season=2026&season_type=1' from origin 'https://live-streaming-eta.vercel.app' has been blocked by CORS policy: No 'Access-Control-Allow-Origin' header is present on the requested resource. @ https://live-streaming-eta.vercel.app/cricket/2026-08-19/the-blaze-women-vs-durham-women:0
[  306405ms] [ERROR] Failed to load resource: net::ERR_FAILED @ https://api.nfldata.org/v1/games?season=2026&season_type=1:0
[  306405ms] [LOG] ℹ️ NFL season type 1 failed: Failed to fetch @ https://live-streaming-eta.vercel.app/js/api.js?v=7:1411
[  307019ms] [ERROR] Access to fetch at 'https://api.nfldata.org/v1/games?season=2026&season_type=2' from origin 'https://live-streaming-eta.vercel.app' has been blocked by CORS policy: No 'Access-Control-Allow-Origin' header is present on the requested resource. @ https://live-streaming-eta.vercel.app/cricket/2026-08-19/the-blaze-women-vs-durham-women:0
[  307019ms] [ERROR] Failed to load resource: net::ERR_FAILED @ https://api.nfldata.org/v1/games?season=2026&season_type=2:0
[  307019ms] [LOG] ℹ️ NFL season type 2 failed: Failed to fetch @ https://live-streaming-eta.vercel.app/js/api.js?v=7:1411
[  307343ms] [ERROR] Access to fetch at 'https://api.nfldata.org/v1/games?season=2026&season_type=3' from origin 'https://live-streaming-eta.vercel.app' has been blocked by CORS policy: No 'Access-Control-Allow-Origin' header is present on the requested resource. @ https://live-streaming-eta.vercel.app/cricket/2026-08-19/essex-women-vs-somerset-women:0
[  307343ms] [ERROR] Failed to load resource: net::ERR_FAILED @ https://api.nfldata.org/v1/games?season=2026&season_type=3:0
[  307343ms] [LOG] ℹ️ NFL season type 3 failed: Failed to fetch @ https://live-streaming-eta.vercel.app/js/api.js?v=7:1411
[  307345ms] [ERROR] Access to fetch at 'https://api.nfldata.org/v1/games?season=2026&season_type=2' from origin 'https://live-streaming-eta.vercel.app' has been blocked by CORS policy: No 'Access-Control-Allow-Origin' header is present on the requested resource. @ https://live-streaming-eta.vercel.app/cricket/2026-08-19/essex-women-vs-somerset-women:0
[  307346ms] [ERROR] Failed to load resource: net::ERR_FAILED @ https://api.nfldata.org/v1/games?season=2026&season_type=2:0
[  307346ms] [LOG] ℹ️ NFL season type 2 failed: Failed to fetch @ https://live-streaming-eta.vercel.app/js/api.js?v=7:1411
[  307669ms] [ERROR] Access to fetch at 'https://api.nfldata.org/v1/games?season=2026&season_type=2' from origin 'https://live-streaming-eta.vercel.app' has been blocked by CORS policy: No 'Access-Control-Allow-Origin' header is present on the requested resource. @ https://live-streaming-eta.vercel.app/cricket/2026-08-19/essex-women-vs-somerset-women:0
[  307669ms] [ERROR] Failed to load resource: net::ERR_FAILED @ https://api.nfldata.org/v1/games?season=2026&season_type=2:0
[  307669ms] [LOG] ℹ️ NFL season type 2 failed: Failed to fetch @ https://live-streaming-eta.vercel.app/js/api.js?v=7:1411
[  307673ms] [ERROR] Access to fetch at 'https://api.nfldata.org/v1/games?season=2026&season_type=3' from origin 'https://live-streaming-eta.vercel.app' has been blocked by CORS policy: No 'Access-Control-Allow-Origin' header is present on the requested resource. @ https://live-streaming-eta.vercel.app/cricket/2026-08-19/essex-women-vs-somerset-women:0
[  307673ms] [ERROR] Failed to load resource: net::ERR_FAILED @ https://api.nfldata.org/v1/games?season=2026&season_type=3:0
[  307673ms] [LOG] ℹ️ NFL season type 3 failed: Failed to fetch @ https://live-streaming-eta.vercel.app/js/api.js?v=7:1411
[  307988ms] [ERROR] Access to fetch at 'https://api.nfldata.org/v1/games?season=2026&season_type=2' from origin 'https://live-streaming-eta.vercel.app' has been blocked by CORS policy: No 'Access-Control-Allow-Origin' header is present on the requested resource. @ https://live-streaming-eta.vercel.app/cricket/2026-08-19/essex-women-vs-somerset-women:0
[  307988ms] [ERROR] Failed to load resource: net::ERR_FAILED @ https://api.nfldata.org/v1/games?season=2026&season_type=2:0
[  307989ms] [LOG] ℹ️ NFL season type 2 failed: Failed to fetch @ https://live-streaming-eta.vercel.app/js/api.js?v=7:1411
[  308055ms] [ERROR] Access to fetch at 'https://api.nfldata.org/v1/games?season=2026&season_type=3' from origin 'https://live-streaming-eta.vercel.app' has been blocked by CORS policy: No 'Access-Control-Allow-Origin' header is present on the requested resource. @ https://live-streaming-eta.vercel.app/cricket/2026-08-19/essex-women-vs-somerset-women:0
[  308055ms] [ERROR] Failed to load resource: net::ERR_FAILED @ https://api.nfldata.org/v1/games?season=2026&season_type=3:0
[  308055ms] [LOG] ℹ️ NFL season type 3 failed: Failed to fetch @ https://live-streaming-eta.vercel.app/js/api.js?v=7:1411
[  308310ms] [ERROR] Access to fetch at 'https://api.nfldata.org/v1/games?season=2026&season_type=2' from origin 'https://live-streaming-eta.vercel.app' has been blocked by CORS policy: No 'Access-Control-Allow-Origin' header is present on the requested resource. @ https://live-streaming-eta.vercel.app/cricket/2026-08-19/essex-women-vs-somerset-women:0
[  308310ms] [ERROR] Failed to load resource: net::ERR_FAILED @ https://api.nfldata.org/v1/games?season=2026&season_type=2:0
[  308310ms] [LOG] ℹ️ NFL season type 2 failed: Failed to fetch @ https://live-streaming-eta.vercel.app/js/api.js?v=7:1411
[  308371ms] [ERROR] Access to fetch at 'https://api.nfldata.org/v1/games?season=2026&season_type=3' from origin 'https://live-streaming-eta.vercel.app' has been blocked by CORS policy: No 'Access-Control-Allow-Origin' header is present on the requested resource. @ https://live-streaming-eta.vercel.app/cricket/2026-08-19/essex-women-vs-somerset-women:0
[  308371ms] [ERROR] Failed to load resource: net::ERR_FAILED @ https://api.nfldata.org/v1/games?season=2026&season_type=3:0
[  308372ms] [LOG] ℹ️ NFL season type 3 failed: Failed to fetch @ https://live-streaming-eta.vercel.app/js/api.js?v=7:1411
[  308694ms] [ERROR] Access to fetch at 'https://api.nfldata.org/v1/games?season=2026&season_type=3' from origin 'https://live-streaming-eta.vercel.app' has been blocked by CORS policy: No 'Access-Control-Allow-Origin' header is present on the requested resource. @ https://live-streaming-eta.vercel.app/cricket/2026-08-19/essex-women-vs-somerset-women:0
[  308694ms] [ERROR] Failed to load resource: net::ERR_FAILED @ https://api.nfldata.org/v1/games?season=2026&season_type=3:0
[  308694ms] [LOG] ℹ️ NFL season type 3 failed: Failed to fetch @ https://live-streaming-eta.vercel.app/js/api.js?v=7:1411
[  309449ms] [LOG] 🔄 Live Agent: refreshing scores... @ https://live-streaming-eta.vercel.app/js/app.js?v=8:906
[  309450ms] [LOG] 🌐 Fetching football... @ https://live-streaming-eta.vercel.app/js/api.js?v=7:467
[  309450ms] [LOG] 🌐 Fetching cricket... @ https://live-streaming-eta.vercel.app/js/api.js?v=7:467
[  309451ms] [LOG] 🌐 Fetching basketball... @ https://live-streaming-eta.vercel.app/js/api.js?v=7:467
[  309452ms] [LOG] 🌐 Fetching tennis... @ https://live-streaming-eta.vercel.app/js/api.js?v=7:467
[  309452ms] [LOG] 🌐 Fetching mma... @ https://live-streaming-eta.vercel.app/js/api.js?v=7:467
[  309453ms] [LOG] 🌐 Fetching ufc... @ https://live-streaming-eta.vercel.app/js/api.js?v=7:467
[  309500ms] [LOG] 🌐 Fetching football... @ https://live-streaming-eta.vercel.app/js/api.js?v=7:467
[  309501ms] [LOG] 🌐 Fetching cricket... @ https://live-streaming-eta.vercel.app/js/api.js?v=7:467
[  309502ms] [LOG] 🌐 Fetching basketball... @ https://live-streaming-eta.vercel.app/js/api.js?v=7:467
[  309502ms] [LOG] 🌐 Fetching tennis... @ https://live-streaming-eta.vercel.app/js/api.js?v=7:467
[  309503ms] [LOG] 🌐 Fetching mma... @ https://live-streaming-eta.vercel.app/js/api.js?v=7:467
[  309503ms] [LOG] 🌐 Fetching ufc... @ https://live-streaming-eta.vercel.app/js/api.js?v=7:467
[  309504ms] [LOG] 🌐 Fetching football... @ https://live-streaming-eta.vercel.app/js/api.js?v=7:467
[  309504ms] [LOG] 🌐 Fetching cricket... @ https://live-streaming-eta.vercel.app/js/api.js?v=7:467
[  309504ms] [LOG] 🌐 Fetching basketball... @ https://live-streaming-eta.vercel.app/js/api.js?v=7:467
[  309505ms] [LOG] 🌐 Fetching tennis... @ https://live-streaming-eta.vercel.app/js/api.js?v=7:467
[  309505ms] [LOG] 🌐 Fetching mma... @ https://live-streaming-eta.vercel.app/js/api.js?v=7:467
[  309505ms] [LOG] 🌐 Fetching ufc... @ https://live-streaming-eta.vercel.app/js/api.js?v=7:467
[  309506ms] [LOG] 🌐 Fetching football... @ https://live-streaming-eta.vercel.app/js/api.js?v=7:467
[  309506ms] [LOG] 🌐 Fetching cricket... @ https://live-streaming-eta.vercel.app/js/api.js?v=7:467
[  309507ms] [LOG] 🌐 Fetching basketball... @ https://live-streaming-eta.vercel.app/js/api.js?v=7:467
[  309507ms] [LOG] 🌐 Fetching tennis... @ https://live-streaming-eta.vercel.app/js/api.js?v=7:467
[  309508ms] [LOG] 🌐 Fetching mma... @ https://live-streaming-eta.vercel.app/js/api.js?v=7:467
[  309508ms] [LOG] 🌐 Fetching ufc... @ https://live-streaming-eta.vercel.app/js/api.js?v=7:467
[  309508ms] [LOG] 🌐 Fetching football... @ https://live-streaming-eta.vercel.app/js/api.js?v=7:467
[  309509ms] [LOG] 🌐 Fetching cricket... @ https://live-streaming-eta.vercel.app/js/api.js?v=7:467
[  309509ms] [LOG] 🌐 Fetching basketball... @ https://live-streaming-eta.vercel.app/js/api.js?v=7:467
[  309510ms] [LOG] 🌐 Fetching tennis... @ https://live-streaming-eta.vercel.app/js/api.js?v=7:467
[  309510ms] [LOG] 🌐 Fetching mma... @ https://live-streaming-eta.vercel.app/js/api.js?v=7:467
[  309510ms] [LOG] 🌐 Fetching ufc... @ https://live-streaming-eta.vercel.app/js/api.js?v=7:467
[  309511ms] [LOG] 🌐 Fetching football... @ https://live-streaming-eta.vercel.app/js/api.js?v=7:467
[  309511ms] [LOG] 🌐 Fetching cricket... @ https://live-streaming-eta.vercel.app/js/api.js?v=7:467
[  309512ms] [LOG] 🌐 Fetching basketball... @ https://live-streaming-eta.vercel.app/js/api.js?v=7:467
[  309512ms] [LOG] 🌐 Fetching tennis... @ https://live-streaming-eta.vercel.app/js/api.js?v=7:467
[  309512ms] [LOG] 🌐 Fetching mma... @ https://live-streaming-eta.vercel.app/js/api.js?v=7:467
[  309513ms] [LOG] 🌐 Fetching ufc... @ https://live-streaming-eta.vercel.app/js/api.js?v=7:467
[  309660ms] [ERROR] Failed to load resource: the server responded with a status of 400 () @ https://sportscore.com/api/widget/matches/?sport=ufc&limit=30:0
[  309660ms] [LOG] ℹ️ ufc not available from SportScore API @ https://live-streaming-eta.vercel.app/js/api.js?v=7:471
[  309671ms] [ERROR] Failed to load resource: the server responded with a status of 400 () @ https://sportscore.com/api/widget/matches/?sport=mma&limit=30:0
[  309671ms] [LOG] ℹ️ mma not available from SportScore API @ https://live-streaming-eta.vercel.app/js/api.js?v=7:471
[  309787ms] [ERROR] Failed to load resource: the server responded with a status of 502 () @ https://live-streaming-eta.vercel.app/api/google-cricket:0
[  309787ms] [LOG] ⚠️ Google Cricket failed: Google Cricket HTTP 502 @ https://live-streaming-eta.vercel.app/js/api.js?v=7:1331
[  309844ms] [LOG] ✅ ESPN Cricket: 23 matches from 9 series @ https://live-streaming-eta.vercel.app/js/api.js?v=7:1233
[  309854ms] [LOG] ✅ Live Agent: refresh complete @ https://live-streaming-eta.vercel.app/js/app.js?v=8:973
[  309863ms] [ERROR] Failed to load resource: the server responded with a status of 400 () @ https://sportscore.com/api/widget/matches/?sport=ufc&limit=30:0
[  309863ms] [LOG] ℹ️ ufc not available from SportScore API @ https://live-streaming-eta.vercel.app/js/api.js?v=7:471
[  309869ms] [ERROR] Failed to load resource: the server responded with a status of 400 () @ https://sportscore.com/api/widget/matches/?sport=mma&limit=30:0
[  309869ms] [LOG] ℹ️ mma not available from SportScore API @ https://live-streaming-eta.vercel.app/js/api.js?v=7:471
[  310062ms] [ERROR] Failed to load resource: the server responded with a status of 400 () @ https://sportscore.com/api/widget/matches/?sport=ufc&limit=30:0
[  310062ms] [LOG] ℹ️ ufc not available from SportScore API @ https://live-streaming-eta.vercel.app/js/api.js?v=7:471
[  310070ms] [ERROR] Failed to load resource: the server responded with a status of 400 () @ https://sportscore.com/api/widget/matches/?sport=mma&limit=30:0
[  310070ms] [LOG] ℹ️ mma not available from SportScore API @ https://live-streaming-eta.vercel.app/js/api.js?v=7:471
[  310191ms] [ERROR] Access to fetch at 'https://api.nfldata.org/v1/games?season=2026&season_type=1' from origin 'https://live-streaming-eta.vercel.app' has been blocked by CORS policy: No 'Access-Control-Allow-Origin' header is present on the requested resource. @ https://live-streaming-eta.vercel.app/cricket/2026-08-19/essex-women-vs-somerset-women:0
[  310191ms] [ERROR] Failed to load resource: net::ERR_FAILED @ https://api.nfldata.org/v1/games?season=2026&season_type=1:0
[  310192ms] [LOG] ℹ️ NFL season type 1 failed: Failed to fetch @ https://live-streaming-eta.vercel.app/js/api.js?v=7:1411
[  310258ms] [ERROR] Failed to load resource: the server responded with a status of 400 () @ https://sportscore.com/api/widget/matches/?sport=ufc&limit=30:0
[  310258ms] [LOG] ℹ️ ufc not available from SportScore API @ https://live-streaming-eta.vercel.app/js/api.js?v=7:471
[  310265ms] [ERROR] Failed to load resource: the server responded with a status of 400 () @ https://sportscore.com/api/widget/matches/?sport=mma&limit=30:0
[  310265ms] [LOG] ℹ️ mma not available from SportScore API @ https://live-streaming-eta.vercel.app/js/api.js?v=7:471
[  310450ms] [ERROR] Failed to load resource: the server responded with a status of 400 () @ https://sportscore.com/api/widget/matches/?sport=ufc&limit=30:0
[  310451ms] [LOG] ℹ️ ufc not available from SportScore API @ https://live-streaming-eta.vercel.app/js/api.js?v=7:471
[  310457ms] [ERROR] Failed to load resource: the server responded with a status of 400 () @ https://sportscore.com/api/widget/matches/?sport=mma&limit=30:0
[  310457ms] [LOG] ℹ️ mma not available from SportScore API @ https://live-streaming-eta.vercel.app/js/api.js?v=7:471
[  310511ms] [ERROR] Access to fetch at 'https://api.nfldata.org/v1/games?season=2026&season_type=1' from origin 'https://live-streaming-eta.vercel.app' has been blocked by CORS policy: No 'Access-Control-Allow-Origin' header is present on the requested resource. @ https://live-streaming-eta.vercel.app/cricket/2026-08-19/essex-women-vs-somerset-women:0
[  310512ms] [ERROR] Failed to load resource: net::ERR_FAILED @ https://api.nfldata.org/v1/games?season=2026&season_type=1:0
[  310512ms] [LOG] ℹ️ NFL season type 1 failed: Failed to fetch @ https://live-streaming-eta.vercel.app/js/api.js?v=7:1411
[  310516ms] [ERROR] Access to fetch at 'https://api.nfldata.org/v1/games?season=2026&season_type=2' from origin 'https://live-streaming-eta.vercel.app' has been blocked by CORS policy: No 'Access-Control-Allow-Origin' header is present on the requested resource. @ https://live-streaming-eta.vercel.app/cricket/2026-08-19/essex-women-vs-somerset-women:0
[  310517ms] [ERROR] Failed to load resource: net::ERR_FAILED @ https://api.nfldata.org/v1/games?season=2026&season_type=2:0
[  310517ms] [LOG] ℹ️ NFL season type 2 failed: Failed to fetch @ https://live-streaming-eta.vercel.app/js/api.js?v=7:1411
[  310648ms] [ERROR] Failed to load resource: the server responded with a status of 400 () @ https://sportscore.com/api/widget/matches/?sport=ufc&limit=30:0
[  310648ms] [LOG] ℹ️ ufc not available from SportScore API @ https://live-streaming-eta.vercel.app/js/api.js?v=7:471
[  310658ms] [ERROR] Failed to load resource: the server responded with a status of 400 () @ https://sportscore.com/api/widget/matches/?sport=mma&limit=30:0
[  310659ms] [LOG] ℹ️ mma not available from SportScore API @ https://live-streaming-eta.vercel.app/js/api.js?v=7:471
[  310843ms] [ERROR] Access to fetch at 'https://api.nfldata.org/v1/games?season=2026&season_type=1' from origin 'https://live-streaming-eta.vercel.app' has been blocked by CORS policy: No 'Access-Control-Allow-Origin' header is present on the requested resource. @ https://live-streaming-eta.vercel.app/cricket/2026-08-19/essex-women-vs-somerset-women:0
[  310843ms] [ERROR] Failed to load resource: net::ERR_FAILED @ https://api.nfldata.org/v1/games?season=2026&season_type=1:0
[  310843ms] [LOG] ℹ️ NFL season type 1 failed: Failed to fetch @ https://live-streaming-eta.vercel.app/js/api.js?v=7:1411
[  310847ms] [ERROR] Access to fetch at 'https://api.nfldata.org/v1/games?season=2026&season_type=3' from origin 'https://live-streaming-eta.vercel.app' has been blocked by CORS policy: No 'Access-Control-Allow-Origin' header is present on the requested resource. @ https://live-streaming-eta.vercel.app/cricket/2026-08-19/essex-women-vs-somerset-women:0
[  310848ms] [ERROR] Failed to load resource: net::ERR_FAILED @ https://api.nfldata.org/v1/games?season=2026&season_type=3:0
[  310848ms] [LOG] ℹ️ NFL season type 3 failed: Failed to fetch @ https://live-streaming-eta.vercel.app/js/api.js?v=7:1411
[  310855ms] [ERROR] Access to fetch at 'https://api.nfldata.org/v1/games?season=2026&season_type=2' from origin 'https://live-streaming-eta.vercel.app' has been blocked by CORS policy: No 'Access-Control-Allow-Origin' header is present on the requested resource. @ https://live-streaming-eta.vercel.app/cricket/2026-08-19/essex-women-vs-somerset-women:0
[  310855ms] [ERROR] Failed to load resource: net::ERR_FAILED @ https://api.nfldata.org/v1/games?season=2026&season_type=2:0
[  310855ms] [LOG] ℹ️ NFL season type 2 failed: Failed to fetch @ https://live-streaming-eta.vercel.app/js/api.js?v=7:1411
[  311161ms] [ERROR] Access to fetch at 'https://api.nfldata.org/v1/games?season=2026&season_type=1' from origin 'https://live-streaming-eta.vercel.app' has been blocked by CORS policy: No 'Access-Control-Allow-Origin' header is present on the requested resource. @ https://live-streaming-eta.vercel.app/cricket/2026-08-19/essex-women-vs-somerset-women:0
[  311162ms] [ERROR] Failed to load resource: net::ERR_FAILED @ https://api.nfldata.org/v1/games?season=2026&season_type=1:0
[  311162ms] [LOG] ℹ️ NFL season type 1 failed: Failed to fetch @ https://live-streaming-eta.vercel.app/js/api.js?v=7:1411
[  311183ms] [ERROR] Access to fetch at 'https://api.nfldata.org/v1/games?season=2026&season_type=3' from origin 'https://live-streaming-eta.vercel.app' has been blocked by CORS policy: No 'Access-Control-Allow-Origin' header is present on the requested resource. @ https://live-streaming-eta.vercel.app/cricket/2026-08-19/essex-women-vs-somerset-women:0
[  311183ms] [ERROR] Failed to load resource: net::ERR_FAILED @ https://api.nfldata.org/v1/games?season=2026&season_type=3:0
[  311183ms] [LOG] ℹ️ NFL season type 3 failed: Failed to fetch @ https://live-streaming-eta.vercel.app/js/api.js?v=7:1411
[  311190ms] [ERROR] Access to fetch at 'https://api.nfldata.org/v1/games?season=2026&season_type=2' from origin 'https://live-streaming-eta.vercel.app' has been blocked by CORS policy: No 'Access-Control-Allow-Origin' header is present on the requested resource. @ https://live-streaming-eta.vercel.app/cricket/2026-08-19/essex-women-vs-somerset-women:0
[  311191ms] [ERROR] Failed to load resource: net::ERR_FAILED @ https://api.nfldata.org/v1/games?season=2026&season_type=2:0
[  311191ms] [LOG] ℹ️ NFL season type 2 failed: Failed to fetch @ https://live-streaming-eta.vercel.app/js/api.js?v=7:1411
[  311476ms] [ERROR] Access to fetch at 'https://api.nfldata.org/v1/games?season=2026&season_type=1' from origin 'https://live-streaming-eta.vercel.app' has been blocked by CORS policy: No 'Access-Control-Allow-Origin' header is present on the requested resource. @ https://live-streaming-eta.vercel.app/cricket/2026-08-19/essex-women-vs-somerset-women:0
[  311476ms] [ERROR] Failed to load resource: net::ERR_FAILED @ https://api.nfldata.org/v1/games?season=2026&season_type=1:0
[  311476ms] [LOG] ℹ️ NFL season type 1 failed: Failed to fetch @ https://live-streaming-eta.vercel.app/js/api.js?v=7:1411
[  311512ms] [ERROR] Access to fetch at 'https://api.nfldata.org/v1/games?season=2026&season_type=2' from origin 'https://live-streaming-eta.vercel.app' has been blocked by CORS policy: No 'Access-Control-Allow-Origin' header is present on the requested resource. @ https://live-streaming-eta.vercel.app/cricket/2026-08-19/essex-women-vs-somerset-women:0
[  311512ms] [ERROR] Failed to load resource: net::ERR_FAILED @ https://api.nfldata.org/v1/games?season=2026&season_type=2:0
[  311512ms] [LOG] ℹ️ NFL season type 2 failed: Failed to fetch @ https://live-streaming-eta.vercel.app/js/api.js?v=7:1411
[  311517ms] [ERROR] Access to fetch at 'https://api.nfldata.org/v1/games?season=2026&season_type=3' from origin 'https://live-streaming-eta.vercel.app' has been blocked by CORS policy: No 'Access-Control-Allow-Origin' header is present on the requested resource. @ https://live-streaming-eta.vercel.app/cricket/2026-08-19/essex-women-vs-somerset-women:0
[  311517ms] [ERROR] Failed to load resource: net::ERR_FAILED @ https://api.nfldata.org/v1/games?season=2026&season_type=3:0
[  311517ms] [LOG] ℹ️ NFL season type 3 failed: Failed to fetch @ https://live-streaming-eta.vercel.app/js/api.js?v=7:1411
[  311832ms] [ERROR] Access to fetch at 'https://api.nfldata.org/v1/games?season=2026&season_type=2' from origin 'https://live-streaming-eta.vercel.app' has been blocked by CORS policy: No 'Access-Control-Allow-Origin' header is present on the requested resource. @ https://live-streaming-eta.vercel.app/cricket/2026-08-19/essex-women-vs-somerset-women:0
[  311833ms] [ERROR] Failed to load resource: net::ERR_FAILED @ https://api.nfldata.org/v1/games?season=2026&season_type=2:0
[  311833ms] [LOG] ℹ️ NFL season type 2 failed: Failed to fetch @ https://live-streaming-eta.vercel.app/js/api.js?v=7:1411
[  311841ms] [ERROR] Access to fetch at 'https://api.nfldata.org/v1/games?season=2026&season_type=3' from origin 'https://live-streaming-eta.vercel.app' has been blocked by CORS policy: No 'Access-Control-Allow-Origin' header is present on the requested resource. @ https://live-streaming-eta.vercel.app/cricket/2026-08-19/essex-women-vs-somerset-women:0
[  311842ms] [ERROR] Failed to load resource: net::ERR_FAILED @ https://api.nfldata.org/v1/games?season=2026&season_type=3:0
[  311842ms] [LOG] ℹ️ NFL season type 3 failed: Failed to fetch @ https://live-streaming-eta.vercel.app/js/api.js?v=7:1411
[  312161ms] [ERROR] Access to fetch at 'https://api.nfldata.org/v1/games?season=2026&season_type=3' from origin 'https://live-streaming-eta.vercel.app' has been blocked by CORS policy: No 'Access-Control-Allow-Origin' header is present on the requested resource. @ https://live-streaming-eta.vercel.app/cricket/2026-08-19/essex-women-vs-somerset-women:0
[  312161ms] [ERROR] Failed to load resource: net::ERR_FAILED @ https://api.nfldata.org/v1/games?season=2026&season_type=3:0
[  312161ms] [LOG] ℹ️ NFL season type 3 failed: Failed to fetch @ https://live-streaming-eta.vercel.app/js/api.js?v=7:1411
[  312973ms] [LOG] 🌐 Fetching football... @ https://live-streaming-eta.vercel.app/js/api.js?v=7:467
[  312974ms] [LOG] 🌐 Fetching cricket... @ https://live-streaming-eta.vercel.app/js/api.js?v=7:467
[  312975ms] [LOG] 🌐 Fetching basketball... @ https://live-streaming-eta.vercel.app/js/api.js?v=7:467
[  312976ms] [LOG] 🌐 Fetching tennis... @ https://live-streaming-eta.vercel.app/js/api.js?v=7:467
[  312977ms] [LOG] 🌐 Fetching mma... @ https://live-streaming-eta.vercel.app/js/api.js?v=7:467
[  312977ms] [LOG] 🌐 Fetching ufc... @ https://live-streaming-eta.vercel.app/js/api.js?v=7:467
[  312978ms] [LOG] 🌐 Fetching football... @ https://live-streaming-eta.vercel.app/js/api.js?v=7:467
[  312978ms] [LOG] 🌐 Fetching cricket... @ https://live-streaming-eta.vercel.app/js/api.js?v=7:467
[  312979ms] [LOG] 🌐 Fetching basketball... @ https://live-streaming-eta.vercel.app/js/api.js?v=7:467
[  312979ms] [LOG] 🌐 Fetching tennis... @ https://live-streaming-eta.vercel.app/js/api.js?v=7:467
[  312979ms] [LOG] 🌐 Fetching mma... @ https://live-streaming-eta.vercel.app/js/api.js?v=7:467
[  312980ms] [LOG] 🌐 Fetching ufc... @ https://live-streaming-eta.vercel.app/js/api.js?v=7:467
[  312980ms] [LOG] 🌐 Fetching football... @ https://live-streaming-eta.vercel.app/js/api.js?v=7:467
[  312981ms] [LOG] 🌐 Fetching cricket... @ https://live-streaming-eta.vercel.app/js/api.js?v=7:467
[  312981ms] [LOG] 🌐 Fetching basketball... @ https://live-streaming-eta.vercel.app/js/api.js?v=7:467
[  312981ms] [LOG] 🌐 Fetching tennis... @ https://live-streaming-eta.vercel.app/js/api.js?v=7:467
[  312982ms] [LOG] 🌐 Fetching mma... @ https://live-streaming-eta.vercel.app/js/api.js?v=7:467
[  312982ms] [LOG] 🌐 Fetching ufc... @ https://live-streaming-eta.vercel.app/js/api.js?v=7:467
[  312982ms] [LOG] 🌐 Fetching football... @ https://live-streaming-eta.vercel.app/js/api.js?v=7:467
[  312983ms] [LOG] 🌐 Fetching cricket... @ https://live-streaming-eta.vercel.app/js/api.js?v=7:467
[  312984ms] [LOG] 🌐 Fetching basketball... @ https://live-streaming-eta.vercel.app/js/api.js?v=7:467
[  312984ms] [LOG] 🌐 Fetching tennis... @ https://live-streaming-eta.vercel.app/js/api.js?v=7:467
[  312984ms] [LOG] 🌐 Fetching mma... @ https://live-streaming-eta.vercel.app/js/api.js?v=7:467
[  312985ms] [LOG] 🌐 Fetching ufc... @ https://live-streaming-eta.vercel.app/js/api.js?v=7:467
[  312985ms] [LOG] 🌐 Fetching football... @ https://live-streaming-eta.vercel.app/js/api.js?v=7:467
[  312986ms] [LOG] 🌐 Fetching cricket... @ https://live-streaming-eta.vercel.app/js/api.js?v=7:467
[  312986ms] [LOG] 🌐 Fetching basketball... @ https://live-streaming-eta.vercel.app/js/api.js?v=7:467
[  312986ms] [LOG] 🌐 Fetching tennis... @ https://live-streaming-eta.vercel.app/js/api.js?v=7:467
[  312987ms] [LOG] 🌐 Fetching mma... @ https://live-streaming-eta.vercel.app/js/api.js?v=7:467
[  312988ms] [LOG] 🌐 Fetching ufc... @ https://live-streaming-eta.vercel.app/js/api.js?v=7:467
[  313199ms] [ERROR] Failed to load resource: the server responded with a status of 400 () @ https://sportscore.com/api/widget/matches/?sport=mma&limit=30:0
[  313199ms] [LOG] ℹ️ mma not available from SportScore API @ https://live-streaming-eta.vercel.app/js/api.js?v=7:471
[  313202ms] [ERROR] Failed to load resource: the server responded with a status of 400 () @ https://sportscore.com/api/widget/matches/?sport=ufc&limit=30:0
[  313202ms] [LOG] ℹ️ ufc not available from SportScore API @ https://live-streaming-eta.vercel.app/js/api.js?v=7:471
[  313394ms] [ERROR] Failed to load resource: the server responded with a status of 400 () @ https://sportscore.com/api/widget/matches/?sport=mma&limit=30:0
[  313394ms] [LOG] ℹ️ mma not available from SportScore API @ https://live-streaming-eta.vercel.app/js/api.js?v=7:471
[  313408ms] [ERROR] Failed to load resource: the server responded with a status of 400 () @ https://sportscore.com/api/widget/matches/?sport=ufc&limit=30:0
[  313409ms] [LOG] ℹ️ ufc not available from SportScore API @ https://live-streaming-eta.vercel.app/js/api.js?v=7:471
[  313524ms] [ERROR] Access to fetch at 'https://api.nfldata.org/v1/games?season=2026&season_type=1' from origin 'https://live-streaming-eta.vercel.app' has been blocked by CORS policy: No 'Access-Control-Allow-Origin' header is present on the requested resource. @ https://live-streaming-eta.vercel.app/cricket/2026-08-19/essex-women-vs-somerset-women:0
[  313525ms] [ERROR] Failed to load resource: net::ERR_FAILED @ https://api.nfldata.org/v1/games?season=2026&season_type=1:0
[  313525ms] [LOG] ℹ️ NFL season type 1 failed: Failed to fetch @ https://live-streaming-eta.vercel.app/js/api.js?v=7:1411
[  313593ms] [ERROR] Failed to load resource: the server responded with a status of 400 () @ https://sportscore.com/api/widget/matches/?sport=mma&limit=30:0
[  313594ms] [LOG] ℹ️ mma not available from SportScore API @ https://live-streaming-eta.vercel.app/js/api.js?v=7:471
[  313606ms] [ERROR] Failed to load resource: the server responded with a status of 400 () @ https://sportscore.com/api/widget/matches/?sport=ufc&limit=30:0
[  313607ms] [LOG] ℹ️ ufc not available from SportScore API @ https://live-streaming-eta.vercel.app/js/api.js?v=7:471
[  313792ms] [ERROR] Failed to load resource: the server responded with a status of 400 () @ https://sportscore.com/api/widget/matches/?sport=mma&limit=30:0
[  313792ms] [LOG] ℹ️ mma not available from SportScore API @ https://live-streaming-eta.vercel.app/js/api.js?v=7:471
[  313801ms] [ERROR] Failed to load resource: the server responded with a status of 400 () @ https://sportscore.com/api/widget/matches/?sport=ufc&limit=30:0
[  313801ms] [LOG] ℹ️ ufc not available from SportScore API @ https://live-streaming-eta.vercel.app/js/api.js?v=7:471
[  313847ms] [ERROR] Access to fetch at 'https://api.nfldata.org/v1/games?season=2026&season_type=1' from origin 'https://live-streaming-eta.vercel.app' has been blocked by CORS policy: No 'Access-Control-Allow-Origin' header is present on the requested resource. @ https://live-streaming-eta.vercel.app/cricket/2026-08-19/essex-women-vs-somerset-women:0
[  313847ms] [ERROR] Failed to load resource: net::ERR_FAILED @ https://api.nfldata.org/v1/games?season=2026&season_type=1:0
[  313847ms] [LOG] ℹ️ NFL season type 1 failed: Failed to fetch @ https://live-streaming-eta.vercel.app/js/api.js?v=7:1411
[  313849ms] [ERROR] Access to fetch at 'https://api.nfldata.org/v1/games?season=2026&season_type=2' from origin 'https://live-streaming-eta.vercel.app' has been blocked by CORS policy: No 'Access-Control-Allow-Origin' header is present on the requested resource. @ https://live-streaming-eta.vercel.app/cricket/2026-08-19/essex-women-vs-somerset-women:0
[  313849ms] [ERROR] Failed to load resource: net::ERR_FAILED @ https://api.nfldata.org/v1/games?season=2026&season_type=2:0
[  313849ms] [LOG] ℹ️ NFL season type 2 failed: Failed to fetch @ https://live-streaming-eta.vercel.app/js/api.js?v=7:1411
[  314009ms] [ERROR] Failed to load resource: the server responded with a status of 400 () @ https://sportscore.com/api/widget/matches/?sport=mma&limit=30:0
[  314010ms] [LOG] ℹ️ mma not available from SportScore API @ https://live-streaming-eta.vercel.app/js/api.js?v=7:471
[  314011ms] [ERROR] Failed to load resource: the server responded with a status of 400 () @ https://sportscore.com/api/widget/matches/?sport=ufc&limit=30:0
[  314011ms] [LOG] ℹ️ ufc not available from SportScore API @ https://live-streaming-eta.vercel.app/js/api.js?v=7:471
[  314177ms] [ERROR] Access to fetch at 'https://api.nfldata.org/v1/games?season=2026&season_type=3' from origin 'https://live-streaming-eta.vercel.app' has been blocked by CORS policy: No 'Access-Control-Allow-Origin' header is present on the requested resource. @ https://live-streaming-eta.vercel.app/cricket/2026-08-19/essex-women-vs-somerset-women:0
[  314178ms] [ERROR] Failed to load resource: net::ERR_FAILED @ https://api.nfldata.org/v1/games?season=2026&season_type=3:0
[  314178ms] [LOG] ℹ️ NFL season type 3 failed: Failed to fetch @ https://live-streaming-eta.vercel.app/js/api.js?v=7:1411
[  314181ms] [ERROR] Access to fetch at 'https://api.nfldata.org/v1/games?season=2026&season_type=1' from origin 'https://live-streaming-eta.vercel.app' has been blocked by CORS policy: No 'Access-Control-Allow-Origin' header is present on the requested resource. @ https://live-streaming-eta.vercel.app/cricket/2026-08-19/essex-women-vs-somerset-women:0
[  314181ms] [ERROR] Failed to load resource: net::ERR_FAILED @ https://api.nfldata.org/v1/games?season=2026&season_type=1:0
[  314181ms] [LOG] ℹ️ NFL season type 1 failed: Failed to fetch @ https://live-streaming-eta.vercel.app/js/api.js?v=7:1411
[  314184ms] [ERROR] Access to fetch at 'https://api.nfldata.org/v1/games?season=2026&season_type=2' from origin 'https://live-streaming-eta.vercel.app' has been blocked by CORS policy: No 'Access-Control-Allow-Origin' header is present on the requested resource. @ https://live-streaming-eta.vercel.app/cricket/2026-08-19/essex-women-vs-somerset-women:0
[  314184ms] [ERROR] Failed to load resource: net::ERR_FAILED @ https://api.nfldata.org/v1/games?season=2026&season_type=2:0
[  314184ms] [LOG] ℹ️ NFL season type 2 failed: Failed to fetch @ https://live-streaming-eta.vercel.app/js/api.js?v=7:1411
[  314450ms] [LOG] 🔄 Live Agent: refreshing scores... @ https://live-streaming-eta.vercel.app/js/app.js?v=8:906
[  314451ms] [LOG] 🌐 Fetching football... @ https://live-streaming-eta.vercel.app/js/api.js?v=7:467
[  314451ms] [LOG] 🌐 Fetching cricket... @ https://live-streaming-eta.vercel.app/js/api.js?v=7:467
[  314451ms] [LOG] 🌐 Fetching basketball... @ https://live-streaming-eta.vercel.app/js/api.js?v=7:467
[  314452ms] [LOG] 🌐 Fetching tennis... @ https://live-streaming-eta.vercel.app/js/api.js?v=7:467
[  314452ms] [LOG] 🌐 Fetching mma... @ https://live-streaming-eta.vercel.app/js/api.js?v=7:467
[  314452ms] [LOG] 🌐 Fetching ufc... @ https://live-streaming-eta.vercel.app/js/api.js?v=7:467
[  314488ms] [LOG] ✅ ESPN Cricket: 23 matches from 9 series @ https://live-streaming-eta.vercel.app/js/api.js?v=7:1233
[  314513ms] [ERROR] Access to fetch at 'https://api.nfldata.org/v1/games?season=2026&season_type=2' from origin 'https://live-streaming-eta.vercel.app' has been blocked by CORS policy: No 'Access-Control-Allow-Origin' header is present on the requested resource. @ https://live-streaming-eta.vercel.app/cricket/2026-08-19/essex-women-vs-somerset-women:0
[  314514ms] [ERROR] Failed to load resource: net::ERR_FAILED @ https://api.nfldata.org/v1/games?season=2026&season_type=2:0
[  314514ms] [LOG] ℹ️ NFL season type 2 failed: Failed to fetch @ https://live-streaming-eta.vercel.app/js/api.js?v=7:1411
[  314519ms] [ERROR] Access to fetch at 'https://api.nfldata.org/v1/games?season=2026&season_type=3' from origin 'https://live-streaming-eta.vercel.app' has been blocked by CORS policy: No 'Access-Control-Allow-Origin' header is present on the requested resource. @ https://live-streaming-eta.vercel.app/cricket/2026-08-19/essex-women-vs-somerset-women:0
[  314519ms] [ERROR] Failed to load resource: net::ERR_FAILED @ https://api.nfldata.org/v1/games?season=2026&season_type=3:0
[  314519ms] [LOG] ℹ️ NFL season type 3 failed: Failed to fetch @ https://live-streaming-eta.vercel.app/js/api.js?v=7:1411
[  314531ms] [ERROR] Access to fetch at 'https://api.nfldata.org/v1/games?season=2026&season_type=1' from origin 'https://live-streaming-eta.vercel.app' has been blocked by CORS policy: No 'Access-Control-Allow-Origin' header is present on the requested resource. @ https://live-streaming-eta.vercel.app/cricket/2026-08-19/essex-women-vs-somerset-women:0
[  314531ms] [ERROR] Failed to load resource: net::ERR_FAILED @ https://api.nfldata.org/v1/games?season=2026&season_type=1:0
[  314531ms] [LOG] ℹ️ NFL season type 1 failed: Failed to fetch @ https://live-streaming-eta.vercel.app/js/api.js?v=7:1411
[  314780ms] [ERROR] Failed to load resource: the server responded with a status of 502 () @ https://live-streaming-eta.vercel.app/api/google-cricket:0
[  314781ms] [LOG] ⚠️ Google Cricket failed: Google Cricket HTTP 502 @ https://live-streaming-eta.vercel.app/js/api.js?v=7:1331
[  314831ms] [ERROR] Access to fetch at 'https://api.nfldata.org/v1/games?season=2026&season_type=3' from origin 'https://live-streaming-eta.vercel.app' has been blocked by CORS policy: No 'Access-Control-Allow-Origin' header is present on the requested resource. @ https://live-streaming-eta.vercel.app/cricket/2026-08-19/essex-women-vs-somerset-women:0
[  314831ms] [ERROR] Failed to load resource: net::ERR_FAILED @ https://api.nfldata.org/v1/games?season=2026&season_type=3:0
[  314832ms] [LOG] ℹ️ NFL season type 3 failed: Failed to fetch @ https://live-streaming-eta.vercel.app/js/api.js?v=7:1411
[  314847ms] [ERROR] Access to fetch at 'https://api.nfldata.org/v1/games?season=2026&season_type=1' from origin 'https://live-streaming-eta.vercel.app' has been blocked by CORS policy: No 'Access-Control-Allow-Origin' header is present on the requested resource. @ https://live-streaming-eta.vercel.app/cricket/2026-08-19/essex-women-vs-somerset-women:0
[  314848ms] [ERROR] Failed to load resource: net::ERR_FAILED @ https://api.nfldata.org/v1/games?season=2026&season_type=1:0
[  314848ms] [LOG] ℹ️ NFL season type 1 failed: Failed to fetch @ https://live-streaming-eta.vercel.app/js/api.js?v=7:1411
[  314854ms] [ERROR] Access to fetch at 'https://api.nfldata.org/v1/games?season=2026&season_type=2' from origin 'https://live-streaming-eta.vercel.app' has been blocked by CORS policy: No 'Access-Control-Allow-Origin' header is present on the requested resource. @ https://live-streaming-eta.vercel.app/cricket/2026-08-19/essex-women-vs-somerset-women:0
[  314854ms] [ERROR] Failed to load resource: net::ERR_FAILED @ https://api.nfldata.org/v1/games?season=2026&season_type=2:0
[  314854ms] [LOG] ℹ️ NFL season type 2 failed: Failed to fetch @ https://live-streaming-eta.vercel.app/js/api.js?v=7:1411
[  315185ms] [ERROR] Access to fetch at 'https://api.nfldata.org/v1/games?season=2026&season_type=2' from origin 'https://live-streaming-eta.vercel.app' has been blocked by CORS policy: No 'Access-Control-Allow-Origin' header is present on the requested resource. @ https://live-streaming-eta.vercel.app/cricket/2026-08-19/essex-women-vs-somerset-women:0
[  315185ms] [ERROR] Failed to load resource: net::ERR_FAILED @ https://api.nfldata.org/v1/games?season=2026&season_type=2:0
[  315185ms] [LOG] ℹ️ NFL season type 2 failed: Failed to fetch @ https://live-streaming-eta.vercel.app/js/api.js?v=7:1411
[  315188ms] [ERROR] Access to fetch at 'https://api.nfldata.org/v1/games?season=2026&season_type=3' from origin 'https://live-streaming-eta.vercel.app' has been blocked by CORS policy: No 'Access-Control-Allow-Origin' header is present on the requested resource. @ https://live-streaming-eta.vercel.app/cricket/2026-08-19/essex-women-vs-somerset-women:0
[  315188ms] [ERROR] Failed to load resource: net::ERR_FAILED @ https://api.nfldata.org/v1/games?season=2026&season_type=3:0
[  315189ms] [LOG] ℹ️ NFL season type 3 failed: Failed to fetch @ https://live-streaming-eta.vercel.app/js/api.js?v=7:1411
[  315512ms] [ERROR] Access to fetch at 'https://api.nfldata.org/v1/games?season=2026&season_type=3' from origin 'https://live-streaming-eta.vercel.app' has been blocked by CORS policy: No 'Access-Control-Allow-Origin' header is present on the requested resource. @ https://live-streaming-eta.vercel.app/cricket/2026-08-19/essex-women-vs-somerset-women:0
[  315512ms] [ERROR] Failed to load resource: net::ERR_FAILED @ https://api.nfldata.org/v1/games?season=2026&season_type=3:0
[  315512ms] [LOG] ℹ️ NFL season type 3 failed: Failed to fetch @ https://live-streaming-eta.vercel.app/js/api.js?v=7:1411
[  315872ms] [ERROR] Failed to load resource: the server responded with a status of 400 () @ https://sportscore.com/api/widget/matches/?sport=mma&limit=30:0
[  315873ms] [LOG] ℹ️ mma not available from SportScore API @ https://live-streaming-eta.vercel.app/js/api.js?v=7:471
[  315880ms] [ERROR] Failed to load resource: the server responded with a status of 400 () @ https://sportscore.com/api/widget/matches/?sport=ufc&limit=30:0
[  315880ms] [LOG] ℹ️ ufc not available from SportScore API @ https://live-streaming-eta.vercel.app/js/api.js?v=7:471
[  315888ms] [LOG] ✅ Live Agent: refresh complete @ https://live-streaming-eta.vercel.app/js/app.js?v=8:973
[  316316ms] [LOG] 🌐 Fetching football... @ https://live-streaming-eta.vercel.app/js/api.js?v=7:467
[  316317ms] [LOG] 🌐 Fetching cricket... @ https://live-streaming-eta.vercel.app/js/api.js?v=7:467
[  316318ms] [LOG] 🌐 Fetching basketball... @ https://live-streaming-eta.vercel.app/js/api.js?v=7:467
[  316319ms] [LOG] 🌐 Fetching tennis... @ https://live-streaming-eta.vercel.app/js/api.js?v=7:467
[  316320ms] [LOG] 🌐 Fetching mma... @ https://live-streaming-eta.vercel.app/js/api.js?v=7:467
[  316320ms] [LOG] 🌐 Fetching ufc... @ https://live-streaming-eta.vercel.app/js/api.js?v=7:467
[  316321ms] [LOG] 🌐 Fetching football... @ https://live-streaming-eta.vercel.app/js/api.js?v=7:467
[  316322ms] [LOG] 🌐 Fetching cricket... @ https://live-streaming-eta.vercel.app/js/api.js?v=7:467
[  316322ms] [LOG] 🌐 Fetching basketball... @ https://live-streaming-eta.vercel.app/js/api.js?v=7:467
[  316323ms] [LOG] 🌐 Fetching tennis... @ https://live-streaming-eta.vercel.app/js/api.js?v=7:467
[  316323ms] [LOG] 🌐 Fetching mma... @ https://live-streaming-eta.vercel.app/js/api.js?v=7:467
[  316326ms] [LOG] 🌐 Fetching ufc... @ https://live-streaming-eta.vercel.app/js/api.js?v=7:467
[  316329ms] [LOG] 🌐 Fetching football... @ https://live-streaming-eta.vercel.app/js/api.js?v=7:467
[  316330ms] [LOG] 🌐 Fetching cricket... @ https://live-streaming-eta.vercel.app/js/api.js?v=7:467
[  316331ms] [LOG] 🌐 Fetching basketball... @ https://live-streaming-eta.vercel.app/js/api.js?v=7:467
[  316332ms] [LOG] 🌐 Fetching tennis... @ https://live-streaming-eta.vercel.app/js/api.js?v=7:467
[  316333ms] [LOG] 🌐 Fetching mma... @ https://live-streaming-eta.vercel.app/js/api.js?v=7:467
[  316335ms] [LOG] 🌐 Fetching ufc... @ https://live-streaming-eta.vercel.app/js/api.js?v=7:467
[  316336ms] [LOG] 🌐 Fetching football... @ https://live-streaming-eta.vercel.app/js/api.js?v=7:467
[  316337ms] [LOG] 🌐 Fetching cricket... @ https://live-streaming-eta.vercel.app/js/api.js?v=7:467
[  316338ms] [LOG] 🌐 Fetching basketball... @ https://live-streaming-eta.vercel.app/js/api.js?v=7:467
[  316339ms] [LOG] 🌐 Fetching tennis... @ https://live-streaming-eta.vercel.app/js/api.js?v=7:467
[  316344ms] [LOG] 🌐 Fetching mma... @ https://live-streaming-eta.vercel.app/js/api.js?v=7:467
[  316345ms] [LOG] 🌐 Fetching ufc... @ https://live-streaming-eta.vercel.app/js/api.js?v=7:467
[  316346ms] [LOG] 🌐 Fetching football... @ https://live-streaming-eta.vercel.app/js/api.js?v=7:467
[  316347ms] [LOG] 🌐 Fetching cricket... @ https://live-streaming-eta.vercel.app/js/api.js?v=7:467
[  316348ms] [LOG] 🌐 Fetching basketball... @ https://live-streaming-eta.vercel.app/js/api.js?v=7:467
[  316349ms] [LOG] 🌐 Fetching tennis... @ https://live-streaming-eta.vercel.app/js/api.js?v=7:467
[  316350ms] [LOG] 🌐 Fetching mma... @ https://live-streaming-eta.vercel.app/js/api.js?v=7:467
[  316351ms] [LOG] 🌐 Fetching ufc... @ https://live-streaming-eta.vercel.app/js/api.js?v=7:467
[  316752ms] [ERROR] Failed to load resource: the server responded with a status of 400 () @ https://sportscore.com/api/widget/matches/?sport=mma&limit=30:0
[  316752ms] [LOG] ℹ️ mma not available from SportScore API @ https://live-streaming-eta.vercel.app/js/api.js?v=7:471
[  316754ms] [ERROR] Failed to load resource: the server responded with a status of 400 () @ https://sportscore.com/api/widget/matches/?sport=ufc&limit=30:0
[  316754ms] [LOG] ℹ️ ufc not available from SportScore API @ https://live-streaming-eta.vercel.app/js/api.js?v=7:471
[  316949ms] [ERROR] Failed to load resource: the server responded with a status of 400 () @ https://sportscore.com/api/widget/matches/?sport=mma&limit=30:0
[  316950ms] [LOG] ℹ️ mma not available from SportScore API @ https://live-streaming-eta.vercel.app/js/api.js?v=7:471
[  316955ms] [ERROR] Failed to load resource: the server responded with a status of 400 () @ https://sportscore.com/api/widget/matches/?sport=ufc&limit=30:0
[  316955ms] [LOG] ℹ️ ufc not available from SportScore API @ https://live-streaming-eta.vercel.app/js/api.js?v=7:471
[  317071ms] [ERROR] Access to fetch at 'https://api.nfldata.org/v1/games?season=2026&season_type=1' from origin 'https://live-streaming-eta.vercel.app' has been blocked by CORS policy: No 'Access-Control-Allow-Origin' header is present on the requested resource. @ https://live-streaming-eta.vercel.app/cricket/2026-08-19/essex-women-vs-somerset-women:0
[  317072ms] [ERROR] Failed to load resource: net::ERR_FAILED @ https://api.nfldata.org/v1/games?season=2026&season_type=1:0
[  317072ms] [LOG] ℹ️ NFL season type 1 failed: Failed to fetch @ https://live-streaming-eta.vercel.app/js/api.js?v=7:1411
[  317150ms] [ERROR] Failed to load resource: the server responded with a status of 400 () @ https://sportscore.com/api/widget/matches/?sport=mma&limit=30:0
[  317151ms] [LOG] ℹ️ mma not available from SportScore API @ https://live-streaming-eta.vercel.app/js/api.js?v=7:471
[  317156ms] [ERROR] Failed to load resource: the server responded with a status of 400 () @ https://sportscore.com/api/widget/matches/?sport=ufc&limit=30:0
[  317156ms] [LOG] ℹ️ ufc not available from SportScore API @ https://live-streaming-eta.vercel.app/js/api.js?v=7:471
[  317356ms] [ERROR] Failed to load resource: the server responded with a status of 400 () @ https://sportscore.com/api/widget/matches/?sport=ufc&limit=30:0
[  317356ms] [LOG] ℹ️ ufc not available from SportScore API @ https://live-streaming-eta.vercel.app/js/api.js?v=7:471
[  317365ms] [ERROR] Failed to load resource: the server responded with a status of 400 () @ https://sportscore.com/api/widget/matches/?sport=mma&limit=30:0
[  317366ms] [LOG] ℹ️ mma not available from SportScore API @ https://live-streaming-eta.vercel.app/js/api.js?v=7:471
[  317397ms] [ERROR] Access to fetch at 'https://api.nfldata.org/v1/games?season=2026&season_type=2' from origin 'https://live-streaming-eta.vercel.app' has been blocked by CORS policy: No 'Access-Control-Allow-Origin' header is present on the requested resource. @ https://live-streaming-eta.vercel.app/cricket/2026-08-19/essex-women-vs-somerset-women:0
[  317397ms] [ERROR] Failed to load resource: net::ERR_FAILED @ https://api.nfldata.org/v1/games?season=2026&season_type=2:0
[  317398ms] [LOG] ℹ️ NFL season type 2 failed: Failed to fetch @ https://live-streaming-eta.vercel.app/js/api.js?v=7:1411
[  317401ms] [ERROR] Access to fetch at 'https://api.nfldata.org/v1/games?season=2026&season_type=1' from origin 'https://live-streaming-eta.vercel.app' has been blocked by CORS policy: No 'Access-Control-Allow-Origin' header is present on the requested resource. @ https://live-streaming-eta.vercel.app/cricket/2026-08-19/essex-women-vs-somerset-women:0
[  317401ms] [ERROR] Failed to load resource: net::ERR_FAILED @ https://api.nfldata.org/v1/games?season=2026&season_type=1:0
[  317401ms] [LOG] ℹ️ NFL season type 1 failed: Failed to fetch @ https://live-streaming-eta.vercel.app/js/api.js?v=7:1411
[  317552ms] [ERROR] Failed to load resource: the server responded with a status of 400 () @ https://sportscore.com/api/widget/matches/?sport=ufc&limit=30:0
[  317552ms] [LOG] ℹ️ ufc not available from SportScore API @ https://live-streaming-eta.vercel.app/js/api.js?v=7:471
[  317555ms] [ERROR] Failed to load resource: the server responded with a status of 400 () @ https://sportscore.com/api/widget/matches/?sport=mma&limit=30:0
[  317555ms] [LOG] ℹ️ mma not available from SportScore API @ https://live-streaming-eta.vercel.app/js/api.js?v=7:471
[  317719ms] [ERROR] Access to fetch at 'https://api.nfldata.org/v1/games?season=2026&season_type=3' from origin 'https://live-streaming-eta.vercel.app' has been blocked by CORS policy: No 'Access-Control-Allow-Origin' header is present on the requested resource. @ https://live-streaming-eta.vercel.app/cricket/2026-08-19/essex-women-vs-somerset-women:0
[  317719ms] [ERROR] Failed to load resource: net::ERR_FAILED @ https://api.nfldata.org/v1/games?season=2026&season_type=3:0
[  317719ms] [LOG] ℹ️ NFL season type 3 failed: Failed to fetch @ https://live-streaming-eta.vercel.app/js/api.js?v=7:1411
[  317722ms] [ERROR] Access to fetch at 'https://api.nfldata.org/v1/games?season=2026&season_type=2' from origin 'https://live-streaming-eta.vercel.app' has been blocked by CORS policy: No 'Access-Control-Allow-Origin' header is present on the requested resource. @ https://live-streaming-eta.vercel.app/cricket/2026-08-19/essex-women-vs-somerset-women:0
[  317722ms] [ERROR] Failed to load resource: net::ERR_FAILED @ https://api.nfldata.org/v1/games?season=2026&season_type=2:0
[  317722ms] [LOG] ℹ️ NFL season type 2 failed: Failed to fetch @ https://live-streaming-eta.vercel.app/js/api.js?v=7:1411
[  317731ms] [ERROR] Access to fetch at 'https://api.nfldata.org/v1/games?season=2026&season_type=1' from origin 'https://live-streaming-eta.vercel.app' has been blocked by CORS policy: No 'Access-Control-Allow-Origin' header is present on the requested resource. @ https://live-streaming-eta.vercel.app/cricket/2026-08-19/essex-women-vs-somerset-women:0
[  317731ms] [ERROR] Failed to load resource: net::ERR_FAILED @ https://api.nfldata.org/v1/games?season=2026&season_type=1:0
[  317732ms] [LOG] ℹ️ NFL season type 1 failed: Failed to fetch @ https://live-streaming-eta.vercel.app/js/api.js?v=7:1411
[  318052ms] [ERROR] Access to fetch at 'https://api.nfldata.org/v1/games?season=2026&season_type=2' from origin 'https://live-streaming-eta.vercel.app' has been blocked by CORS policy: No 'Access-Control-Allow-Origin' header is present on the requested resource. @ https://live-streaming-eta.vercel.app/cricket/2026-08-19/essex-women-vs-somerset-women:0
[  318052ms] [ERROR] Failed to load resource: net::ERR_FAILED @ https://api.nfldata.org/v1/games?season=2026&season_type=2:0
[  318052ms] [LOG] ℹ️ NFL season type 2 failed: Failed to fetch @ https://live-streaming-eta.vercel.app/js/api.js?v=7:1411
[  318066ms] [ERROR] Access to fetch at 'https://api.nfldata.org/v1/games?season=2026&season_type=3' from origin 'https://live-streaming-eta.vercel.app' has been blocked by CORS policy: No 'Access-Control-Allow-Origin' header is present on the requested resource. @ https://live-streaming-eta.vercel.app/cricket/2026-08-19/essex-women-vs-somerset-women:0
[  318067ms] [ERROR] Failed to load resource: net::ERR_FAILED @ https://api.nfldata.org/v1/games?season=2026&season_type=3:0
[  318067ms] [LOG] ℹ️ NFL season type 3 failed: Failed to fetch @ https://live-streaming-eta.vercel.app/js/api.js?v=7:1411
[  318068ms] [ERROR] Access to fetch at 'https://api.nfldata.org/v1/games?season=2026&season_type=1' from origin 'https://live-streaming-eta.vercel.app' has been blocked by CORS policy: No 'Access-Control-Allow-Origin' header is present on the requested resource. @ https://live-streaming-eta.vercel.app/cricket/2026-08-19/essex-women-vs-somerset-women:0
[  318068ms] [ERROR] Failed to load resource: net::ERR_FAILED @ https://api.nfldata.org/v1/games?season=2026&season_type=1:0
[  318068ms] [LOG] ℹ️ NFL season type 1 failed: Failed to fetch @ https://live-streaming-eta.vercel.app/js/api.js?v=7:1411
[  318401ms] [ERROR] Access to fetch at 'https://api.nfldata.org/v1/games?season=2026&season_type=1' from origin 'https://live-streaming-eta.vercel.app' has been blocked by CORS policy: No 'Access-Control-Allow-Origin' header is present on the requested resource. @ https://live-streaming-eta.vercel.app/cricket/2026-08-19/essex-women-vs-somerset-women:0
[  318402ms] [ERROR] Failed to load resource: net::ERR_FAILED @ https://api.nfldata.org/v1/games?season=2026&season_type=1:0
[  318402ms] [LOG] ℹ️ NFL season type 1 failed: Failed to fetch @ https://live-streaming-eta.vercel.app/js/api.js?v=7:1411
[  318407ms] [ERROR] Access to fetch at 'https://api.nfldata.org/v1/games?season=2026&season_type=3' from origin 'https://live-streaming-eta.vercel.app' has been blocked by CORS policy: No 'Access-Control-Allow-Origin' header is present on the requested resource. @ https://live-streaming-eta.vercel.app/cricket/2026-08-19/essex-women-vs-somerset-women:0
[  318407ms] [ERROR] Failed to load resource: net::ERR_FAILED @ https://api.nfldata.org/v1/games?season=2026&season_type=3:0
[  318407ms] [LOG] ℹ️ NFL season type 3 failed: Failed to fetch @ https://live-streaming-eta.vercel.app/js/api.js?v=7:1411
[  318413ms] [ERROR] Access to fetch at 'https://api.nfldata.org/v1/games?season=2026&season_type=2' from origin 'https://live-streaming-eta.vercel.app' has been blocked by CORS policy: No 'Access-Control-Allow-Origin' header is present on the requested resource. @ https://live-streaming-eta.vercel.app/cricket/2026-08-19/essex-women-vs-somerset-women:0
[  318414ms] [ERROR] Failed to load resource: net::ERR_FAILED @ https://api.nfldata.org/v1/games?season=2026&season_type=2:0
[  318414ms] [LOG] ℹ️ NFL season type 2 failed: Failed to fetch @ https://live-streaming-eta.vercel.app/js/api.js?v=7:1411
[  318735ms] [ERROR] Access to fetch at 'https://api.nfldata.org/v1/games?season=2026&season_type=2' from origin 'https://live-streaming-eta.vercel.app' has been blocked by CORS policy: No 'Access-Control-Allow-Origin' header is present on the requested resource. @ https://live-streaming-eta.vercel.app/cricket/2026-08-19/essex-women-vs-somerset-women:0
[  318735ms] [ERROR] Failed to load resource: net::ERR_FAILED @ https://api.nfldata.org/v1/games?season=2026&season_type=2:0
[  318735ms] [LOG] ℹ️ NFL season type 2 failed: Failed to fetch @ https://live-streaming-eta.vercel.app/js/api.js?v=7:1411
[  318741ms] [ERROR] Access to fetch at 'https://api.nfldata.org/v1/games?season=2026&season_type=3' from origin 'https://live-streaming-eta.vercel.app' has been blocked by CORS policy: No 'Access-Control-Allow-Origin' header is present on the requested resource. @ https://live-streaming-eta.vercel.app/cricket/2026-08-19/essex-women-vs-somerset-women:0
[  318742ms] [ERROR] Failed to load resource: net::ERR_FAILED @ https://api.nfldata.org/v1/games?season=2026&season_type=3:0
[  318742ms] [LOG] ℹ️ NFL season type 3 failed: Failed to fetch @ https://live-streaming-eta.vercel.app/js/api.js?v=7:1411
[  319052ms] [ERROR] Access to fetch at 'https://api.nfldata.org/v1/games?season=2026&season_type=3' from origin 'https://live-streaming-eta.vercel.app' has been blocked by CORS policy: No 'Access-Control-Allow-Origin' header is present on the requested resource. @ https://live-streaming-eta.vercel.app/cricket/2026-08-19/essex-women-vs-somerset-women:0
[  319052ms] [ERROR] Failed to load resource: net::ERR_FAILED @ https://api.nfldata.org/v1/games?season=2026&season_type=3:0
[  319052ms] [LOG] ℹ️ NFL season type 3 failed: Failed to fetch @ https://live-streaming-eta.vercel.app/js/api.js?v=7:1411
[  319450ms] [LOG] 🔄 Live Agent: refreshing scores... @ https://live-streaming-eta.vercel.app/js/app.js?v=8:906
[  319450ms] [LOG] 🌐 Fetching football... @ https://live-streaming-eta.vercel.app/js/api.js?v=7:467
[  319452ms] [LOG] 🌐 Fetching cricket... @ https://live-streaming-eta.vercel.app/js/api.js?v=7:467
[  319453ms] [LOG] 🌐 Fetching basketball... @ https://live-streaming-eta.vercel.app/js/api.js?v=7:467
[  319454ms] [LOG] 🌐 Fetching tennis... @ https://live-streaming-eta.vercel.app/js/api.js?v=7:467
[  319455ms] [LOG] 🌐 Fetching mma... @ https://live-streaming-eta.vercel.app/js/api.js?v=7:467
[  319455ms] [LOG] 🌐 Fetching ufc... @ https://live-streaming-eta.vercel.app/js/api.js?v=7:467
[  319659ms] [ERROR] Failed to load resource: the server responded with a status of 400 () @ https://sportscore.com/api/widget/matches/?sport=mma&limit=30:0
[  319659ms] [LOG] ℹ️ mma not available from SportScore API @ https://live-streaming-eta.vercel.app/js/api.js?v=7:471
[  319660ms] [ERROR] Failed to load resource: the server responded with a status of 400 () @ https://sportscore.com/api/widget/matches/?sport=ufc&limit=30:0
[  319660ms] [LOG] ℹ️ ufc not available from SportScore API @ https://live-streaming-eta.vercel.app/js/api.js?v=7:471
[  319770ms] [ERROR] Failed to load resource: the server responded with a status of 502 () @ https://live-streaming-eta.vercel.app/api/google-cricket:0
[  319770ms] [LOG] ⚠️ Google Cricket failed: Google Cricket HTTP 502 @ https://live-streaming-eta.vercel.app/js/api.js?v=7:1331
[  319854ms] [LOG] ✅ ESPN Cricket: 23 matches from 9 series @ https://live-streaming-eta.vercel.app/js/api.js?v=7:1233
[  319859ms] [LOG] ✅ Live Agent: refresh complete @ https://live-streaming-eta.vercel.app/js/app.js?v=8:973
[  319859ms] [LOG] 🌐 Fetching football... @ https://live-streaming-eta.vercel.app/js/api.js?v=7:467
[  319860ms] [LOG] 🌐 Fetching cricket... @ https://live-streaming-eta.vercel.app/js/api.js?v=7:467
[  319860ms] [LOG] 🌐 Fetching basketball... @ https://live-streaming-eta.vercel.app/js/api.js?v=7:467
[  319861ms] [LOG] 🌐 Fetching tennis... @ https://live-streaming-eta.vercel.app/js/api.js?v=7:467
[  319868ms] [LOG] 🌐 Fetching mma... @ https://live-streaming-eta.vercel.app/js/api.js?v=7:467
[  319869ms] [LOG] 🌐 Fetching ufc... @ https://live-streaming-eta.vercel.app/js/api.js?v=7:467
[  319870ms] [LOG] 🌐 Fetching football... @ https://live-streaming-eta.vercel.app/js/api.js?v=7:467
[  319871ms] [LOG] 🌐 Fetching cricket... @ https://live-streaming-eta.vercel.app/js/api.js?v=7:467
[  319872ms] [LOG] 🌐 Fetching basketball... @ https://live-streaming-eta.vercel.app/js/api.js?v=7:467
[  319873ms] [LOG] 🌐 Fetching tennis... @ https://live-streaming-eta.vercel.app/js/api.js?v=7:467
[  319874ms] [LOG] 🌐 Fetching mma... @ https://live-streaming-eta.vercel.app/js/api.js?v=7:467
[  319874ms] [LOG] 🌐 Fetching ufc... @ https://live-streaming-eta.vercel.app/js/api.js?v=7:467
[  319875ms] [LOG] 🌐 Fetching football... @ https://live-streaming-eta.vercel.app/js/api.js?v=7:467
[  319876ms] [LOG] 🌐 Fetching cricket... @ https://live-streaming-eta.vercel.app/js/api.js?v=7:467
[  319877ms] [LOG] 🌐 Fetching basketball... @ https://live-streaming-eta.vercel.app/js/api.js?v=7:467
[  319880ms] [LOG] 🌐 Fetching tennis... @ https://live-streaming-eta.vercel.app/js/api.js?v=7:467
[  319882ms] [LOG] 🌐 Fetching mma... @ https://live-streaming-eta.vercel.app/js/api.js?v=7:467
[  319883ms] [LOG] 🌐 Fetching ufc... @ https://live-streaming-eta.vercel.app/js/api.js?v=7:467
[  319883ms] [LOG] 🌐 Fetching football... @ https://live-streaming-eta.vercel.app/js/api.js?v=7:467
[  319884ms] [LOG] 🌐 Fetching cricket... @ https://live-streaming-eta.vercel.app/js/api.js?v=7:467
[  319885ms] [LOG] 🌐 Fetching basketball... @ https://live-streaming-eta.vercel.app/js/api.js?v=7:467
[  319886ms] [LOG] 🌐 Fetching tennis... @ https://live-streaming-eta.vercel.app/js/api.js?v=7:467
[  319886ms] [LOG] 🌐 Fetching mma... @ https://live-streaming-eta.vercel.app/js/api.js?v=7:467
[  319887ms] [LOG] 🌐 Fetching ufc... @ https://live-streaming-eta.vercel.app/js/api.js?v=7:467
[  319888ms] [LOG] 🌐 Fetching football... @ https://live-streaming-eta.vercel.app/js/api.js?v=7:467
[  319888ms] [LOG] 🌐 Fetching cricket... @ https://live-streaming-eta.vercel.app/js/api.js?v=7:467
[  319889ms] [LOG] 🌐 Fetching basketball... @ https://live-streaming-eta.vercel.app/js/api.js?v=7:467
[  319890ms] [LOG] 🌐 Fetching tennis... @ https://live-streaming-eta.vercel.app/js/api.js?v=7:467
[  319891ms] [LOG] 🌐 Fetching mma... @ https://live-streaming-eta.vercel.app/js/api.js?v=7:467
[  319892ms] [LOG] 🌐 Fetching ufc... @ https://live-streaming-eta.vercel.app/js/api.js?v=7:467
[  320093ms] [ERROR] Failed to load resource: the server responded with a status of 400 () @ https://sportscore.com/api/widget/matches/?sport=mma&limit=30:0
[  320093ms] [LOG] ℹ️ mma not available from SportScore API @ https://live-streaming-eta.vercel.app/js/api.js?v=7:471
[  320106ms] [ERROR] Failed to load resource: the server responded with a status of 400 () @ https://sportscore.com/api/widget/matches/?sport=ufc&limit=30:0
[  320106ms] [LOG] ℹ️ ufc not available from SportScore API @ https://live-streaming-eta.vercel.app/js/api.js?v=7:471
[  320289ms] [ERROR] Failed to load resource: the server responded with a status of 400 () @ https://sportscore.com/api/widget/matches/?sport=mma&limit=30:0
[  320290ms] [LOG] ℹ️ mma not available from SportScore API @ https://live-streaming-eta.vercel.app/js/api.js?v=7:471
[  320304ms] [ERROR] Failed to load resource: the server responded with a status of 400 () @ https://sportscore.com/api/widget/matches/?sport=ufc&limit=30:0
[  320304ms] [LOG] ℹ️ ufc not available from SportScore API @ https://live-streaming-eta.vercel.app/js/api.js?v=7:471
[  320421ms] [ERROR] Access to fetch at 'https://api.nfldata.org/v1/games?season=2026&season_type=1' from origin 'https://live-streaming-eta.vercel.app' has been blocked by CORS policy: No 'Access-Control-Allow-Origin' header is present on the requested resource. @ https://live-streaming-eta.vercel.app/cricket/2026-08-19/essex-women-vs-somerset-women:0
[  320421ms] [ERROR] Failed to load resource: net::ERR_FAILED @ https://api.nfldata.org/v1/games?season=2026&season_type=1:0
[  320421ms] [LOG] ℹ️ NFL season type 1 failed: Failed to fetch @ https://live-streaming-eta.vercel.app/js/api.js?v=7:1411
[  320488ms] [ERROR] Failed to load resource: the server responded with a status of 400 () @ https://sportscore.com/api/widget/matches/?sport=mma&limit=30:0
[  320488ms] [LOG] ℹ️ mma not available from SportScore API @ https://live-streaming-eta.vercel.app/js/api.js?v=7:471
[  320502ms] [ERROR] Failed to load resource: the server responded with a status of 400 () @ https://sportscore.com/api/widget/matches/?sport=ufc&limit=30:0
[  320503ms] [LOG] ℹ️ ufc not available from SportScore API @ https://live-streaming-eta.vercel.app/js/api.js?v=7:471
[  320686ms] [ERROR] Failed to load resource: the server responded with a status of 400 () @ https://sportscore.com/api/widget/matches/?sport=mma&limit=30:0
[  320686ms] [LOG] ℹ️ mma not available from SportScore API @ https://live-streaming-eta.vercel.app/js/api.js?v=7:471
[  320705ms] [ERROR] Failed to load resource: the server responded with a status of 400 () @ https://sportscore.com/api/widget/matches/?sport=ufc&limit=30:0
[  320705ms] [LOG] ℹ️ ufc not available from SportScore API @ https://live-streaming-eta.vercel.app/js/api.js?v=7:471
[  320740ms] [ERROR] Access to fetch at 'https://api.nfldata.org/v1/games?season=2026&season_type=1' from origin 'https://live-streaming-eta.vercel.app' has been blocked by CORS policy: No 'Access-Control-Allow-Origin' header is present on the requested resource. @ https://live-streaming-eta.vercel.app/cricket/2026-08-19/essex-women-vs-somerset-women:0
[  320740ms] [ERROR] Failed to load resource: net::ERR_FAILED @ https://api.nfldata.org/v1/games?season=2026&season_type=1:0
[  320741ms] [LOG] ℹ️ NFL season type 1 failed: Failed to fetch @ https://live-streaming-eta.vercel.app/js/api.js?v=7:1411
[  320745ms] [ERROR] Access to fetch at 'https://api.nfldata.org/v1/games?season=2026&season_type=2' from origin 'https://live-streaming-eta.vercel.app' has been blocked by CORS policy: No 'Access-Control-Allow-Origin' header is present on the requested resource. @ https://live-streaming-eta.vercel.app/cricket/2026-08-19/essex-women-vs-somerset-women:0
[  320747ms] [ERROR] Failed to load resource: net::ERR_FAILED @ https://api.nfldata.org/v1/games?season=2026&season_type=2:0
[  320747ms] [LOG] ℹ️ NFL season type 2 failed: Failed to fetch @ https://live-streaming-eta.vercel.app/js/api.js?v=7:1411
[  320887ms] [ERROR] Failed to load resource: the server responded with a status of 400 () @ https://sportscore.com/api/widget/matches/?sport=mma&limit=30:0
[  320888ms] [LOG] ℹ️ mma not available from SportScore API @ https://live-streaming-eta.vercel.app/js/api.js?v=7:471
[  320904ms] [ERROR] Failed to load resource: the server responded with a status of 400 () @ https://sportscore.com/api/widget/matches/?sport=ufc&limit=30:0
[  320904ms] [LOG] ℹ️ ufc not available from SportScore API @ https://live-streaming-eta.vercel.app/js/api.js?v=7:471
[  321054ms] [ERROR] Access to fetch at 'https://api.nfldata.org/v1/games?season=2026&season_type=1' from origin 'https://live-streaming-eta.vercel.app' has been blocked by CORS policy: No 'Access-Control-Allow-Origin' header is present on the requested resource. @ https://live-streaming-eta.vercel.app/cricket/2026-08-19/essex-women-vs-somerset-women:0
[  321054ms] [ERROR] Failed to load resource: net::ERR_FAILED @ https://api.nfldata.org/v1/games?season=2026&season_type=1:0
[  321055ms] [LOG] ℹ️ NFL season type 1 failed: Failed to fetch @ https://live-streaming-eta.vercel.app/js/api.js?v=7:1411
[  321070ms] [ERROR] Access to fetch at 'https://api.nfldata.org/v1/games?season=2026&season_type=2' from origin 'https://live-streaming-eta.vercel.app' has been blocked by CORS policy: No 'Access-Control-Allow-Origin' header is present on the requested resource. @ https://live-streaming-eta.vercel.app/cricket/2026-08-19/essex-women-vs-somerset-women:0
[  321070ms] [ERROR] Failed to load resource: net::ERR_FAILED @ https://api.nfldata.org/v1/games?season=2026&season_type=2:0
[  321071ms] [LOG] ℹ️ NFL season type 2 failed: Failed to fetch @ https://live-streaming-eta.vercel.app/js/api.js?v=7:1411
[  321083ms] [ERROR] Access to fetch at 'https://api.nfldata.org/v1/games?season=2026&season_type=3' from origin 'https://live-streaming-eta.vercel.app' has been blocked by CORS policy: No 'Access-Control-Allow-Origin' header is present on the requested resource. @ https://live-streaming-eta.vercel.app/cricket/2026-08-19/essex-women-vs-somerset-women:0
[  321083ms] [ERROR] Failed to load resource: net::ERR_FAILED @ https://api.nfldata.org/v1/games?season=2026&season_type=3:0
[  321083ms] [LOG] ℹ️ NFL season type 3 failed: Failed to fetch @ https://live-streaming-eta.vercel.app/js/api.js?v=7:1411
[  321372ms] [ERROR] Access to fetch at 'https://api.nfldata.org/v1/games?season=2026&season_type=1' from origin 'https://live-streaming-eta.vercel.app' has been blocked by CORS policy: No 'Access-Control-Allow-Origin' header is present on the requested resource. @ https://live-streaming-eta.vercel.app/cricket/2026-08-19/essex-women-vs-somerset-women:0
[  321372ms] [ERROR] Failed to load resource: net::ERR_FAILED @ https://api.nfldata.org/v1/games?season=2026&season_type=1:0
[  321372ms] [LOG] ℹ️ NFL season type 1 failed: Failed to fetch @ https://live-streaming-eta.vercel.app/js/api.js?v=7:1411
[  321384ms] [ERROR] Access to fetch at 'https://api.nfldata.org/v1/games?season=2026&season_type=2' from origin 'https://live-streaming-eta.vercel.app' has been blocked by CORS policy: No 'Access-Control-Allow-Origin' header is present on the requested resource. @ https://live-streaming-eta.vercel.app/cricket/2026-08-19/essex-women-vs-somerset-women:0
[  321385ms] [ERROR] Failed to load resource: net::ERR_FAILED @ https://api.nfldata.org/v1/games?season=2026&season_type=2:0
[  321385ms] [LOG] ℹ️ NFL season type 2 failed: Failed to fetch @ https://live-streaming-eta.vercel.app/js/api.js?v=7:1411
[  321394ms] [ERROR] Access to fetch at 'https://api.nfldata.org/v1/games?season=2026&season_type=3' from origin 'https://live-streaming-eta.vercel.app' has been blocked by CORS policy: No 'Access-Control-Allow-Origin' header is present on the requested resource. @ https://live-streaming-eta.vercel.app/cricket/2026-08-19/essex-women-vs-somerset-women:0
[  321394ms] [ERROR] Failed to load resource: net::ERR_FAILED @ https://api.nfldata.org/v1/games?season=2026&season_type=3:0
[  321395ms] [LOG] ℹ️ NFL season type 3 failed: Failed to fetch @ https://live-streaming-eta.vercel.app/js/api.js?v=7:1411
[  321687ms] [ERROR] Access to fetch at 'https://api.nfldata.org/v1/games?season=2026&season_type=1' from origin 'https://live-streaming-eta.vercel.app' has been blocked by CORS policy: No 'Access-Control-Allow-Origin' header is present on the requested resource. @ https://live-streaming-eta.vercel.app/cricket/2026-08-19/essex-women-vs-somerset-women:0
[  321687ms] [ERROR] Failed to load resource: net::ERR_FAILED @ https://api.nfldata.org/v1/games?season=2026&season_type=1:0
[  321687ms] [LOG] ℹ️ NFL season type 1 failed: Failed to fetch @ https://live-streaming-eta.vercel.app/js/api.js?v=7:1411
[  321696ms] [ERROR] Access to fetch at 'https://api.nfldata.org/v1/games?season=2026&season_type=2' from origin 'https://live-streaming-eta.vercel.app' has been blocked by CORS policy: No 'Access-Control-Allow-Origin' header is present on the requested resource. @ https://live-streaming-eta.vercel.app/cricket/2026-08-19/essex-women-vs-somerset-women:0
[  321698ms] [ERROR] Failed to load resource: net::ERR_FAILED @ https://api.nfldata.org/v1/games?season=2026&season_type=2:0
[  321699ms] [LOG] ℹ️ NFL season type 2 failed: Failed to fetch @ https://live-streaming-eta.vercel.app/js/api.js?v=7:1411
[  321707ms] [ERROR] Access to fetch at 'https://api.nfldata.org/v1/games?season=2026&season_type=3' from origin 'https://live-streaming-eta.vercel.app' has been blocked by CORS policy: No 'Access-Control-Allow-Origin' header is present on the requested resource. @ https://live-streaming-eta.vercel.app/cricket/2026-08-19/essex-women-vs-somerset-women:0
[  321707ms] [ERROR] Failed to load resource: net::ERR_FAILED @ https://api.nfldata.org/v1/games?season=2026&season_type=3:0
[  321707ms] [LOG] ℹ️ NFL season type 3 failed: Failed to fetch @ https://live-streaming-eta.vercel.app/js/api.js?v=7:1411
[  322020ms] [ERROR] Access to fetch at 'https://api.nfldata.org/v1/games?season=2026&season_type=3' from origin 'https://live-streaming-eta.vercel.app' has been blocked by CORS policy: No 'Access-Control-Allow-Origin' header is present on the requested resource. @ https://live-streaming-eta.vercel.app/cricket/2026-08-19/essex-women-vs-somerset-women:0
[  322020ms] [ERROR] Failed to load resource: net::ERR_FAILED @ https://api.nfldata.org/v1/games?season=2026&season_type=3:0
[  322020ms] [LOG] ℹ️ NFL season type 3 failed: Failed to fetch @ https://live-streaming-eta.vercel.app/js/api.js?v=7:1411
[  322025ms] [ERROR] Access to fetch at 'https://api.nfldata.org/v1/games?season=2026&season_type=2' from origin 'https://live-streaming-eta.vercel.app' has been blocked by CORS policy: No 'Access-Control-Allow-Origin' header is present on the requested resource. @ https://live-streaming-eta.vercel.app/cricket/2026-08-19/essex-women-vs-somerset-women:0
[  322025ms] [ERROR] Failed to load resource: net::ERR_FAILED @ https://api.nfldata.org/v1/games?season=2026&season_type=2:0
[  322025ms] [LOG] ℹ️ NFL season type 2 failed: Failed to fetch @ https://live-streaming-eta.vercel.app/js/api.js?v=7:1411
[  322338ms] [ERROR] Access to fetch at 'https://api.nfldata.org/v1/games?season=2026&season_type=3' from origin 'https://live-streaming-eta.vercel.app' has been blocked by CORS policy: No 'Access-Control-Allow-Origin' header is present on the requested resource. @ https://live-streaming-eta.vercel.app/cricket/2026-08-19/essex-women-vs-somerset-women:0
[  322339ms] [ERROR] Failed to load resource: net::ERR_FAILED @ https://api.nfldata.org/v1/games?season=2026&season_type=3:0
[  322339ms] [LOG] ℹ️ NFL season type 3 failed: Failed to fetch @ https://live-streaming-eta.vercel.app/js/api.js?v=7:1411
[  323151ms] [LOG] 🌐 Fetching football... @ https://live-streaming-eta.vercel.app/js/api.js?v=7:467
[  323152ms] [LOG] 🌐 Fetching cricket... @ https://live-streaming-eta.vercel.app/js/api.js?v=7:467
[  323152ms] [LOG] 🌐 Fetching basketball... @ https://live-streaming-eta.vercel.app/js/api.js?v=7:467
[  323153ms] [LOG] 🌐 Fetching tennis... @ https://live-streaming-eta.vercel.app/js/api.js?v=7:467
[  323153ms] [LOG] 🌐 Fetching mma... @ https://live-streaming-eta.vercel.app/js/api.js?v=7:467
[  323153ms] [LOG] 🌐 Fetching ufc... @ https://live-streaming-eta.vercel.app/js/api.js?v=7:467
[  323154ms] [LOG] 🌐 Fetching football... @ https://live-streaming-eta.vercel.app/js/api.js?v=7:467
[  323154ms] [LOG] 🌐 Fetching cricket... @ https://live-streaming-eta.vercel.app/js/api.js?v=7:467
[  323155ms] [LOG] 🌐 Fetching basketball... @ https://live-streaming-eta.vercel.app/js/api.js?v=7:467
[  323155ms] [LOG] 🌐 Fetching tennis... @ https://live-streaming-eta.vercel.app/js/api.js?v=7:467
[  323155ms] [LOG] 🌐 Fetching mma... @ https://live-streaming-eta.vercel.app/js/api.js?v=7:467
[  323156ms] [LOG] 🌐 Fetching ufc... @ https://live-streaming-eta.vercel.app/js/api.js?v=7:467
[  323156ms] [LOG] 🌐 Fetching football... @ https://live-streaming-eta.vercel.app/js/api.js?v=7:467
[  323156ms] [LOG] 🌐 Fetching cricket... @ https://live-streaming-eta.vercel.app/js/api.js?v=7:467
[  323157ms] [LOG] 🌐 Fetching basketball... @ https://live-streaming-eta.vercel.app/js/api.js?v=7:467
[  323157ms] [LOG] 🌐 Fetching tennis... @ https://live-streaming-eta.vercel.app/js/api.js?v=7:467
[  323157ms] [LOG] 🌐 Fetching mma... @ https://live-streaming-eta.vercel.app/js/api.js?v=7:467
[  323158ms] [LOG] 🌐 Fetching ufc... @ https://live-streaming-eta.vercel.app/js/api.js?v=7:467
[  323158ms] [LOG] 🌐 Fetching football... @ https://live-streaming-eta.vercel.app/js/api.js?v=7:467
[  323159ms] [LOG] 🌐 Fetching cricket... @ https://live-streaming-eta.vercel.app/js/api.js?v=7:467
[  323160ms] [LOG] 🌐 Fetching basketball... @ https://live-streaming-eta.vercel.app/js/api.js?v=7:467
[  323161ms] [LOG] 🌐 Fetching tennis... @ https://live-streaming-eta.vercel.app/js/api.js?v=7:467
[  323162ms] [LOG] 🌐 Fetching mma... @ https://live-streaming-eta.vercel.app/js/api.js?v=7:467
[  323164ms] [LOG] 🌐 Fetching ufc... @ https://live-streaming-eta.vercel.app/js/api.js?v=7:467
[  323168ms] [LOG] 🌐 Fetching football... @ https://live-streaming-eta.vercel.app/js/api.js?v=7:467
[  323170ms] [LOG] 🌐 Fetching cricket... @ https://live-streaming-eta.vercel.app/js/api.js?v=7:467
[  323171ms] [LOG] 🌐 Fetching basketball... @ https://live-streaming-eta.vercel.app/js/api.js?v=7:467
[  323171ms] [LOG] 🌐 Fetching tennis... @ https://live-streaming-eta.vercel.app/js/api.js?v=7:467
[  323172ms] [LOG] 🌐 Fetching mma... @ https://live-streaming-eta.vercel.app/js/api.js?v=7:467
[  323173ms] [LOG] 🌐 Fetching ufc... @ https://live-streaming-eta.vercel.app/js/api.js?v=7:467
[  323387ms] [ERROR] Access to fetch at 'https://sportscore.com/api/widget/matches/?sport=mma&limit=30' from origin 'https://live-streaming-eta.vercel.app' has been blocked by CORS policy: No 'Access-Control-Allow-Origin' header is present on the requested resource. @ https://live-streaming-eta.vercel.app/cricket/2026-08-19/essex-women-vs-somerset-women:0
[  323387ms] [ERROR] Failed to load resource: net::ERR_FAILED @ https://sportscore.com/api/widget/matches/?sport=mma&limit=30:0
[  323387ms] [LOG] ℹ️ mma: Failed to fetch @ https://live-streaming-eta.vercel.app/js/api.js?v=7:478
[  323390ms] [ERROR] Access to fetch at 'https://sportscore.com/api/widget/matches/?sport=ufc&limit=30' from origin 'https://live-streaming-eta.vercel.app' has been blocked by CORS policy: No 'Access-Control-Allow-Origin' header is present on the requested resource. @ https://live-streaming-eta.vercel.app/cricket/2026-08-19/essex-women-vs-somerset-women:0
[  323390ms] [ERROR] Failed to load resource: net::ERR_FAILED @ https://sportscore.com/api/widget/matches/?sport=ufc&limit=30:0
[  323390ms] [LOG] ℹ️ ufc: Failed to fetch @ https://live-streaming-eta.vercel.app/js/api.js?v=7:478
[  323711ms] [ERROR] Access to fetch at 'https://api.nfldata.org/v1/games?season=2026&season_type=1' from origin 'https://live-streaming-eta.vercel.app' has been blocked by CORS policy: No 'Access-Control-Allow-Origin' header is present on the requested resource. @ https://live-streaming-eta.vercel.app/cricket/2026-08-19/essex-women-vs-somerset-women:0
[  323712ms] [ERROR] Failed to load resource: net::ERR_FAILED @ https://api.nfldata.org/v1/games?season=2026&season_type=1:0
[  323712ms] [LOG] ℹ️ NFL season type 1 failed: Failed to fetch @ https://live-streaming-eta.vercel.app/js/api.js?v=7:1411
[  324090ms] [ERROR] Access to fetch at 'https://api.nfldata.org/v1/games?season=2026&season_type=2' from origin 'https://live-streaming-eta.vercel.app' has been blocked by CORS policy: No 'Access-Control-Allow-Origin' header is present on the requested resource. @ https://live-streaming-eta.vercel.app/cricket/2026-08-19/essex-women-vs-somerset-women:0
[  324090ms] [ERROR] Failed to load resource: net::ERR_FAILED @ https://api.nfldata.org/v1/games?season=2026&season_type=2:0
[  324091ms] [LOG] ℹ️ NFL season type 2 failed: Failed to fetch @ https://live-streaming-eta.vercel.app/js/api.js?v=7:1411
[  324409ms] [ERROR] Access to fetch at 'https://api.nfldata.org/v1/games?season=2026&season_type=3' from origin 'https://live-streaming-eta.vercel.app' has been blocked by CORS policy: No 'Access-Control-Allow-Origin' header is present on the requested resource. @ https://live-streaming-eta.vercel.app/cricket/2026-08-19/essex-women-vs-somerset-women:0
[  324409ms] [ERROR] Failed to load resource: net::ERR_FAILED @ https://api.nfldata.org/v1/games?season=2026&season_type=3:0
[  324409ms] [LOG] ℹ️ NFL season type 3 failed: Failed to fetch @ https://live-streaming-eta.vercel.app/js/api.js?v=7:1411
[  324414ms] [ERROR] Failed to load resource: the server responded with a status of 400 () @ https://sportscore.com/api/widget/matches/?sport=mma&limit=30:0
[  324414ms] [LOG] ℹ️ mma not available from SportScore API @ https://live-streaming-eta.vercel.app/js/api.js?v=7:471
[  324415ms] [ERROR] Failed to load resource: the server responded with a status of 400 () @ https://sportscore.com/api/widget/matches/?sport=ufc&limit=30:0
[  324415ms] [LOG] ℹ️ ufc not available from SportScore API @ https://live-streaming-eta.vercel.app/js/api.js?v=7:471
[  324453ms] [LOG] 🔄 Live Agent: refreshing scores... @ https://live-streaming-eta.vercel.app/js/app.js?v=8:906
[  324453ms] [LOG] 🌐 Fetching football... @ https://live-streaming-eta.vercel.app/js/api.js?v=7:467
[  324454ms] [LOG] 🌐 Fetching cricket... @ https://live-streaming-eta.vercel.app/js/api.js?v=7:467
[  324455ms] [LOG] 🌐 Fetching basketball... @ https://live-streaming-eta.vercel.app/js/api.js?v=7:467
[  324455ms] [LOG] 🌐 Fetching tennis... @ https://live-streaming-eta.vercel.app/js/api.js?v=7:467
[  324456ms] [LOG] 🌐 Fetching mma... @ https://live-streaming-eta.vercel.app/js/api.js?v=7:467
[  324456ms] [LOG] 🌐 Fetching ufc... @ https://live-streaming-eta.vercel.app/js/api.js?v=7:467
[  324479ms] [LOG] ✅ ESPN Cricket: 23 matches from 9 series @ https://live-streaming-eta.vercel.app/js/api.js?v=7:1233
[  324598ms] [ERROR] Access to fetch at 'https://sportscore.com/api/widget/matches/?sport=mma&limit=30' from origin 'https://live-streaming-eta.vercel.app' has been blocked by CORS policy: No 'Access-Control-Allow-Origin' header is present on the requested resource. @ https://live-streaming-eta.vercel.app/cricket/2026-08-19/essex-women-vs-somerset-women:0
[  324599ms] [ERROR] Failed to load resource: net::ERR_FAILED @ https://sportscore.com/api/widget/matches/?sport=mma&limit=30:0
[  324599ms] [LOG] ℹ️ mma: Failed to fetch @ https://live-streaming-eta.vercel.app/js/api.js?v=7:478
[  324608ms] [ERROR] Access to fetch at 'https://sportscore.com/api/widget/matches/?sport=ufc&limit=30' from origin 'https://live-streaming-eta.vercel.app' has been blocked by CORS policy: No 'Access-Control-Allow-Origin' header is present on the requested resource. @ https://live-streaming-eta.vercel.app/cricket/2026-08-19/essex-women-vs-somerset-women:0
[  324608ms] [ERROR] Failed to load resource: net::ERR_FAILED @ https://sportscore.com/api/widget/matches/?sport=ufc&limit=30:0
[  324608ms] [LOG] ℹ️ ufc: Failed to fetch @ https://live-streaming-eta.vercel.app/js/api.js?v=7:478
[  324740ms] [ERROR] Access to fetch at 'https://api.nfldata.org/v1/games?season=2026&season_type=1' from origin 'https://live-streaming-eta.vercel.app' has been blocked by CORS policy: No 'Access-Control-Allow-Origin' header is present on the requested resource. @ https://live-streaming-eta.vercel.app/cricket/2026-08-19/essex-women-vs-somerset-women:0
[  324741ms] [ERROR] Failed to load resource: net::ERR_FAILED @ https://api.nfldata.org/v1/games?season=2026&season_type=1:0
[  324741ms] [LOG] ℹ️ NFL season type 1 failed: Failed to fetch @ https://live-streaming-eta.vercel.app/js/api.js?v=7:1411
[  324780ms] [ERROR] Failed to load resource: the server responded with a status of 502 () @ https://live-streaming-eta.vercel.app/api/google-cricket:0
[  324781ms] [LOG] ⚠️ Google Cricket failed: Google Cricket HTTP 502 @ https://live-streaming-eta.vercel.app/js/api.js?v=7:1331
[  325064ms] [ERROR] Access to fetch at 'https://api.nfldata.org/v1/games?season=2026&season_type=2' from origin 'https://live-streaming-eta.vercel.app' has been blocked by CORS policy: No 'Access-Control-Allow-Origin' header is present on the requested resource. @ https://live-streaming-eta.vercel.app/cricket/2026-08-19/essex-women-vs-somerset-women:0
[  325064ms] [ERROR] Failed to load resource: net::ERR_FAILED @ https://api.nfldata.org/v1/games?season=2026&season_type=2:0
[  325064ms] [LOG] ℹ️ NFL season type 2 failed: Failed to fetch @ https://live-streaming-eta.vercel.app/js/api.js?v=7:1411
[  325079ms] [ERROR] Access to fetch at 'https://api.nfldata.org/v1/games?season=2026&season_type=1' from origin 'https://live-streaming-eta.vercel.app' has been blocked by CORS policy: No 'Access-Control-Allow-Origin' header is present on the requested resource. @ https://live-streaming-eta.vercel.app/cricket/2026-08-19/essex-women-vs-somerset-women:0
[  325079ms] [ERROR] Failed to load resource: net::ERR_FAILED @ https://api.nfldata.org/v1/games?season=2026&season_type=1:0
[  325080ms] [LOG] ℹ️ NFL season type 1 failed: Failed to fetch @ https://live-streaming-eta.vercel.app/js/api.js?v=7:1411
[  325376ms] [ERROR] Access to fetch at 'https://api.nfldata.org/v1/games?season=2026&season_type=3' from origin 'https://live-streaming-eta.vercel.app' has been blocked by CORS policy: No 'Access-Control-Allow-Origin' header is present on the requested resource. @ https://live-streaming-eta.vercel.app/cricket/2026-08-19/essex-women-vs-somerset-women:0
[  325377ms] [ERROR] Failed to load resource: net::ERR_FAILED @ https://api.nfldata.org/v1/games?season=2026&season_type=3:0
[  325377ms] [LOG] ℹ️ NFL season type 3 failed: Failed to fetch @ https://live-streaming-eta.vercel.app/js/api.js?v=7:1411
[  325391ms] [ERROR] Access to fetch at 'https://api.nfldata.org/v1/games?season=2026&season_type=2' from origin 'https://live-streaming-eta.vercel.app' has been blocked by CORS policy: No 'Access-Control-Allow-Origin' header is present on the requested resource. @ https://live-streaming-eta.vercel.app/cricket/2026-08-19/essex-women-vs-somerset-women:0
[  325391ms] [ERROR] Failed to load resource: net::ERR_FAILED @ https://api.nfldata.org/v1/games?season=2026&season_type=2:0
[  325391ms] [LOG] ℹ️ NFL season type 2 failed: Failed to fetch @ https://live-streaming-eta.vercel.app/js/api.js?v=7:1411
[  325708ms] [ERROR] Access to fetch at 'https://api.nfldata.org/v1/games?season=2026&season_type=3' from origin 'https://live-streaming-eta.vercel.app' has been blocked by CORS policy: No 'Access-Control-Allow-Origin' header is present on the requested resource. @ https://live-streaming-eta.vercel.app/cricket/2026-08-19/essex-women-vs-somerset-women:0
[  325708ms] [ERROR] Failed to load resource: net::ERR_FAILED @ https://api.nfldata.org/v1/games?season=2026&season_type=3:0
[  325708ms] [LOG] ℹ️ NFL season type 3 failed: Failed to fetch @ https://live-streaming-eta.vercel.app/js/api.js?v=7:1411
[  326264ms] [ERROR] Failed to load resource: the server responded with a status of 400 () @ https://sportscore.com/api/widget/matches/?sport=mma&limit=30:0
[  326264ms] [LOG] ℹ️ mma not available from SportScore API @ https://live-streaming-eta.vercel.app/js/api.js?v=7:471
[  326265ms] [ERROR] Failed to load resource: the server responded with a status of 400 () @ https://sportscore.com/api/widget/matches/?sport=ufc&limit=30:0
[  326265ms] [LOG] ℹ️ ufc not available from SportScore API @ https://live-streaming-eta.vercel.app/js/api.js?v=7:471
[  326682ms] [ERROR] Access to fetch at 'https://api.nfldata.org/v1/games?season=2026&season_type=1' from origin 'https://live-streaming-eta.vercel.app' has been blocked by CORS policy: No 'Access-Control-Allow-Origin' header is present on the requested resource. @ https://live-streaming-eta.vercel.app/cricket/2026-08-19/essex-women-vs-somerset-women:0
[  326682ms] [ERROR] Failed to load resource: net::ERR_FAILED @ https://api.nfldata.org/v1/games?season=2026&season_type=1:0
[  326682ms] [LOG] ℹ️ NFL season type 1 failed: Failed to fetch @ https://live-streaming-eta.vercel.app/js/api.js?v=7:1411
[  326730ms] [ERROR] Failed to load resource: the server responded with a status of 400 () @ https://sportscore.com/api/widget/matches/?sport=mma&limit=30:0
[  326730ms] [LOG] ℹ️ mma not available from SportScore API @ https://live-streaming-eta.vercel.app/js/api.js?v=7:471
[  326731ms] [ERROR] Failed to load resource: the server responded with a status of 400 () @ https://sportscore.com/api/widget/matches/?sport=ufc&limit=30:0
[  326731ms] [LOG] ℹ️ ufc not available from SportScore API @ https://live-streaming-eta.vercel.app/js/api.js?v=7:471
[  326925ms] [ERROR] Failed to load resource: the server responded with a status of 400 () @ https://sportscore.com/api/widget/matches/?sport=mma&limit=30:0
[  326926ms] [LOG] ℹ️ mma not available from SportScore API @ https://live-streaming-eta.vercel.app/js/api.js?v=7:471
[  326930ms] [ERROR] Failed to load resource: the server responded with a status of 400 () @ https://sportscore.com/api/widget/matches/?sport=ufc&limit=30:0
[  326930ms] [LOG] ℹ️ ufc not available from SportScore API @ https://live-streaming-eta.vercel.app/js/api.js?v=7:471
[  326941ms] [LOG] ✅ Live Agent: refresh complete @ https://live-streaming-eta.vercel.app/js/app.js?v=8:973
[  327027ms] [ERROR] Access to fetch at 'https://api.nfldata.org/v1/games?season=2026&season_type=2' from origin 'https://live-streaming-eta.vercel.app' has been blocked by CORS policy: No 'Access-Control-Allow-Origin' header is present on the requested resource. @ https://live-streaming-eta.vercel.app/cricket/2026-08-19/essex-women-vs-somerset-women:0
[  327027ms] [ERROR] Failed to load resource: net::ERR_FAILED @ https://api.nfldata.org/v1/games?season=2026&season_type=2:0
[  327027ms] [LOG] ℹ️ NFL season type 2 failed: Failed to fetch @ https://live-streaming-eta.vercel.app/js/api.js?v=7:1411
[  327047ms] [ERROR] Access to fetch at 'https://api.nfldata.org/v1/games?season=2026&season_type=1' from origin 'https://live-streaming-eta.vercel.app' has been blocked by CORS policy: No 'Access-Control-Allow-Origin' header is present on the requested resource. @ https://live-streaming-eta.vercel.app/cricket/2026-08-19/essex-women-vs-somerset-women:0
[  327047ms] [ERROR] Failed to load resource: net::ERR_FAILED @ https://api.nfldata.org/v1/games?season=2026&season_type=1:0
[  327047ms] [LOG] ℹ️ NFL season type 1 failed: Failed to fetch @ https://live-streaming-eta.vercel.app/js/api.js?v=7:1411
[  327345ms] [ERROR] Access to fetch at 'https://api.nfldata.org/v1/games?season=2026&season_type=3' from origin 'https://live-streaming-eta.vercel.app' has been blocked by CORS policy: No 'Access-Control-Allow-Origin' header is present on the requested resource. @ https://live-streaming-eta.vercel.app/cricket/2026-08-19/essex-women-vs-somerset-women:0
[  327345ms] [ERROR] Failed to load resource: net::ERR_FAILED @ https://api.nfldata.org/v1/games?season=2026&season_type=3:0
[  327345ms] [LOG] ℹ️ NFL season type 3 failed: Failed to fetch @ https://live-streaming-eta.vercel.app/js/api.js?v=7:1411
[  327363ms] [ERROR] Access to fetch at 'https://api.nfldata.org/v1/games?season=2026&season_type=2' from origin 'https://live-streaming-eta.vercel.app' has been blocked by CORS policy: No 'Access-Control-Allow-Origin' header is present on the requested resource. @ https://live-streaming-eta.vercel.app/cricket/2026-08-19/essex-women-vs-somerset-women:0
[  327363ms] [ERROR] Failed to load resource: net::ERR_FAILED @ https://api.nfldata.org/v1/games?season=2026&season_type=2:0
[  327363ms] [LOG] ℹ️ NFL season type 2 failed: Failed to fetch @ https://live-streaming-eta.vercel.app/js/api.js?v=7:1411
[  327679ms] [ERROR] Access to fetch at 'https://api.nfldata.org/v1/games?season=2026&season_type=3' from origin 'https://live-streaming-eta.vercel.app' has been blocked by CORS policy: No 'Access-Control-Allow-Origin' header is present on the requested resource. @ https://live-streaming-eta.vercel.app/cricket/2026-08-19/essex-women-vs-somerset-women:0
[  327679ms] [ERROR] Failed to load resource: net::ERR_FAILED @ https://api.nfldata.org/v1/games?season=2026&season_type=3:0
[  327679ms] [LOG] ℹ️ NFL season type 3 failed: Failed to fetch @ https://live-streaming-eta.vercel.app/js/api.js?v=7:1411
[  328489ms] [LOG] 🌐 Fetching football... @ https://live-streaming-eta.vercel.app/js/api.js?v=7:467
[  328490ms] [LOG] 🌐 Fetching cricket... @ https://live-streaming-eta.vercel.app/js/api.js?v=7:467
[  328491ms] [LOG] 🌐 Fetching basketball... @ https://live-streaming-eta.vercel.app/js/api.js?v=7:467
[  328491ms] [LOG] 🌐 Fetching tennis... @ https://live-streaming-eta.vercel.app/js/api.js?v=7:467
[  328492ms] [LOG] 🌐 Fetching mma... @ https://live-streaming-eta.vercel.app/js/api.js?v=7:467
[  328492ms] [LOG] 🌐 Fetching ufc... @ https://live-streaming-eta.vercel.app/js/api.js?v=7:467
[  328492ms] [LOG] 🌐 Fetching football... @ https://live-streaming-eta.vercel.app/js/api.js?v=7:467
[  328493ms] [LOG] 🌐 Fetching cricket... @ https://live-streaming-eta.vercel.app/js/api.js?v=7:467
[  328493ms] [LOG] 🌐 Fetching basketball... @ https://live-streaming-eta.vercel.app/js/api.js?v=7:467
[  328494ms] [LOG] 🌐 Fetching tennis... @ https://live-streaming-eta.vercel.app/js/api.js?v=7:467
[  328494ms] [LOG] 🌐 Fetching mma... @ https://live-streaming-eta.vercel.app/js/api.js?v=7:467
[  328494ms] [LOG] 🌐 Fetching ufc... @ https://live-streaming-eta.vercel.app/js/api.js?v=7:467
[  328494ms] [LOG] 🌐 Fetching football... @ https://live-streaming-eta.vercel.app/js/api.js?v=7:467
[  328495ms] [LOG] 🌐 Fetching cricket... @ https://live-streaming-eta.vercel.app/js/api.js?v=7:467
[  328495ms] [LOG] 🌐 Fetching basketball... @ https://live-streaming-eta.vercel.app/js/api.js?v=7:467
[  328496ms] [LOG] 🌐 Fetching tennis... @ https://live-streaming-eta.vercel.app/js/api.js?v=7:467
[  328496ms] [LOG] 🌐 Fetching mma... @ https://live-streaming-eta.vercel.app/js/api.js?v=7:467
[  328496ms] [LOG] 🌐 Fetching ufc... @ https://live-streaming-eta.vercel.app/js/api.js?v=7:467
[  328497ms] [LOG] 🌐 Fetching football... @ https://live-streaming-eta.vercel.app/js/api.js?v=7:467
[  328497ms] [LOG] 🌐 Fetching cricket... @ https://live-streaming-eta.vercel.app/js/api.js?v=7:467
[  328497ms] [LOG] 🌐 Fetching basketball... @ https://live-streaming-eta.vercel.app/js/api.js?v=7:467
[  328498ms] [LOG] 🌐 Fetching tennis... @ https://live-streaming-eta.vercel.app/js/api.js?v=7:467
[  328498ms] [LOG] 🌐 Fetching mma... @ https://live-streaming-eta.vercel.app/js/api.js?v=7:467
[  328499ms] [LOG] 🌐 Fetching ufc... @ https://live-streaming-eta.vercel.app/js/api.js?v=7:467
[  328499ms] [LOG] 🌐 Fetching football... @ https://live-streaming-eta.vercel.app/js/api.js?v=7:467
[  328500ms] [LOG] 🌐 Fetching cricket... @ https://live-streaming-eta.vercel.app/js/api.js?v=7:467
[  328500ms] [LOG] 🌐 Fetching basketball... @ https://live-streaming-eta.vercel.app/js/api.js?v=7:467
[  328501ms] [LOG] 🌐 Fetching tennis... @ https://live-streaming-eta.vercel.app/js/api.js?v=7:467
[  328502ms] [LOG] 🌐 Fetching mma... @ https://live-streaming-eta.vercel.app/js/api.js?v=7:467
[  328502ms] [LOG] 🌐 Fetching ufc... @ https://live-streaming-eta.vercel.app/js/api.js?v=7:467
[  328713ms] [ERROR] Failed to load resource: the server responded with a status of 400 () @ https://sportscore.com/api/widget/matches/?sport=mma&limit=30:0
[  328713ms] [LOG] ℹ️ mma not available from SportScore API @ https://live-streaming-eta.vercel.app/js/api.js?v=7:471
[  328714ms] [ERROR] Failed to load resource: the server responded with a status of 400 () @ https://sportscore.com/api/widget/matches/?sport=ufc&limit=30:0
[  328714ms] [LOG] ℹ️ ufc not available from SportScore API @ https://live-streaming-eta.vercel.app/js/api.js?v=7:471
[  328919ms] [ERROR] Failed to load resource: the server responded with a status of 400 () @ https://sportscore.com/api/widget/matches/?sport=ufc&limit=30:0
[  328919ms] [LOG] ℹ️ ufc not available from SportScore API @ https://live-streaming-eta.vercel.app/js/api.js?v=7:471
[  328920ms] [ERROR] Failed to load resource: the server responded with a status of 400 () @ https://sportscore.com/api/widget/matches/?sport=mma&limit=30:0
[  328920ms] [LOG] ℹ️ mma not available from SportScore API @ https://live-streaming-eta.vercel.app/js/api.js?v=7:471
[  329030ms] [ERROR] Access to fetch at 'https://api.nfldata.org/v1/games?season=2026&season_type=1' from origin 'https://live-streaming-eta.vercel.app' has been blocked by CORS policy: No 'Access-Control-Allow-Origin' header is present on the requested resource. @ https://live-streaming-eta.vercel.app/cricket/2026-08-19/essex-women-vs-somerset-women:0
[  329030ms] [ERROR] Failed to load resource: net::ERR_FAILED @ https://api.nfldata.org/v1/games?season=2026&season_type=1:0
[  329030ms] [LOG] ℹ️ NFL season type 1 failed: Failed to fetch @ https://live-streaming-eta.vercel.app/js/api.js?v=7:1411
[  329129ms] [ERROR] Failed to load resource: the server responded with a status of 400 () @ https://sportscore.com/api/widget/matches/?sport=ufc&limit=30:0
[  329129ms] [LOG] ℹ️ ufc not available from SportScore API @ https://live-streaming-eta.vercel.app/js/api.js?v=7:471
[  329133ms] [ERROR] Failed to load resource: the server responded with a status of 400 () @ https://sportscore.com/api/widget/matches/?sport=mma&limit=30:0
[  329134ms] [LOG] ℹ️ mma not available from SportScore API @ https://live-streaming-eta.vercel.app/js/api.js?v=7:471
[  329327ms] [ERROR] Failed to load resource: the server responded with a status of 400 () @ https://sportscore.com/api/widget/matches/?sport=ufc&limit=30:0
[  329327ms] [LOG] ℹ️ ufc not available from SportScore API @ https://live-streaming-eta.vercel.app/js/api.js?v=7:471
[  329331ms] [ERROR] Failed to load resource: the server responded with a status of 400 () @ https://sportscore.com/api/widget/matches/?sport=mma&limit=30:0
[  329331ms] [LOG] ℹ️ mma not available from SportScore API @ https://live-streaming-eta.vercel.app/js/api.js?v=7:471
[  329352ms] [ERROR] Access to fetch at 'https://api.nfldata.org/v1/games?season=2026&season_type=1' from origin 'https://live-streaming-eta.vercel.app' has been blocked by CORS policy: No 'Access-Control-Allow-Origin' header is present on the requested resource. @ https://live-streaming-eta.vercel.app/cricket/2026-08-19/essex-women-vs-somerset-women:0
[  329353ms] [ERROR] Failed to load resource: net::ERR_FAILED @ https://api.nfldata.org/v1/games?season=2026&season_type=1:0
[  329353ms] [LOG] ℹ️ NFL season type 1 failed: Failed to fetch @ https://live-streaming-eta.vercel.app/js/api.js?v=7:1411
[  329360ms] [ERROR] Access to fetch at 'https://api.nfldata.org/v1/games?season=2026&season_type=2' from origin 'https://live-streaming-eta.vercel.app' has been blocked by CORS policy: No 'Access-Control-Allow-Origin' header is present on the requested resource. @ https://live-streaming-eta.vercel.app/cricket/2026-08-19/essex-women-vs-somerset-women:0
[  329361ms] [ERROR] Failed to load resource: net::ERR_FAILED @ https://api.nfldata.org/v1/games?season=2026&season_type=2:0
[  329361ms] [LOG] ℹ️ NFL season type 2 failed: Failed to fetch @ https://live-streaming-eta.vercel.app/js/api.js?v=7:1411
[  329458ms] [LOG] 🔄 Live Agent: refreshing scores... @ https://live-streaming-eta.vercel.app/js/app.js?v=8:906
[  329458ms] [LOG] 🌐 Fetching football... @ https://live-streaming-eta.vercel.app/js/api.js?v=7:467
[  329459ms] [LOG] 🌐 Fetching cricket... @ https://live-streaming-eta.vercel.app/js/api.js?v=7:467
[  329459ms] [LOG] 🌐 Fetching basketball... @ https://live-streaming-eta.vercel.app/js/api.js?v=7:467
[  329460ms] [LOG] 🌐 Fetching tennis... @ https://live-streaming-eta.vercel.app/js/api.js?v=7:467
[  329460ms] [LOG] 🌐 Fetching mma... @ https://live-streaming-eta.vercel.app/js/api.js?v=7:467
[  329461ms] [LOG] 🌐 Fetching ufc... @ https://live-streaming-eta.vercel.app/js/api.js?v=7:467
[  329526ms] [ERROR] Failed to load resource: the server responded with a status of 400 () @ https://sportscore.com/api/widget/matches/?sport=ufc&limit=30:0
[  329527ms] [LOG] ℹ️ ufc not available from SportScore API @ https://live-streaming-eta.vercel.app/js/api.js?v=7:471
[  329531ms] [ERROR] Failed to load resource: the server responded with a status of 400 () @ https://sportscore.com/api/widget/matches/?sport=mma&limit=30:0
[  329531ms] [LOG] ℹ️ mma not available from SportScore API @ https://live-streaming-eta.vercel.app/js/api.js?v=7:471
[  329679ms] [ERROR] Access to fetch at 'https://api.nfldata.org/v1/games?season=2026&season_type=1' from origin 'https://live-streaming-eta.vercel.app' has been blocked by CORS policy: No 'Access-Control-Allow-Origin' header is present on the requested resource. @ https://live-streaming-eta.vercel.app/cricket/2026-08-19/essex-women-vs-somerset-women:0
[  329679ms] [ERROR] Failed to load resource: net::ERR_FAILED @ https://api.nfldata.org/v1/games?season=2026&season_type=1:0
[  329680ms] [LOG] ℹ️ NFL season type 1 failed: Failed to fetch @ https://live-streaming-eta.vercel.app/js/api.js?v=7:1411
[  329686ms] [ERROR] Access to fetch at 'https://api.nfldata.org/v1/games?season=2026&season_type=2' from origin 'https://live-streaming-eta.vercel.app' has been blocked by CORS policy: No 'Access-Control-Allow-Origin' header is present on the requested resource. @ https://live-streaming-eta.vercel.app/cricket/2026-08-19/essex-women-vs-somerset-women:0
[  329686ms] [ERROR] Failed to load resource: net::ERR_FAILED @ https://api.nfldata.org/v1/games?season=2026&season_type=2:0
[  329686ms] [LOG] ℹ️ NFL season type 2 failed: Failed to fetch @ https://live-streaming-eta.vercel.app/js/api.js?v=7:1411
[  329687ms] [ERROR] Access to fetch at 'https://api.nfldata.org/v1/games?season=2026&season_type=3' from origin 'https://live-streaming-eta.vercel.app' has been blocked by CORS policy: No 'Access-Control-Allow-Origin' header is present on the requested resource. @ https://live-streaming-eta.vercel.app/cricket/2026-08-19/essex-women-vs-somerset-women:0
[  329688ms] [ERROR] Failed to load resource: net::ERR_FAILED @ https://api.nfldata.org/v1/games?season=2026&season_type=3:0
[  329688ms] [LOG] ℹ️ NFL season type 3 failed: Failed to fetch @ https://live-streaming-eta.vercel.app/js/api.js?v=7:1411
[  329720ms] [ERROR] Failed to load resource: the server responded with a status of 400 () @ https://sportscore.com/api/widget/matches/?sport=ufc&limit=30:0
[  329720ms] [LOG] ℹ️ ufc not available from SportScore API @ https://live-streaming-eta.vercel.app/js/api.js?v=7:471
[  329721ms] [ERROR] Failed to load resource: the server responded with a status of 400 () @ https://sportscore.com/api/widget/matches/?sport=mma&limit=30:0
[  329725ms] [LOG] ℹ️ mma not available from SportScore API @ https://live-streaming-eta.vercel.app/js/api.js?v=7:471
[  329786ms] [ERROR] Failed to load resource: the server responded with a status of 502 () @ https://live-streaming-eta.vercel.app/api/google-cricket:0
[  329786ms] [LOG] ⚠️ Google Cricket failed: Google Cricket HTTP 502 @ https://live-streaming-eta.vercel.app/js/api.js?v=7:1331
[  329859ms] [LOG] ✅ ESPN Cricket: 23 matches from 9 series @ https://live-streaming-eta.vercel.app/js/api.js?v=7:1233
[  329865ms] [LOG] ✅ Live Agent: refresh complete @ https://live-streaming-eta.vercel.app/js/app.js?v=8:973
[  329998ms] [ERROR] Access to fetch at 'https://api.nfldata.org/v1/games?season=2026&season_type=1' from origin 'https://live-streaming-eta.vercel.app' has been blocked by CORS policy: No 'Access-Control-Allow-Origin' header is present on the requested resource. @ https://live-streaming-eta.vercel.app/cricket/2026-08-19/essex-women-vs-somerset-women:0
[  329999ms] [ERROR] Failed to load resource: net::ERR_FAILED @ https://api.nfldata.org/v1/games?season=2026&season_type=1:0
[  329999ms] [LOG] ℹ️ NFL season type 1 failed: Failed to fetch @ https://live-streaming-eta.vercel.app/js/api.js?v=7:1411
[  330011ms] [ERROR] Access to fetch at 'https://api.nfldata.org/v1/games?season=2026&season_type=3' from origin 'https://live-streaming-eta.vercel.app' has been blocked by CORS policy: No 'Access-Control-Allow-Origin' header is present on the requested resource. @ https://live-streaming-eta.vercel.app/cricket/2026-08-19/essex-women-vs-somerset-women:0
[  330011ms] [ERROR] Failed to load resource: net::ERR_FAILED @ https://api.nfldata.org/v1/games?season=2026&season_type=3:0
[  330011ms] [LOG] ℹ️ NFL season type 3 failed: Failed to fetch @ https://live-streaming-eta.vercel.app/js/api.js?v=7:1411
[  330014ms] [ERROR] Access to fetch at 'https://api.nfldata.org/v1/games?season=2026&season_type=2' from origin 'https://live-streaming-eta.vercel.app' has been blocked by CORS policy: No 'Access-Control-Allow-Origin' header is present on the requested resource. @ https://live-streaming-eta.vercel.app/cricket/2026-08-19/essex-women-vs-somerset-women:0
[  330014ms] [ERROR] Failed to load resource: net::ERR_FAILED @ https://api.nfldata.org/v1/games?season=2026&season_type=2:0
[  330014ms] [LOG] ℹ️ NFL season type 2 failed: Failed to fetch @ https://live-streaming-eta.vercel.app/js/api.js?v=7:1411
[  330314ms] [ERROR] Access to fetch at 'https://api.nfldata.org/v1/games?season=2026&season_type=1' from origin 'https://live-streaming-eta.vercel.app' has been blocked by CORS policy: No 'Access-Control-Allow-Origin' header is present on the requested resource. @ https://live-streaming-eta.vercel.app/cricket/2026-08-19/essex-women-vs-somerset-women:0
[  330315ms] [ERROR] Failed to load resource: net::ERR_FAILED @ https://api.nfldata.org/v1/games?season=2026&season_type=1:0
[  330315ms] [LOG] ℹ️ NFL season type 1 failed: Failed to fetch @ https://live-streaming-eta.vercel.app/js/api.js?v=7:1411
[  330330ms] [ERROR] Access to fetch at 'https://api.nfldata.org/v1/games?season=2026&season_type=3' from origin 'https://live-streaming-eta.vercel.app' has been blocked by CORS policy: No 'Access-Control-Allow-Origin' header is present on the requested resource. @ https://live-streaming-eta.vercel.app/cricket/2026-08-19/essex-women-vs-somerset-women:0
[  330330ms] [ERROR] Failed to load resource: net::ERR_FAILED @ https://api.nfldata.org/v1/games?season=2026&season_type=3:0
[  330330ms] [LOG] ℹ️ NFL season type 3 failed: Failed to fetch @ https://live-streaming-eta.vercel.app/js/api.js?v=7:1411
[  330333ms] [ERROR] Access to fetch at 'https://api.nfldata.org/v1/games?season=2026&season_type=2' from origin 'https://live-streaming-eta.vercel.app' has been blocked by CORS policy: No 'Access-Control-Allow-Origin' header is present on the requested resource. @ https://live-streaming-eta.vercel.app/cricket/2026-08-19/essex-women-vs-somerset-women:0
[  330333ms] [ERROR] Failed to load resource: net::ERR_FAILED @ https://api.nfldata.org/v1/games?season=2026&season_type=2:0
[  330333ms] [LOG] ℹ️ NFL season type 2 failed: Failed to fetch @ https://live-streaming-eta.vercel.app/js/api.js?v=7:1411
[  330654ms] [ERROR] Access to fetch at 'https://api.nfldata.org/v1/games?season=2026&season_type=2' from origin 'https://live-streaming-eta.vercel.app' has been blocked by CORS policy: No 'Access-Control-Allow-Origin' header is present on the requested resource. @ https://live-streaming-eta.vercel.app/cricket/2026-08-19/essex-women-vs-somerset-women:0
[  330654ms] [ERROR] Failed to load resource: net::ERR_FAILED @ https://api.nfldata.org/v1/games?season=2026&season_type=2:0
[  330655ms] [LOG] ℹ️ NFL season type 2 failed: Failed to fetch @ https://live-streaming-eta.vercel.app/js/api.js?v=7:1411
[  330663ms] [ERROR] Access to fetch at 'https://api.nfldata.org/v1/games?season=2026&season_type=3' from origin 'https://live-streaming-eta.vercel.app' has been blocked by CORS policy: No 'Access-Control-Allow-Origin' header is present on the requested resource. @ https://live-streaming-eta.vercel.app/cricket/2026-08-19/essex-women-vs-somerset-women:0
[  330664ms] [ERROR] Failed to load resource: net::ERR_FAILED @ https://api.nfldata.org/v1/games?season=2026&season_type=3:0
[  330664ms] [LOG] ℹ️ NFL season type 3 failed: Failed to fetch @ https://live-streaming-eta.vercel.app/js/api.js?v=7:1411
[  330985ms] [ERROR] Access to fetch at 'https://api.nfldata.org/v1/games?season=2026&season_type=3' from origin 'https://live-streaming-eta.vercel.app' has been blocked by CORS policy: No 'Access-Control-Allow-Origin' header is present on the requested resource. @ https://live-streaming-eta.vercel.app/cricket/2026-08-19/essex-women-vs-somerset-women:0
[  330985ms] [ERROR] Failed to load resource: net::ERR_FAILED @ https://api.nfldata.org/v1/games?season=2026&season_type=3:0
[  330985ms] [LOG] ℹ️ NFL season type 3 failed: Failed to fetch @ https://live-streaming-eta.vercel.app/js/api.js?v=7:1411
[  331793ms] [LOG] 🌐 Fetching football... @ https://live-streaming-eta.vercel.app/js/api.js?v=7:467
[  331795ms] [LOG] 🌐 Fetching cricket... @ https://live-streaming-eta.vercel.app/js/api.js?v=7:467
[  331796ms] [LOG] 🌐 Fetching basketball... @ https://live-streaming-eta.vercel.app/js/api.js?v=7:467
[  331797ms] [LOG] 🌐 Fetching tennis... @ https://live-streaming-eta.vercel.app/js/api.js?v=7:467
[  331797ms] [LOG] 🌐 Fetching mma... @ https://live-streaming-eta.vercel.app/js/api.js?v=7:467
[  331798ms] [LOG] 🌐 Fetching ufc... @ https://live-streaming-eta.vercel.app/js/api.js?v=7:467
[  331799ms] [LOG] 🌐 Fetching football... @ https://live-streaming-eta.vercel.app/js/api.js?v=7:467
[  331799ms] [LOG] 🌐 Fetching cricket... @ https://live-streaming-eta.vercel.app/js/api.js?v=7:467
[  331800ms] [LOG] 🌐 Fetching basketball... @ https://live-streaming-eta.vercel.app/js/api.js?v=7:467
[  331800ms] [LOG] 🌐 Fetching tennis... @ https://live-streaming-eta.vercel.app/js/api.js?v=7:467
[  331801ms] [LOG] 🌐 Fetching mma... @ https://live-streaming-eta.vercel.app/js/api.js?v=7:467
[  331801ms] [LOG] 🌐 Fetching ufc... @ https://live-streaming-eta.vercel.app/js/api.js?v=7:467
[  331801ms] [LOG] 🌐 Fetching football... @ https://live-streaming-eta.vercel.app/js/api.js?v=7:467
[  331801ms] [LOG] 🌐 Fetching cricket... @ https://live-streaming-eta.vercel.app/js/api.js?v=7:467
[  331802ms] [LOG] 🌐 Fetching basketball... @ https://live-streaming-eta.vercel.app/js/api.js?v=7:467
[  331802ms] [LOG] 🌐 Fetching tennis... @ https://live-streaming-eta.vercel.app/js/api.js?v=7:467
[  331802ms] [LOG] 🌐 Fetching mma... @ https://live-streaming-eta.vercel.app/js/api.js?v=7:467
[  331803ms] [LOG] 🌐 Fetching ufc... @ https://live-streaming-eta.vercel.app/js/api.js?v=7:467
[  331803ms] [LOG] 🌐 Fetching football... @ https://live-streaming-eta.vercel.app/js/api.js?v=7:467
[  331803ms] [LOG] 🌐 Fetching cricket... @ https://live-streaming-eta.vercel.app/js/api.js?v=7:467
[  331803ms] [LOG] 🌐 Fetching basketball... @ https://live-streaming-eta.vercel.app/js/api.js?v=7:467
[  331804ms] [LOG] 🌐 Fetching tennis... @ https://live-streaming-eta.vercel.app/js/api.js?v=7:467
[  331804ms] [LOG] 🌐 Fetching mma... @ https://live-streaming-eta.vercel.app/js/api.js?v=7:467
[  331804ms] [LOG] 🌐 Fetching ufc... @ https://live-streaming-eta.vercel.app/js/api.js?v=7:467
[  331805ms] [LOG] 🌐 Fetching football... @ https://live-streaming-eta.vercel.app/js/api.js?v=7:467
[  331805ms] [LOG] 🌐 Fetching cricket... @ https://live-streaming-eta.vercel.app/js/api.js?v=7:467
[  331805ms] [LOG] 🌐 Fetching basketball... @ https://live-streaming-eta.vercel.app/js/api.js?v=7:467
[  331806ms] [LOG] 🌐 Fetching tennis... @ https://live-streaming-eta.vercel.app/js/api.js?v=7:467
[  331806ms] [LOG] 🌐 Fetching mma... @ https://live-streaming-eta.vercel.app/js/api.js?v=7:467
[  331806ms] [LOG] 🌐 Fetching ufc... @ https://live-streaming-eta.vercel.app/js/api.js?v=7:467
[  332020ms] [ERROR] Failed to load resource: the server responded with a status of 400 () @ https://sportscore.com/api/widget/matches/?sport=ufc&limit=30:0
[  332020ms] [LOG] ℹ️ ufc not available from SportScore API @ https://live-streaming-eta.vercel.app/js/api.js?v=7:471
[  332021ms] [ERROR] Failed to load resource: the server responded with a status of 400 () @ https://sportscore.com/api/widget/matches/?sport=mma&limit=30:0
[  332021ms] [LOG] ℹ️ mma not available from SportScore API @ https://live-streaming-eta.vercel.app/js/api.js?v=7:471
[  332220ms] [ERROR] Failed to load resource: the server responded with a status of 400 () @ https://sportscore.com/api/widget/matches/?sport=mma&limit=30:0
[  332220ms] [LOG] ℹ️ mma not available from SportScore API @ https://live-streaming-eta.vercel.app/js/api.js?v=7:471
[  332220ms] [ERROR] Failed to load resource: the server responded with a status of 400 () @ https://sportscore.com/api/widget/matches/?sport=ufc&limit=30:0
[  332221ms] [LOG] ℹ️ ufc not available from SportScore API @ https://live-streaming-eta.vercel.app/js/api.js?v=7:471
[  332350ms] [ERROR] Access to fetch at 'https://api.nfldata.org/v1/games?season=2026&season_type=1' from origin 'https://live-streaming-eta.vercel.app' has been blocked by CORS policy: No 'Access-Control-Allow-Origin' header is present on the requested resource. @ https://live-streaming-eta.vercel.app/cricket/2026-08-19/essex-women-vs-somerset-women:0
[  332350ms] [ERROR] Failed to load resource: net::ERR_FAILED @ https://api.nfldata.org/v1/games?season=2026&season_type=1:0
[  332350ms] [LOG] ℹ️ NFL season type 1 failed: Failed to fetch @ https://live-streaming-eta.vercel.app/js/api.js?v=7:1411
[  332420ms] [ERROR] Failed to load resource: the server responded with a status of 400 () @ https://sportscore.com/api/widget/matches/?sport=ufc&limit=30:0
[  332421ms] [LOG] ℹ️ ufc not available from SportScore API @ https://live-streaming-eta.vercel.app/js/api.js?v=7:471
[  332421ms] [ERROR] Failed to load resource: the server responded with a status of 400 () @ https://sportscore.com/api/widget/matches/?sport=mma&limit=30:0
[  332421ms] [LOG] ℹ️ mma not available from SportScore API @ https://live-streaming-eta.vercel.app/js/api.js?v=7:471
[  332624ms] [ERROR] Failed to load resource: the server responded with a status of 400 () @ https://sportscore.com/api/widget/matches/?sport=mma&limit=30:0
[  332624ms] [LOG] ℹ️ mma not available from SportScore API @ https://live-streaming-eta.vercel.app/js/api.js?v=7:471
[  332624ms] [ERROR] Failed to load resource: the server responded with a status of 400 () @ https://sportscore.com/api/widget/matches/?sport=ufc&limit=30:0
[  332624ms] [LOG] ℹ️ ufc not available from SportScore API @ https://live-streaming-eta.vercel.app/js/api.js?v=7:471
[  332669ms] [ERROR] Access to fetch at 'https://api.nfldata.org/v1/games?season=2026&season_type=2' from origin 'https://live-streaming-eta.vercel.app' has been blocked by CORS policy: No 'Access-Control-Allow-Origin' header is present on the requested resource. @ https://live-streaming-eta.vercel.app/cricket/2026-08-19/essex-women-vs-somerset-women:0
[  332669ms] [ERROR] Failed to load resource: net::ERR_FAILED @ https://api.nfldata.org/v1/games?season=2026&season_type=2:0
[  332669ms] [LOG] ℹ️ NFL season type 2 failed: Failed to fetch @ https://live-streaming-eta.vercel.app/js/api.js?v=7:1411
[  332687ms] [ERROR] Access to fetch at 'https://api.nfldata.org/v1/games?season=2026&season_type=1' from origin 'https://live-streaming-eta.vercel.app' has been blocked by CORS policy: No 'Access-Control-Allow-Origin' header is present on the requested resource. @ https://live-streaming-eta.vercel.app/cricket/2026-08-19/essex-women-vs-somerset-women:0
[  332687ms] [ERROR] Failed to load resource: net::ERR_FAILED @ https://api.nfldata.org/v1/games?season=2026&season_type=1:0
[  332688ms] [LOG] ℹ️ NFL season type 1 failed: Failed to fetch @ https://live-streaming-eta.vercel.app/js/api.js?v=7:1411
[  332820ms] [ERROR] Failed to load resource: the server responded with a status of 400 () @ https://sportscore.com/api/widget/matches/?sport=ufc&limit=30:0
[  332820ms] [LOG] ℹ️ ufc not available from SportScore API @ https://live-streaming-eta.vercel.app/js/api.js?v=7:471
[  332836ms] [ERROR] Failed to load resource: the server responded with a status of 400 () @ https://sportscore.com/api/widget/matches/?sport=mma&limit=30:0
[  332836ms] [LOG] ℹ️ mma not available from SportScore API @ https://live-streaming-eta.vercel.app/js/api.js?v=7:471
[  332986ms] [ERROR] Access to fetch at 'https://api.nfldata.org/v1/games?season=2026&season_type=3' from origin 'https://live-streaming-eta.vercel.app' has been blocked by CORS policy: No 'Access-Control-Allow-Origin' header is present on the requested resource. @ https://live-streaming-eta.vercel.app/cricket/2026-08-19/essex-women-vs-somerset-women:0
[  332986ms] [ERROR] Failed to load resource: net::ERR_FAILED @ https://api.nfldata.org/v1/games?season=2026&season_type=3:0
[  332986ms] [LOG] ℹ️ NFL season type 3 failed: Failed to fetch @ https://live-streaming-eta.vercel.app/js/api.js?v=7:1411
[  333006ms] [ERROR] Access to fetch at 'https://api.nfldata.org/v1/games?season=2026&season_type=2' from origin 'https://live-streaming-eta.vercel.app' has been blocked by CORS policy: No 'Access-Control-Allow-Origin' header is present on the requested resource. @ https://live-streaming-eta.vercel.app/cricket/2026-08-19/essex-women-vs-somerset-women:0
[  333007ms] [ERROR] Failed to load resource: net::ERR_FAILED @ https://api.nfldata.org/v1/games?season=2026&season_type=2:0
[  333007ms] [LOG] ℹ️ NFL season type 2 failed: Failed to fetch @ https://live-streaming-eta.vercel.app/js/api.js?v=7:1411
[  333016ms] [ERROR] Access to fetch at 'https://api.nfldata.org/v1/games?season=2026&season_type=1' from origin 'https://live-streaming-eta.vercel.app' has been blocked by CORS policy: No 'Access-Control-Allow-Origin' header is present on the requested resource. @ https://live-streaming-eta.vercel.app/cricket/2026-08-19/essex-women-vs-somerset-women:0
[  333016ms] [ERROR] Failed to load resource: net::ERR_FAILED @ https://api.nfldata.org/v1/games?season=2026&season_type=1:0
[  333016ms] [LOG] ℹ️ NFL season type 1 failed: Failed to fetch @ https://live-streaming-eta.vercel.app/js/api.js?v=7:1411
[  333321ms] [ERROR] Access to fetch at 'https://api.nfldata.org/v1/games?season=2026&season_type=3' from origin 'https://live-streaming-eta.vercel.app' has been blocked by CORS policy: No 'Access-Control-Allow-Origin' header is present on the requested resource. @ https://live-streaming-eta.vercel.app/cricket/2026-08-19/essex-women-vs-somerset-women:0
[  333321ms] [ERROR] Failed to load resource: net::ERR_FAILED @ https://api.nfldata.org/v1/games?season=2026&season_type=3:0
[  333321ms] [LOG] ℹ️ NFL season type 3 failed: Failed to fetch @ https://live-streaming-eta.vercel.app/js/api.js?v=7:1411
[  333340ms] [ERROR] Access to fetch at 'https://api.nfldata.org/v1/games?season=2026&season_type=1' from origin 'https://live-streaming-eta.vercel.app' has been blocked by CORS policy: No 'Access-Control-Allow-Origin' header is present on the requested resource. @ https://live-streaming-eta.vercel.app/cricket/2026-08-19/essex-women-vs-somerset-women:0
[  333341ms] [ERROR] Failed to load resource: net::ERR_FAILED @ https://api.nfldata.org/v1/games?season=2026&season_type=1:0
[  333341ms] [LOG] ℹ️ NFL season type 1 failed: Failed to fetch @ https://live-streaming-eta.vercel.app/js/api.js?v=7:1411
[  333350ms] [ERROR] Access to fetch at 'https://api.nfldata.org/v1/games?season=2026&season_type=2' from origin 'https://live-streaming-eta.vercel.app' has been blocked by CORS policy: No 'Access-Control-Allow-Origin' header is present on the requested resource. @ https://live-streaming-eta.vercel.app/cricket/2026-08-19/essex-women-vs-somerset-women:0
[  333351ms] [ERROR] Failed to load resource: net::ERR_FAILED @ https://api.nfldata.org/v1/games?season=2026&season_type=2:0
[  333351ms] [LOG] ℹ️ NFL season type 2 failed: Failed to fetch @ https://live-streaming-eta.vercel.app/js/api.js?v=7:1411
[  333657ms] [ERROR] Access to fetch at 'https://api.nfldata.org/v1/games?season=2026&season_type=1' from origin 'https://live-streaming-eta.vercel.app' has been blocked by CORS policy: No 'Access-Control-Allow-Origin' header is present on the requested resource. @ https://live-streaming-eta.vercel.app/cricket/2026-08-19/essex-women-vs-somerset-women:0
[  333657ms] [ERROR] Failed to load resource: net::ERR_FAILED @ https://api.nfldata.org/v1/games?season=2026&season_type=1:0
[  333657ms] [LOG] ℹ️ NFL season type 1 failed: Failed to fetch @ https://live-streaming-eta.vercel.app/js/api.js?v=7:1411
[  333669ms] [ERROR] Access to fetch at 'https://api.nfldata.org/v1/games?season=2026&season_type=2' from origin 'https://live-streaming-eta.vercel.app' has been blocked by CORS policy: No 'Access-Control-Allow-Origin' header is present on the requested resource. @ https://live-streaming-eta.vercel.app/cricket/2026-08-19/essex-women-vs-somerset-women:0
[  333669ms] [ERROR] Failed to load resource: net::ERR_FAILED @ https://api.nfldata.org/v1/games?season=2026&season_type=2:0
[  333670ms] [LOG] ℹ️ NFL season type 2 failed: Failed to fetch @ https://live-streaming-eta.vercel.app/js/api.js?v=7:1411
[  333673ms] [ERROR] Access to fetch at 'https://api.nfldata.org/v1/games?season=2026&season_type=3' from origin 'https://live-streaming-eta.vercel.app' has been blocked by CORS policy: No 'Access-Control-Allow-Origin' header is present on the requested resource. @ https://live-streaming-eta.vercel.app/cricket/2026-08-19/essex-women-vs-somerset-women:0
[  333673ms] [ERROR] Failed to load resource: net::ERR_FAILED @ https://api.nfldata.org/v1/games?season=2026&season_type=3:0
[  333673ms] [LOG] ℹ️ NFL season type 3 failed: Failed to fetch @ https://live-streaming-eta.vercel.app/js/api.js?v=7:1411
[  333987ms] [ERROR] Access to fetch at 'https://api.nfldata.org/v1/games?season=2026&season_type=2' from origin 'https://live-streaming-eta.vercel.app' has been blocked by CORS policy: No 'Access-Control-Allow-Origin' header is present on the requested resource. @ https://live-streaming-eta.vercel.app/cricket/2026-08-19/essex-women-vs-somerset-women:0
[  333987ms] [ERROR] Failed to load resource: net::ERR_FAILED @ https://api.nfldata.org/v1/games?season=2026&season_type=2:0
[  333987ms] [LOG] ℹ️ NFL season type 2 failed: Failed to fetch @ https://live-streaming-eta.vercel.app/js/api.js?v=7:1411
[  333990ms] [ERROR] Access to fetch at 'https://api.nfldata.org/v1/games?season=2026&season_type=3' from origin 'https://live-streaming-eta.vercel.app' has been blocked by CORS policy: No 'Access-Control-Allow-Origin' header is present on the requested resource. @ https://live-streaming-eta.vercel.app/cricket/2026-08-19/essex-women-vs-somerset-women:0
[  333990ms] [ERROR] Failed to load resource: net::ERR_FAILED @ https://api.nfldata.org/v1/games?season=2026&season_type=3:0
[  333990ms] [LOG] ℹ️ NFL season type 3 failed: Failed to fetch @ https://live-streaming-eta.vercel.app/js/api.js?v=7:1411
[  334303ms] [ERROR] Access to fetch at 'https://api.nfldata.org/v1/games?season=2026&season_type=3' from origin 'https://live-streaming-eta.vercel.app' has been blocked by CORS policy: No 'Access-Control-Allow-Origin' header is present on the requested resource. @ https://live-streaming-eta.vercel.app/cricket/2026-08-19/essex-women-vs-somerset-women:0
[  334303ms] [ERROR] Failed to load resource: net::ERR_FAILED @ https://api.nfldata.org/v1/games?season=2026&season_type=3:0
[  334303ms] [LOG] ℹ️ NFL season type 3 failed: Failed to fetch @ https://live-streaming-eta.vercel.app/js/api.js?v=7:1411
[  334450ms] [LOG] 🔄 Live Agent: refreshing scores... @ https://live-streaming-eta.vercel.app/js/app.js?v=8:906
[  334450ms] [LOG] 🌐 Fetching football... @ https://live-streaming-eta.vercel.app/js/api.js?v=7:467
[  334450ms] [LOG] 🌐 Fetching cricket... @ https://live-streaming-eta.vercel.app/js/api.js?v=7:467
[  334451ms] [LOG] 🌐 Fetching basketball... @ https://live-streaming-eta.vercel.app/js/api.js?v=7:467
[  334452ms] [LOG] 🌐 Fetching tennis... @ https://live-streaming-eta.vercel.app/js/api.js?v=7:467
[  334453ms] [LOG] 🌐 Fetching mma... @ https://live-streaming-eta.vercel.app/js/api.js?v=7:467
[  334453ms] [LOG] 🌐 Fetching ufc... @ https://live-streaming-eta.vercel.app/js/api.js?v=7:467
[  334473ms] [LOG] ✅ ESPN Cricket: 23 matches from 9 series @ https://live-streaming-eta.vercel.app/js/api.js?v=7:1233
[  334653ms] [ERROR] Access to fetch at 'https://sportscore.com/api/widget/matches/?sport=ufc&limit=30' from origin 'https://live-streaming-eta.vercel.app' has been blocked by CORS policy: No 'Access-Control-Allow-Origin' header is present on the requested resource. @ https://live-streaming-eta.vercel.app/cricket/2026-08-19/essex-women-vs-somerset-women:0
[  334654ms] [ERROR] Failed to load resource: net::ERR_FAILED @ https://sportscore.com/api/widget/matches/?sport=ufc&limit=30:0
[  334654ms] [LOG] ℹ️ ufc: Failed to fetch @ https://live-streaming-eta.vercel.app/js/api.js?v=7:478
[  334767ms] [ERROR] Failed to load resource: the server responded with a status of 502 () @ https://live-streaming-eta.vercel.app/api/google-cricket:0
[  334768ms] [LOG] ⚠️ Google Cricket failed: Google Cricket HTTP 502 @ https://live-streaming-eta.vercel.app/js/api.js?v=7:1331
[  335116ms] [LOG] 🌐 Fetching football... @ https://live-streaming-eta.vercel.app/js/api.js?v=7:467
[  335118ms] [LOG] 🌐 Fetching cricket... @ https://live-streaming-eta.vercel.app/js/api.js?v=7:467
[  335119ms] [LOG] 🌐 Fetching basketball... @ https://live-streaming-eta.vercel.app/js/api.js?v=7:467
[  335120ms] [LOG] 🌐 Fetching tennis... @ https://live-streaming-eta.vercel.app/js/api.js?v=7:467
[  335121ms] [LOG] 🌐 Fetching mma... @ https://live-streaming-eta.vercel.app/js/api.js?v=7:467
[  335121ms] [LOG] 🌐 Fetching ufc... @ https://live-streaming-eta.vercel.app/js/api.js?v=7:467
[  335121ms] [LOG] 🌐 Fetching football... @ https://live-streaming-eta.vercel.app/js/api.js?v=7:467
[  335122ms] [LOG] 🌐 Fetching cricket... @ https://live-streaming-eta.vercel.app/js/api.js?v=7:467
[  335122ms] [LOG] 🌐 Fetching basketball... @ https://live-streaming-eta.vercel.app/js/api.js?v=7:467
[  335122ms] [LOG] 🌐 Fetching tennis... @ https://live-streaming-eta.vercel.app/js/api.js?v=7:467
[  335123ms] [LOG] 🌐 Fetching mma... @ https://live-streaming-eta.vercel.app/js/api.js?v=7:467
[  335123ms] [LOG] 🌐 Fetching ufc... @ https://live-streaming-eta.vercel.app/js/api.js?v=7:467
[  335124ms] [LOG] 🌐 Fetching football... @ https://live-streaming-eta.vercel.app/js/api.js?v=7:467
[  335124ms] [LOG] 🌐 Fetching cricket... @ https://live-streaming-eta.vercel.app/js/api.js?v=7:467
[  335124ms] [LOG] 🌐 Fetching basketball... @ https://live-streaming-eta.vercel.app/js/api.js?v=7:467
[  335125ms] [LOG] 🌐 Fetching tennis... @ https://live-streaming-eta.vercel.app/js/api.js?v=7:467
[  335125ms] [LOG] 🌐 Fetching mma... @ https://live-streaming-eta.vercel.app/js/api.js?v=7:467
[  335125ms] [LOG] 🌐 Fetching ufc... @ https://live-streaming-eta.vercel.app/js/api.js?v=7:467
[  335126ms] [LOG] 🌐 Fetching football... @ https://live-streaming-eta.vercel.app/js/api.js?v=7:467
[  335126ms] [LOG] 🌐 Fetching cricket... @ https://live-streaming-eta.vercel.app/js/api.js?v=7:467
[  335126ms] [LOG] 🌐 Fetching basketball... @ https://live-streaming-eta.vercel.app/js/api.js?v=7:467
[  335127ms] [LOG] 🌐 Fetching tennis... @ https://live-streaming-eta.vercel.app/js/api.js?v=7:467
[  335127ms] [LOG] 🌐 Fetching mma... @ https://live-streaming-eta.vercel.app/js/api.js?v=7:467
[  335127ms] [LOG] 🌐 Fetching ufc... @ https://live-streaming-eta.vercel.app/js/api.js?v=7:467
[  335130ms] [LOG] 🌐 Fetching football... @ https://live-streaming-eta.vercel.app/js/api.js?v=7:467
[  335131ms] [LOG] 🌐 Fetching cricket... @ https://live-streaming-eta.vercel.app/js/api.js?v=7:467
[  335131ms] [LOG] 🌐 Fetching basketball... @ https://live-streaming-eta.vercel.app/js/api.js?v=7:467
[  335132ms] [LOG] 🌐 Fetching tennis... @ https://live-streaming-eta.vercel.app/js/api.js?v=7:467
[  335133ms] [LOG] 🌐 Fetching mma... @ https://live-streaming-eta.vercel.app/js/api.js?v=7:467
[  335133ms] [LOG] 🌐 Fetching ufc... @ https://live-streaming-eta.vercel.app/js/api.js?v=7:467
[  335826ms] [ERROR] Failed to load resource: the server responded with a status of 400 () @ https://sportscore.com/api/widget/matches/?sport=mma&limit=30:0
[  335826ms] [LOG] ℹ️ mma not available from SportScore API @ https://live-streaming-eta.vercel.app/js/api.js?v=7:471
[  335837ms] [LOG] ✅ Live Agent: refresh complete @ https://live-streaming-eta.vercel.app/js/app.js?v=8:973
[  335857ms] [ERROR] Failed to load resource: the server responded with a status of 400 () @ https://sportscore.com/api/widget/matches/?sport=ufc&limit=30:0
[  335857ms] [LOG] ℹ️ ufc not available from SportScore API @ https://live-streaming-eta.vercel.app/js/api.js?v=7:471
[  336111ms] [ERROR] Failed to load resource: the server responded with a status of 400 () @ https://sportscore.com/api/widget/matches/?sport=mma&limit=30:0
[  336112ms] [LOG] ℹ️ mma not available from SportScore API @ https://live-streaming-eta.vercel.app/js/api.js?v=7:471
[  336125ms] [ERROR] Failed to load resource: the server responded with a status of 400 () @ https://sportscore.com/api/widget/matches/?sport=ufc&limit=30:0
[  336125ms] [LOG] ℹ️ ufc not available from SportScore API @ https://live-streaming-eta.vercel.app/js/api.js?v=7:471
[  336306ms] [ERROR] Failed to load resource: the server responded with a status of 400 () @ https://sportscore.com/api/widget/matches/?sport=mma&limit=30:0
[  336307ms] [LOG] ℹ️ mma not available from SportScore API @ https://live-streaming-eta.vercel.app/js/api.js?v=7:471
[  336322ms] [ERROR] Failed to load resource: the server responded with a status of 400 () @ https://sportscore.com/api/widget/matches/?sport=ufc&limit=30:0
[  336322ms] [LOG] ℹ️ ufc not available from SportScore API @ https://live-streaming-eta.vercel.app/js/api.js?v=7:471
[  336434ms] [ERROR] Access to fetch at 'https://api.nfldata.org/v1/games?season=2026&season_type=1' from origin 'https://live-streaming-eta.vercel.app' has been blocked by CORS policy: No 'Access-Control-Allow-Origin' header is present on the requested resource. @ https://live-streaming-eta.vercel.app/cricket/2026-08-19/essex-women-vs-somerset-women:0
[  336434ms] [ERROR] Failed to load resource: net::ERR_FAILED @ https://api.nfldata.org/v1/games?season=2026&season_type=1:0
[  336434ms] [LOG] ℹ️ NFL season type 1 failed: Failed to fetch @ https://live-streaming-eta.vercel.app/js/api.js?v=7:1411
[  336506ms] [ERROR] Failed to load resource: the server responded with a status of 400 () @ https://sportscore.com/api/widget/matches/?sport=mma&limit=30:0
[  336506ms] [LOG] ℹ️ mma not available from SportScore API @ https://live-streaming-eta.vercel.app/js/api.js?v=7:471
[  336522ms] [ERROR] Failed to load resource: the server responded with a status of 400 () @ https://sportscore.com/api/widget/matches/?sport=ufc&limit=30:0
[  336523ms] [LOG] ℹ️ ufc not available from SportScore API @ https://live-streaming-eta.vercel.app/js/api.js?v=7:471
[  336707ms] [ERROR] Failed to load resource: the server responded with a status of 400 () @ https://sportscore.com/api/widget/matches/?sport=mma&limit=30:0
[  336707ms] [LOG] ℹ️ mma not available from SportScore API @ https://live-streaming-eta.vercel.app/js/api.js?v=7:471
[  336722ms] [ERROR] Failed to load resource: the server responded with a status of 400 () @ https://sportscore.com/api/widget/matches/?sport=ufc&limit=30:0
[  336722ms] [LOG] ℹ️ ufc not available from SportScore API @ https://live-streaming-eta.vercel.app/js/api.js?v=7:471
[  336755ms] [ERROR] Access to fetch at 'https://api.nfldata.org/v1/games?season=2026&season_type=1' from origin 'https://live-streaming-eta.vercel.app' has been blocked by CORS policy: No 'Access-Control-Allow-Origin' header is present on the requested resource. @ https://live-streaming-eta.vercel.app/cricket/2026-08-19/essex-women-vs-somerset-women:0
[  336755ms] [ERROR] Failed to load resource: net::ERR_FAILED @ https://api.nfldata.org/v1/games?season=2026&season_type=1:0
[  336755ms] [LOG] ℹ️ NFL season type 1 failed: Failed to fetch @ https://live-streaming-eta.vercel.app/js/api.js?v=7:1411
[  336759ms] [ERROR] Access to fetch at 'https://api.nfldata.org/v1/games?season=2026&season_type=2' from origin 'https://live-streaming-eta.vercel.app' has been blocked by CORS policy: No 'Access-Control-Allow-Origin' header is present on the requested resource. @ https://live-streaming-eta.vercel.app/cricket/2026-08-19/essex-women-vs-somerset-women:0
[  336759ms] [ERROR] Failed to load resource: net::ERR_FAILED @ https://api.nfldata.org/v1/games?season=2026&season_type=2:0
[  336759ms] [LOG] ℹ️ NFL season type 2 failed: Failed to fetch @ https://live-streaming-eta.vercel.app/js/api.js?v=7:1411
[  336902ms] [ERROR] Failed to load resource: the server responded with a status of 400 () @ https://sportscore.com/api/widget/matches/?sport=mma&limit=30:0
[  336903ms] [LOG] ℹ️ mma not available from SportScore API @ https://live-streaming-eta.vercel.app/js/api.js?v=7:471
[  337090ms] [ERROR] Access to fetch at 'https://api.nfldata.org/v1/games?season=2026&season_type=2' from origin 'https://live-streaming-eta.vercel.app' has been blocked by CORS policy: No 'Access-Control-Allow-Origin' header is present on the requested resource. @ https://live-streaming-eta.vercel.app/cricket/2026-08-19/essex-women-vs-somerset-women:0
[  337090ms] [ERROR] Failed to load resource: net::ERR_FAILED @ https://api.nfldata.org/v1/games?season=2026&season_type=2:0
[  337090ms] [LOG] ℹ️ NFL season type 2 failed: Failed to fetch @ https://live-streaming-eta.vercel.app/js/api.js?v=7:1411
[  337093ms] [ERROR] Access to fetch at 'https://api.nfldata.org/v1/games?season=2026&season_type=3' from origin 'https://live-streaming-eta.vercel.app' has been blocked by CORS policy: No 'Access-Control-Allow-Origin' header is present on the requested resource. @ https://live-streaming-eta.vercel.app/cricket/2026-08-19/essex-women-vs-somerset-women:0
[  337093ms] [ERROR] Failed to load resource: net::ERR_FAILED @ https://api.nfldata.org/v1/games?season=2026&season_type=3:0
[  337093ms] [LOG] ℹ️ NFL season type 3 failed: Failed to fetch @ https://live-streaming-eta.vercel.app/js/api.js?v=7:1411
[  337095ms] [ERROR] Access to fetch at 'https://api.nfldata.org/v1/games?season=2026&season_type=1' from origin 'https://live-streaming-eta.vercel.app' has been blocked by CORS policy: No 'Access-Control-Allow-Origin' header is present on the requested resource. @ https://live-streaming-eta.vercel.app/cricket/2026-08-19/essex-women-vs-somerset-women:0
[  337095ms] [ERROR] Failed to load resource: net::ERR_FAILED @ https://api.nfldata.org/v1/games?season=2026&season_type=1:0
[  337095ms] [LOG] ℹ️ NFL season type 1 failed: Failed to fetch @ https://live-streaming-eta.vercel.app/js/api.js?v=7:1411
[  337423ms] [ERROR] Access to fetch at 'https://api.nfldata.org/v1/games?season=2026&season_type=3' from origin 'https://live-streaming-eta.vercel.app' has been blocked by CORS policy: No 'Access-Control-Allow-Origin' header is present on the requested resource. @ https://live-streaming-eta.vercel.app/cricket/2026-08-19/essex-women-vs-somerset-women:0
[  337423ms] [ERROR] Failed to load resource: net::ERR_FAILED @ https://api.nfldata.org/v1/games?season=2026&season_type=3:0
[  337423ms] [LOG] ℹ️ NFL season type 3 failed: Failed to fetch @ https://live-streaming-eta.vercel.app/js/api.js?v=7:1411
[  337427ms] [ERROR] Access to fetch at 'https://api.nfldata.org/v1/games?season=2026&season_type=2' from origin 'https://live-streaming-eta.vercel.app' has been blocked by CORS policy: No 'Access-Control-Allow-Origin' header is present on the requested resource. @ https://live-streaming-eta.vercel.app/cricket/2026-08-19/essex-women-vs-somerset-women:0
[  337427ms] [ERROR] Failed to load resource: net::ERR_FAILED @ https://api.nfldata.org/v1/games?season=2026&season_type=2:0
[  337427ms] [LOG] ℹ️ NFL season type 2 failed: Failed to fetch @ https://live-streaming-eta.vercel.app/js/api.js?v=7:1411
[  337429ms] [ERROR] Access to fetch at 'https://api.nfldata.org/v1/games?season=2026&season_type=1' from origin 'https://live-streaming-eta.vercel.app' has been blocked by CORS policy: No 'Access-Control-Allow-Origin' header is present on the requested resource. @ https://live-streaming-eta.vercel.app/cricket/2026-08-19/essex-women-vs-somerset-women:0
[  337430ms] [ERROR] Failed to load resource: net::ERR_FAILED @ https://api.nfldata.org/v1/games?season=2026&season_type=1:0
[  337430ms] [LOG] ℹ️ NFL season type 1 failed: Failed to fetch @ https://live-streaming-eta.vercel.app/js/api.js?v=7:1411
[  337756ms] [ERROR] Access to fetch at 'https://api.nfldata.org/v1/games?season=2026&season_type=3' from origin 'https://live-streaming-eta.vercel.app' has been blocked by CORS policy: No 'Access-Control-Allow-Origin' header is present on the requested resource. @ https://live-streaming-eta.vercel.app/cricket/2026-08-19/essex-women-vs-somerset-women:0
[  337756ms] [ERROR] Failed to load resource: net::ERR_FAILED @ https://api.nfldata.org/v1/games?season=2026&season_type=3:0
[  337757ms] [LOG] ℹ️ NFL season type 3 failed: Failed to fetch @ https://live-streaming-eta.vercel.app/js/api.js?v=7:1411
[  337761ms] [ERROR] Access to fetch at 'https://api.nfldata.org/v1/games?season=2026&season_type=1' from origin 'https://live-streaming-eta.vercel.app' has been blocked by CORS policy: No 'Access-Control-Allow-Origin' header is present on the requested resource. @ https://live-streaming-eta.vercel.app/cricket/2026-08-19/essex-women-vs-somerset-women:0
[  337761ms] [ERROR] Failed to load resource: net::ERR_FAILED @ https://api.nfldata.org/v1/games?season=2026&season_type=1:0
[  337761ms] [LOG] ℹ️ NFL season type 1 failed: Failed to fetch @ https://live-streaming-eta.vercel.app/js/api.js?v=7:1411
[  337768ms] [ERROR] Access to fetch at 'https://api.nfldata.org/v1/games?season=2026&season_type=2' from origin 'https://live-streaming-eta.vercel.app' has been blocked by CORS policy: No 'Access-Control-Allow-Origin' header is present on the requested resource. @ https://live-streaming-eta.vercel.app/cricket/2026-08-19/essex-women-vs-somerset-women:0
[  337768ms] [ERROR] Failed to load resource: net::ERR_FAILED @ https://api.nfldata.org/v1/games?season=2026&season_type=2:0
[  337769ms] [LOG] ℹ️ NFL season type 2 failed: Failed to fetch @ https://live-streaming-eta.vercel.app/js/api.js?v=7:1411
[  338094ms] [ERROR] Access to fetch at 'https://api.nfldata.org/v1/games?season=2026&season_type=3' from origin 'https://live-streaming-eta.vercel.app' has been blocked by CORS policy: No 'Access-Control-Allow-Origin' header is present on the requested resource. @ https://live-streaming-eta.vercel.app/cricket/2026-08-19/essex-women-vs-somerset-women:0
[  338095ms] [ERROR] Failed to load resource: net::ERR_FAILED @ https://api.nfldata.org/v1/games?season=2026&season_type=3:0
[  338095ms] [LOG] ℹ️ NFL season type 3 failed: Failed to fetch @ https://live-streaming-eta.vercel.app/js/api.js?v=7:1411
[  338096ms] [ERROR] Access to fetch at 'https://api.nfldata.org/v1/games?season=2026&season_type=2' from origin 'https://live-streaming-eta.vercel.app' has been blocked by CORS policy: No 'Access-Control-Allow-Origin' header is present on the requested resource. @ https://live-streaming-eta.vercel.app/cricket/2026-08-19/essex-women-vs-somerset-women:0
[  338096ms] [ERROR] Failed to load resource: net::ERR_FAILED @ https://api.nfldata.org/v1/games?season=2026&season_type=2:0
[  338096ms] [LOG] ℹ️ NFL season type 2 failed: Failed to fetch @ https://live-streaming-eta.vercel.app/js/api.js?v=7:1411
[  338421ms] [ERROR] Access to fetch at 'https://api.nfldata.org/v1/games?season=2026&season_type=3' from origin 'https://live-streaming-eta.vercel.app' has been blocked by CORS policy: No 'Access-Control-Allow-Origin' header is present on the requested resource. @ https://live-streaming-eta.vercel.app/cricket/2026-08-19/essex-women-vs-somerset-women:0
[  338422ms] [ERROR] Failed to load resource: net::ERR_FAILED @ https://api.nfldata.org/v1/games?season=2026&season_type=3:0
[  338422ms] [LOG] ℹ️ NFL season type 3 failed: Failed to fetch @ https://live-streaming-eta.vercel.app/js/api.js?v=7:1411
[  339234ms] [LOG] 🌐 Fetching football... @ https://live-streaming-eta.vercel.app/js/api.js?v=7:467
[  339235ms] [LOG] 🌐 Fetching cricket... @ https://live-streaming-eta.vercel.app/js/api.js?v=7:467
[  339235ms] [LOG] 🌐 Fetching basketball... @ https://live-streaming-eta.vercel.app/js/api.js?v=7:467
[  339236ms] [LOG] 🌐 Fetching tennis... @ https://live-streaming-eta.vercel.app/js/api.js?v=7:467
[  339237ms] [LOG] 🌐 Fetching mma... @ https://live-streaming-eta.vercel.app/js/api.js?v=7:467
[  339237ms] [LOG] 🌐 Fetching ufc... @ https://live-streaming-eta.vercel.app/js/api.js?v=7:467
[  339238ms] [LOG] 🌐 Fetching football... @ https://live-streaming-eta.vercel.app/js/api.js?v=7:467
[  339238ms] [LOG] 🌐 Fetching cricket... @ https://live-streaming-eta.vercel.app/js/api.js?v=7:467
[  339238ms] [LOG] 🌐 Fetching basketball... @ https://live-streaming-eta.vercel.app/js/api.js?v=7:467
[  339239ms] [LOG] 🌐 Fetching tennis... @ https://live-streaming-eta.vercel.app/js/api.js?v=7:467
[  339239ms] [LOG] 🌐 Fetching mma... @ https://live-streaming-eta.vercel.app/js/api.js?v=7:467
[  339241ms] [LOG] 🌐 Fetching ufc... @ https://live-streaming-eta.vercel.app/js/api.js?v=7:467
[  339241ms] [LOG] 🌐 Fetching football... @ https://live-streaming-eta.vercel.app/js/api.js?v=7:467
[  339242ms] [LOG] 🌐 Fetching cricket... @ https://live-streaming-eta.vercel.app/js/api.js?v=7:467
[  339243ms] [LOG] 🌐 Fetching basketball... @ https://live-streaming-eta.vercel.app/js/api.js?v=7:467
[  339243ms] [LOG] 🌐 Fetching tennis... @ https://live-streaming-eta.vercel.app/js/api.js?v=7:467
[  339244ms] [LOG] 🌐 Fetching mma... @ https://live-streaming-eta.vercel.app/js/api.js?v=7:467
[  339244ms] [LOG] 🌐 Fetching ufc... @ https://live-streaming-eta.vercel.app/js/api.js?v=7:467
[  339245ms] [LOG] 🌐 Fetching football... @ https://live-streaming-eta.vercel.app/js/api.js?v=7:467
[  339245ms] [LOG] 🌐 Fetching cricket... @ https://live-streaming-eta.vercel.app/js/api.js?v=7:467
[  339245ms] [LOG] 🌐 Fetching basketball... @ https://live-streaming-eta.vercel.app/js/api.js?v=7:467
[  339246ms] [LOG] 🌐 Fetching tennis... @ https://live-streaming-eta.vercel.app/js/api.js?v=7:467
[  339246ms] [LOG] 🌐 Fetching mma... @ https://live-streaming-eta.vercel.app/js/api.js?v=7:467
[  339246ms] [LOG] 🌐 Fetching ufc... @ https://live-streaming-eta.vercel.app/js/api.js?v=7:467
[  339246ms] [LOG] 🌐 Fetching football... @ https://live-streaming-eta.vercel.app/js/api.js?v=7:467
[  339247ms] [LOG] 🌐 Fetching cricket... @ https://live-streaming-eta.vercel.app/js/api.js?v=7:467
[  339247ms] [LOG] 🌐 Fetching basketball... @ https://live-streaming-eta.vercel.app/js/api.js?v=7:467
[  339248ms] [LOG] 🌐 Fetching tennis... @ https://live-streaming-eta.vercel.app/js/api.js?v=7:467
[  339249ms] [LOG] 🌐 Fetching mma... @ https://live-streaming-eta.vercel.app/js/api.js?v=7:467
[  339250ms] [LOG] 🌐 Fetching ufc... @ https://live-streaming-eta.vercel.app/js/api.js?v=7:467
[  339450ms] [LOG] 🔄 Live Agent: refreshing scores... @ https://live-streaming-eta.vercel.app/js/app.js?v=8:906
[  339451ms] [LOG] 🌐 Fetching football... @ https://live-streaming-eta.vercel.app/js/api.js?v=7:467
[  339456ms] [LOG] 🌐 Fetching cricket... @ https://live-streaming-eta.vercel.app/js/api.js?v=7:467
[  339458ms] [LOG] 🌐 Fetching basketball... @ https://live-streaming-eta.vercel.app/js/api.js?v=7:467
[  339459ms] [LOG] 🌐 Fetching tennis... @ https://live-streaming-eta.vercel.app/js/api.js?v=7:467
[  339460ms] [LOG] 🌐 Fetching mma... @ https://live-streaming-eta.vercel.app/js/api.js?v=7:467
[  339460ms] [LOG] 🌐 Fetching ufc... @ https://live-streaming-eta.vercel.app/js/api.js?v=7:467
[  339479ms] [ERROR] Failed to load resource: the server responded with a status of 400 () @ https://sportscore.com/api/widget/matches/?sport=mma&limit=30:0
[  339479ms] [LOG] ℹ️ mma not available from SportScore API @ https://live-streaming-eta.vercel.app/js/api.js?v=7:471
[  339480ms] [ERROR] Failed to load resource: the server responded with a status of 400 () @ https://sportscore.com/api/widget/matches/?sport=ufc&limit=30:0
[  339480ms] [LOG] ℹ️ ufc not available from SportScore API @ https://live-streaming-eta.vercel.app/js/api.js?v=7:471
[  339676ms] [ERROR] Failed to load resource: the server responded with a status of 400 () @ https://sportscore.com/api/widget/matches/?sport=mma&limit=30:0
[  339676ms] [LOG] ℹ️ mma not available from SportScore API @ https://live-streaming-eta.vercel.app/js/api.js?v=7:471
[  339682ms] [ERROR] Failed to load resource: the server responded with a status of 400 () @ https://sportscore.com/api/widget/matches/?sport=ufc&limit=30:0
[  339682ms] [LOG] ℹ️ ufc not available from SportScore API @ https://live-streaming-eta.vercel.app/js/api.js?v=7:471
[  339794ms] [ERROR] Failed to load resource: the server responded with a status of 502 () @ https://live-streaming-eta.vercel.app/api/google-cricket:0
[  339794ms] [LOG] ⚠️ Google Cricket failed: Google Cricket HTTP 502 @ https://live-streaming-eta.vercel.app/js/api.js?v=7:1331
[  339806ms] [ERROR] Access to fetch at 'https://api.nfldata.org/v1/games?season=2026&season_type=1' from origin 'https://live-streaming-eta.vercel.app' has been blocked by CORS policy: No 'Access-Control-Allow-Origin' header is present on the requested resource. @ https://live-streaming-eta.vercel.app/cricket/2026-08-19/essex-women-vs-somerset-women:0
[  339806ms] [ERROR] Failed to load resource: net::ERR_FAILED @ https://api.nfldata.org/v1/games?season=2026&season_type=1:0
[  339806ms] [LOG] ℹ️ NFL season type 1 failed: Failed to fetch @ https://live-streaming-eta.vercel.app/js/api.js?v=7:1411
[  339858ms] [LOG] ✅ ESPN Cricket: 23 matches from 9 series @ https://live-streaming-eta.vercel.app/js/api.js?v=7:1233
[  339875ms] [ERROR] Failed to load resource: the server responded with a status of 400 () @ https://sportscore.com/api/widget/matches/?sport=mma&limit=30:0
[  339876ms] [LOG] ℹ️ mma not available from SportScore API @ https://live-streaming-eta.vercel.app/js/api.js?v=7:471
[  339880ms] [ERROR] Failed to load resource: the server responded with a status of 400 () @ https://sportscore.com/api/widget/matches/?sport=ufc&limit=30:0
[  339880ms] [LOG] ℹ️ ufc not available from SportScore API @ https://live-streaming-eta.vercel.app/js/api.js?v=7:471
[  340065ms] [ERROR] Failed to load resource: the server responded with a status of 400 () @ https://sportscore.com/api/widget/matches/?sport=mma&limit=30:0
[  340066ms] [LOG] ℹ️ mma not available from SportScore API @ https://live-streaming-eta.vercel.app/js/api.js?v=7:471
[  340075ms] [ERROR] Failed to load resource: the server responded with a status of 400 () @ https://sportscore.com/api/widget/matches/?sport=ufc&limit=30:0
[  340075ms] [LOG] ℹ️ ufc not available from SportScore API @ https://live-streaming-eta.vercel.app/js/api.js?v=7:471
[  340138ms] [ERROR] Access to fetch at 'https://api.nfldata.org/v1/games?season=2026&season_type=2' from origin 'https://live-streaming-eta.vercel.app' has been blocked by CORS policy: No 'Access-Control-Allow-Origin' header is present on the requested resource. @ https://live-streaming-eta.vercel.app/cricket/2026-08-19/essex-women-vs-somerset-women:0
[  340138ms] [ERROR] Failed to load resource: net::ERR_FAILED @ https://api.nfldata.org/v1/games?season=2026&season_type=2:0
[  340138ms] [LOG] ℹ️ NFL season type 2 failed: Failed to fetch @ https://live-streaming-eta.vercel.app/js/api.js?v=7:1411
[  340142ms] [ERROR] Access to fetch at 'https://api.nfldata.org/v1/games?season=2026&season_type=1' from origin 'https://live-streaming-eta.vercel.app' has been blocked by CORS policy: No 'Access-Control-Allow-Origin' header is present on the requested resource. @ https://live-streaming-eta.vercel.app/cricket/2026-08-19/essex-women-vs-somerset-women:0
[  340142ms] [ERROR] Failed to load resource: net::ERR_FAILED @ https://api.nfldata.org/v1/games?season=2026&season_type=1:0
[  340142ms] [LOG] ℹ️ NFL season type 1 failed: Failed to fetch @ https://live-streaming-eta.vercel.app/js/api.js?v=7:1411
[  340263ms] [ERROR] Failed to load resource: the server responded with a status of 400 () @ https://sportscore.com/api/widget/matches/?sport=mma&limit=30:0
[  340263ms] [LOG] ℹ️ mma not available from SportScore API @ https://live-streaming-eta.vercel.app/js/api.js?v=7:471
[  340270ms] [ERROR] Failed to load resource: the server responded with a status of 400 () @ https://sportscore.com/api/widget/matches/?sport=ufc&limit=30:0
[  340271ms] [LOG] ℹ️ ufc not available from SportScore API @ https://live-streaming-eta.vercel.app/js/api.js?v=7:471
[  340458ms] [ERROR] Access to fetch at 'https://api.nfldata.org/v1/games?season=2026&season_type=3' from origin 'https://live-streaming-eta.vercel.app' has been blocked by CORS policy: No 'Access-Control-Allow-Origin' header is present on the requested resource. @ https://live-streaming-eta.vercel.app/cricket/2026-08-19/essex-women-vs-somerset-women:0
[  340459ms] [ERROR] Failed to load resource: net::ERR_FAILED @ https://api.nfldata.org/v1/games?season=2026&season_type=3:0
[  340459ms] [LOG] ℹ️ NFL season type 3 failed: Failed to fetch @ https://live-streaming-eta.vercel.app/js/api.js?v=7:1411
[  340463ms] [ERROR] Failed to load resource: the server responded with a status of 400 () @ https://sportscore.com/api/widget/matches/?sport=mma&limit=30:0
[  340463ms] [LOG] ℹ️ mma not available from SportScore API @ https://live-streaming-eta.vercel.app/js/api.js?v=7:471
[  340470ms] [ERROR] Access to fetch at 'https://api.nfldata.org/v1/games?season=2026&season_type=2' from origin 'https://live-streaming-eta.vercel.app' has been blocked by CORS policy: No 'Access-Control-Allow-Origin' header is present on the requested resource. @ https://live-streaming-eta.vercel.app/cricket/2026-08-19/essex-women-vs-somerset-women:0
[  340470ms] [ERROR] Failed to load resource: net::ERR_FAILED @ https://api.nfldata.org/v1/games?season=2026&season_type=2:0
[  340471ms] [LOG] ℹ️ NFL season type 2 failed: Failed to fetch @ https://live-streaming-eta.vercel.app/js/api.js?v=7:1411
[  340473ms] [ERROR] Failed to load resource: the server responded with a status of 400 () @ https://sportscore.com/api/widget/matches/?sport=ufc&limit=30:0
[  340473ms] [LOG] ℹ️ ufc not available from SportScore API @ https://live-streaming-eta.vercel.app/js/api.js?v=7:471
[  340481ms] [LOG] ✅ Live Agent: refresh complete @ https://live-streaming-eta.vercel.app/js/app.js?v=8:973
[  340482ms] [ERROR] Access to fetch at 'https://api.nfldata.org/v1/games?season=2026&season_type=1' from origin 'https://live-streaming-eta.vercel.app' has been blocked by CORS policy: No 'Access-Control-Allow-Origin' header is present on the requested resource. @ https://live-streaming-eta.vercel.app/cricket/2026-08-19/essex-women-vs-somerset-women:0
[  340482ms] [ERROR] Failed to load resource: net::ERR_FAILED @ https://api.nfldata.org/v1/games?season=2026&season_type=1:0
[  340482ms] [LOG] ℹ️ NFL season type 1 failed: Failed to fetch @ https://live-streaming-eta.vercel.app/js/api.js?v=7:1411
[  340822ms] [ERROR] Access to fetch at 'https://api.nfldata.org/v1/games?season=2026&season_type=3' from origin 'https://live-streaming-eta.vercel.app' has been blocked by CORS policy: No 'Access-Control-Allow-Origin' header is present on the requested resource. @ https://live-streaming-eta.vercel.app/cricket/2026-08-19/essex-women-vs-somerset-women:0
[  340823ms] [ERROR] Failed to load resource: net::ERR_FAILED @ https://api.nfldata.org/v1/games?season=2026&season_type=3:0
[  340823ms] [LOG] ℹ️ NFL season type 3 failed: Failed to fetch @ https://live-streaming-eta.vercel.app/js/api.js?v=7:1411
[  340825ms] [ERROR] Access to fetch at 'https://api.nfldata.org/v1/games?season=2026&season_type=1' from origin 'https://live-streaming-eta.vercel.app' has been blocked by CORS policy: No 'Access-Control-Allow-Origin' header is present on the requested resource. @ https://live-streaming-eta.vercel.app/cricket/2026-08-19/essex-women-vs-somerset-women:0
[  340826ms] [ERROR] Failed to load resource: net::ERR_FAILED @ https://api.nfldata.org/v1/games?season=2026&season_type=1:0
[  340826ms] [LOG] ℹ️ NFL season type 1 failed: Failed to fetch @ https://live-streaming-eta.vercel.app/js/api.js?v=7:1411
[  340826ms] [ERROR] Access to fetch at 'https://api.nfldata.org/v1/games?season=2026&season_type=2' from origin 'https://live-streaming-eta.vercel.app' has been blocked by CORS policy: No 'Access-Control-Allow-Origin' header is present on the requested resource. @ https://live-streaming-eta.vercel.app/cricket/2026-08-19/essex-women-vs-somerset-women:0
[  340826ms] [ERROR] Failed to load resource: net::ERR_FAILED @ https://api.nfldata.org/v1/games?season=2026&season_type=2:0
[  340827ms] [LOG] ℹ️ NFL season type 2 failed: Failed to fetch @ https://live-streaming-eta.vercel.app/js/api.js?v=7:1411
[  341148ms] [ERROR] Access to fetch at 'https://api.nfldata.org/v1/games?season=2026&season_type=1' from origin 'https://live-streaming-eta.vercel.app' has been blocked by CORS policy: No 'Access-Control-Allow-Origin' header is present on the requested resource. @ https://live-streaming-eta.vercel.app/cricket/2026-08-19/essex-women-vs-somerset-women:0
[  341148ms] [ERROR] Failed to load resource: net::ERR_FAILED @ https://api.nfldata.org/v1/games?season=2026&season_type=1:0
[  341148ms] [LOG] ℹ️ NFL season type 1 failed: Failed to fetch @ https://live-streaming-eta.vercel.app/js/api.js?v=7:1411
[  341157ms] [ERROR] Access to fetch at 'https://api.nfldata.org/v1/games?season=2026&season_type=2' from origin 'https://live-streaming-eta.vercel.app' has been blocked by CORS policy: No 'Access-Control-Allow-Origin' header is present on the requested resource. @ https://live-streaming-eta.vercel.app/cricket/2026-08-19/essex-women-vs-somerset-women:0
[  341157ms] [ERROR] Failed to load resource: net::ERR_FAILED @ https://api.nfldata.org/v1/games?season=2026&season_type=2:0
[  341157ms] [LOG] ℹ️ NFL season type 2 failed: Failed to fetch @ https://live-streaming-eta.vercel.app/js/api.js?v=7:1411
[  341159ms] [ERROR] Access to fetch at 'https://api.nfldata.org/v1/games?season=2026&season_type=3' from origin 'https://live-streaming-eta.vercel.app' has been blocked by CORS policy: No 'Access-Control-Allow-Origin' header is present on the requested resource. @ https://live-streaming-eta.vercel.app/cricket/2026-08-19/essex-women-vs-somerset-women:0
[  341159ms] [ERROR] Failed to load resource: net::ERR_FAILED @ https://api.nfldata.org/v1/games?season=2026&season_type=3:0
[  341159ms] [LOG] ℹ️ NFL season type 3 failed: Failed to fetch @ https://live-streaming-eta.vercel.app/js/api.js?v=7:1411
[  341479ms] [ERROR] Access to fetch at 'https://api.nfldata.org/v1/games?season=2026&season_type=2' from origin 'https://live-streaming-eta.vercel.app' has been blocked by CORS policy: No 'Access-Control-Allow-Origin' header is present on the requested resource. @ https://live-streaming-eta.vercel.app/cricket/2026-08-19/essex-women-vs-somerset-women:0
[  341480ms] [ERROR] Failed to load resource: net::ERR_FAILED @ https://api.nfldata.org/v1/games?season=2026&season_type=2:0
[  341480ms] [LOG] ℹ️ NFL season type 2 failed: Failed to fetch @ https://live-streaming-eta.vercel.app/js/api.js?v=7:1411
[  341489ms] [ERROR] Access to fetch at 'https://api.nfldata.org/v1/games?season=2026&season_type=3' from origin 'https://live-streaming-eta.vercel.app' has been blocked by CORS policy: No 'Access-Control-Allow-Origin' header is present on the requested resource. @ https://live-streaming-eta.vercel.app/cricket/2026-08-19/essex-women-vs-somerset-women:0
[  341490ms] [ERROR] Failed to load resource: net::ERR_FAILED @ https://api.nfldata.org/v1/games?season=2026&season_type=3:0
[  341490ms] [LOG] ℹ️ NFL season type 3 failed: Failed to fetch @ https://live-streaming-eta.vercel.app/js/api.js?v=7:1411
[  341801ms] [ERROR] Access to fetch at 'https://api.nfldata.org/v1/games?season=2026&season_type=3' from origin 'https://live-streaming-eta.vercel.app' has been blocked by CORS policy: No 'Access-Control-Allow-Origin' header is present on the requested resource. @ https://live-streaming-eta.vercel.app/cricket/2026-08-19/essex-women-vs-somerset-women:0
[  341803ms] [ERROR] Failed to load resource: net::ERR_FAILED @ https://api.nfldata.org/v1/games?season=2026&season_type=3:0
[  341804ms] [LOG] ℹ️ NFL season type 3 failed: Failed to fetch @ https://live-streaming-eta.vercel.app/js/api.js?v=7:1411
[  342605ms] [LOG] 🌐 Fetching football... @ https://live-streaming-eta.vercel.app/js/api.js?v=7:467
[  342606ms] [LOG] 🌐 Fetching cricket... @ https://live-streaming-eta.vercel.app/js/api.js?v=7:467
[  342607ms] [LOG] 🌐 Fetching basketball... @ https://live-streaming-eta.vercel.app/js/api.js?v=7:467
[  342608ms] [LOG] 🌐 Fetching tennis... @ https://live-streaming-eta.vercel.app/js/api.js?v=7:467
[  342609ms] [LOG] 🌐 Fetching mma... @ https://live-streaming-eta.vercel.app/js/api.js?v=7:467
[  342610ms] [LOG] 🌐 Fetching ufc... @ https://live-streaming-eta.vercel.app/js/api.js?v=7:467
[  342611ms] [LOG] 🌐 Fetching football... @ https://live-streaming-eta.vercel.app/js/api.js?v=7:467
[  342612ms] [LOG] 🌐 Fetching cricket... @ https://live-streaming-eta.vercel.app/js/api.js?v=7:467
[  342613ms] [LOG] 🌐 Fetching basketball... @ https://live-streaming-eta.vercel.app/js/api.js?v=7:467
[  342613ms] [LOG] 🌐 Fetching tennis... @ https://live-streaming-eta.vercel.app/js/api.js?v=7:467
[  342614ms] [LOG] 🌐 Fetching mma... @ https://live-streaming-eta.vercel.app/js/api.js?v=7:467
[  342616ms] [LOG] 🌐 Fetching ufc... @ https://live-streaming-eta.vercel.app/js/api.js?v=7:467
[  342616ms] [LOG] 🌐 Fetching football... @ https://live-streaming-eta.vercel.app/js/api.js?v=7:467
[  342617ms] [LOG] 🌐 Fetching cricket... @ https://live-streaming-eta.vercel.app/js/api.js?v=7:467
[  342622ms] [LOG] 🌐 Fetching basketball... @ https://live-streaming-eta.vercel.app/js/api.js?v=7:467
[  342625ms] [LOG] 🌐 Fetching tennis... @ https://live-streaming-eta.vercel.app/js/api.js?v=7:467
[  342626ms] [LOG] 🌐 Fetching mma... @ https://live-streaming-eta.vercel.app/js/api.js?v=7:467
[  342628ms] [LOG] 🌐 Fetching ufc... @ https://live-streaming-eta.vercel.app/js/api.js?v=7:467
[  342629ms] [LOG] 🌐 Fetching football... @ https://live-streaming-eta.vercel.app/js/api.js?v=7:467
[  342630ms] [LOG] 🌐 Fetching cricket... @ https://live-streaming-eta.vercel.app/js/api.js?v=7:467
[  342632ms] [LOG] 🌐 Fetching basketball... @ https://live-streaming-eta.vercel.app/js/api.js?v=7:467
[  342633ms] [LOG] 🌐 Fetching tennis... @ https://live-streaming-eta.vercel.app/js/api.js?v=7:467
[  342635ms] [LOG] 🌐 Fetching mma... @ https://live-streaming-eta.vercel.app/js/api.js?v=7:467
[  342636ms] [LOG] 🌐 Fetching ufc... @ https://live-streaming-eta.vercel.app/js/api.js?v=7:467
[  342637ms] [LOG] 🌐 Fetching football... @ https://live-streaming-eta.vercel.app/js/api.js?v=7:467
[  342638ms] [LOG] 🌐 Fetching cricket... @ https://live-streaming-eta.vercel.app/js/api.js?v=7:467
[  342639ms] [LOG] 🌐 Fetching basketball... @ https://live-streaming-eta.vercel.app/js/api.js?v=7:467
[  342640ms] [LOG] 🌐 Fetching tennis... @ https://live-streaming-eta.vercel.app/js/api.js?v=7:467
[  342640ms] [LOG] 🌐 Fetching mma... @ https://live-streaming-eta.vercel.app/js/api.js?v=7:467
[  342641ms] [LOG] 🌐 Fetching ufc... @ https://live-streaming-eta.vercel.app/js/api.js?v=7:467
[  342833ms] [ERROR] Failed to load resource: the server responded with a status of 400 () @ https://sportscore.com/api/widget/matches/?sport=mma&limit=30:0
[  342833ms] [LOG] ℹ️ mma not available from SportScore API @ https://live-streaming-eta.vercel.app/js/api.js?v=7:471
[  342839ms] [ERROR] Failed to load resource: the server responded with a status of 400 () @ https://sportscore.com/api/widget/matches/?sport=ufc&limit=30:0
[  342840ms] [LOG] ℹ️ ufc not available from SportScore API @ https://live-streaming-eta.vercel.app/js/api.js?v=7:471
[  343048ms] [ERROR] Failed to load resource: the server responded with a status of 400 () @ https://sportscore.com/api/widget/matches/?sport=mma&limit=30:0
[  343048ms] [LOG] ℹ️ mma not available from SportScore API @ https://live-streaming-eta.vercel.app/js/api.js?v=7:471
[  343060ms] [ERROR] Failed to load resource: the server responded with a status of 400 () @ https://sportscore.com/api/widget/matches/?sport=ufc&limit=30:0
[  343061ms] [LOG] ℹ️ ufc not available from SportScore API @ https://live-streaming-eta.vercel.app/js/api.js?v=7:471
[  343164ms] [ERROR] Access to fetch at 'https://api.nfldata.org/v1/games?season=2026&season_type=1' from origin 'https://live-streaming-eta.vercel.app' has been blocked by CORS policy: No 'Access-Control-Allow-Origin' header is present on the requested resource. @ https://live-streaming-eta.vercel.app/cricket/2026-08-19/essex-women-vs-somerset-women:0
[  343164ms] [ERROR] Failed to load resource: net::ERR_FAILED @ https://api.nfldata.org/v1/games?season=2026&season_type=1:0
[  343164ms] [LOG] ℹ️ NFL season type 1 failed: Failed to fetch @ https://live-streaming-eta.vercel.app/js/api.js?v=7:1411
[  343247ms] [ERROR] Failed to load resource: the server responded with a status of 400 () @ https://sportscore.com/api/widget/matches/?sport=mma&limit=30:0
[  343247ms] [LOG] ℹ️ mma not available from SportScore API @ https://live-streaming-eta.vercel.app/js/api.js?v=7:471
[  343259ms] [ERROR] Failed to load resource: the server responded with a status of 400 () @ https://sportscore.com/api/widget/matches/?sport=ufc&limit=30:0
[  343259ms] [LOG] ℹ️ ufc not available from SportScore API @ https://live-streaming-eta.vercel.app/js/api.js?v=7:471
[  343445ms] [ERROR] Failed to load resource: the server responded with a status of 400 () @ https://sportscore.com/api/widget/matches/?sport=mma&limit=30:0
[  343445ms] [LOG] ℹ️ mma not available from SportScore API @ https://live-streaming-eta.vercel.app/js/api.js?v=7:471
[  343458ms] [ERROR] Failed to load resource: the server responded with a status of 400 () @ https://sportscore.com/api/widget/matches/?sport=ufc&limit=30:0
[  343459ms] [LOG] ℹ️ ufc not available from SportScore API @ https://live-streaming-eta.vercel.app/js/api.js?v=7:471
[  343498ms] [ERROR] Access to fetch at 'https://api.nfldata.org/v1/games?season=2026&season_type=2' from origin 'https://live-streaming-eta.vercel.app' has been blocked by CORS policy: No 'Access-Control-Allow-Origin' header is present on the requested resource. @ https://live-streaming-eta.vercel.app/cricket/2026-08-19/essex-women-vs-somerset-women:0
[  343498ms] [ERROR] Failed to load resource: net::ERR_FAILED @ https://api.nfldata.org/v1/games?season=2026&season_type=2:0
[  343498ms] [LOG] ℹ️ NFL season type 2 failed: Failed to fetch @ https://live-streaming-eta.vercel.app/js/api.js?v=7:1411
[  343502ms] [ERROR] Access to fetch at 'https://api.nfldata.org/v1/games?season=2026&season_type=1' from origin 'https://live-streaming-eta.vercel.app' has been blocked by CORS policy: No 'Access-Control-Allow-Origin' header is present on the requested resource. @ https://live-streaming-eta.vercel.app/cricket/2026-08-19/essex-women-vs-somerset-women:0
[  343503ms] [ERROR] Failed to load resource: net::ERR_FAILED @ https://api.nfldata.org/v1/games?season=2026&season_type=1:0
[  343503ms] [LOG] ℹ️ NFL season type 1 failed: Failed to fetch @ https://live-streaming-eta.vercel.app/js/api.js?v=7:1411
[  343644ms] [ERROR] Failed to load resource: the server responded with a status of 400 () @ https://sportscore.com/api/widget/matches/?sport=mma&limit=30:0
[  343645ms] [LOG] ℹ️ mma not available from SportScore API @ https://live-streaming-eta.vercel.app/js/api.js?v=7:471
[  343654ms] [ERROR] Failed to load resource: the server responded with a status of 400 () @ https://sportscore.com/api/widget/matches/?sport=ufc&limit=30:0
[  343654ms] [LOG] ℹ️ ufc not available from SportScore API @ https://live-streaming-eta.vercel.app/js/api.js?v=7:471
[  343892ms] [ERROR] Access to fetch at 'https://api.nfldata.org/v1/games?season=2026&season_type=2' from origin 'https://live-streaming-eta.vercel.app' has been blocked by CORS policy: No 'Access-Control-Allow-Origin' header is present on the requested resource. @ https://live-streaming-eta.vercel.app/cricket/2026-08-19/essex-women-vs-somerset-women:0
[  343893ms] [ERROR] Failed to load resource: net::ERR_FAILED @ https://api.nfldata.org/v1/games?season=2026&season_type=2:0
[  343893ms] [LOG] ℹ️ NFL season type 2 failed: Failed to fetch @ https://live-streaming-eta.vercel.app/js/api.js?v=7:1411
[  343900ms] [ERROR] Access to fetch at 'https://api.nfldata.org/v1/games?season=2026&season_type=1' from origin 'https://live-streaming-eta.vercel.app' has been blocked by CORS policy: No 'Access-Control-Allow-Origin' header is present on the requested resource. @ https://live-streaming-eta.vercel.app/cricket/2026-08-19/essex-women-vs-somerset-women:0
[  343901ms] [ERROR] Failed to load resource: net::ERR_FAILED @ https://api.nfldata.org/v1/games?season=2026&season_type=1:0
[  343901ms] [LOG] ℹ️ NFL season type 1 failed: Failed to fetch @ https://live-streaming-eta.vercel.app/js/api.js?v=7:1411
[  343907ms] [ERROR] Access to fetch at 'https://api.nfldata.org/v1/games?season=2026&season_type=3' from origin 'https://live-streaming-eta.vercel.app' has been blocked by CORS policy: No 'Access-Control-Allow-Origin' header is present on the requested resource. @ https://live-streaming-eta.vercel.app/cricket/2026-08-19/essex-women-vs-somerset-women:0
[  343908ms] [ERROR] Failed to load resource: net::ERR_FAILED @ https://api.nfldata.org/v1/games?season=2026&season_type=3:0
[  343908ms] [LOG] ℹ️ NFL season type 3 failed: Failed to fetch @ https://live-streaming-eta.vercel.app/js/api.js?v=7:1411
[  344233ms] [ERROR] Access to fetch at 'https://api.nfldata.org/v1/games?season=2026&season_type=3' from origin 'https://live-streaming-eta.vercel.app' has been blocked by CORS policy: No 'Access-Control-Allow-Origin' header is present on the requested resource. @ https://live-streaming-eta.vercel.app/cricket/2026-08-19/essex-women-vs-somerset-women:0
[  344234ms] [ERROR] Failed to load resource: net::ERR_FAILED @ https://api.nfldata.org/v1/games?season=2026&season_type=3:0
[  344234ms] [LOG] ℹ️ NFL season type 3 failed: Failed to fetch @ https://live-streaming-eta.vercel.app/js/api.js?v=7:1411
[  344241ms] [ERROR] Access to fetch at 'https://api.nfldata.org/v1/games?season=2026&season_type=2' from origin 'https://live-streaming-eta.vercel.app' has been blocked by CORS policy: No 'Access-Control-Allow-Origin' header is present on the requested resource. @ https://live-streaming-eta.vercel.app/cricket/2026-08-19/essex-women-vs-somerset-women:0
[  344241ms] [ERROR] Failed to load resource: net::ERR_FAILED @ https://api.nfldata.org/v1/games?season=2026&season_type=2:0
[  344241ms] [LOG] ℹ️ NFL season type 2 failed: Failed to fetch @ https://live-streaming-eta.vercel.app/js/api.js?v=7:1411
[  344245ms] [ERROR] Access to fetch at 'https://api.nfldata.org/v1/games?season=2026&season_type=1' from origin 'https://live-streaming-eta.vercel.app' has been blocked by CORS policy: No 'Access-Control-Allow-Origin' header is present on the requested resource. @ https://live-streaming-eta.vercel.app/cricket/2026-08-19/essex-women-vs-somerset-women:0
[  344246ms] [ERROR] Failed to load resource: net::ERR_FAILED @ https://api.nfldata.org/v1/games?season=2026&season_type=1:0
[  344246ms] [LOG] ℹ️ NFL season type 1 failed: Failed to fetch @ https://live-streaming-eta.vercel.app/js/api.js?v=7:1411
[  344454ms] [LOG] 🔄 Live Agent: refreshing scores... @ https://live-streaming-eta.vercel.app/js/app.js?v=8:906
[  344456ms] [LOG] 🌐 Fetching football... @ https://live-streaming-eta.vercel.app/js/api.js?v=7:467
[  344457ms] [LOG] 🌐 Fetching cricket... @ https://live-streaming-eta.vercel.app/js/api.js?v=7:467
[  344458ms] [LOG] 🌐 Fetching basketball... @ https://live-streaming-eta.vercel.app/js/api.js?v=7:467
[  344459ms] [LOG] 🌐 Fetching tennis... @ https://live-streaming-eta.vercel.app/js/api.js?v=7:467
[  344460ms] [LOG] 🌐 Fetching mma... @ https://live-streaming-eta.vercel.app/js/api.js?v=7:467
[  344461ms] [LOG] 🌐 Fetching ufc... @ https://live-streaming-eta.vercel.app/js/api.js?v=7:467
[  344494ms] [LOG] ✅ ESPN Cricket: 23 matches from 9 series @ https://live-streaming-eta.vercel.app/js/api.js?v=7:1233
[  344566ms] [ERROR] Access to fetch at 'https://api.nfldata.org/v1/games?season=2026&season_type=1' from origin 'https://live-streaming-eta.vercel.app' has been blocked by CORS policy: No 'Access-Control-Allow-Origin' header is present on the requested resource. @ https://live-streaming-eta.vercel.app/cricket/2026-08-19/essex-women-vs-somerset-women:0
[  344566ms] [ERROR] Failed to load resource: net::ERR_FAILED @ https://api.nfldata.org/v1/games?season=2026&season_type=1:0
[  344566ms] [LOG] ℹ️ NFL season type 1 failed: Failed to fetch @ https://live-streaming-eta.vercel.app/js/api.js?v=7:1411
[  344573ms] [ERROR] Access to fetch at 'https://api.nfldata.org/v1/games?season=2026&season_type=3' from origin 'https://live-streaming-eta.vercel.app' has been blocked by CORS policy: No 'Access-Control-Allow-Origin' header is present on the requested resource. @ https://live-streaming-eta.vercel.app/cricket/2026-08-19/essex-women-vs-somerset-women:0
[  344574ms] [ERROR] Failed to load resource: net::ERR_FAILED @ https://api.nfldata.org/v1/games?season=2026&season_type=3:0
[  344574ms] [LOG] ℹ️ NFL season type 3 failed: Failed to fetch @ https://live-streaming-eta.vercel.app/js/api.js?v=7:1411
[  344578ms] [ERROR] Access to fetch at 'https://api.nfldata.org/v1/games?season=2026&season_type=2' from origin 'https://live-streaming-eta.vercel.app' has been blocked by CORS policy: No 'Access-Control-Allow-Origin' header is present on the requested resource. @ https://live-streaming-eta.vercel.app/cricket/2026-08-19/essex-women-vs-somerset-women:0
[  344579ms] [ERROR] Failed to load resource: net::ERR_FAILED @ https://api.nfldata.org/v1/games?season=2026&season_type=2:0
[  344579ms] [LOG] ℹ️ NFL season type 2 failed: Failed to fetch @ https://live-streaming-eta.vercel.app/js/api.js?v=7:1411
[  344909ms] [ERROR] Access to fetch at 'https://api.nfldata.org/v1/games?season=2026&season_type=2' from origin 'https://live-streaming-eta.vercel.app' has been blocked by CORS policy: No 'Access-Control-Allow-Origin' header is present on the requested resource. @ https://live-streaming-eta.vercel.app/cricket/2026-08-19/essex-women-vs-somerset-women:0
[  344909ms] [ERROR] Failed to load resource: net::ERR_FAILED @ https://api.nfldata.org/v1/games?season=2026&season_type=2:0
[  344910ms] [LOG] ℹ️ NFL season type 2 failed: Failed to fetch @ https://live-streaming-eta.vercel.app/js/api.js?v=7:1411
[  344916ms] [ERROR] Access to fetch at 'https://api.nfldata.org/v1/games?season=2026&season_type=3' from origin 'https://live-streaming-eta.vercel.app' has been blocked by CORS policy: No 'Access-Control-Allow-Origin' header is present on the requested resource. @ https://live-streaming-eta.vercel.app/cricket/2026-08-19/essex-women-vs-somerset-women:0
[  344916ms] [ERROR] Failed to load resource: net::ERR_FAILED @ https://api.nfldata.org/v1/games?season=2026&season_type=3:0
[  344917ms] [LOG] ℹ️ NFL season type 3 failed: Failed to fetch @ https://live-streaming-eta.vercel.app/js/api.js?v=7:1411
[  345020ms] [ERROR] Failed to load resource: the server responded with a status of 502 () @ https://live-streaming-eta.vercel.app/api/google-cricket:0
[  345020ms] [LOG] ⚠️ Google Cricket failed: Google Cricket HTTP 502 @ https://live-streaming-eta.vercel.app/js/api.js?v=7:1331
[  345212ms] [ERROR] Failed to load resource: the server responded with a status of 400 () @ https://sportscore.com/api/widget/matches/?sport=mma&limit=30:0
[  345212ms] [LOG] ℹ️ mma not available from SportScore API @ https://live-streaming-eta.vercel.app/js/api.js?v=7:471
[  345213ms] [ERROR] Failed to load resource: the server responded with a status of 400 () @ https://sportscore.com/api/widget/matches/?sport=ufc&limit=30:0
[  345214ms] [LOG] ℹ️ ufc not available from SportScore API @ https://live-streaming-eta.vercel.app/js/api.js?v=7:471
[  345227ms] [LOG] ✅ Live Agent: refresh complete @ https://live-streaming-eta.vercel.app/js/app.js?v=8:973
[  345234ms] [ERROR] Access to fetch at 'https://api.nfldata.org/v1/games?season=2026&season_type=3' from origin 'https://live-streaming-eta.vercel.app' has been blocked by CORS policy: No 'Access-Control-Allow-Origin' header is present on the requested resource. @ https://live-streaming-eta.vercel.app/cricket/2026-08-19/essex-women-vs-somerset-women:0
[  345234ms] [ERROR] Failed to load resource: net::ERR_FAILED @ https://api.nfldata.org/v1/games?season=2026&season_type=3:0
[  345234ms] [LOG] ℹ️ NFL season type 3 failed: Failed to fetch @ https://live-streaming-eta.vercel.app/js/api.js?v=7:1411
[  345235ms] [LOG] ✅ Schedule agent: fetched next 60 days @ https://live-streaming-eta.vercel.app/js/api.js?v=7:377
[  349460ms] [LOG] 🔄 Live Agent: refreshing scores... @ https://live-streaming-eta.vercel.app/js/app.js?v=8:906
[  349461ms] [LOG] 🌐 Fetching football... @ https://live-streaming-eta.vercel.app/js/api.js?v=7:467
[  349462ms] [LOG] 🌐 Fetching cricket... @ https://live-streaming-eta.vercel.app/js/api.js?v=7:467
[  349463ms] [LOG] 🌐 Fetching basketball... @ https://live-streaming-eta.vercel.app/js/api.js?v=7:467
[  349463ms] [LOG] 🌐 Fetching tennis... @ https://live-streaming-eta.vercel.app/js/api.js?v=7:467
[  349464ms] [LOG] 🌐 Fetching mma... @ https://live-streaming-eta.vercel.app/js/api.js?v=7:467
[  349464ms] [LOG] 🌐 Fetching ufc... @ https://live-streaming-eta.vercel.app/js/api.js?v=7:467
[  349684ms] [ERROR] Failed to load resource: the server responded with a status of 400 () @ https://sportscore.com/api/widget/matches/?sport=mma&limit=30:0
[  349685ms] [LOG] ℹ️ mma not available from SportScore API @ https://live-streaming-eta.vercel.app/js/api.js?v=7:471
[  349688ms] [ERROR] Failed to load resource: the server responded with a status of 400 () @ https://sportscore.com/api/widget/matches/?sport=ufc&limit=30:0
[  349689ms] [LOG] ℹ️ ufc not available from SportScore API @ https://live-streaming-eta.vercel.app/js/api.js?v=7:471
[  349854ms] [LOG] ✅ ESPN Cricket: 23 matches from 9 series @ https://live-streaming-eta.vercel.app/js/api.js?v=7:1233
[  350123ms] [LOG] ✅ Google Cricket: 0 matches @ https://live-streaming-eta.vercel.app/js/api.js?v=7:1328
[  350139ms] [LOG] ✅ Live Agent: refresh complete @ https://live-streaming-eta.vercel.app/js/app.js?v=8:973
[  354449ms] [LOG] 🔄 Live Agent: refreshing scores... @ https://live-streaming-eta.vercel.app/js/app.js?v=8:906
[  354450ms] [LOG] 🌐 Fetching football... @ https://live-streaming-eta.vercel.app/js/api.js?v=7:467
[  354451ms] [LOG] 🌐 Fetching cricket... @ https://live-streaming-eta.vercel.app/js/api.js?v=7:467
[  354452ms] [LOG] 🌐 Fetching basketball... @ https://live-streaming-eta.vercel.app/js/api.js?v=7:467
[  354452ms] [LOG] 🌐 Fetching tennis... @ https://live-streaming-eta.vercel.app/js/api.js?v=7:467
[  354453ms] [LOG] 🌐 Fetching mma... @ https://live-streaming-eta.vercel.app/js/api.js?v=7:467
[  354453ms] [LOG] 🌐 Fetching ufc... @ https://live-streaming-eta.vercel.app/js/api.js?v=7:467
[  354471ms] [LOG] ✅ ESPN Cricket: 23 matches from 9 series @ https://live-streaming-eta.vercel.app/js/api.js?v=7:1233
[  354741ms] [LOG] ✅ Google Cricket: 0 matches @ https://live-streaming-eta.vercel.app/js/api.js?v=7:1328
[  355310ms] [ERROR] Failed to load resource: the server responded with a status of 400 () @ https://sportscore.com/api/widget/matches/?sport=ufc&limit=30:0
[  355310ms] [LOG] ℹ️ ufc not available from SportScore API @ https://live-streaming-eta.vercel.app/js/api.js?v=7:471
[  355314ms] [ERROR] Failed to load resource: the server responded with a status of 400 () @ https://sportscore.com/api/widget/matches/?sport=mma&limit=30:0
[  355314ms] [LOG] ℹ️ mma not available from SportScore API @ https://live-streaming-eta.vercel.app/js/api.js?v=7:471
[  355322ms] [LOG] ✅ Live Agent: refresh complete @ https://live-streaming-eta.vercel.app/js/app.js?v=8:973
[  359455ms] [LOG] 🔄 Live Agent: refreshing scores... @ https://live-streaming-eta.vercel.app/js/app.js?v=8:906
[  359456ms] [LOG] 🌐 Fetching football... @ https://live-streaming-eta.vercel.app/js/api.js?v=7:467
[  359457ms] [LOG] 🌐 Fetching cricket... @ https://live-streaming-eta.vercel.app/js/api.js?v=7:467
[  359459ms] [LOG] 🌐 Fetching basketball... @ https://live-streaming-eta.vercel.app/js/api.js?v=7:467
[  359460ms] [LOG] 🌐 Fetching tennis... @ https://live-streaming-eta.vercel.app/js/api.js?v=7:467
[  359461ms] [LOG] 🌐 Fetching mma... @ https://live-streaming-eta.vercel.app/js/api.js?v=7:467
[  359462ms] [LOG] 🌐 Fetching ufc... @ https://live-streaming-eta.vercel.app/js/api.js?v=7:467
[  359549ms] [LOG] ✅ Google Cricket: 0 matches @ https://live-streaming-eta.vercel.app/js/api.js?v=7:1328
[  359677ms] [ERROR] Failed to load resource: the server responded with a status of 400 () @ https://sportscore.com/api/widget/matches/?sport=mma&limit=30:0
[  359677ms] [LOG] ℹ️ mma not available from SportScore API @ https://live-streaming-eta.vercel.app/js/api.js?v=7:471
[  359679ms] [ERROR] Failed to load resource: the server responded with a status of 400 () @ https://sportscore.com/api/widget/matches/?sport=ufc&limit=30:0
[  359680ms] [LOG] ℹ️ ufc not available from SportScore API @ https://live-streaming-eta.vercel.app/js/api.js?v=7:471
[  359859ms] [LOG] ✅ ESPN Cricket: 23 matches from 9 series @ https://live-streaming-eta.vercel.app/js/api.js?v=7:1233
[  359871ms] [LOG] ✅ Live Agent: refresh complete @ https://live-streaming-eta.vercel.app/js/app.js?v=8:973
